Analysis & Synthesis report for toolflow
Sat Dec  6 21:59:53 2025
Quartus Prime Version 20.1.1 Build 720 11/11/2020 SJ Standard Edition


---------------------
; Table of Contents ;
---------------------
  1. Legal Notice
  2. Analysis & Synthesis Summary
  3. Analysis & Synthesis Settings
  4. Parallel Compilation
  5. Analysis & Synthesis Source Files Read
  6. Analysis & Synthesis Resource Usage Summary
  7. Analysis & Synthesis Resource Utilization by Entity
  8. General Register Statistics
  9. Multiplexer Restructuring Statistics (Restructuring Performed)
 10. Parameter Settings for User Entity Instance: Top-level Entity: |RISCV_Processor
 11. Parameter Settings for User Entity Instance: mem:IMem
 12. Parameter Settings for User Entity Instance: mem:DMem
 13. Parameter Settings for User Entity Instance: pcLogic:PC_LOGIC|reg_N:PC_Register
 14. Parameter Settings for User Entity Instance: pcLogic:PC_LOGIC|adder_N:PC_Plus_4
 15. Parameter Settings for User Entity Instance: pcLogic:PC_LOGIC|adder_N:PC_Plus_imm
 16. Parameter Settings for User Entity Instance: pcLogic:PC_LOGIC|adder_N:rs1_Plus_imm
 17. Parameter Settings for User Entity Instance: pcLogic:PC_LOGIC|adder_N:JALR_Adjust_Subtract
 18. Parameter Settings for User Entity Instance: pcLogic:PC_LOGIC|mux4t1_N:PC_Select_Mux
 19. Parameter Settings for User Entity Instance: IF_ID:IF_ID_REG|reg_N:PC_REG
 20. Parameter Settings for User Entity Instance: IF_ID:IF_ID_REG|reg_N:INST_REG
 21. Parameter Settings for User Entity Instance: regFile:RF|reg_N:reg1
 22. Parameter Settings for User Entity Instance: regFile:RF|reg_N:reg2
 23. Parameter Settings for User Entity Instance: regFile:RF|reg_N:reg3
 24. Parameter Settings for User Entity Instance: regFile:RF|reg_N:reg4
 25. Parameter Settings for User Entity Instance: regFile:RF|reg_N:reg5
 26. Parameter Settings for User Entity Instance: regFile:RF|reg_N:reg6
 27. Parameter Settings for User Entity Instance: regFile:RF|reg_N:reg7
 28. Parameter Settings for User Entity Instance: regFile:RF|reg_N:reg8
 29. Parameter Settings for User Entity Instance: regFile:RF|reg_N:reg9
 30. Parameter Settings for User Entity Instance: regFile:RF|reg_N:reg10
 31. Parameter Settings for User Entity Instance: regFile:RF|reg_N:reg11
 32. Parameter Settings for User Entity Instance: regFile:RF|reg_N:reg12
 33. Parameter Settings for User Entity Instance: regFile:RF|reg_N:reg13
 34. Parameter Settings for User Entity Instance: regFile:RF|reg_N:reg14
 35. Parameter Settings for User Entity Instance: regFile:RF|reg_N:reg15
 36. Parameter Settings for User Entity Instance: regFile:RF|reg_N:reg16
 37. Parameter Settings for User Entity Instance: regFile:RF|reg_N:reg17
 38. Parameter Settings for User Entity Instance: regFile:RF|reg_N:reg18
 39. Parameter Settings for User Entity Instance: regFile:RF|reg_N:reg19
 40. Parameter Settings for User Entity Instance: regFile:RF|reg_N:reg20
 41. Parameter Settings for User Entity Instance: regFile:RF|reg_N:reg21
 42. Parameter Settings for User Entity Instance: regFile:RF|reg_N:reg22
 43. Parameter Settings for User Entity Instance: regFile:RF|reg_N:reg23
 44. Parameter Settings for User Entity Instance: regFile:RF|reg_N:reg24
 45. Parameter Settings for User Entity Instance: regFile:RF|reg_N:reg25
 46. Parameter Settings for User Entity Instance: regFile:RF|reg_N:reg26
 47. Parameter Settings for User Entity Instance: regFile:RF|reg_N:reg27
 48. Parameter Settings for User Entity Instance: regFile:RF|reg_N:reg28
 49. Parameter Settings for User Entity Instance: regFile:RF|reg_N:reg29
 50. Parameter Settings for User Entity Instance: regFile:RF|reg_N:reg30
 51. Parameter Settings for User Entity Instance: regFile:RF|reg_N:reg31
 52. Parameter Settings for User Entity Instance: regFile:RF|mux32t1_N:mux_rs1
 53. Parameter Settings for User Entity Instance: regFile:RF|mux32t1_N:mux_rs2
 54. Parameter Settings for User Entity Instance: ID_EX:ID_EX_REG|reg_N:RS1_DATA_REG
 55. Parameter Settings for User Entity Instance: ID_EX:ID_EX_REG|reg_N:RS2_DATA_REG
 56. Parameter Settings for User Entity Instance: ID_EX:ID_EX_REG|reg_N:RS1_REG
 57. Parameter Settings for User Entity Instance: ID_EX:ID_EX_REG|reg_N:RS2_REG
 58. Parameter Settings for User Entity Instance: ID_EX:ID_EX_REG|reg_N:RD_REG
 59. Parameter Settings for User Entity Instance: ID_EX:ID_EX_REG|reg_N:IMM_REG
 60. Parameter Settings for User Entity Instance: ID_EX:ID_EX_REG|reg_N:PC_REG
 61. Parameter Settings for User Entity Instance: ID_EX:ID_EX_REG|reg_N:ALUOP_REG
 62. Parameter Settings for User Entity Instance: ID_EX:ID_EX_REG|reg_N:FUNC3_REG
 63. Parameter Settings for User Entity Instance: ID_EX:ID_EX_REG|reg_N:FUNC7_REG
 64. Parameter Settings for User Entity Instance: ID_EX:ID_EX_REG|reg_N:OPCODE_REG
 65. Parameter Settings for User Entity Instance: alu:ALU_UNIT
 66. Parameter Settings for User Entity Instance: alu:ALU_UNIT|addiSubi_N:ADD_SUB_UNIT
 67. Parameter Settings for User Entity Instance: alu:ALU_UNIT|addiSubi_N:ADD_SUB_UNIT|mux2t1_N:MUX2to1_ALUSrc
 68. Parameter Settings for User Entity Instance: alu:ALU_UNIT|addiSubi_N:ADD_SUB_UNIT|onesComp_N:ones_comp
 69. Parameter Settings for User Entity Instance: alu:ALU_UNIT|addiSubi_N:ADD_SUB_UNIT|mux2t1_N:MUX2to1_AddSub
 70. Parameter Settings for User Entity Instance: alu:ALU_UNIT|addiSubi_N:ADD_SUB_UNIT|adder_N:adder
 71. Parameter Settings for User Entity Instance: alu:ALU_UNIT|andg2_N:AND_UNIT
 72. Parameter Settings for User Entity Instance: alu:ALU_UNIT|org2_N:OR_UNIT
 73. Parameter Settings for User Entity Instance: alu:ALU_UNIT|xorg2_N:XOR_UNIT
 74. Parameter Settings for User Entity Instance: alu:ALU_UNIT|invg_N:NOR_UNIT
 75. Parameter Settings for User Entity Instance: alu:ALU_UNIT|slt_N:SLT_UNIT
 76. Parameter Settings for User Entity Instance: alu:ALU_UNIT|barrelShifter:SHIFT_UNIT|shiftBinary:shift1
 77. Parameter Settings for User Entity Instance: alu:ALU_UNIT|barrelShifter:SHIFT_UNIT|shiftBinary:shift2
 78. Parameter Settings for User Entity Instance: alu:ALU_UNIT|barrelShifter:SHIFT_UNIT|shiftBinary:shift4
 79. Parameter Settings for User Entity Instance: alu:ALU_UNIT|barrelShifter:SHIFT_UNIT|shiftBinary:shift8
 80. Parameter Settings for User Entity Instance: alu:ALU_UNIT|barrelShifter:SHIFT_UNIT|shiftBinary:shift16
 81. Parameter Settings for User Entity Instance: EX_MEM:EX_MEM_REG|reg_N:ALU_RESULT_REG
 82. Parameter Settings for User Entity Instance: EX_MEM:EX_MEM_REG|reg_N:RS2_DATA_REG
 83. Parameter Settings for User Entity Instance: EX_MEM:EX_MEM_REG|reg_N:RD_REG
 84. Parameter Settings for User Entity Instance: EX_MEM:EX_MEM_REG|reg_N:FUNC3_REG
 85. Parameter Settings for User Entity Instance: EX_MEM:EX_MEM_REG|reg_N:FUNC7_REG
 86. Parameter Settings for User Entity Instance: EX_MEM:EX_MEM_REG|reg_N:OPCODE_REG
 87. Parameter Settings for User Entity Instance: MEM_WB:MEM_WB_REG|reg_N:MEM_DATA_REG
 88. Parameter Settings for User Entity Instance: MEM_WB:MEM_WB_REG|reg_N:ALU_RESULT_REG
 89. Parameter Settings for User Entity Instance: MEM_WB:MEM_WB_REG|reg_N:RD_REG
 90. Parameter Settings for User Entity Instance: MEM_WB:MEM_WB_REG|reg_N:FUNC3_REG
 91. Parameter Settings for User Entity Instance: MEM_WB:MEM_WB_REG|reg_N:FUNC7_REG
 92. Parameter Settings for User Entity Instance: MEM_WB:MEM_WB_REG|reg_N:OPCODE_REG
 93. Port Connectivity Checks: "MEM_WB:MEM_WB_REG"
 94. Port Connectivity Checks: "EX_MEM:EX_MEM_REG"
 95. Port Connectivity Checks: "alu:ALU_UNIT|addiSubi_N:ADD_SUB_UNIT"
 96. Port Connectivity Checks: "ID_EX:ID_EX_REG"
 97. Port Connectivity Checks: "regFile:RF|mux32t1_N:mux_rs2"
 98. Port Connectivity Checks: "regFile:RF|mux32t1_N:mux_rs1"
 99. Port Connectivity Checks: "regFile:RF|reg_N:reg31"
100. Port Connectivity Checks: "regFile:RF|reg_N:reg30"
101. Port Connectivity Checks: "regFile:RF|reg_N:reg29"
102. Port Connectivity Checks: "regFile:RF|reg_N:reg28"
103. Port Connectivity Checks: "regFile:RF|reg_N:reg27"
104. Port Connectivity Checks: "regFile:RF|reg_N:reg26"
105. Port Connectivity Checks: "regFile:RF|reg_N:reg25"
106. Port Connectivity Checks: "regFile:RF|reg_N:reg24"
107. Port Connectivity Checks: "regFile:RF|reg_N:reg23"
108. Port Connectivity Checks: "regFile:RF|reg_N:reg22"
109. Port Connectivity Checks: "regFile:RF|reg_N:reg21"
110. Port Connectivity Checks: "regFile:RF|reg_N:reg20"
111. Port Connectivity Checks: "regFile:RF|reg_N:reg19"
112. Port Connectivity Checks: "regFile:RF|reg_N:reg18"
113. Port Connectivity Checks: "regFile:RF|reg_N:reg17"
114. Port Connectivity Checks: "regFile:RF|reg_N:reg16"
115. Port Connectivity Checks: "regFile:RF|reg_N:reg15"
116. Port Connectivity Checks: "regFile:RF|reg_N:reg14"
117. Port Connectivity Checks: "regFile:RF|reg_N:reg13"
118. Port Connectivity Checks: "regFile:RF|reg_N:reg12"
119. Port Connectivity Checks: "regFile:RF|reg_N:reg11"
120. Port Connectivity Checks: "regFile:RF|reg_N:reg10"
121. Port Connectivity Checks: "regFile:RF|reg_N:reg9"
122. Port Connectivity Checks: "regFile:RF|reg_N:reg8"
123. Port Connectivity Checks: "regFile:RF|reg_N:reg7"
124. Port Connectivity Checks: "regFile:RF|reg_N:reg6"
125. Port Connectivity Checks: "regFile:RF|reg_N:reg5"
126. Port Connectivity Checks: "regFile:RF|reg_N:reg4"
127. Port Connectivity Checks: "regFile:RF|reg_N:reg3"
128. Port Connectivity Checks: "regFile:RF|reg_N:reg2"
129. Port Connectivity Checks: "regFile:RF|reg_N:reg1"
130. Port Connectivity Checks: "regFile:RF|decoder5t32:decoder_inst"
131. Port Connectivity Checks: "Control:CTRL"
132. Port Connectivity Checks: "pcLogic:PC_LOGIC|adder_N:JALR_Adjust_Subtract"
133. Port Connectivity Checks: "pcLogic:PC_LOGIC|adder_N:rs1_Plus_imm"
134. Port Connectivity Checks: "pcLogic:PC_LOGIC|adder_N:PC_Plus_imm"
135. Port Connectivity Checks: "pcLogic:PC_LOGIC|adder_N:PC_Plus_4"
136. Port Connectivity Checks: "pcLogic:PC_LOGIC|reg_N:PC_Register"
137. Post-Synthesis Netlist Statistics for Top Partition
138. Elapsed Time Per Partition
139. Analysis & Synthesis Messages



----------------
; Legal Notice ;
----------------
Copyright (C) 2020  Intel Corporation. All rights reserved.
Your use of Intel Corporation's design tools, logic functions 
and other software and tools, and any partner logic 
functions, and any output files from any of the foregoing 
(including device programming or simulation files), and any 
associated documentation or information are expressly subject 
to the terms and conditions of the Intel Program License 
Subscription Agreement, the Intel Quartus Prime License Agreement,
the Intel FPGA IP License Agreement, or other applicable license
agreement, including, without limitation, that your use is for
the sole purpose of programming logic devices manufactured by
Intel and sold by Intel or its authorized distributors.  Please
refer to the applicable agreement for further details, at
https://fpgasoftware.intel.com/eula.



+--------------------------------------------------------------------------------------+
; Analysis & Synthesis Summary                                                         ;
+------------------------------------+-------------------------------------------------+
; Analysis & Synthesis Status        ; Successful - Sat Dec  6 21:59:52 2025           ;
; Quartus Prime Version              ; 20.1.1 Build 720 11/11/2020 SJ Standard Edition ;
; Revision Name                      ; toolflow                                        ;
; Top-level Entity Name              ; RISCV_Processor                                 ;
; Family                             ; Cyclone IV E                                    ;
; Total logic elements               ; 115,508                                         ;
;     Total combinational functions  ; 48,928                                          ;
;     Dedicated logic registers      ; 66,938                                          ;
; Total registers                    ; 66938                                           ;
; Total pins                         ; 99                                              ;
; Total virtual pins                 ; 0                                               ;
; Total memory bits                  ; 0                                               ;
; Embedded Multiplier 9-bit elements ; 0                                               ;
; Total PLLs                         ; 0                                               ;
+------------------------------------+-------------------------------------------------+


+------------------------------------------------------------------------------------------------------------+
; Analysis & Synthesis Settings                                                                              ;
+------------------------------------------------------------------+--------------------+--------------------+
; Option                                                           ; Setting            ; Default Value      ;
+------------------------------------------------------------------+--------------------+--------------------+
; Device                                                           ; EP4CE115F29C7      ;                    ;
; Top-level entity name                                            ; RISCV_Processor    ; toolflow           ;
; Family name                                                      ; Cyclone IV E       ; Cyclone V          ;
; VHDL Version                                                     ; VHDL_2008          ; VHDL_1993          ;
; Use smart compilation                                            ; Off                ; Off                ;
; Enable parallel Assembler and Timing Analyzer during compilation ; On                 ; On                 ;
; Enable compact report table                                      ; Off                ; Off                ;
; Restructure Multiplexers                                         ; Auto               ; Auto               ;
; Create Debugging Nodes for IP Cores                              ; Off                ; Off                ;
; Preserve fewer node names                                        ; On                 ; On                 ;
; Intel FPGA IP Evaluation Mode                                    ; Enable             ; Enable             ;
; Verilog Version                                                  ; Verilog_2001       ; Verilog_2001       ;
; State Machine Processing                                         ; Auto               ; Auto               ;
; Safe State Machine                                               ; Off                ; Off                ;
; Extract Verilog State Machines                                   ; On                 ; On                 ;
; Extract VHDL State Machines                                      ; On                 ; On                 ;
; Ignore Verilog initial constructs                                ; Off                ; Off                ;
; Iteration limit for constant Verilog loops                       ; 5000               ; 5000               ;
; Iteration limit for non-constant Verilog loops                   ; 250                ; 250                ;
; Add Pass-Through Logic to Inferred RAMs                          ; On                 ; On                 ;
; Infer RAMs from Raw Logic                                        ; On                 ; On                 ;
; Parallel Synthesis                                               ; On                 ; On                 ;
; DSP Block Balancing                                              ; Auto               ; Auto               ;
; NOT Gate Push-Back                                               ; On                 ; On                 ;
; Power-Up Don't Care                                              ; On                 ; On                 ;
; Remove Redundant Logic Cells                                     ; Off                ; Off                ;
; Remove Duplicate Registers                                       ; On                 ; On                 ;
; Ignore CARRY Buffers                                             ; Off                ; Off                ;
; Ignore CASCADE Buffers                                           ; Off                ; Off                ;
; Ignore GLOBAL Buffers                                            ; Off                ; Off                ;
; Ignore ROW GLOBAL Buffers                                        ; Off                ; Off                ;
; Ignore LCELL Buffers                                             ; Off                ; Off                ;
; Ignore SOFT Buffers                                              ; On                 ; On                 ;
; Limit AHDL Integers to 32 Bits                                   ; Off                ; Off                ;
; Optimization Technique                                           ; Balanced           ; Balanced           ;
; Carry Chain Length                                               ; 70                 ; 70                 ;
; Auto Carry Chains                                                ; On                 ; On                 ;
; Auto Open-Drain Pins                                             ; On                 ; On                 ;
; Perform WYSIWYG Primitive Resynthesis                            ; Off                ; Off                ;
; Auto ROM Replacement                                             ; On                 ; On                 ;
; Auto RAM Replacement                                             ; On                 ; On                 ;
; Auto DSP Block Replacement                                       ; On                 ; On                 ;
; Auto Shift Register Replacement                                  ; Auto               ; Auto               ;
; Allow Shift Register Merging across Hierarchies                  ; Auto               ; Auto               ;
; Auto Clock Enable Replacement                                    ; On                 ; On                 ;
; Strict RAM Replacement                                           ; Off                ; Off                ;
; Allow Synchronous Control Signals                                ; On                 ; On                 ;
; Force Use of Synchronous Clear Signals                           ; Off                ; Off                ;
; Auto RAM Block Balancing                                         ; On                 ; On                 ;
; Auto RAM to Logic Cell Conversion                                ; Off                ; Off                ;
; Auto Resource Sharing                                            ; Off                ; Off                ;
; Allow Any RAM Size For Recognition                               ; Off                ; Off                ;
; Allow Any ROM Size For Recognition                               ; Off                ; Off                ;
; Allow Any Shift Register Size For Recognition                    ; Off                ; Off                ;
; Use LogicLock Constraints during Resource Balancing              ; On                 ; On                 ;
; Ignore translate_off and synthesis_off directives                ; Off                ; Off                ;
; Timing-Driven Synthesis                                          ; On                 ; On                 ;
; Report Parameter Settings                                        ; On                 ; On                 ;
; Report Source Assignments                                        ; On                 ; On                 ;
; Report Connectivity Checks                                       ; On                 ; On                 ;
; Ignore Maximum Fan-Out Assignments                               ; Off                ; Off                ;
; Synchronization Register Chain Length                            ; 2                  ; 2                  ;
; Power Optimization During Synthesis                              ; Normal compilation ; Normal compilation ;
; HDL message level                                                ; Level2             ; Level2             ;
; Suppress Register Optimization Related Messages                  ; Off                ; Off                ;
; Number of Removed Registers Reported in Synthesis Report         ; 5000               ; 5000               ;
; Number of Swept Nodes Reported in Synthesis Report               ; 5000               ; 5000               ;
; Number of Inverted Registers Reported in Synthesis Report        ; 100                ; 100                ;
; Clock MUX Protection                                             ; On                 ; On                 ;
; Auto Gated Clock Conversion                                      ; Off                ; Off                ;
; Block Design Naming                                              ; Auto               ; Auto               ;
; SDC constraint protection                                        ; Off                ; Off                ;
; Synthesis Effort                                                 ; Auto               ; Auto               ;
; Shift Register Replacement - Allow Asynchronous Clear Signal     ; On                 ; On                 ;
; Pre-Mapping Resynthesis Optimization                             ; Off                ; Off                ;
; Analysis & Synthesis Message Level                               ; Medium             ; Medium             ;
; Disable Register Merging Across Hierarchies                      ; Auto               ; Auto               ;
; Resource Aware Inference For Block RAM                           ; On                 ; On                 ;
+------------------------------------------------------------------+--------------------+--------------------+


+------------------------------------------+
; Parallel Compilation                     ;
+----------------------------+-------------+
; Processors                 ; Number      ;
+----------------------------+-------------+
; Number detected on machine ; 4           ;
; Maximum allowed            ; 4           ;
;                            ;             ;
; Average used               ; 1.01        ;
; Maximum used               ; 4           ;
;                            ;             ;
; Usage by Processor         ; % Time Used ;
;     Processor 1            ; 100.0%      ;
;     Processor 2            ;   0.4%      ;
;     Processor 3            ;   0.3%      ;
;     Processor 4            ;   0.3%      ;
+----------------------------+-------------+


+-----------------------------------------------------------------------------------------------------------------------------------------------------------------------------------------------------+
; Analysis & Synthesis Source Files Read                                                                                                                                                              ;
+---------------------------------------------+-----------------+-----------------+---------------------------------------------------------------------------------------------------------+---------+
; File Name with User-Entered Path            ; Used in Netlist ; File Type       ; File Name with Absolute Path                                                                            ; Library ;
+---------------------------------------------+-----------------+-----------------+---------------------------------------------------------------------------------------------------------+---------+
; ../../proj/src/RISCV_types.vhd              ; yes             ; User VHDL File  ; /home/connorwm/cpre381/Proj2/Hardware Scheduled/cpre3810-toolflow/proj/src/RISCV_types.vhd              ;         ;
; ../../proj/src/TopLevel/Control.vhd         ; yes             ; User VHDL File  ; /home/connorwm/cpre381/Proj2/Hardware Scheduled/cpre3810-toolflow/proj/src/TopLevel/Control.vhd         ;         ;
; ../../proj/src/TopLevel/Decode.vhd          ; yes             ; User VHDL File  ; /home/connorwm/cpre381/Proj2/Hardware Scheduled/cpre3810-toolflow/proj/src/TopLevel/Decode.vhd          ;         ;
; ../../proj/src/TopLevel/EX_MEM.vhd          ; yes             ; User VHDL File  ; /home/connorwm/cpre381/Proj2/Hardware Scheduled/cpre3810-toolflow/proj/src/TopLevel/EX_MEM.vhd          ;         ;
; ../../proj/src/TopLevel/ForwardUnit.vhd     ; yes             ; User VHDL File  ; /home/connorwm/cpre381/Proj2/Hardware Scheduled/cpre3810-toolflow/proj/src/TopLevel/ForwardUnit.vhd     ;         ;
; ../../proj/src/TopLevel/HazardDetection.vhd ; yes             ; User VHDL File  ; /home/connorwm/cpre381/Proj2/Hardware Scheduled/cpre3810-toolflow/proj/src/TopLevel/HazardDetection.vhd ;         ;
; ../../proj/src/TopLevel/ID_EX.vhd           ; yes             ; User VHDL File  ; /home/connorwm/cpre381/Proj2/Hardware Scheduled/cpre3810-toolflow/proj/src/TopLevel/ID_EX.vhd           ;         ;
; ../../proj/src/TopLevel/IF_ID.vhd           ; yes             ; User VHDL File  ; /home/connorwm/cpre381/Proj2/Hardware Scheduled/cpre3810-toolflow/proj/src/TopLevel/IF_ID.vhd           ;         ;
; ../../proj/src/TopLevel/MEM_WB.vhd          ; yes             ; User VHDL File  ; /home/connorwm/cpre381/Proj2/Hardware Scheduled/cpre3810-toolflow/proj/src/TopLevel/MEM_WB.vhd          ;         ;
; ../../proj/src/TopLevel/RISCV_Processor.vhd ; yes             ; User VHDL File  ; /home/connorwm/cpre381/Proj2/Hardware Scheduled/cpre3810-toolflow/proj/src/TopLevel/RISCV_Processor.vhd ;         ;
; ../../proj/src/TopLevel/adder.vhd           ; yes             ; User VHDL File  ; /home/connorwm/cpre381/Proj2/Hardware Scheduled/cpre3810-toolflow/proj/src/TopLevel/adder.vhd           ;         ;
; ../../proj/src/TopLevel/adder_N.vhd         ; yes             ; User VHDL File  ; /home/connorwm/cpre381/Proj2/Hardware Scheduled/cpre3810-toolflow/proj/src/TopLevel/adder_N.vhd         ;         ;
; ../../proj/src/TopLevel/addiSubi_N.vhd      ; yes             ; User VHDL File  ; /home/connorwm/cpre381/Proj2/Hardware Scheduled/cpre3810-toolflow/proj/src/TopLevel/addiSubi_N.vhd      ;         ;
; ../../proj/src/TopLevel/alu.vhd             ; yes             ; User VHDL File  ; /home/connorwm/cpre381/Proj2/Hardware Scheduled/cpre3810-toolflow/proj/src/TopLevel/alu.vhd             ;         ;
; ../../proj/src/TopLevel/andg2.vhd           ; yes             ; User VHDL File  ; /home/connorwm/cpre381/Proj2/Hardware Scheduled/cpre3810-toolflow/proj/src/TopLevel/andg2.vhd           ;         ;
; ../../proj/src/TopLevel/andg2_N.vhd         ; yes             ; User VHDL File  ; /home/connorwm/cpre381/Proj2/Hardware Scheduled/cpre3810-toolflow/proj/src/TopLevel/andg2_N.vhd         ;         ;
; ../../proj/src/TopLevel/barrelShifter.vhd   ; yes             ; User VHDL File  ; /home/connorwm/cpre381/Proj2/Hardware Scheduled/cpre3810-toolflow/proj/src/TopLevel/barrelShifter.vhd   ;         ;
; ../../proj/src/TopLevel/decoder5t32.vhd     ; yes             ; User VHDL File  ; /home/connorwm/cpre381/Proj2/Hardware Scheduled/cpre3810-toolflow/proj/src/TopLevel/decoder5t32.vhd     ;         ;
; ../../proj/src/TopLevel/dffg.vhd            ; yes             ; User VHDL File  ; /home/connorwm/cpre381/Proj2/Hardware Scheduled/cpre3810-toolflow/proj/src/TopLevel/dffg.vhd            ;         ;
; ../../proj/src/TopLevel/extender.vhd        ; yes             ; User VHDL File  ; /home/connorwm/cpre381/Proj2/Hardware Scheduled/cpre3810-toolflow/proj/src/TopLevel/extender.vhd        ;         ;
; ../../proj/src/TopLevel/invg.vhd            ; yes             ; User VHDL File  ; /home/connorwm/cpre381/Proj2/Hardware Scheduled/cpre3810-toolflow/proj/src/TopLevel/invg.vhd            ;         ;
; ../../proj/src/TopLevel/invg_N.vhd          ; yes             ; User VHDL File  ; /home/connorwm/cpre381/Proj2/Hardware Scheduled/cpre3810-toolflow/proj/src/TopLevel/invg_N.vhd          ;         ;
; ../../proj/src/TopLevel/mem.vhd             ; yes             ; User VHDL File  ; /home/connorwm/cpre381/Proj2/Hardware Scheduled/cpre3810-toolflow/proj/src/TopLevel/mem.vhd             ;         ;
; ../../proj/src/TopLevel/mux2t1.vhd          ; yes             ; User VHDL File  ; /home/connorwm/cpre381/Proj2/Hardware Scheduled/cpre3810-toolflow/proj/src/TopLevel/mux2t1.vhd          ;         ;
; ../../proj/src/TopLevel/mux2t1_N.vhd        ; yes             ; User VHDL File  ; /home/connorwm/cpre381/Proj2/Hardware Scheduled/cpre3810-toolflow/proj/src/TopLevel/mux2t1_N.vhd        ;         ;
; ../../proj/src/TopLevel/mux32t1_N.vhd       ; yes             ; User VHDL File  ; /home/connorwm/cpre381/Proj2/Hardware Scheduled/cpre3810-toolflow/proj/src/TopLevel/mux32t1_N.vhd       ;         ;
; ../../proj/src/TopLevel/mux4t1.vhd          ; yes             ; User VHDL File  ; /home/connorwm/cpre381/Proj2/Hardware Scheduled/cpre3810-toolflow/proj/src/TopLevel/mux4t1.vhd          ;         ;
; ../../proj/src/TopLevel/mux4t1_N.vhd        ; yes             ; User VHDL File  ; /home/connorwm/cpre381/Proj2/Hardware Scheduled/cpre3810-toolflow/proj/src/TopLevel/mux4t1_N.vhd        ;         ;
; ../../proj/src/TopLevel/onesComp_N.vhd      ; yes             ; User VHDL File  ; /home/connorwm/cpre381/Proj2/Hardware Scheduled/cpre3810-toolflow/proj/src/TopLevel/onesComp_N.vhd      ;         ;
; ../../proj/src/TopLevel/org2.vhd            ; yes             ; User VHDL File  ; /home/connorwm/cpre381/Proj2/Hardware Scheduled/cpre3810-toolflow/proj/src/TopLevel/org2.vhd            ;         ;
; ../../proj/src/TopLevel/org2_N.vhd          ; yes             ; User VHDL File  ; /home/connorwm/cpre381/Proj2/Hardware Scheduled/cpre3810-toolflow/proj/src/TopLevel/org2_N.vhd          ;         ;
; ../../proj/src/TopLevel/pcLogic.vhd         ; yes             ; User VHDL File  ; /home/connorwm/cpre381/Proj2/Hardware Scheduled/cpre3810-toolflow/proj/src/TopLevel/pcLogic.vhd         ;         ;
; ../../proj/src/TopLevel/regFile.vhd         ; yes             ; User VHDL File  ; /home/connorwm/cpre381/Proj2/Hardware Scheduled/cpre3810-toolflow/proj/src/TopLevel/regFile.vhd         ;         ;
; ../../proj/src/TopLevel/reg_N.vhd           ; yes             ; User VHDL File  ; /home/connorwm/cpre381/Proj2/Hardware Scheduled/cpre3810-toolflow/proj/src/TopLevel/reg_N.vhd           ;         ;
; ../../proj/src/TopLevel/shiftBinary.vhd     ; yes             ; User VHDL File  ; /home/connorwm/cpre381/Proj2/Hardware Scheduled/cpre3810-toolflow/proj/src/TopLevel/shiftBinary.vhd     ;         ;
; ../../proj/src/TopLevel/slt_N.vhd           ; yes             ; User VHDL File  ; /home/connorwm/cpre381/Proj2/Hardware Scheduled/cpre3810-toolflow/proj/src/TopLevel/slt_N.vhd           ;         ;
; ../../proj/src/TopLevel/xorg2.vhd           ; yes             ; User VHDL File  ; /home/connorwm/cpre381/Proj2/Hardware Scheduled/cpre3810-toolflow/proj/src/TopLevel/xorg2.vhd           ;         ;
; ../../proj/src/TopLevel/xorg2_N.vhd         ; yes             ; User VHDL File  ; /home/connorwm/cpre381/Proj2/Hardware Scheduled/cpre3810-toolflow/proj/src/TopLevel/xorg2_N.vhd         ;         ;
+---------------------------------------------+-----------------+-----------------+---------------------------------------------------------------------------------------------------------+---------+


+----------------------------------------------------------+
; Analysis & Synthesis Resource Usage Summary              ;
+---------------------------------------------+------------+
; Resource                                    ; Usage      ;
+---------------------------------------------+------------+
; Estimated Total logic elements              ; 115,508    ;
;                                             ;            ;
; Total combinational functions               ; 48928      ;
; Logic element usage by number of LUT inputs ;            ;
;     -- 4 input functions                    ; 46110      ;
;     -- 3 input functions                    ; 1454       ;
;     -- <=2 input functions                  ; 1364       ;
;                                             ;            ;
; Logic elements by mode                      ;            ;
;     -- normal mode                          ; 48828      ;
;     -- arithmetic mode                      ; 100        ;
;                                             ;            ;
; Total registers                             ; 66938      ;
;     -- Dedicated logic registers            ; 66938      ;
;     -- I/O registers                        ; 0          ;
;                                             ;            ;
; I/O pins                                    ; 99         ;
;                                             ;            ;
; Embedded Multiplier 9-bit elements          ; 0          ;
;                                             ;            ;
; Maximum fan-out node                        ; iCLK~input ;
; Maximum fan-out                             ; 66938      ;
; Total fan-out                               ; 393717     ;
; Average fan-out                             ; 3.39       ;
+---------------------------------------------+------------+


+------------------------------------------------------------------------------------------------------------------------------------------------------------------------------------------------------------------------------------------------------------------------------------------------------------------------------------------+
; Analysis & Synthesis Resource Utilization by Entity                                                                                                                                                                                                                                                                                      ;
+--------------------------------------------------+---------------------+---------------------------+-------------+--------------+---------+-----------+------+--------------+---------------------------------------------------------------------------------------------------------------------------+-----------------+--------------+
; Compilation Hierarchy Node                       ; Combinational ALUTs ; Dedicated Logic Registers ; Memory Bits ; DSP Elements ; DSP 9x9 ; DSP 18x18 ; Pins ; Virtual Pins ; Full Hierarchy Name                                                                                                       ; Entity Name     ; Library Name ;
+--------------------------------------------------+---------------------+---------------------------+-------------+--------------+---------+-----------+------+--------------+---------------------------------------------------------------------------------------------------------------------------+-----------------+--------------+
; |RISCV_Processor                                 ; 48928 (323)         ; 66938 (0)                 ; 0           ; 0            ; 0       ; 0         ; 99   ; 0            ; |RISCV_Processor                                                                                                          ; RISCV_Processor ; work         ;
;    |Control:CTRL|                                ; 59 (59)             ; 0 (0)                     ; 0           ; 0            ; 0       ; 0         ; 0    ; 0            ; |RISCV_Processor|Control:CTRL                                                                                             ; Control         ; work         ;
;    |Decode:DECODER|                              ; 90 (90)             ; 0 (0)                     ; 0           ; 0            ; 0       ; 0         ; 0    ; 0            ; |RISCV_Processor|Decode:DECODER                                                                                           ; Decode          ; work         ;
;    |EX_MEM:EX_MEM_REG|                           ; 0 (0)               ; 76 (0)                    ; 0           ; 0            ; 0       ; 0         ; 0    ; 0            ; |RISCV_Processor|EX_MEM:EX_MEM_REG                                                                                        ; EX_MEM          ; work         ;
;       |dffg:HALT_REG|                            ; 0 (0)               ; 1 (1)                     ; 0           ; 0            ; 0       ; 0         ; 0    ; 0            ; |RISCV_Processor|EX_MEM:EX_MEM_REG|dffg:HALT_REG                                                                          ; dffg            ; work         ;
;       |dffg:MEMREG_REG|                          ; 0 (0)               ; 1 (1)                     ; 0           ; 0            ; 0       ; 0         ; 0    ; 0            ; |RISCV_Processor|EX_MEM:EX_MEM_REG|dffg:MEMREG_REG                                                                        ; dffg            ; work         ;
;       |dffg:MEMWR_REG|                           ; 0 (0)               ; 1 (1)                     ; 0           ; 0            ; 0       ; 0         ; 0    ; 0            ; |RISCV_Processor|EX_MEM:EX_MEM_REG|dffg:MEMWR_REG                                                                         ; dffg            ; work         ;
;       |dffg:REGWR_REG|                           ; 0 (0)               ; 1 (1)                     ; 0           ; 0            ; 0       ; 0         ; 0    ; 0            ; |RISCV_Processor|EX_MEM:EX_MEM_REG|dffg:REGWR_REG                                                                         ; dffg            ; work         ;
;       |reg_N:ALU_RESULT_REG|                     ; 0 (0)               ; 32 (0)                    ; 0           ; 0            ; 0       ; 0         ; 0    ; 0            ; |RISCV_Processor|EX_MEM:EX_MEM_REG|reg_N:ALU_RESULT_REG                                                                   ; reg_N           ; work         ;
;          |dffg:\G_NBit_Reg:0:RegI|               ; 0 (0)               ; 1 (1)                     ; 0           ; 0            ; 0       ; 0         ; 0    ; 0            ; |RISCV_Processor|EX_MEM:EX_MEM_REG|reg_N:ALU_RESULT_REG|dffg:\G_NBit_Reg:0:RegI                                           ; dffg            ; work         ;
;          |dffg:\G_NBit_Reg:10:RegI|              ; 0 (0)               ; 1 (1)                     ; 0           ; 0            ; 0       ; 0         ; 0    ; 0            ; |RISCV_Processor|EX_MEM:EX_MEM_REG|reg_N:ALU_RESULT_REG|dffg:\G_NBit_Reg:10:RegI                                          ; dffg            ; work         ;
;          |dffg:\G_NBit_Reg:11:RegI|              ; 0 (0)               ; 1 (1)                     ; 0           ; 0            ; 0       ; 0         ; 0    ; 0            ; |RISCV_Processor|EX_MEM:EX_MEM_REG|reg_N:ALU_RESULT_REG|dffg:\G_NBit_Reg:11:RegI                                          ; dffg            ; work         ;
;          |dffg:\G_NBit_Reg:12:RegI|              ; 0 (0)               ; 1 (1)                     ; 0           ; 0            ; 0       ; 0         ; 0    ; 0            ; |RISCV_Processor|EX_MEM:EX_MEM_REG|reg_N:ALU_RESULT_REG|dffg:\G_NBit_Reg:12:RegI                                          ; dffg            ; work         ;
;          |dffg:\G_NBit_Reg:13:RegI|              ; 0 (0)               ; 1 (1)                     ; 0           ; 0            ; 0       ; 0         ; 0    ; 0            ; |RISCV_Processor|EX_MEM:EX_MEM_REG|reg_N:ALU_RESULT_REG|dffg:\G_NBit_Reg:13:RegI                                          ; dffg            ; work         ;
;          |dffg:\G_NBit_Reg:14:RegI|              ; 0 (0)               ; 1 (1)                     ; 0           ; 0            ; 0       ; 0         ; 0    ; 0            ; |RISCV_Processor|EX_MEM:EX_MEM_REG|reg_N:ALU_RESULT_REG|dffg:\G_NBit_Reg:14:RegI                                          ; dffg            ; work         ;
;          |dffg:\G_NBit_Reg:15:RegI|              ; 0 (0)               ; 1 (1)                     ; 0           ; 0            ; 0       ; 0         ; 0    ; 0            ; |RISCV_Processor|EX_MEM:EX_MEM_REG|reg_N:ALU_RESULT_REG|dffg:\G_NBit_Reg:15:RegI                                          ; dffg            ; work         ;
;          |dffg:\G_NBit_Reg:16:RegI|              ; 0 (0)               ; 1 (1)                     ; 0           ; 0            ; 0       ; 0         ; 0    ; 0            ; |RISCV_Processor|EX_MEM:EX_MEM_REG|reg_N:ALU_RESULT_REG|dffg:\G_NBit_Reg:16:RegI                                          ; dffg            ; work         ;
;          |dffg:\G_NBit_Reg:17:RegI|              ; 0 (0)               ; 1 (1)                     ; 0           ; 0            ; 0       ; 0         ; 0    ; 0            ; |RISCV_Processor|EX_MEM:EX_MEM_REG|reg_N:ALU_RESULT_REG|dffg:\G_NBit_Reg:17:RegI                                          ; dffg            ; work         ;
;          |dffg:\G_NBit_Reg:18:RegI|              ; 0 (0)               ; 1 (1)                     ; 0           ; 0            ; 0       ; 0         ; 0    ; 0            ; |RISCV_Processor|EX_MEM:EX_MEM_REG|reg_N:ALU_RESULT_REG|dffg:\G_NBit_Reg:18:RegI                                          ; dffg            ; work         ;
;          |dffg:\G_NBit_Reg:19:RegI|              ; 0 (0)               ; 1 (1)                     ; 0           ; 0            ; 0       ; 0         ; 0    ; 0            ; |RISCV_Processor|EX_MEM:EX_MEM_REG|reg_N:ALU_RESULT_REG|dffg:\G_NBit_Reg:19:RegI                                          ; dffg            ; work         ;
;          |dffg:\G_NBit_Reg:1:RegI|               ; 0 (0)               ; 1 (1)                     ; 0           ; 0            ; 0       ; 0         ; 0    ; 0            ; |RISCV_Processor|EX_MEM:EX_MEM_REG|reg_N:ALU_RESULT_REG|dffg:\G_NBit_Reg:1:RegI                                           ; dffg            ; work         ;
;          |dffg:\G_NBit_Reg:20:RegI|              ; 0 (0)               ; 1 (1)                     ; 0           ; 0            ; 0       ; 0         ; 0    ; 0            ; |RISCV_Processor|EX_MEM:EX_MEM_REG|reg_N:ALU_RESULT_REG|dffg:\G_NBit_Reg:20:RegI                                          ; dffg            ; work         ;
;          |dffg:\G_NBit_Reg:21:RegI|              ; 0 (0)               ; 1 (1)                     ; 0           ; 0            ; 0       ; 0         ; 0    ; 0            ; |RISCV_Processor|EX_MEM:EX_MEM_REG|reg_N:ALU_RESULT_REG|dffg:\G_NBit_Reg:21:RegI                                          ; dffg            ; work         ;
;          |dffg:\G_NBit_Reg:22:RegI|              ; 0 (0)               ; 1 (1)                     ; 0           ; 0            ; 0       ; 0         ; 0    ; 0            ; |RISCV_Processor|EX_MEM:EX_MEM_REG|reg_N:ALU_RESULT_REG|dffg:\G_NBit_Reg:22:RegI                                          ; dffg            ; work         ;
;          |dffg:\G_NBit_Reg:23:RegI|              ; 0 (0)               ; 1 (1)                     ; 0           ; 0            ; 0       ; 0         ; 0    ; 0            ; |RISCV_Processor|EX_MEM:EX_MEM_REG|reg_N:ALU_RESULT_REG|dffg:\G_NBit_Reg:23:RegI                                          ; dffg            ; work         ;
;          |dffg:\G_NBit_Reg:24:RegI|              ; 0 (0)               ; 1 (1)                     ; 0           ; 0            ; 0       ; 0         ; 0    ; 0            ; |RISCV_Processor|EX_MEM:EX_MEM_REG|reg_N:ALU_RESULT_REG|dffg:\G_NBit_Reg:24:RegI                                          ; dffg            ; work         ;
;          |dffg:\G_NBit_Reg:25:RegI|              ; 0 (0)               ; 1 (1)                     ; 0           ; 0            ; 0       ; 0         ; 0    ; 0            ; |RISCV_Processor|EX_MEM:EX_MEM_REG|reg_N:ALU_RESULT_REG|dffg:\G_NBit_Reg:25:RegI                                          ; dffg            ; work         ;
;          |dffg:\G_NBit_Reg:26:RegI|              ; 0 (0)               ; 1 (1)                     ; 0           ; 0            ; 0       ; 0         ; 0    ; 0            ; |RISCV_Processor|EX_MEM:EX_MEM_REG|reg_N:ALU_RESULT_REG|dffg:\G_NBit_Reg:26:RegI                                          ; dffg            ; work         ;
;          |dffg:\G_NBit_Reg:27:RegI|              ; 0 (0)               ; 1 (1)                     ; 0           ; 0            ; 0       ; 0         ; 0    ; 0            ; |RISCV_Processor|EX_MEM:EX_MEM_REG|reg_N:ALU_RESULT_REG|dffg:\G_NBit_Reg:27:RegI                                          ; dffg            ; work         ;
;          |dffg:\G_NBit_Reg:28:RegI|              ; 0 (0)               ; 1 (1)                     ; 0           ; 0            ; 0       ; 0         ; 0    ; 0            ; |RISCV_Processor|EX_MEM:EX_MEM_REG|reg_N:ALU_RESULT_REG|dffg:\G_NBit_Reg:28:RegI                                          ; dffg            ; work         ;
;          |dffg:\G_NBit_Reg:29:RegI|              ; 0 (0)               ; 1 (1)                     ; 0           ; 0            ; 0       ; 0         ; 0    ; 0            ; |RISCV_Processor|EX_MEM:EX_MEM_REG|reg_N:ALU_RESULT_REG|dffg:\G_NBit_Reg:29:RegI                                          ; dffg            ; work         ;
;          |dffg:\G_NBit_Reg:2:RegI|               ; 0 (0)               ; 1 (1)                     ; 0           ; 0            ; 0       ; 0         ; 0    ; 0            ; |RISCV_Processor|EX_MEM:EX_MEM_REG|reg_N:ALU_RESULT_REG|dffg:\G_NBit_Reg:2:RegI                                           ; dffg            ; work         ;
;          |dffg:\G_NBit_Reg:30:RegI|              ; 0 (0)               ; 1 (1)                     ; 0           ; 0            ; 0       ; 0         ; 0    ; 0            ; |RISCV_Processor|EX_MEM:EX_MEM_REG|reg_N:ALU_RESULT_REG|dffg:\G_NBit_Reg:30:RegI                                          ; dffg            ; work         ;
;          |dffg:\G_NBit_Reg:31:RegI|              ; 0 (0)               ; 1 (1)                     ; 0           ; 0            ; 0       ; 0         ; 0    ; 0            ; |RISCV_Processor|EX_MEM:EX_MEM_REG|reg_N:ALU_RESULT_REG|dffg:\G_NBit_Reg:31:RegI                                          ; dffg            ; work         ;
;          |dffg:\G_NBit_Reg:3:RegI|               ; 0 (0)               ; 1 (1)                     ; 0           ; 0            ; 0       ; 0         ; 0    ; 0            ; |RISCV_Processor|EX_MEM:EX_MEM_REG|reg_N:ALU_RESULT_REG|dffg:\G_NBit_Reg:3:RegI                                           ; dffg            ; work         ;
;          |dffg:\G_NBit_Reg:4:RegI|               ; 0 (0)               ; 1 (1)                     ; 0           ; 0            ; 0       ; 0         ; 0    ; 0            ; |RISCV_Processor|EX_MEM:EX_MEM_REG|reg_N:ALU_RESULT_REG|dffg:\G_NBit_Reg:4:RegI                                           ; dffg            ; work         ;
;          |dffg:\G_NBit_Reg:5:RegI|               ; 0 (0)               ; 1 (1)                     ; 0           ; 0            ; 0       ; 0         ; 0    ; 0            ; |RISCV_Processor|EX_MEM:EX_MEM_REG|reg_N:ALU_RESULT_REG|dffg:\G_NBit_Reg:5:RegI                                           ; dffg            ; work         ;
;          |dffg:\G_NBit_Reg:6:RegI|               ; 0 (0)               ; 1 (1)                     ; 0           ; 0            ; 0       ; 0         ; 0    ; 0            ; |RISCV_Processor|EX_MEM:EX_MEM_REG|reg_N:ALU_RESULT_REG|dffg:\G_NBit_Reg:6:RegI                                           ; dffg            ; work         ;
;          |dffg:\G_NBit_Reg:7:RegI|               ; 0 (0)               ; 1 (1)                     ; 0           ; 0            ; 0       ; 0         ; 0    ; 0            ; |RISCV_Processor|EX_MEM:EX_MEM_REG|reg_N:ALU_RESULT_REG|dffg:\G_NBit_Reg:7:RegI                                           ; dffg            ; work         ;
;          |dffg:\G_NBit_Reg:8:RegI|               ; 0 (0)               ; 1 (1)                     ; 0           ; 0            ; 0       ; 0         ; 0    ; 0            ; |RISCV_Processor|EX_MEM:EX_MEM_REG|reg_N:ALU_RESULT_REG|dffg:\G_NBit_Reg:8:RegI                                           ; dffg            ; work         ;
;          |dffg:\G_NBit_Reg:9:RegI|               ; 0 (0)               ; 1 (1)                     ; 0           ; 0            ; 0       ; 0         ; 0    ; 0            ; |RISCV_Processor|EX_MEM:EX_MEM_REG|reg_N:ALU_RESULT_REG|dffg:\G_NBit_Reg:9:RegI                                           ; dffg            ; work         ;
;       |reg_N:FUNC3_REG|                          ; 0 (0)               ; 3 (0)                     ; 0           ; 0            ; 0       ; 0         ; 0    ; 0            ; |RISCV_Processor|EX_MEM:EX_MEM_REG|reg_N:FUNC3_REG                                                                        ; reg_N           ; work         ;
;          |dffg:\G_NBit_Reg:0:RegI|               ; 0 (0)               ; 1 (1)                     ; 0           ; 0            ; 0       ; 0         ; 0    ; 0            ; |RISCV_Processor|EX_MEM:EX_MEM_REG|reg_N:FUNC3_REG|dffg:\G_NBit_Reg:0:RegI                                                ; dffg            ; work         ;
;          |dffg:\G_NBit_Reg:1:RegI|               ; 0 (0)               ; 1 (1)                     ; 0           ; 0            ; 0       ; 0         ; 0    ; 0            ; |RISCV_Processor|EX_MEM:EX_MEM_REG|reg_N:FUNC3_REG|dffg:\G_NBit_Reg:1:RegI                                                ; dffg            ; work         ;
;          |dffg:\G_NBit_Reg:2:RegI|               ; 0 (0)               ; 1 (1)                     ; 0           ; 0            ; 0       ; 0         ; 0    ; 0            ; |RISCV_Processor|EX_MEM:EX_MEM_REG|reg_N:FUNC3_REG|dffg:\G_NBit_Reg:2:RegI                                                ; dffg            ; work         ;
;       |reg_N:RD_REG|                             ; 0 (0)               ; 5 (0)                     ; 0           ; 0            ; 0       ; 0         ; 0    ; 0            ; |RISCV_Processor|EX_MEM:EX_MEM_REG|reg_N:RD_REG                                                                           ; reg_N           ; work         ;
;          |dffg:\G_NBit_Reg:0:RegI|               ; 0 (0)               ; 1 (1)                     ; 0           ; 0            ; 0       ; 0         ; 0    ; 0            ; |RISCV_Processor|EX_MEM:EX_MEM_REG|reg_N:RD_REG|dffg:\G_NBit_Reg:0:RegI                                                   ; dffg            ; work         ;
;          |dffg:\G_NBit_Reg:1:RegI|               ; 0 (0)               ; 1 (1)                     ; 0           ; 0            ; 0       ; 0         ; 0    ; 0            ; |RISCV_Processor|EX_MEM:EX_MEM_REG|reg_N:RD_REG|dffg:\G_NBit_Reg:1:RegI                                                   ; dffg            ; work         ;
;          |dffg:\G_NBit_Reg:2:RegI|               ; 0 (0)               ; 1 (1)                     ; 0           ; 0            ; 0       ; 0         ; 0    ; 0            ; |RISCV_Processor|EX_MEM:EX_MEM_REG|reg_N:RD_REG|dffg:\G_NBit_Reg:2:RegI                                                   ; dffg            ; work         ;
;          |dffg:\G_NBit_Reg:3:RegI|               ; 0 (0)               ; 1 (1)                     ; 0           ; 0            ; 0       ; 0         ; 0    ; 0            ; |RISCV_Processor|EX_MEM:EX_MEM_REG|reg_N:RD_REG|dffg:\G_NBit_Reg:3:RegI                                                   ; dffg            ; work         ;
;          |dffg:\G_NBit_Reg:4:RegI|               ; 0 (0)               ; 1 (1)                     ; 0           ; 0            ; 0       ; 0         ; 0    ; 0            ; |RISCV_Processor|EX_MEM:EX_MEM_REG|reg_N:RD_REG|dffg:\G_NBit_Reg:4:RegI                                                   ; dffg            ; work         ;
;       |reg_N:RS2_DATA_REG|                       ; 0 (0)               ; 32 (0)                    ; 0           ; 0            ; 0       ; 0         ; 0    ; 0            ; |RISCV_Processor|EX_MEM:EX_MEM_REG|reg_N:RS2_DATA_REG                                                                     ; reg_N           ; work         ;
;          |dffg:\G_NBit_Reg:0:RegI|               ; 0 (0)               ; 1 (1)                     ; 0           ; 0            ; 0       ; 0         ; 0    ; 0            ; |RISCV_Processor|EX_MEM:EX_MEM_REG|reg_N:RS2_DATA_REG|dffg:\G_NBit_Reg:0:RegI                                             ; dffg            ; work         ;
;          |dffg:\G_NBit_Reg:10:RegI|              ; 0 (0)               ; 1 (1)                     ; 0           ; 0            ; 0       ; 0         ; 0    ; 0            ; |RISCV_Processor|EX_MEM:EX_MEM_REG|reg_N:RS2_DATA_REG|dffg:\G_NBit_Reg:10:RegI                                            ; dffg            ; work         ;
;          |dffg:\G_NBit_Reg:11:RegI|              ; 0 (0)               ; 1 (1)                     ; 0           ; 0            ; 0       ; 0         ; 0    ; 0            ; |RISCV_Processor|EX_MEM:EX_MEM_REG|reg_N:RS2_DATA_REG|dffg:\G_NBit_Reg:11:RegI                                            ; dffg            ; work         ;
;          |dffg:\G_NBit_Reg:12:RegI|              ; 0 (0)               ; 1 (1)                     ; 0           ; 0            ; 0       ; 0         ; 0    ; 0            ; |RISCV_Processor|EX_MEM:EX_MEM_REG|reg_N:RS2_DATA_REG|dffg:\G_NBit_Reg:12:RegI                                            ; dffg            ; work         ;
;          |dffg:\G_NBit_Reg:13:RegI|              ; 0 (0)               ; 1 (1)                     ; 0           ; 0            ; 0       ; 0         ; 0    ; 0            ; |RISCV_Processor|EX_MEM:EX_MEM_REG|reg_N:RS2_DATA_REG|dffg:\G_NBit_Reg:13:RegI                                            ; dffg            ; work         ;
;          |dffg:\G_NBit_Reg:14:RegI|              ; 0 (0)               ; 1 (1)                     ; 0           ; 0            ; 0       ; 0         ; 0    ; 0            ; |RISCV_Processor|EX_MEM:EX_MEM_REG|reg_N:RS2_DATA_REG|dffg:\G_NBit_Reg:14:RegI                                            ; dffg            ; work         ;
;          |dffg:\G_NBit_Reg:15:RegI|              ; 0 (0)               ; 1 (1)                     ; 0           ; 0            ; 0       ; 0         ; 0    ; 0            ; |RISCV_Processor|EX_MEM:EX_MEM_REG|reg_N:RS2_DATA_REG|dffg:\G_NBit_Reg:15:RegI                                            ; dffg            ; work         ;
;          |dffg:\G_NBit_Reg:16:RegI|              ; 0 (0)               ; 1 (1)                     ; 0           ; 0            ; 0       ; 0         ; 0    ; 0            ; |RISCV_Processor|EX_MEM:EX_MEM_REG|reg_N:RS2_DATA_REG|dffg:\G_NBit_Reg:16:RegI                                            ; dffg            ; work         ;
;          |dffg:\G_NBit_Reg:17:RegI|              ; 0 (0)               ; 1 (1)                     ; 0           ; 0            ; 0       ; 0         ; 0    ; 0            ; |RISCV_Processor|EX_MEM:EX_MEM_REG|reg_N:RS2_DATA_REG|dffg:\G_NBit_Reg:17:RegI                                            ; dffg            ; work         ;
;          |dffg:\G_NBit_Reg:18:RegI|              ; 0 (0)               ; 1 (1)                     ; 0           ; 0            ; 0       ; 0         ; 0    ; 0            ; |RISCV_Processor|EX_MEM:EX_MEM_REG|reg_N:RS2_DATA_REG|dffg:\G_NBit_Reg:18:RegI                                            ; dffg            ; work         ;
;          |dffg:\G_NBit_Reg:19:RegI|              ; 0 (0)               ; 1 (1)                     ; 0           ; 0            ; 0       ; 0         ; 0    ; 0            ; |RISCV_Processor|EX_MEM:EX_MEM_REG|reg_N:RS2_DATA_REG|dffg:\G_NBit_Reg:19:RegI                                            ; dffg            ; work         ;
;          |dffg:\G_NBit_Reg:1:RegI|               ; 0 (0)               ; 1 (1)                     ; 0           ; 0            ; 0       ; 0         ; 0    ; 0            ; |RISCV_Processor|EX_MEM:EX_MEM_REG|reg_N:RS2_DATA_REG|dffg:\G_NBit_Reg:1:RegI                                             ; dffg            ; work         ;
;          |dffg:\G_NBit_Reg:20:RegI|              ; 0 (0)               ; 1 (1)                     ; 0           ; 0            ; 0       ; 0         ; 0    ; 0            ; |RISCV_Processor|EX_MEM:EX_MEM_REG|reg_N:RS2_DATA_REG|dffg:\G_NBit_Reg:20:RegI                                            ; dffg            ; work         ;
;          |dffg:\G_NBit_Reg:21:RegI|              ; 0 (0)               ; 1 (1)                     ; 0           ; 0            ; 0       ; 0         ; 0    ; 0            ; |RISCV_Processor|EX_MEM:EX_MEM_REG|reg_N:RS2_DATA_REG|dffg:\G_NBit_Reg:21:RegI                                            ; dffg            ; work         ;
;          |dffg:\G_NBit_Reg:22:RegI|              ; 0 (0)               ; 1 (1)                     ; 0           ; 0            ; 0       ; 0         ; 0    ; 0            ; |RISCV_Processor|EX_MEM:EX_MEM_REG|reg_N:RS2_DATA_REG|dffg:\G_NBit_Reg:22:RegI                                            ; dffg            ; work         ;
;          |dffg:\G_NBit_Reg:23:RegI|              ; 0 (0)               ; 1 (1)                     ; 0           ; 0            ; 0       ; 0         ; 0    ; 0            ; |RISCV_Processor|EX_MEM:EX_MEM_REG|reg_N:RS2_DATA_REG|dffg:\G_NBit_Reg:23:RegI                                            ; dffg            ; work         ;
;          |dffg:\G_NBit_Reg:24:RegI|              ; 0 (0)               ; 1 (1)                     ; 0           ; 0            ; 0       ; 0         ; 0    ; 0            ; |RISCV_Processor|EX_MEM:EX_MEM_REG|reg_N:RS2_DATA_REG|dffg:\G_NBit_Reg:24:RegI                                            ; dffg            ; work         ;
;          |dffg:\G_NBit_Reg:25:RegI|              ; 0 (0)               ; 1 (1)                     ; 0           ; 0            ; 0       ; 0         ; 0    ; 0            ; |RISCV_Processor|EX_MEM:EX_MEM_REG|reg_N:RS2_DATA_REG|dffg:\G_NBit_Reg:25:RegI                                            ; dffg            ; work         ;
;          |dffg:\G_NBit_Reg:26:RegI|              ; 0 (0)               ; 1 (1)                     ; 0           ; 0            ; 0       ; 0         ; 0    ; 0            ; |RISCV_Processor|EX_MEM:EX_MEM_REG|reg_N:RS2_DATA_REG|dffg:\G_NBit_Reg:26:RegI                                            ; dffg            ; work         ;
;          |dffg:\G_NBit_Reg:27:RegI|              ; 0 (0)               ; 1 (1)                     ; 0           ; 0            ; 0       ; 0         ; 0    ; 0            ; |RISCV_Processor|EX_MEM:EX_MEM_REG|reg_N:RS2_DATA_REG|dffg:\G_NBit_Reg:27:RegI                                            ; dffg            ; work         ;
;          |dffg:\G_NBit_Reg:28:RegI|              ; 0 (0)               ; 1 (1)                     ; 0           ; 0            ; 0       ; 0         ; 0    ; 0            ; |RISCV_Processor|EX_MEM:EX_MEM_REG|reg_N:RS2_DATA_REG|dffg:\G_NBit_Reg:28:RegI                                            ; dffg            ; work         ;
;          |dffg:\G_NBit_Reg:29:RegI|              ; 0 (0)               ; 1 (1)                     ; 0           ; 0            ; 0       ; 0         ; 0    ; 0            ; |RISCV_Processor|EX_MEM:EX_MEM_REG|reg_N:RS2_DATA_REG|dffg:\G_NBit_Reg:29:RegI                                            ; dffg            ; work         ;
;          |dffg:\G_NBit_Reg:2:RegI|               ; 0 (0)               ; 1 (1)                     ; 0           ; 0            ; 0       ; 0         ; 0    ; 0            ; |RISCV_Processor|EX_MEM:EX_MEM_REG|reg_N:RS2_DATA_REG|dffg:\G_NBit_Reg:2:RegI                                             ; dffg            ; work         ;
;          |dffg:\G_NBit_Reg:30:RegI|              ; 0 (0)               ; 1 (1)                     ; 0           ; 0            ; 0       ; 0         ; 0    ; 0            ; |RISCV_Processor|EX_MEM:EX_MEM_REG|reg_N:RS2_DATA_REG|dffg:\G_NBit_Reg:30:RegI                                            ; dffg            ; work         ;
;          |dffg:\G_NBit_Reg:31:RegI|              ; 0 (0)               ; 1 (1)                     ; 0           ; 0            ; 0       ; 0         ; 0    ; 0            ; |RISCV_Processor|EX_MEM:EX_MEM_REG|reg_N:RS2_DATA_REG|dffg:\G_NBit_Reg:31:RegI                                            ; dffg            ; work         ;
;          |dffg:\G_NBit_Reg:3:RegI|               ; 0 (0)               ; 1 (1)                     ; 0           ; 0            ; 0       ; 0         ; 0    ; 0            ; |RISCV_Processor|EX_MEM:EX_MEM_REG|reg_N:RS2_DATA_REG|dffg:\G_NBit_Reg:3:RegI                                             ; dffg            ; work         ;
;          |dffg:\G_NBit_Reg:4:RegI|               ; 0 (0)               ; 1 (1)                     ; 0           ; 0            ; 0       ; 0         ; 0    ; 0            ; |RISCV_Processor|EX_MEM:EX_MEM_REG|reg_N:RS2_DATA_REG|dffg:\G_NBit_Reg:4:RegI                                             ; dffg            ; work         ;
;          |dffg:\G_NBit_Reg:5:RegI|               ; 0 (0)               ; 1 (1)                     ; 0           ; 0            ; 0       ; 0         ; 0    ; 0            ; |RISCV_Processor|EX_MEM:EX_MEM_REG|reg_N:RS2_DATA_REG|dffg:\G_NBit_Reg:5:RegI                                             ; dffg            ; work         ;
;          |dffg:\G_NBit_Reg:6:RegI|               ; 0 (0)               ; 1 (1)                     ; 0           ; 0            ; 0       ; 0         ; 0    ; 0            ; |RISCV_Processor|EX_MEM:EX_MEM_REG|reg_N:RS2_DATA_REG|dffg:\G_NBit_Reg:6:RegI                                             ; dffg            ; work         ;
;          |dffg:\G_NBit_Reg:7:RegI|               ; 0 (0)               ; 1 (1)                     ; 0           ; 0            ; 0       ; 0         ; 0    ; 0            ; |RISCV_Processor|EX_MEM:EX_MEM_REG|reg_N:RS2_DATA_REG|dffg:\G_NBit_Reg:7:RegI                                             ; dffg            ; work         ;
;          |dffg:\G_NBit_Reg:8:RegI|               ; 0 (0)               ; 1 (1)                     ; 0           ; 0            ; 0       ; 0         ; 0    ; 0            ; |RISCV_Processor|EX_MEM:EX_MEM_REG|reg_N:RS2_DATA_REG|dffg:\G_NBit_Reg:8:RegI                                             ; dffg            ; work         ;
;          |dffg:\G_NBit_Reg:9:RegI|               ; 0 (0)               ; 1 (1)                     ; 0           ; 0            ; 0       ; 0         ; 0    ; 0            ; |RISCV_Processor|EX_MEM:EX_MEM_REG|reg_N:RS2_DATA_REG|dffg:\G_NBit_Reg:9:RegI                                             ; dffg            ; work         ;
;    |ForwardUnit:FORWARD_UNIT|                    ; 31 (31)             ; 0 (0)                     ; 0           ; 0            ; 0       ; 0         ; 0    ; 0            ; |RISCV_Processor|ForwardUnit:FORWARD_UNIT                                                                                 ; ForwardUnit     ; work         ;
;    |HazardDetection:HAZARD_DETECTION|            ; 10 (10)             ; 0 (0)                     ; 0           ; 0            ; 0       ; 0         ; 0    ; 0            ; |RISCV_Processor|HazardDetection:HAZARD_DETECTION                                                                         ; HazardDetection ; work         ;
;    |ID_EX:ID_EX_REG|                             ; 1585 (0)            ; 166 (0)                   ; 0           ; 0            ; 0       ; 0         ; 0    ; 0            ; |RISCV_Processor|ID_EX:ID_EX_REG                                                                                          ; ID_EX           ; work         ;
;       |dffg:ALUSRC_REG|                          ; 3 (3)               ; 1 (1)                     ; 0           ; 0            ; 0       ; 0         ; 0    ; 0            ; |RISCV_Processor|ID_EX:ID_EX_REG|dffg:ALUSRC_REG                                                                          ; dffg            ; work         ;
;       |dffg:AUIPC_REG|                           ; 2 (2)               ; 1 (1)                     ; 0           ; 0            ; 0       ; 0         ; 0    ; 0            ; |RISCV_Processor|ID_EX:ID_EX_REG|dffg:AUIPC_REG                                                                           ; dffg            ; work         ;
;       |dffg:BRANCH_REG|                          ; 1 (1)               ; 1 (1)                     ; 0           ; 0            ; 0       ; 0         ; 0    ; 0            ; |RISCV_Processor|ID_EX:ID_EX_REG|dffg:BRANCH_REG                                                                          ; dffg            ; work         ;
;       |dffg:HALT_REG|                            ; 2 (2)               ; 1 (1)                     ; 0           ; 0            ; 0       ; 0         ; 0    ; 0            ; |RISCV_Processor|ID_EX:ID_EX_REG|dffg:HALT_REG                                                                            ; dffg            ; work         ;
;       |dffg:JUMP_REG|                            ; 2 (2)               ; 1 (1)                     ; 0           ; 0            ; 0       ; 0         ; 0    ; 0            ; |RISCV_Processor|ID_EX:ID_EX_REG|dffg:JUMP_REG                                                                            ; dffg            ; work         ;
;       |dffg:MEMREG_REG|                          ; 1 (1)               ; 1 (1)                     ; 0           ; 0            ; 0       ; 0         ; 0    ; 0            ; |RISCV_Processor|ID_EX:ID_EX_REG|dffg:MEMREG_REG                                                                          ; dffg            ; work         ;
;       |dffg:MEMWR_REG|                           ; 1 (1)               ; 1 (1)                     ; 0           ; 0            ; 0       ; 0         ; 0    ; 0            ; |RISCV_Processor|ID_EX:ID_EX_REG|dffg:MEMWR_REG                                                                           ; dffg            ; work         ;
;       |dffg:REGWR_REG|                           ; 1 (1)               ; 1 (1)                     ; 0           ; 0            ; 0       ; 0         ; 0    ; 0            ; |RISCV_Processor|ID_EX:ID_EX_REG|dffg:REGWR_REG                                                                           ; dffg            ; work         ;
;       |dffg:SIGNED_REG|                          ; 1 (1)               ; 1 (1)                     ; 0           ; 0            ; 0       ; 0         ; 0    ; 0            ; |RISCV_Processor|ID_EX:ID_EX_REG|dffg:SIGNED_REG                                                                          ; dffg            ; work         ;
;       |reg_N:ALUOP_REG|                          ; 21 (0)              ; 4 (0)                     ; 0           ; 0            ; 0       ; 0         ; 0    ; 0            ; |RISCV_Processor|ID_EX:ID_EX_REG|reg_N:ALUOP_REG                                                                          ; reg_N           ; work         ;
;          |dffg:\G_NBit_Reg:0:RegI|               ; 1 (1)               ; 1 (1)                     ; 0           ; 0            ; 0       ; 0         ; 0    ; 0            ; |RISCV_Processor|ID_EX:ID_EX_REG|reg_N:ALUOP_REG|dffg:\G_NBit_Reg:0:RegI                                                  ; dffg            ; work         ;
;          |dffg:\G_NBit_Reg:1:RegI|               ; 1 (1)               ; 1 (1)                     ; 0           ; 0            ; 0       ; 0         ; 0    ; 0            ; |RISCV_Processor|ID_EX:ID_EX_REG|reg_N:ALUOP_REG|dffg:\G_NBit_Reg:1:RegI                                                  ; dffg            ; work         ;
;          |dffg:\G_NBit_Reg:2:RegI|               ; 6 (6)               ; 1 (1)                     ; 0           ; 0            ; 0       ; 0         ; 0    ; 0            ; |RISCV_Processor|ID_EX:ID_EX_REG|reg_N:ALUOP_REG|dffg:\G_NBit_Reg:2:RegI                                                  ; dffg            ; work         ;
;          |dffg:\G_NBit_Reg:3:RegI|               ; 13 (13)             ; 1 (1)                     ; 0           ; 0            ; 0       ; 0         ; 0    ; 0            ; |RISCV_Processor|ID_EX:ID_EX_REG|reg_N:ALUOP_REG|dffg:\G_NBit_Reg:3:RegI                                                  ; dffg            ; work         ;
;       |reg_N:FUNC3_REG|                          ; 6 (0)               ; 3 (0)                     ; 0           ; 0            ; 0       ; 0         ; 0    ; 0            ; |RISCV_Processor|ID_EX:ID_EX_REG|reg_N:FUNC3_REG                                                                          ; reg_N           ; work         ;
;          |dffg:\G_NBit_Reg:0:RegI|               ; 2 (2)               ; 1 (1)                     ; 0           ; 0            ; 0       ; 0         ; 0    ; 0            ; |RISCV_Processor|ID_EX:ID_EX_REG|reg_N:FUNC3_REG|dffg:\G_NBit_Reg:0:RegI                                                  ; dffg            ; work         ;
;          |dffg:\G_NBit_Reg:1:RegI|               ; 2 (2)               ; 1 (1)                     ; 0           ; 0            ; 0       ; 0         ; 0    ; 0            ; |RISCV_Processor|ID_EX:ID_EX_REG|reg_N:FUNC3_REG|dffg:\G_NBit_Reg:1:RegI                                                  ; dffg            ; work         ;
;          |dffg:\G_NBit_Reg:2:RegI|               ; 2 (2)               ; 1 (1)                     ; 0           ; 0            ; 0       ; 0         ; 0    ; 0            ; |RISCV_Processor|ID_EX:ID_EX_REG|reg_N:FUNC3_REG|dffg:\G_NBit_Reg:2:RegI                                                  ; dffg            ; work         ;
;       |reg_N:IMM_REG|                            ; 86 (0)              ; 32 (0)                    ; 0           ; 0            ; 0       ; 0         ; 0    ; 0            ; |RISCV_Processor|ID_EX:ID_EX_REG|reg_N:IMM_REG                                                                            ; reg_N           ; work         ;
;          |dffg:\G_NBit_Reg:0:RegI|               ; 2 (2)               ; 1 (1)                     ; 0           ; 0            ; 0       ; 0         ; 0    ; 0            ; |RISCV_Processor|ID_EX:ID_EX_REG|reg_N:IMM_REG|dffg:\G_NBit_Reg:0:RegI                                                    ; dffg            ; work         ;
;          |dffg:\G_NBit_Reg:10:RegI|              ; 3 (3)               ; 1 (1)                     ; 0           ; 0            ; 0       ; 0         ; 0    ; 0            ; |RISCV_Processor|ID_EX:ID_EX_REG|reg_N:IMM_REG|dffg:\G_NBit_Reg:10:RegI                                                   ; dffg            ; work         ;
;          |dffg:\G_NBit_Reg:11:RegI|              ; 3 (3)               ; 1 (1)                     ; 0           ; 0            ; 0       ; 0         ; 0    ; 0            ; |RISCV_Processor|ID_EX:ID_EX_REG|reg_N:IMM_REG|dffg:\G_NBit_Reg:11:RegI                                                   ; dffg            ; work         ;
;          |dffg:\G_NBit_Reg:12:RegI|              ; 1 (1)               ; 1 (1)                     ; 0           ; 0            ; 0       ; 0         ; 0    ; 0            ; |RISCV_Processor|ID_EX:ID_EX_REG|reg_N:IMM_REG|dffg:\G_NBit_Reg:12:RegI                                                   ; dffg            ; work         ;
;          |dffg:\G_NBit_Reg:13:RegI|              ; 4 (4)               ; 1 (1)                     ; 0           ; 0            ; 0       ; 0         ; 0    ; 0            ; |RISCV_Processor|ID_EX:ID_EX_REG|reg_N:IMM_REG|dffg:\G_NBit_Reg:13:RegI                                                   ; dffg            ; work         ;
;          |dffg:\G_NBit_Reg:14:RegI|              ; 3 (3)               ; 1 (1)                     ; 0           ; 0            ; 0       ; 0         ; 0    ; 0            ; |RISCV_Processor|ID_EX:ID_EX_REG|reg_N:IMM_REG|dffg:\G_NBit_Reg:14:RegI                                                   ; dffg            ; work         ;
;          |dffg:\G_NBit_Reg:15:RegI|              ; 3 (3)               ; 1 (1)                     ; 0           ; 0            ; 0       ; 0         ; 0    ; 0            ; |RISCV_Processor|ID_EX:ID_EX_REG|reg_N:IMM_REG|dffg:\G_NBit_Reg:15:RegI                                                   ; dffg            ; work         ;
;          |dffg:\G_NBit_Reg:16:RegI|              ; 3 (3)               ; 1 (1)                     ; 0           ; 0            ; 0       ; 0         ; 0    ; 0            ; |RISCV_Processor|ID_EX:ID_EX_REG|reg_N:IMM_REG|dffg:\G_NBit_Reg:16:RegI                                                   ; dffg            ; work         ;
;          |dffg:\G_NBit_Reg:17:RegI|              ; 3 (3)               ; 1 (1)                     ; 0           ; 0            ; 0       ; 0         ; 0    ; 0            ; |RISCV_Processor|ID_EX:ID_EX_REG|reg_N:IMM_REG|dffg:\G_NBit_Reg:17:RegI                                                   ; dffg            ; work         ;
;          |dffg:\G_NBit_Reg:18:RegI|              ; 3 (3)               ; 1 (1)                     ; 0           ; 0            ; 0       ; 0         ; 0    ; 0            ; |RISCV_Processor|ID_EX:ID_EX_REG|reg_N:IMM_REG|dffg:\G_NBit_Reg:18:RegI                                                   ; dffg            ; work         ;
;          |dffg:\G_NBit_Reg:19:RegI|              ; 3 (3)               ; 1 (1)                     ; 0           ; 0            ; 0       ; 0         ; 0    ; 0            ; |RISCV_Processor|ID_EX:ID_EX_REG|reg_N:IMM_REG|dffg:\G_NBit_Reg:19:RegI                                                   ; dffg            ; work         ;
;          |dffg:\G_NBit_Reg:1:RegI|               ; 3 (3)               ; 1 (1)                     ; 0           ; 0            ; 0       ; 0         ; 0    ; 0            ; |RISCV_Processor|ID_EX:ID_EX_REG|reg_N:IMM_REG|dffg:\G_NBit_Reg:1:RegI                                                    ; dffg            ; work         ;
;          |dffg:\G_NBit_Reg:20:RegI|              ; 3 (3)               ; 1 (1)                     ; 0           ; 0            ; 0       ; 0         ; 0    ; 0            ; |RISCV_Processor|ID_EX:ID_EX_REG|reg_N:IMM_REG|dffg:\G_NBit_Reg:20:RegI                                                   ; dffg            ; work         ;
;          |dffg:\G_NBit_Reg:21:RegI|              ; 3 (3)               ; 1 (1)                     ; 0           ; 0            ; 0       ; 0         ; 0    ; 0            ; |RISCV_Processor|ID_EX:ID_EX_REG|reg_N:IMM_REG|dffg:\G_NBit_Reg:21:RegI                                                   ; dffg            ; work         ;
;          |dffg:\G_NBit_Reg:22:RegI|              ; 2 (2)               ; 1 (1)                     ; 0           ; 0            ; 0       ; 0         ; 0    ; 0            ; |RISCV_Processor|ID_EX:ID_EX_REG|reg_N:IMM_REG|dffg:\G_NBit_Reg:22:RegI                                                   ; dffg            ; work         ;
;          |dffg:\G_NBit_Reg:23:RegI|              ; 2 (2)               ; 1 (1)                     ; 0           ; 0            ; 0       ; 0         ; 0    ; 0            ; |RISCV_Processor|ID_EX:ID_EX_REG|reg_N:IMM_REG|dffg:\G_NBit_Reg:23:RegI                                                   ; dffg            ; work         ;
;          |dffg:\G_NBit_Reg:24:RegI|              ; 2 (2)               ; 1 (1)                     ; 0           ; 0            ; 0       ; 0         ; 0    ; 0            ; |RISCV_Processor|ID_EX:ID_EX_REG|reg_N:IMM_REG|dffg:\G_NBit_Reg:24:RegI                                                   ; dffg            ; work         ;
;          |dffg:\G_NBit_Reg:25:RegI|              ; 2 (2)               ; 1 (1)                     ; 0           ; 0            ; 0       ; 0         ; 0    ; 0            ; |RISCV_Processor|ID_EX:ID_EX_REG|reg_N:IMM_REG|dffg:\G_NBit_Reg:25:RegI                                                   ; dffg            ; work         ;
;          |dffg:\G_NBit_Reg:26:RegI|              ; 2 (2)               ; 1 (1)                     ; 0           ; 0            ; 0       ; 0         ; 0    ; 0            ; |RISCV_Processor|ID_EX:ID_EX_REG|reg_N:IMM_REG|dffg:\G_NBit_Reg:26:RegI                                                   ; dffg            ; work         ;
;          |dffg:\G_NBit_Reg:27:RegI|              ; 2 (2)               ; 1 (1)                     ; 0           ; 0            ; 0       ; 0         ; 0    ; 0            ; |RISCV_Processor|ID_EX:ID_EX_REG|reg_N:IMM_REG|dffg:\G_NBit_Reg:27:RegI                                                   ; dffg            ; work         ;
;          |dffg:\G_NBit_Reg:28:RegI|              ; 2 (2)               ; 1 (1)                     ; 0           ; 0            ; 0       ; 0         ; 0    ; 0            ; |RISCV_Processor|ID_EX:ID_EX_REG|reg_N:IMM_REG|dffg:\G_NBit_Reg:28:RegI                                                   ; dffg            ; work         ;
;          |dffg:\G_NBit_Reg:29:RegI|              ; 3 (3)               ; 1 (1)                     ; 0           ; 0            ; 0       ; 0         ; 0    ; 0            ; |RISCV_Processor|ID_EX:ID_EX_REG|reg_N:IMM_REG|dffg:\G_NBit_Reg:29:RegI                                                   ; dffg            ; work         ;
;          |dffg:\G_NBit_Reg:2:RegI|               ; 3 (3)               ; 1 (1)                     ; 0           ; 0            ; 0       ; 0         ; 0    ; 0            ; |RISCV_Processor|ID_EX:ID_EX_REG|reg_N:IMM_REG|dffg:\G_NBit_Reg:2:RegI                                                    ; dffg            ; work         ;
;          |dffg:\G_NBit_Reg:30:RegI|              ; 2 (2)               ; 1 (1)                     ; 0           ; 0            ; 0       ; 0         ; 0    ; 0            ; |RISCV_Processor|ID_EX:ID_EX_REG|reg_N:IMM_REG|dffg:\G_NBit_Reg:30:RegI                                                   ; dffg            ; work         ;
;          |dffg:\G_NBit_Reg:31:RegI|              ; 2 (2)               ; 1 (1)                     ; 0           ; 0            ; 0       ; 0         ; 0    ; 0            ; |RISCV_Processor|ID_EX:ID_EX_REG|reg_N:IMM_REG|dffg:\G_NBit_Reg:31:RegI                                                   ; dffg            ; work         ;
;          |dffg:\G_NBit_Reg:3:RegI|               ; 3 (3)               ; 1 (1)                     ; 0           ; 0            ; 0       ; 0         ; 0    ; 0            ; |RISCV_Processor|ID_EX:ID_EX_REG|reg_N:IMM_REG|dffg:\G_NBit_Reg:3:RegI                                                    ; dffg            ; work         ;
;          |dffg:\G_NBit_Reg:4:RegI|               ; 4 (4)               ; 1 (1)                     ; 0           ; 0            ; 0       ; 0         ; 0    ; 0            ; |RISCV_Processor|ID_EX:ID_EX_REG|reg_N:IMM_REG|dffg:\G_NBit_Reg:4:RegI                                                    ; dffg            ; work         ;
;          |dffg:\G_NBit_Reg:5:RegI|               ; 3 (3)               ; 1 (1)                     ; 0           ; 0            ; 0       ; 0         ; 0    ; 0            ; |RISCV_Processor|ID_EX:ID_EX_REG|reg_N:IMM_REG|dffg:\G_NBit_Reg:5:RegI                                                    ; dffg            ; work         ;
;          |dffg:\G_NBit_Reg:6:RegI|               ; 3 (3)               ; 1 (1)                     ; 0           ; 0            ; 0       ; 0         ; 0    ; 0            ; |RISCV_Processor|ID_EX:ID_EX_REG|reg_N:IMM_REG|dffg:\G_NBit_Reg:6:RegI                                                    ; dffg            ; work         ;
;          |dffg:\G_NBit_Reg:7:RegI|               ; 3 (3)               ; 1 (1)                     ; 0           ; 0            ; 0       ; 0         ; 0    ; 0            ; |RISCV_Processor|ID_EX:ID_EX_REG|reg_N:IMM_REG|dffg:\G_NBit_Reg:7:RegI                                                    ; dffg            ; work         ;
;          |dffg:\G_NBit_Reg:8:RegI|               ; 3 (3)               ; 1 (1)                     ; 0           ; 0            ; 0       ; 0         ; 0    ; 0            ; |RISCV_Processor|ID_EX:ID_EX_REG|reg_N:IMM_REG|dffg:\G_NBit_Reg:8:RegI                                                    ; dffg            ; work         ;
;          |dffg:\G_NBit_Reg:9:RegI|               ; 3 (3)               ; 1 (1)                     ; 0           ; 0            ; 0       ; 0         ; 0    ; 0            ; |RISCV_Processor|ID_EX:ID_EX_REG|reg_N:IMM_REG|dffg:\G_NBit_Reg:9:RegI                                                    ; dffg            ; work         ;
;       |reg_N:OPCODE_REG|                         ; 6 (0)               ; 7 (0)                     ; 0           ; 0            ; 0       ; 0         ; 0    ; 0            ; |RISCV_Processor|ID_EX:ID_EX_REG|reg_N:OPCODE_REG                                                                         ; reg_N           ; work         ;
;          |dffg:\G_NBit_Reg:0:RegI|               ; 1 (1)               ; 1 (1)                     ; 0           ; 0            ; 0       ; 0         ; 0    ; 0            ; |RISCV_Processor|ID_EX:ID_EX_REG|reg_N:OPCODE_REG|dffg:\G_NBit_Reg:0:RegI                                                 ; dffg            ; work         ;
;          |dffg:\G_NBit_Reg:1:RegI|               ; 1 (1)               ; 1 (1)                     ; 0           ; 0            ; 0       ; 0         ; 0    ; 0            ; |RISCV_Processor|ID_EX:ID_EX_REG|reg_N:OPCODE_REG|dffg:\G_NBit_Reg:1:RegI                                                 ; dffg            ; work         ;
;          |dffg:\G_NBit_Reg:2:RegI|               ; 1 (1)               ; 1 (1)                     ; 0           ; 0            ; 0       ; 0         ; 0    ; 0            ; |RISCV_Processor|ID_EX:ID_EX_REG|reg_N:OPCODE_REG|dffg:\G_NBit_Reg:2:RegI                                                 ; dffg            ; work         ;
;          |dffg:\G_NBit_Reg:3:RegI|               ; 1 (1)               ; 1 (1)                     ; 0           ; 0            ; 0       ; 0         ; 0    ; 0            ; |RISCV_Processor|ID_EX:ID_EX_REG|reg_N:OPCODE_REG|dffg:\G_NBit_Reg:3:RegI                                                 ; dffg            ; work         ;
;          |dffg:\G_NBit_Reg:4:RegI|               ; 1 (1)               ; 1 (1)                     ; 0           ; 0            ; 0       ; 0         ; 0    ; 0            ; |RISCV_Processor|ID_EX:ID_EX_REG|reg_N:OPCODE_REG|dffg:\G_NBit_Reg:4:RegI                                                 ; dffg            ; work         ;
;          |dffg:\G_NBit_Reg:5:RegI|               ; 0 (0)               ; 1 (1)                     ; 0           ; 0            ; 0       ; 0         ; 0    ; 0            ; |RISCV_Processor|ID_EX:ID_EX_REG|reg_N:OPCODE_REG|dffg:\G_NBit_Reg:5:RegI                                                 ; dffg            ; work         ;
;          |dffg:\G_NBit_Reg:6:RegI|               ; 1 (1)               ; 1 (1)                     ; 0           ; 0            ; 0       ; 0         ; 0    ; 0            ; |RISCV_Processor|ID_EX:ID_EX_REG|reg_N:OPCODE_REG|dffg:\G_NBit_Reg:6:RegI                                                 ; dffg            ; work         ;
;       |reg_N:PC_REG|                             ; 32 (0)              ; 32 (0)                    ; 0           ; 0            ; 0       ; 0         ; 0    ; 0            ; |RISCV_Processor|ID_EX:ID_EX_REG|reg_N:PC_REG                                                                             ; reg_N           ; work         ;
;          |dffg:\G_NBit_Reg:0:RegI|               ; 1 (1)               ; 1 (1)                     ; 0           ; 0            ; 0       ; 0         ; 0    ; 0            ; |RISCV_Processor|ID_EX:ID_EX_REG|reg_N:PC_REG|dffg:\G_NBit_Reg:0:RegI                                                     ; dffg            ; work         ;
;          |dffg:\G_NBit_Reg:10:RegI|              ; 1 (1)               ; 1 (1)                     ; 0           ; 0            ; 0       ; 0         ; 0    ; 0            ; |RISCV_Processor|ID_EX:ID_EX_REG|reg_N:PC_REG|dffg:\G_NBit_Reg:10:RegI                                                    ; dffg            ; work         ;
;          |dffg:\G_NBit_Reg:11:RegI|              ; 1 (1)               ; 1 (1)                     ; 0           ; 0            ; 0       ; 0         ; 0    ; 0            ; |RISCV_Processor|ID_EX:ID_EX_REG|reg_N:PC_REG|dffg:\G_NBit_Reg:11:RegI                                                    ; dffg            ; work         ;
;          |dffg:\G_NBit_Reg:12:RegI|              ; 1 (1)               ; 1 (1)                     ; 0           ; 0            ; 0       ; 0         ; 0    ; 0            ; |RISCV_Processor|ID_EX:ID_EX_REG|reg_N:PC_REG|dffg:\G_NBit_Reg:12:RegI                                                    ; dffg            ; work         ;
;          |dffg:\G_NBit_Reg:13:RegI|              ; 1 (1)               ; 1 (1)                     ; 0           ; 0            ; 0       ; 0         ; 0    ; 0            ; |RISCV_Processor|ID_EX:ID_EX_REG|reg_N:PC_REG|dffg:\G_NBit_Reg:13:RegI                                                    ; dffg            ; work         ;
;          |dffg:\G_NBit_Reg:14:RegI|              ; 1 (1)               ; 1 (1)                     ; 0           ; 0            ; 0       ; 0         ; 0    ; 0            ; |RISCV_Processor|ID_EX:ID_EX_REG|reg_N:PC_REG|dffg:\G_NBit_Reg:14:RegI                                                    ; dffg            ; work         ;
;          |dffg:\G_NBit_Reg:15:RegI|              ; 1 (1)               ; 1 (1)                     ; 0           ; 0            ; 0       ; 0         ; 0    ; 0            ; |RISCV_Processor|ID_EX:ID_EX_REG|reg_N:PC_REG|dffg:\G_NBit_Reg:15:RegI                                                    ; dffg            ; work         ;
;          |dffg:\G_NBit_Reg:16:RegI|              ; 1 (1)               ; 1 (1)                     ; 0           ; 0            ; 0       ; 0         ; 0    ; 0            ; |RISCV_Processor|ID_EX:ID_EX_REG|reg_N:PC_REG|dffg:\G_NBit_Reg:16:RegI                                                    ; dffg            ; work         ;
;          |dffg:\G_NBit_Reg:17:RegI|              ; 1 (1)               ; 1 (1)                     ; 0           ; 0            ; 0       ; 0         ; 0    ; 0            ; |RISCV_Processor|ID_EX:ID_EX_REG|reg_N:PC_REG|dffg:\G_NBit_Reg:17:RegI                                                    ; dffg            ; work         ;
;          |dffg:\G_NBit_Reg:18:RegI|              ; 1 (1)               ; 1 (1)                     ; 0           ; 0            ; 0       ; 0         ; 0    ; 0            ; |RISCV_Processor|ID_EX:ID_EX_REG|reg_N:PC_REG|dffg:\G_NBit_Reg:18:RegI                                                    ; dffg            ; work         ;
;          |dffg:\G_NBit_Reg:19:RegI|              ; 1 (1)               ; 1 (1)                     ; 0           ; 0            ; 0       ; 0         ; 0    ; 0            ; |RISCV_Processor|ID_EX:ID_EX_REG|reg_N:PC_REG|dffg:\G_NBit_Reg:19:RegI                                                    ; dffg            ; work         ;
;          |dffg:\G_NBit_Reg:1:RegI|               ; 1 (1)               ; 1 (1)                     ; 0           ; 0            ; 0       ; 0         ; 0    ; 0            ; |RISCV_Processor|ID_EX:ID_EX_REG|reg_N:PC_REG|dffg:\G_NBit_Reg:1:RegI                                                     ; dffg            ; work         ;
;          |dffg:\G_NBit_Reg:20:RegI|              ; 1 (1)               ; 1 (1)                     ; 0           ; 0            ; 0       ; 0         ; 0    ; 0            ; |RISCV_Processor|ID_EX:ID_EX_REG|reg_N:PC_REG|dffg:\G_NBit_Reg:20:RegI                                                    ; dffg            ; work         ;
;          |dffg:\G_NBit_Reg:21:RegI|              ; 1 (1)               ; 1 (1)                     ; 0           ; 0            ; 0       ; 0         ; 0    ; 0            ; |RISCV_Processor|ID_EX:ID_EX_REG|reg_N:PC_REG|dffg:\G_NBit_Reg:21:RegI                                                    ; dffg            ; work         ;
;          |dffg:\G_NBit_Reg:22:RegI|              ; 1 (1)               ; 1 (1)                     ; 0           ; 0            ; 0       ; 0         ; 0    ; 0            ; |RISCV_Processor|ID_EX:ID_EX_REG|reg_N:PC_REG|dffg:\G_NBit_Reg:22:RegI                                                    ; dffg            ; work         ;
;          |dffg:\G_NBit_Reg:23:RegI|              ; 1 (1)               ; 1 (1)                     ; 0           ; 0            ; 0       ; 0         ; 0    ; 0            ; |RISCV_Processor|ID_EX:ID_EX_REG|reg_N:PC_REG|dffg:\G_NBit_Reg:23:RegI                                                    ; dffg            ; work         ;
;          |dffg:\G_NBit_Reg:24:RegI|              ; 1 (1)               ; 1 (1)                     ; 0           ; 0            ; 0       ; 0         ; 0    ; 0            ; |RISCV_Processor|ID_EX:ID_EX_REG|reg_N:PC_REG|dffg:\G_NBit_Reg:24:RegI                                                    ; dffg            ; work         ;
;          |dffg:\G_NBit_Reg:25:RegI|              ; 1 (1)               ; 1 (1)                     ; 0           ; 0            ; 0       ; 0         ; 0    ; 0            ; |RISCV_Processor|ID_EX:ID_EX_REG|reg_N:PC_REG|dffg:\G_NBit_Reg:25:RegI                                                    ; dffg            ; work         ;
;          |dffg:\G_NBit_Reg:26:RegI|              ; 1 (1)               ; 1 (1)                     ; 0           ; 0            ; 0       ; 0         ; 0    ; 0            ; |RISCV_Processor|ID_EX:ID_EX_REG|reg_N:PC_REG|dffg:\G_NBit_Reg:26:RegI                                                    ; dffg            ; work         ;
;          |dffg:\G_NBit_Reg:27:RegI|              ; 1 (1)               ; 1 (1)                     ; 0           ; 0            ; 0       ; 0         ; 0    ; 0            ; |RISCV_Processor|ID_EX:ID_EX_REG|reg_N:PC_REG|dffg:\G_NBit_Reg:27:RegI                                                    ; dffg            ; work         ;
;          |dffg:\G_NBit_Reg:28:RegI|              ; 1 (1)               ; 1 (1)                     ; 0           ; 0            ; 0       ; 0         ; 0    ; 0            ; |RISCV_Processor|ID_EX:ID_EX_REG|reg_N:PC_REG|dffg:\G_NBit_Reg:28:RegI                                                    ; dffg            ; work         ;
;          |dffg:\G_NBit_Reg:29:RegI|              ; 1 (1)               ; 1 (1)                     ; 0           ; 0            ; 0       ; 0         ; 0    ; 0            ; |RISCV_Processor|ID_EX:ID_EX_REG|reg_N:PC_REG|dffg:\G_NBit_Reg:29:RegI                                                    ; dffg            ; work         ;
;          |dffg:\G_NBit_Reg:2:RegI|               ; 1 (1)               ; 1 (1)                     ; 0           ; 0            ; 0       ; 0         ; 0    ; 0            ; |RISCV_Processor|ID_EX:ID_EX_REG|reg_N:PC_REG|dffg:\G_NBit_Reg:2:RegI                                                     ; dffg            ; work         ;
;          |dffg:\G_NBit_Reg:30:RegI|              ; 1 (1)               ; 1 (1)                     ; 0           ; 0            ; 0       ; 0         ; 0    ; 0            ; |RISCV_Processor|ID_EX:ID_EX_REG|reg_N:PC_REG|dffg:\G_NBit_Reg:30:RegI                                                    ; dffg            ; work         ;
;          |dffg:\G_NBit_Reg:31:RegI|              ; 1 (1)               ; 1 (1)                     ; 0           ; 0            ; 0       ; 0         ; 0    ; 0            ; |RISCV_Processor|ID_EX:ID_EX_REG|reg_N:PC_REG|dffg:\G_NBit_Reg:31:RegI                                                    ; dffg            ; work         ;
;          |dffg:\G_NBit_Reg:3:RegI|               ; 1 (1)               ; 1 (1)                     ; 0           ; 0            ; 0       ; 0         ; 0    ; 0            ; |RISCV_Processor|ID_EX:ID_EX_REG|reg_N:PC_REG|dffg:\G_NBit_Reg:3:RegI                                                     ; dffg            ; work         ;
;          |dffg:\G_NBit_Reg:4:RegI|               ; 1 (1)               ; 1 (1)                     ; 0           ; 0            ; 0       ; 0         ; 0    ; 0            ; |RISCV_Processor|ID_EX:ID_EX_REG|reg_N:PC_REG|dffg:\G_NBit_Reg:4:RegI                                                     ; dffg            ; work         ;
;          |dffg:\G_NBit_Reg:5:RegI|               ; 1 (1)               ; 1 (1)                     ; 0           ; 0            ; 0       ; 0         ; 0    ; 0            ; |RISCV_Processor|ID_EX:ID_EX_REG|reg_N:PC_REG|dffg:\G_NBit_Reg:5:RegI                                                     ; dffg            ; work         ;
;          |dffg:\G_NBit_Reg:6:RegI|               ; 1 (1)               ; 1 (1)                     ; 0           ; 0            ; 0       ; 0         ; 0    ; 0            ; |RISCV_Processor|ID_EX:ID_EX_REG|reg_N:PC_REG|dffg:\G_NBit_Reg:6:RegI                                                     ; dffg            ; work         ;
;          |dffg:\G_NBit_Reg:7:RegI|               ; 1 (1)               ; 1 (1)                     ; 0           ; 0            ; 0       ; 0         ; 0    ; 0            ; |RISCV_Processor|ID_EX:ID_EX_REG|reg_N:PC_REG|dffg:\G_NBit_Reg:7:RegI                                                     ; dffg            ; work         ;
;          |dffg:\G_NBit_Reg:8:RegI|               ; 1 (1)               ; 1 (1)                     ; 0           ; 0            ; 0       ; 0         ; 0    ; 0            ; |RISCV_Processor|ID_EX:ID_EX_REG|reg_N:PC_REG|dffg:\G_NBit_Reg:8:RegI                                                     ; dffg            ; work         ;
;          |dffg:\G_NBit_Reg:9:RegI|               ; 1 (1)               ; 1 (1)                     ; 0           ; 0            ; 0       ; 0         ; 0    ; 0            ; |RISCV_Processor|ID_EX:ID_EX_REG|reg_N:PC_REG|dffg:\G_NBit_Reg:9:RegI                                                     ; dffg            ; work         ;
;       |reg_N:RD_REG|                             ; 9 (0)               ; 5 (0)                     ; 0           ; 0            ; 0       ; 0         ; 0    ; 0            ; |RISCV_Processor|ID_EX:ID_EX_REG|reg_N:RD_REG                                                                             ; reg_N           ; work         ;
;          |dffg:\G_NBit_Reg:0:RegI|               ; 1 (1)               ; 1 (1)                     ; 0           ; 0            ; 0       ; 0         ; 0    ; 0            ; |RISCV_Processor|ID_EX:ID_EX_REG|reg_N:RD_REG|dffg:\G_NBit_Reg:0:RegI                                                     ; dffg            ; work         ;
;          |dffg:\G_NBit_Reg:1:RegI|               ; 2 (2)               ; 1 (1)                     ; 0           ; 0            ; 0       ; 0         ; 0    ; 0            ; |RISCV_Processor|ID_EX:ID_EX_REG|reg_N:RD_REG|dffg:\G_NBit_Reg:1:RegI                                                     ; dffg            ; work         ;
;          |dffg:\G_NBit_Reg:2:RegI|               ; 1 (1)               ; 1 (1)                     ; 0           ; 0            ; 0       ; 0         ; 0    ; 0            ; |RISCV_Processor|ID_EX:ID_EX_REG|reg_N:RD_REG|dffg:\G_NBit_Reg:2:RegI                                                     ; dffg            ; work         ;
;          |dffg:\G_NBit_Reg:3:RegI|               ; 1 (1)               ; 1 (1)                     ; 0           ; 0            ; 0       ; 0         ; 0    ; 0            ; |RISCV_Processor|ID_EX:ID_EX_REG|reg_N:RD_REG|dffg:\G_NBit_Reg:3:RegI                                                     ; dffg            ; work         ;
;          |dffg:\G_NBit_Reg:4:RegI|               ; 4 (4)               ; 1 (1)                     ; 0           ; 0            ; 0       ; 0         ; 0    ; 0            ; |RISCV_Processor|ID_EX:ID_EX_REG|reg_N:RD_REG|dffg:\G_NBit_Reg:4:RegI                                                     ; dffg            ; work         ;
;       |reg_N:RS1_DATA_REG|                       ; 679 (0)             ; 32 (0)                    ; 0           ; 0            ; 0       ; 0         ; 0    ; 0            ; |RISCV_Processor|ID_EX:ID_EX_REG|reg_N:RS1_DATA_REG                                                                       ; reg_N           ; work         ;
;          |dffg:\G_NBit_Reg:0:RegI|               ; 21 (21)             ; 1 (1)                     ; 0           ; 0            ; 0       ; 0         ; 0    ; 0            ; |RISCV_Processor|ID_EX:ID_EX_REG|reg_N:RS1_DATA_REG|dffg:\G_NBit_Reg:0:RegI                                               ; dffg            ; work         ;
;          |dffg:\G_NBit_Reg:10:RegI|              ; 21 (21)             ; 1 (1)                     ; 0           ; 0            ; 0       ; 0         ; 0    ; 0            ; |RISCV_Processor|ID_EX:ID_EX_REG|reg_N:RS1_DATA_REG|dffg:\G_NBit_Reg:10:RegI                                              ; dffg            ; work         ;
;          |dffg:\G_NBit_Reg:11:RegI|              ; 21 (21)             ; 1 (1)                     ; 0           ; 0            ; 0       ; 0         ; 0    ; 0            ; |RISCV_Processor|ID_EX:ID_EX_REG|reg_N:RS1_DATA_REG|dffg:\G_NBit_Reg:11:RegI                                              ; dffg            ; work         ;
;          |dffg:\G_NBit_Reg:12:RegI|              ; 21 (21)             ; 1 (1)                     ; 0           ; 0            ; 0       ; 0         ; 0    ; 0            ; |RISCV_Processor|ID_EX:ID_EX_REG|reg_N:RS1_DATA_REG|dffg:\G_NBit_Reg:12:RegI                                              ; dffg            ; work         ;
;          |dffg:\G_NBit_Reg:13:RegI|              ; 21 (21)             ; 1 (1)                     ; 0           ; 0            ; 0       ; 0         ; 0    ; 0            ; |RISCV_Processor|ID_EX:ID_EX_REG|reg_N:RS1_DATA_REG|dffg:\G_NBit_Reg:13:RegI                                              ; dffg            ; work         ;
;          |dffg:\G_NBit_Reg:14:RegI|              ; 21 (21)             ; 1 (1)                     ; 0           ; 0            ; 0       ; 0         ; 0    ; 0            ; |RISCV_Processor|ID_EX:ID_EX_REG|reg_N:RS1_DATA_REG|dffg:\G_NBit_Reg:14:RegI                                              ; dffg            ; work         ;
;          |dffg:\G_NBit_Reg:15:RegI|              ; 21 (21)             ; 1 (1)                     ; 0           ; 0            ; 0       ; 0         ; 0    ; 0            ; |RISCV_Processor|ID_EX:ID_EX_REG|reg_N:RS1_DATA_REG|dffg:\G_NBit_Reg:15:RegI                                              ; dffg            ; work         ;
;          |dffg:\G_NBit_Reg:16:RegI|              ; 21 (21)             ; 1 (1)                     ; 0           ; 0            ; 0       ; 0         ; 0    ; 0            ; |RISCV_Processor|ID_EX:ID_EX_REG|reg_N:RS1_DATA_REG|dffg:\G_NBit_Reg:16:RegI                                              ; dffg            ; work         ;
;          |dffg:\G_NBit_Reg:17:RegI|              ; 21 (21)             ; 1 (1)                     ; 0           ; 0            ; 0       ; 0         ; 0    ; 0            ; |RISCV_Processor|ID_EX:ID_EX_REG|reg_N:RS1_DATA_REG|dffg:\G_NBit_Reg:17:RegI                                              ; dffg            ; work         ;
;          |dffg:\G_NBit_Reg:18:RegI|              ; 28 (28)             ; 1 (1)                     ; 0           ; 0            ; 0       ; 0         ; 0    ; 0            ; |RISCV_Processor|ID_EX:ID_EX_REG|reg_N:RS1_DATA_REG|dffg:\G_NBit_Reg:18:RegI                                              ; dffg            ; work         ;
;          |dffg:\G_NBit_Reg:19:RegI|              ; 21 (21)             ; 1 (1)                     ; 0           ; 0            ; 0       ; 0         ; 0    ; 0            ; |RISCV_Processor|ID_EX:ID_EX_REG|reg_N:RS1_DATA_REG|dffg:\G_NBit_Reg:19:RegI                                              ; dffg            ; work         ;
;          |dffg:\G_NBit_Reg:1:RegI|               ; 21 (21)             ; 1 (1)                     ; 0           ; 0            ; 0       ; 0         ; 0    ; 0            ; |RISCV_Processor|ID_EX:ID_EX_REG|reg_N:RS1_DATA_REG|dffg:\G_NBit_Reg:1:RegI                                               ; dffg            ; work         ;
;          |dffg:\G_NBit_Reg:20:RegI|              ; 21 (21)             ; 1 (1)                     ; 0           ; 0            ; 0       ; 0         ; 0    ; 0            ; |RISCV_Processor|ID_EX:ID_EX_REG|reg_N:RS1_DATA_REG|dffg:\G_NBit_Reg:20:RegI                                              ; dffg            ; work         ;
;          |dffg:\G_NBit_Reg:21:RegI|              ; 21 (21)             ; 1 (1)                     ; 0           ; 0            ; 0       ; 0         ; 0    ; 0            ; |RISCV_Processor|ID_EX:ID_EX_REG|reg_N:RS1_DATA_REG|dffg:\G_NBit_Reg:21:RegI                                              ; dffg            ; work         ;
;          |dffg:\G_NBit_Reg:22:RegI|              ; 21 (21)             ; 1 (1)                     ; 0           ; 0            ; 0       ; 0         ; 0    ; 0            ; |RISCV_Processor|ID_EX:ID_EX_REG|reg_N:RS1_DATA_REG|dffg:\G_NBit_Reg:22:RegI                                              ; dffg            ; work         ;
;          |dffg:\G_NBit_Reg:23:RegI|              ; 21 (21)             ; 1 (1)                     ; 0           ; 0            ; 0       ; 0         ; 0    ; 0            ; |RISCV_Processor|ID_EX:ID_EX_REG|reg_N:RS1_DATA_REG|dffg:\G_NBit_Reg:23:RegI                                              ; dffg            ; work         ;
;          |dffg:\G_NBit_Reg:24:RegI|              ; 21 (21)             ; 1 (1)                     ; 0           ; 0            ; 0       ; 0         ; 0    ; 0            ; |RISCV_Processor|ID_EX:ID_EX_REG|reg_N:RS1_DATA_REG|dffg:\G_NBit_Reg:24:RegI                                              ; dffg            ; work         ;
;          |dffg:\G_NBit_Reg:25:RegI|              ; 21 (21)             ; 1 (1)                     ; 0           ; 0            ; 0       ; 0         ; 0    ; 0            ; |RISCV_Processor|ID_EX:ID_EX_REG|reg_N:RS1_DATA_REG|dffg:\G_NBit_Reg:25:RegI                                              ; dffg            ; work         ;
;          |dffg:\G_NBit_Reg:26:RegI|              ; 21 (21)             ; 1 (1)                     ; 0           ; 0            ; 0       ; 0         ; 0    ; 0            ; |RISCV_Processor|ID_EX:ID_EX_REG|reg_N:RS1_DATA_REG|dffg:\G_NBit_Reg:26:RegI                                              ; dffg            ; work         ;
;          |dffg:\G_NBit_Reg:27:RegI|              ; 21 (21)             ; 1 (1)                     ; 0           ; 0            ; 0       ; 0         ; 0    ; 0            ; |RISCV_Processor|ID_EX:ID_EX_REG|reg_N:RS1_DATA_REG|dffg:\G_NBit_Reg:27:RegI                                              ; dffg            ; work         ;
;          |dffg:\G_NBit_Reg:28:RegI|              ; 21 (21)             ; 1 (1)                     ; 0           ; 0            ; 0       ; 0         ; 0    ; 0            ; |RISCV_Processor|ID_EX:ID_EX_REG|reg_N:RS1_DATA_REG|dffg:\G_NBit_Reg:28:RegI                                              ; dffg            ; work         ;
;          |dffg:\G_NBit_Reg:29:RegI|              ; 21 (21)             ; 1 (1)                     ; 0           ; 0            ; 0       ; 0         ; 0    ; 0            ; |RISCV_Processor|ID_EX:ID_EX_REG|reg_N:RS1_DATA_REG|dffg:\G_NBit_Reg:29:RegI                                              ; dffg            ; work         ;
;          |dffg:\G_NBit_Reg:2:RegI|               ; 21 (21)             ; 1 (1)                     ; 0           ; 0            ; 0       ; 0         ; 0    ; 0            ; |RISCV_Processor|ID_EX:ID_EX_REG|reg_N:RS1_DATA_REG|dffg:\G_NBit_Reg:2:RegI                                               ; dffg            ; work         ;
;          |dffg:\G_NBit_Reg:30:RegI|              ; 21 (21)             ; 1 (1)                     ; 0           ; 0            ; 0       ; 0         ; 0    ; 0            ; |RISCV_Processor|ID_EX:ID_EX_REG|reg_N:RS1_DATA_REG|dffg:\G_NBit_Reg:30:RegI                                              ; dffg            ; work         ;
;          |dffg:\G_NBit_Reg:31:RegI|              ; 21 (21)             ; 1 (1)                     ; 0           ; 0            ; 0       ; 0         ; 0    ; 0            ; |RISCV_Processor|ID_EX:ID_EX_REG|reg_N:RS1_DATA_REG|dffg:\G_NBit_Reg:31:RegI                                              ; dffg            ; work         ;
;          |dffg:\G_NBit_Reg:3:RegI|               ; 21 (21)             ; 1 (1)                     ; 0           ; 0            ; 0       ; 0         ; 0    ; 0            ; |RISCV_Processor|ID_EX:ID_EX_REG|reg_N:RS1_DATA_REG|dffg:\G_NBit_Reg:3:RegI                                               ; dffg            ; work         ;
;          |dffg:\G_NBit_Reg:4:RegI|               ; 21 (21)             ; 1 (1)                     ; 0           ; 0            ; 0       ; 0         ; 0    ; 0            ; |RISCV_Processor|ID_EX:ID_EX_REG|reg_N:RS1_DATA_REG|dffg:\G_NBit_Reg:4:RegI                                               ; dffg            ; work         ;
;          |dffg:\G_NBit_Reg:5:RegI|               ; 21 (21)             ; 1 (1)                     ; 0           ; 0            ; 0       ; 0         ; 0    ; 0            ; |RISCV_Processor|ID_EX:ID_EX_REG|reg_N:RS1_DATA_REG|dffg:\G_NBit_Reg:5:RegI                                               ; dffg            ; work         ;
;          |dffg:\G_NBit_Reg:6:RegI|               ; 21 (21)             ; 1 (1)                     ; 0           ; 0            ; 0       ; 0         ; 0    ; 0            ; |RISCV_Processor|ID_EX:ID_EX_REG|reg_N:RS1_DATA_REG|dffg:\G_NBit_Reg:6:RegI                                               ; dffg            ; work         ;
;          |dffg:\G_NBit_Reg:7:RegI|               ; 21 (21)             ; 1 (1)                     ; 0           ; 0            ; 0       ; 0         ; 0    ; 0            ; |RISCV_Processor|ID_EX:ID_EX_REG|reg_N:RS1_DATA_REG|dffg:\G_NBit_Reg:7:RegI                                               ; dffg            ; work         ;
;          |dffg:\G_NBit_Reg:8:RegI|               ; 21 (21)             ; 1 (1)                     ; 0           ; 0            ; 0       ; 0         ; 0    ; 0            ; |RISCV_Processor|ID_EX:ID_EX_REG|reg_N:RS1_DATA_REG|dffg:\G_NBit_Reg:8:RegI                                               ; dffg            ; work         ;
;          |dffg:\G_NBit_Reg:9:RegI|               ; 21 (21)             ; 1 (1)                     ; 0           ; 0            ; 0       ; 0         ; 0    ; 0            ; |RISCV_Processor|ID_EX:ID_EX_REG|reg_N:RS1_DATA_REG|dffg:\G_NBit_Reg:9:RegI                                               ; dffg            ; work         ;
;       |reg_N:RS1_REG|                            ; 9 (0)               ; 5 (0)                     ; 0           ; 0            ; 0       ; 0         ; 0    ; 0            ; |RISCV_Processor|ID_EX:ID_EX_REG|reg_N:RS1_REG                                                                            ; reg_N           ; work         ;
;          |dffg:\G_NBit_Reg:0:RegI|               ; 1 (1)               ; 1 (1)                     ; 0           ; 0            ; 0       ; 0         ; 0    ; 0            ; |RISCV_Processor|ID_EX:ID_EX_REG|reg_N:RS1_REG|dffg:\G_NBit_Reg:0:RegI                                                    ; dffg            ; work         ;
;          |dffg:\G_NBit_Reg:1:RegI|               ; 2 (2)               ; 1 (1)                     ; 0           ; 0            ; 0       ; 0         ; 0    ; 0            ; |RISCV_Processor|ID_EX:ID_EX_REG|reg_N:RS1_REG|dffg:\G_NBit_Reg:1:RegI                                                    ; dffg            ; work         ;
;          |dffg:\G_NBit_Reg:2:RegI|               ; 2 (2)               ; 1 (1)                     ; 0           ; 0            ; 0       ; 0         ; 0    ; 0            ; |RISCV_Processor|ID_EX:ID_EX_REG|reg_N:RS1_REG|dffg:\G_NBit_Reg:2:RegI                                                    ; dffg            ; work         ;
;          |dffg:\G_NBit_Reg:3:RegI|               ; 2 (2)               ; 1 (1)                     ; 0           ; 0            ; 0       ; 0         ; 0    ; 0            ; |RISCV_Processor|ID_EX:ID_EX_REG|reg_N:RS1_REG|dffg:\G_NBit_Reg:3:RegI                                                    ; dffg            ; work         ;
;          |dffg:\G_NBit_Reg:4:RegI|               ; 2 (2)               ; 1 (1)                     ; 0           ; 0            ; 0       ; 0         ; 0    ; 0            ; |RISCV_Processor|ID_EX:ID_EX_REG|reg_N:RS1_REG|dffg:\G_NBit_Reg:4:RegI                                                    ; dffg            ; work         ;
;       |reg_N:RS2_DATA_REG|                       ; 713 (0)             ; 32 (0)                    ; 0           ; 0            ; 0       ; 0         ; 0    ; 0            ; |RISCV_Processor|ID_EX:ID_EX_REG|reg_N:RS2_DATA_REG                                                                       ; reg_N           ; work         ;
;          |dffg:\G_NBit_Reg:0:RegI|               ; 22 (22)             ; 1 (1)                     ; 0           ; 0            ; 0       ; 0         ; 0    ; 0            ; |RISCV_Processor|ID_EX:ID_EX_REG|reg_N:RS2_DATA_REG|dffg:\G_NBit_Reg:0:RegI                                               ; dffg            ; work         ;
;          |dffg:\G_NBit_Reg:10:RegI|              ; 22 (22)             ; 1 (1)                     ; 0           ; 0            ; 0       ; 0         ; 0    ; 0            ; |RISCV_Processor|ID_EX:ID_EX_REG|reg_N:RS2_DATA_REG|dffg:\G_NBit_Reg:10:RegI                                              ; dffg            ; work         ;
;          |dffg:\G_NBit_Reg:11:RegI|              ; 22 (22)             ; 1 (1)                     ; 0           ; 0            ; 0       ; 0         ; 0    ; 0            ; |RISCV_Processor|ID_EX:ID_EX_REG|reg_N:RS2_DATA_REG|dffg:\G_NBit_Reg:11:RegI                                              ; dffg            ; work         ;
;          |dffg:\G_NBit_Reg:12:RegI|              ; 22 (22)             ; 1 (1)                     ; 0           ; 0            ; 0       ; 0         ; 0    ; 0            ; |RISCV_Processor|ID_EX:ID_EX_REG|reg_N:RS2_DATA_REG|dffg:\G_NBit_Reg:12:RegI                                              ; dffg            ; work         ;
;          |dffg:\G_NBit_Reg:13:RegI|              ; 22 (22)             ; 1 (1)                     ; 0           ; 0            ; 0       ; 0         ; 0    ; 0            ; |RISCV_Processor|ID_EX:ID_EX_REG|reg_N:RS2_DATA_REG|dffg:\G_NBit_Reg:13:RegI                                              ; dffg            ; work         ;
;          |dffg:\G_NBit_Reg:14:RegI|              ; 22 (22)             ; 1 (1)                     ; 0           ; 0            ; 0       ; 0         ; 0    ; 0            ; |RISCV_Processor|ID_EX:ID_EX_REG|reg_N:RS2_DATA_REG|dffg:\G_NBit_Reg:14:RegI                                              ; dffg            ; work         ;
;          |dffg:\G_NBit_Reg:15:RegI|              ; 22 (22)             ; 1 (1)                     ; 0           ; 0            ; 0       ; 0         ; 0    ; 0            ; |RISCV_Processor|ID_EX:ID_EX_REG|reg_N:RS2_DATA_REG|dffg:\G_NBit_Reg:15:RegI                                              ; dffg            ; work         ;
;          |dffg:\G_NBit_Reg:16:RegI|              ; 22 (22)             ; 1 (1)                     ; 0           ; 0            ; 0       ; 0         ; 0    ; 0            ; |RISCV_Processor|ID_EX:ID_EX_REG|reg_N:RS2_DATA_REG|dffg:\G_NBit_Reg:16:RegI                                              ; dffg            ; work         ;
;          |dffg:\G_NBit_Reg:17:RegI|              ; 22 (22)             ; 1 (1)                     ; 0           ; 0            ; 0       ; 0         ; 0    ; 0            ; |RISCV_Processor|ID_EX:ID_EX_REG|reg_N:RS2_DATA_REG|dffg:\G_NBit_Reg:17:RegI                                              ; dffg            ; work         ;
;          |dffg:\G_NBit_Reg:18:RegI|              ; 22 (22)             ; 1 (1)                     ; 0           ; 0            ; 0       ; 0         ; 0    ; 0            ; |RISCV_Processor|ID_EX:ID_EX_REG|reg_N:RS2_DATA_REG|dffg:\G_NBit_Reg:18:RegI                                              ; dffg            ; work         ;
;          |dffg:\G_NBit_Reg:19:RegI|              ; 22 (22)             ; 1 (1)                     ; 0           ; 0            ; 0       ; 0         ; 0    ; 0            ; |RISCV_Processor|ID_EX:ID_EX_REG|reg_N:RS2_DATA_REG|dffg:\G_NBit_Reg:19:RegI                                              ; dffg            ; work         ;
;          |dffg:\G_NBit_Reg:1:RegI|               ; 22 (22)             ; 1 (1)                     ; 0           ; 0            ; 0       ; 0         ; 0    ; 0            ; |RISCV_Processor|ID_EX:ID_EX_REG|reg_N:RS2_DATA_REG|dffg:\G_NBit_Reg:1:RegI                                               ; dffg            ; work         ;
;          |dffg:\G_NBit_Reg:20:RegI|              ; 22 (22)             ; 1 (1)                     ; 0           ; 0            ; 0       ; 0         ; 0    ; 0            ; |RISCV_Processor|ID_EX:ID_EX_REG|reg_N:RS2_DATA_REG|dffg:\G_NBit_Reg:20:RegI                                              ; dffg            ; work         ;
;          |dffg:\G_NBit_Reg:21:RegI|              ; 22 (22)             ; 1 (1)                     ; 0           ; 0            ; 0       ; 0         ; 0    ; 0            ; |RISCV_Processor|ID_EX:ID_EX_REG|reg_N:RS2_DATA_REG|dffg:\G_NBit_Reg:21:RegI                                              ; dffg            ; work         ;
;          |dffg:\G_NBit_Reg:22:RegI|              ; 22 (22)             ; 1 (1)                     ; 0           ; 0            ; 0       ; 0         ; 0    ; 0            ; |RISCV_Processor|ID_EX:ID_EX_REG|reg_N:RS2_DATA_REG|dffg:\G_NBit_Reg:22:RegI                                              ; dffg            ; work         ;
;          |dffg:\G_NBit_Reg:23:RegI|              ; 22 (22)             ; 1 (1)                     ; 0           ; 0            ; 0       ; 0         ; 0    ; 0            ; |RISCV_Processor|ID_EX:ID_EX_REG|reg_N:RS2_DATA_REG|dffg:\G_NBit_Reg:23:RegI                                              ; dffg            ; work         ;
;          |dffg:\G_NBit_Reg:24:RegI|              ; 22 (22)             ; 1 (1)                     ; 0           ; 0            ; 0       ; 0         ; 0    ; 0            ; |RISCV_Processor|ID_EX:ID_EX_REG|reg_N:RS2_DATA_REG|dffg:\G_NBit_Reg:24:RegI                                              ; dffg            ; work         ;
;          |dffg:\G_NBit_Reg:25:RegI|              ; 31 (31)             ; 1 (1)                     ; 0           ; 0            ; 0       ; 0         ; 0    ; 0            ; |RISCV_Processor|ID_EX:ID_EX_REG|reg_N:RS2_DATA_REG|dffg:\G_NBit_Reg:25:RegI                                              ; dffg            ; work         ;
;          |dffg:\G_NBit_Reg:26:RegI|              ; 22 (22)             ; 1 (1)                     ; 0           ; 0            ; 0       ; 0         ; 0    ; 0            ; |RISCV_Processor|ID_EX:ID_EX_REG|reg_N:RS2_DATA_REG|dffg:\G_NBit_Reg:26:RegI                                              ; dffg            ; work         ;
;          |dffg:\G_NBit_Reg:27:RegI|              ; 22 (22)             ; 1 (1)                     ; 0           ; 0            ; 0       ; 0         ; 0    ; 0            ; |RISCV_Processor|ID_EX:ID_EX_REG|reg_N:RS2_DATA_REG|dffg:\G_NBit_Reg:27:RegI                                              ; dffg            ; work         ;
;          |dffg:\G_NBit_Reg:28:RegI|              ; 22 (22)             ; 1 (1)                     ; 0           ; 0            ; 0       ; 0         ; 0    ; 0            ; |RISCV_Processor|ID_EX:ID_EX_REG|reg_N:RS2_DATA_REG|dffg:\G_NBit_Reg:28:RegI                                              ; dffg            ; work         ;
;          |dffg:\G_NBit_Reg:29:RegI|              ; 22 (22)             ; 1 (1)                     ; 0           ; 0            ; 0       ; 0         ; 0    ; 0            ; |RISCV_Processor|ID_EX:ID_EX_REG|reg_N:RS2_DATA_REG|dffg:\G_NBit_Reg:29:RegI                                              ; dffg            ; work         ;
;          |dffg:\G_NBit_Reg:2:RegI|               ; 22 (22)             ; 1 (1)                     ; 0           ; 0            ; 0       ; 0         ; 0    ; 0            ; |RISCV_Processor|ID_EX:ID_EX_REG|reg_N:RS2_DATA_REG|dffg:\G_NBit_Reg:2:RegI                                               ; dffg            ; work         ;
;          |dffg:\G_NBit_Reg:30:RegI|              ; 22 (22)             ; 1 (1)                     ; 0           ; 0            ; 0       ; 0         ; 0    ; 0            ; |RISCV_Processor|ID_EX:ID_EX_REG|reg_N:RS2_DATA_REG|dffg:\G_NBit_Reg:30:RegI                                              ; dffg            ; work         ;
;          |dffg:\G_NBit_Reg:31:RegI|              ; 22 (22)             ; 1 (1)                     ; 0           ; 0            ; 0       ; 0         ; 0    ; 0            ; |RISCV_Processor|ID_EX:ID_EX_REG|reg_N:RS2_DATA_REG|dffg:\G_NBit_Reg:31:RegI                                              ; dffg            ; work         ;
;          |dffg:\G_NBit_Reg:3:RegI|               ; 22 (22)             ; 1 (1)                     ; 0           ; 0            ; 0       ; 0         ; 0    ; 0            ; |RISCV_Processor|ID_EX:ID_EX_REG|reg_N:RS2_DATA_REG|dffg:\G_NBit_Reg:3:RegI                                               ; dffg            ; work         ;
;          |dffg:\G_NBit_Reg:4:RegI|               ; 22 (22)             ; 1 (1)                     ; 0           ; 0            ; 0       ; 0         ; 0    ; 0            ; |RISCV_Processor|ID_EX:ID_EX_REG|reg_N:RS2_DATA_REG|dffg:\G_NBit_Reg:4:RegI                                               ; dffg            ; work         ;
;          |dffg:\G_NBit_Reg:5:RegI|               ; 22 (22)             ; 1 (1)                     ; 0           ; 0            ; 0       ; 0         ; 0    ; 0            ; |RISCV_Processor|ID_EX:ID_EX_REG|reg_N:RS2_DATA_REG|dffg:\G_NBit_Reg:5:RegI                                               ; dffg            ; work         ;
;          |dffg:\G_NBit_Reg:6:RegI|               ; 22 (22)             ; 1 (1)                     ; 0           ; 0            ; 0       ; 0         ; 0    ; 0            ; |RISCV_Processor|ID_EX:ID_EX_REG|reg_N:RS2_DATA_REG|dffg:\G_NBit_Reg:6:RegI                                               ; dffg            ; work         ;
;          |dffg:\G_NBit_Reg:7:RegI|               ; 22 (22)             ; 1 (1)                     ; 0           ; 0            ; 0       ; 0         ; 0    ; 0            ; |RISCV_Processor|ID_EX:ID_EX_REG|reg_N:RS2_DATA_REG|dffg:\G_NBit_Reg:7:RegI                                               ; dffg            ; work         ;
;          |dffg:\G_NBit_Reg:8:RegI|               ; 22 (22)             ; 1 (1)                     ; 0           ; 0            ; 0       ; 0         ; 0    ; 0            ; |RISCV_Processor|ID_EX:ID_EX_REG|reg_N:RS2_DATA_REG|dffg:\G_NBit_Reg:8:RegI                                               ; dffg            ; work         ;
;          |dffg:\G_NBit_Reg:9:RegI|               ; 22 (22)             ; 1 (1)                     ; 0           ; 0            ; 0       ; 0         ; 0    ; 0            ; |RISCV_Processor|ID_EX:ID_EX_REG|reg_N:RS2_DATA_REG|dffg:\G_NBit_Reg:9:RegI                                               ; dffg            ; work         ;
;       |reg_N:RS2_REG|                            ; 10 (0)              ; 5 (0)                     ; 0           ; 0            ; 0       ; 0         ; 0    ; 0            ; |RISCV_Processor|ID_EX:ID_EX_REG|reg_N:RS2_REG                                                                            ; reg_N           ; work         ;
;          |dffg:\G_NBit_Reg:0:RegI|               ; 1 (1)               ; 1 (1)                     ; 0           ; 0            ; 0       ; 0         ; 0    ; 0            ; |RISCV_Processor|ID_EX:ID_EX_REG|reg_N:RS2_REG|dffg:\G_NBit_Reg:0:RegI                                                    ; dffg            ; work         ;
;          |dffg:\G_NBit_Reg:1:RegI|               ; 2 (2)               ; 1 (1)                     ; 0           ; 0            ; 0       ; 0         ; 0    ; 0            ; |RISCV_Processor|ID_EX:ID_EX_REG|reg_N:RS2_REG|dffg:\G_NBit_Reg:1:RegI                                                    ; dffg            ; work         ;
;          |dffg:\G_NBit_Reg:2:RegI|               ; 2 (2)               ; 1 (1)                     ; 0           ; 0            ; 0       ; 0         ; 0    ; 0            ; |RISCV_Processor|ID_EX:ID_EX_REG|reg_N:RS2_REG|dffg:\G_NBit_Reg:2:RegI                                                    ; dffg            ; work         ;
;          |dffg:\G_NBit_Reg:3:RegI|               ; 2 (2)               ; 1 (1)                     ; 0           ; 0            ; 0       ; 0         ; 0    ; 0            ; |RISCV_Processor|ID_EX:ID_EX_REG|reg_N:RS2_REG|dffg:\G_NBit_Reg:3:RegI                                                    ; dffg            ; work         ;
;          |dffg:\G_NBit_Reg:4:RegI|               ; 3 (3)               ; 1 (1)                     ; 0           ; 0            ; 0       ; 0         ; 0    ; 0            ; |RISCV_Processor|ID_EX:ID_EX_REG|reg_N:RS2_REG|dffg:\G_NBit_Reg:4:RegI                                                    ; dffg            ; work         ;
;    |IF_ID:IF_ID_REG|                             ; 68 (0)              ; 64 (0)                    ; 0           ; 0            ; 0       ; 0         ; 0    ; 0            ; |RISCV_Processor|IF_ID:IF_ID_REG                                                                                          ; IF_ID           ; work         ;
;       |reg_N:INST_REG|                           ; 35 (0)              ; 32 (0)                    ; 0           ; 0            ; 0       ; 0         ; 0    ; 0            ; |RISCV_Processor|IF_ID:IF_ID_REG|reg_N:INST_REG                                                                           ; reg_N           ; work         ;
;          |dffg:\G_NBit_Reg:0:RegI|               ; 1 (1)               ; 1 (1)                     ; 0           ; 0            ; 0       ; 0         ; 0    ; 0            ; |RISCV_Processor|IF_ID:IF_ID_REG|reg_N:INST_REG|dffg:\G_NBit_Reg:0:RegI                                                   ; dffg            ; work         ;
;          |dffg:\G_NBit_Reg:10:RegI|              ; 1 (1)               ; 1 (1)                     ; 0           ; 0            ; 0       ; 0         ; 0    ; 0            ; |RISCV_Processor|IF_ID:IF_ID_REG|reg_N:INST_REG|dffg:\G_NBit_Reg:10:RegI                                                  ; dffg            ; work         ;
;          |dffg:\G_NBit_Reg:11:RegI|              ; 1 (1)               ; 1 (1)                     ; 0           ; 0            ; 0       ; 0         ; 0    ; 0            ; |RISCV_Processor|IF_ID:IF_ID_REG|reg_N:INST_REG|dffg:\G_NBit_Reg:11:RegI                                                  ; dffg            ; work         ;
;          |dffg:\G_NBit_Reg:12:RegI|              ; 1 (1)               ; 1 (1)                     ; 0           ; 0            ; 0       ; 0         ; 0    ; 0            ; |RISCV_Processor|IF_ID:IF_ID_REG|reg_N:INST_REG|dffg:\G_NBit_Reg:12:RegI                                                  ; dffg            ; work         ;
;          |dffg:\G_NBit_Reg:13:RegI|              ; 1 (1)               ; 1 (1)                     ; 0           ; 0            ; 0       ; 0         ; 0    ; 0            ; |RISCV_Processor|IF_ID:IF_ID_REG|reg_N:INST_REG|dffg:\G_NBit_Reg:13:RegI                                                  ; dffg            ; work         ;
;          |dffg:\G_NBit_Reg:14:RegI|              ; 1 (1)               ; 1 (1)                     ; 0           ; 0            ; 0       ; 0         ; 0    ; 0            ; |RISCV_Processor|IF_ID:IF_ID_REG|reg_N:INST_REG|dffg:\G_NBit_Reg:14:RegI                                                  ; dffg            ; work         ;
;          |dffg:\G_NBit_Reg:15:RegI|              ; 1 (1)               ; 1 (1)                     ; 0           ; 0            ; 0       ; 0         ; 0    ; 0            ; |RISCV_Processor|IF_ID:IF_ID_REG|reg_N:INST_REG|dffg:\G_NBit_Reg:15:RegI                                                  ; dffg            ; work         ;
;          |dffg:\G_NBit_Reg:16:RegI|              ; 1 (1)               ; 1 (1)                     ; 0           ; 0            ; 0       ; 0         ; 0    ; 0            ; |RISCV_Processor|IF_ID:IF_ID_REG|reg_N:INST_REG|dffg:\G_NBit_Reg:16:RegI                                                  ; dffg            ; work         ;
;          |dffg:\G_NBit_Reg:17:RegI|              ; 1 (1)               ; 1 (1)                     ; 0           ; 0            ; 0       ; 0         ; 0    ; 0            ; |RISCV_Processor|IF_ID:IF_ID_REG|reg_N:INST_REG|dffg:\G_NBit_Reg:17:RegI                                                  ; dffg            ; work         ;
;          |dffg:\G_NBit_Reg:18:RegI|              ; 1 (1)               ; 1 (1)                     ; 0           ; 0            ; 0       ; 0         ; 0    ; 0            ; |RISCV_Processor|IF_ID:IF_ID_REG|reg_N:INST_REG|dffg:\G_NBit_Reg:18:RegI                                                  ; dffg            ; work         ;
;          |dffg:\G_NBit_Reg:19:RegI|              ; 1 (1)               ; 1 (1)                     ; 0           ; 0            ; 0       ; 0         ; 0    ; 0            ; |RISCV_Processor|IF_ID:IF_ID_REG|reg_N:INST_REG|dffg:\G_NBit_Reg:19:RegI                                                  ; dffg            ; work         ;
;          |dffg:\G_NBit_Reg:1:RegI|               ; 1 (1)               ; 1 (1)                     ; 0           ; 0            ; 0       ; 0         ; 0    ; 0            ; |RISCV_Processor|IF_ID:IF_ID_REG|reg_N:INST_REG|dffg:\G_NBit_Reg:1:RegI                                                   ; dffg            ; work         ;
;          |dffg:\G_NBit_Reg:20:RegI|              ; 2 (2)               ; 1 (1)                     ; 0           ; 0            ; 0       ; 0         ; 0    ; 0            ; |RISCV_Processor|IF_ID:IF_ID_REG|reg_N:INST_REG|dffg:\G_NBit_Reg:20:RegI                                                  ; dffg            ; work         ;
;          |dffg:\G_NBit_Reg:21:RegI|              ; 1 (1)               ; 1 (1)                     ; 0           ; 0            ; 0       ; 0         ; 0    ; 0            ; |RISCV_Processor|IF_ID:IF_ID_REG|reg_N:INST_REG|dffg:\G_NBit_Reg:21:RegI                                                  ; dffg            ; work         ;
;          |dffg:\G_NBit_Reg:22:RegI|              ; 1 (1)               ; 1 (1)                     ; 0           ; 0            ; 0       ; 0         ; 0    ; 0            ; |RISCV_Processor|IF_ID:IF_ID_REG|reg_N:INST_REG|dffg:\G_NBit_Reg:22:RegI                                                  ; dffg            ; work         ;
;          |dffg:\G_NBit_Reg:23:RegI|              ; 1 (1)               ; 1 (1)                     ; 0           ; 0            ; 0       ; 0         ; 0    ; 0            ; |RISCV_Processor|IF_ID:IF_ID_REG|reg_N:INST_REG|dffg:\G_NBit_Reg:23:RegI                                                  ; dffg            ; work         ;
;          |dffg:\G_NBit_Reg:24:RegI|              ; 1 (1)               ; 1 (1)                     ; 0           ; 0            ; 0       ; 0         ; 0    ; 0            ; |RISCV_Processor|IF_ID:IF_ID_REG|reg_N:INST_REG|dffg:\G_NBit_Reg:24:RegI                                                  ; dffg            ; work         ;
;          |dffg:\G_NBit_Reg:25:RegI|              ; 3 (3)               ; 1 (1)                     ; 0           ; 0            ; 0       ; 0         ; 0    ; 0            ; |RISCV_Processor|IF_ID:IF_ID_REG|reg_N:INST_REG|dffg:\G_NBit_Reg:25:RegI                                                  ; dffg            ; work         ;
;          |dffg:\G_NBit_Reg:26:RegI|              ; 1 (1)               ; 1 (1)                     ; 0           ; 0            ; 0       ; 0         ; 0    ; 0            ; |RISCV_Processor|IF_ID:IF_ID_REG|reg_N:INST_REG|dffg:\G_NBit_Reg:26:RegI                                                  ; dffg            ; work         ;
;          |dffg:\G_NBit_Reg:27:RegI|              ; 1 (1)               ; 1 (1)                     ; 0           ; 0            ; 0       ; 0         ; 0    ; 0            ; |RISCV_Processor|IF_ID:IF_ID_REG|reg_N:INST_REG|dffg:\G_NBit_Reg:27:RegI                                                  ; dffg            ; work         ;
;          |dffg:\G_NBit_Reg:28:RegI|              ; 1 (1)               ; 1 (1)                     ; 0           ; 0            ; 0       ; 0         ; 0    ; 0            ; |RISCV_Processor|IF_ID:IF_ID_REG|reg_N:INST_REG|dffg:\G_NBit_Reg:28:RegI                                                  ; dffg            ; work         ;
;          |dffg:\G_NBit_Reg:29:RegI|              ; 1 (1)               ; 1 (1)                     ; 0           ; 0            ; 0       ; 0         ; 0    ; 0            ; |RISCV_Processor|IF_ID:IF_ID_REG|reg_N:INST_REG|dffg:\G_NBit_Reg:29:RegI                                                  ; dffg            ; work         ;
;          |dffg:\G_NBit_Reg:2:RegI|               ; 1 (1)               ; 1 (1)                     ; 0           ; 0            ; 0       ; 0         ; 0    ; 0            ; |RISCV_Processor|IF_ID:IF_ID_REG|reg_N:INST_REG|dffg:\G_NBit_Reg:2:RegI                                                   ; dffg            ; work         ;
;          |dffg:\G_NBit_Reg:30:RegI|              ; 1 (1)               ; 1 (1)                     ; 0           ; 0            ; 0       ; 0         ; 0    ; 0            ; |RISCV_Processor|IF_ID:IF_ID_REG|reg_N:INST_REG|dffg:\G_NBit_Reg:30:RegI                                                  ; dffg            ; work         ;
;          |dffg:\G_NBit_Reg:31:RegI|              ; 1 (1)               ; 1 (1)                     ; 0           ; 0            ; 0       ; 0         ; 0    ; 0            ; |RISCV_Processor|IF_ID:IF_ID_REG|reg_N:INST_REG|dffg:\G_NBit_Reg:31:RegI                                                  ; dffg            ; work         ;
;          |dffg:\G_NBit_Reg:3:RegI|               ; 1 (1)               ; 1 (1)                     ; 0           ; 0            ; 0       ; 0         ; 0    ; 0            ; |RISCV_Processor|IF_ID:IF_ID_REG|reg_N:INST_REG|dffg:\G_NBit_Reg:3:RegI                                                   ; dffg            ; work         ;
;          |dffg:\G_NBit_Reg:4:RegI|               ; 1 (1)               ; 1 (1)                     ; 0           ; 0            ; 0       ; 0         ; 0    ; 0            ; |RISCV_Processor|IF_ID:IF_ID_REG|reg_N:INST_REG|dffg:\G_NBit_Reg:4:RegI                                                   ; dffg            ; work         ;
;          |dffg:\G_NBit_Reg:5:RegI|               ; 1 (1)               ; 1 (1)                     ; 0           ; 0            ; 0       ; 0         ; 0    ; 0            ; |RISCV_Processor|IF_ID:IF_ID_REG|reg_N:INST_REG|dffg:\G_NBit_Reg:5:RegI                                                   ; dffg            ; work         ;
;          |dffg:\G_NBit_Reg:6:RegI|               ; 1 (1)               ; 1 (1)                     ; 0           ; 0            ; 0       ; 0         ; 0    ; 0            ; |RISCV_Processor|IF_ID:IF_ID_REG|reg_N:INST_REG|dffg:\G_NBit_Reg:6:RegI                                                   ; dffg            ; work         ;
;          |dffg:\G_NBit_Reg:7:RegI|               ; 1 (1)               ; 1 (1)                     ; 0           ; 0            ; 0       ; 0         ; 0    ; 0            ; |RISCV_Processor|IF_ID:IF_ID_REG|reg_N:INST_REG|dffg:\G_NBit_Reg:7:RegI                                                   ; dffg            ; work         ;
;          |dffg:\G_NBit_Reg:8:RegI|               ; 1 (1)               ; 1 (1)                     ; 0           ; 0            ; 0       ; 0         ; 0    ; 0            ; |RISCV_Processor|IF_ID:IF_ID_REG|reg_N:INST_REG|dffg:\G_NBit_Reg:8:RegI                                                   ; dffg            ; work         ;
;          |dffg:\G_NBit_Reg:9:RegI|               ; 1 (1)               ; 1 (1)                     ; 0           ; 0            ; 0       ; 0         ; 0    ; 0            ; |RISCV_Processor|IF_ID:IF_ID_REG|reg_N:INST_REG|dffg:\G_NBit_Reg:9:RegI                                                   ; dffg            ; work         ;
;       |reg_N:PC_REG|                             ; 33 (0)              ; 32 (0)                    ; 0           ; 0            ; 0       ; 0         ; 0    ; 0            ; |RISCV_Processor|IF_ID:IF_ID_REG|reg_N:PC_REG                                                                             ; reg_N           ; work         ;
;          |dffg:\G_NBit_Reg:0:RegI|               ; 1 (1)               ; 1 (1)                     ; 0           ; 0            ; 0       ; 0         ; 0    ; 0            ; |RISCV_Processor|IF_ID:IF_ID_REG|reg_N:PC_REG|dffg:\G_NBit_Reg:0:RegI                                                     ; dffg            ; work         ;
;          |dffg:\G_NBit_Reg:10:RegI|              ; 1 (1)               ; 1 (1)                     ; 0           ; 0            ; 0       ; 0         ; 0    ; 0            ; |RISCV_Processor|IF_ID:IF_ID_REG|reg_N:PC_REG|dffg:\G_NBit_Reg:10:RegI                                                    ; dffg            ; work         ;
;          |dffg:\G_NBit_Reg:11:RegI|              ; 1 (1)               ; 1 (1)                     ; 0           ; 0            ; 0       ; 0         ; 0    ; 0            ; |RISCV_Processor|IF_ID:IF_ID_REG|reg_N:PC_REG|dffg:\G_NBit_Reg:11:RegI                                                    ; dffg            ; work         ;
;          |dffg:\G_NBit_Reg:12:RegI|              ; 1 (1)               ; 1 (1)                     ; 0           ; 0            ; 0       ; 0         ; 0    ; 0            ; |RISCV_Processor|IF_ID:IF_ID_REG|reg_N:PC_REG|dffg:\G_NBit_Reg:12:RegI                                                    ; dffg            ; work         ;
;          |dffg:\G_NBit_Reg:13:RegI|              ; 1 (1)               ; 1 (1)                     ; 0           ; 0            ; 0       ; 0         ; 0    ; 0            ; |RISCV_Processor|IF_ID:IF_ID_REG|reg_N:PC_REG|dffg:\G_NBit_Reg:13:RegI                                                    ; dffg            ; work         ;
;          |dffg:\G_NBit_Reg:14:RegI|              ; 1 (1)               ; 1 (1)                     ; 0           ; 0            ; 0       ; 0         ; 0    ; 0            ; |RISCV_Processor|IF_ID:IF_ID_REG|reg_N:PC_REG|dffg:\G_NBit_Reg:14:RegI                                                    ; dffg            ; work         ;
;          |dffg:\G_NBit_Reg:15:RegI|              ; 1 (1)               ; 1 (1)                     ; 0           ; 0            ; 0       ; 0         ; 0    ; 0            ; |RISCV_Processor|IF_ID:IF_ID_REG|reg_N:PC_REG|dffg:\G_NBit_Reg:15:RegI                                                    ; dffg            ; work         ;
;          |dffg:\G_NBit_Reg:16:RegI|              ; 1 (1)               ; 1 (1)                     ; 0           ; 0            ; 0       ; 0         ; 0    ; 0            ; |RISCV_Processor|IF_ID:IF_ID_REG|reg_N:PC_REG|dffg:\G_NBit_Reg:16:RegI                                                    ; dffg            ; work         ;
;          |dffg:\G_NBit_Reg:17:RegI|              ; 1 (1)               ; 1 (1)                     ; 0           ; 0            ; 0       ; 0         ; 0    ; 0            ; |RISCV_Processor|IF_ID:IF_ID_REG|reg_N:PC_REG|dffg:\G_NBit_Reg:17:RegI                                                    ; dffg            ; work         ;
;          |dffg:\G_NBit_Reg:18:RegI|              ; 1 (1)               ; 1 (1)                     ; 0           ; 0            ; 0       ; 0         ; 0    ; 0            ; |RISCV_Processor|IF_ID:IF_ID_REG|reg_N:PC_REG|dffg:\G_NBit_Reg:18:RegI                                                    ; dffg            ; work         ;
;          |dffg:\G_NBit_Reg:19:RegI|              ; 1 (1)               ; 1 (1)                     ; 0           ; 0            ; 0       ; 0         ; 0    ; 0            ; |RISCV_Processor|IF_ID:IF_ID_REG|reg_N:PC_REG|dffg:\G_NBit_Reg:19:RegI                                                    ; dffg            ; work         ;
;          |dffg:\G_NBit_Reg:1:RegI|               ; 1 (1)               ; 1 (1)                     ; 0           ; 0            ; 0       ; 0         ; 0    ; 0            ; |RISCV_Processor|IF_ID:IF_ID_REG|reg_N:PC_REG|dffg:\G_NBit_Reg:1:RegI                                                     ; dffg            ; work         ;
;          |dffg:\G_NBit_Reg:20:RegI|              ; 1 (1)               ; 1 (1)                     ; 0           ; 0            ; 0       ; 0         ; 0    ; 0            ; |RISCV_Processor|IF_ID:IF_ID_REG|reg_N:PC_REG|dffg:\G_NBit_Reg:20:RegI                                                    ; dffg            ; work         ;
;          |dffg:\G_NBit_Reg:21:RegI|              ; 1 (1)               ; 1 (1)                     ; 0           ; 0            ; 0       ; 0         ; 0    ; 0            ; |RISCV_Processor|IF_ID:IF_ID_REG|reg_N:PC_REG|dffg:\G_NBit_Reg:21:RegI                                                    ; dffg            ; work         ;
;          |dffg:\G_NBit_Reg:22:RegI|              ; 1 (1)               ; 1 (1)                     ; 0           ; 0            ; 0       ; 0         ; 0    ; 0            ; |RISCV_Processor|IF_ID:IF_ID_REG|reg_N:PC_REG|dffg:\G_NBit_Reg:22:RegI                                                    ; dffg            ; work         ;
;          |dffg:\G_NBit_Reg:23:RegI|              ; 1 (1)               ; 1 (1)                     ; 0           ; 0            ; 0       ; 0         ; 0    ; 0            ; |RISCV_Processor|IF_ID:IF_ID_REG|reg_N:PC_REG|dffg:\G_NBit_Reg:23:RegI                                                    ; dffg            ; work         ;
;          |dffg:\G_NBit_Reg:24:RegI|              ; 1 (1)               ; 1 (1)                     ; 0           ; 0            ; 0       ; 0         ; 0    ; 0            ; |RISCV_Processor|IF_ID:IF_ID_REG|reg_N:PC_REG|dffg:\G_NBit_Reg:24:RegI                                                    ; dffg            ; work         ;
;          |dffg:\G_NBit_Reg:25:RegI|              ; 1 (1)               ; 1 (1)                     ; 0           ; 0            ; 0       ; 0         ; 0    ; 0            ; |RISCV_Processor|IF_ID:IF_ID_REG|reg_N:PC_REG|dffg:\G_NBit_Reg:25:RegI                                                    ; dffg            ; work         ;
;          |dffg:\G_NBit_Reg:26:RegI|              ; 1 (1)               ; 1 (1)                     ; 0           ; 0            ; 0       ; 0         ; 0    ; 0            ; |RISCV_Processor|IF_ID:IF_ID_REG|reg_N:PC_REG|dffg:\G_NBit_Reg:26:RegI                                                    ; dffg            ; work         ;
;          |dffg:\G_NBit_Reg:27:RegI|              ; 1 (1)               ; 1 (1)                     ; 0           ; 0            ; 0       ; 0         ; 0    ; 0            ; |RISCV_Processor|IF_ID:IF_ID_REG|reg_N:PC_REG|dffg:\G_NBit_Reg:27:RegI                                                    ; dffg            ; work         ;
;          |dffg:\G_NBit_Reg:28:RegI|              ; 1 (1)               ; 1 (1)                     ; 0           ; 0            ; 0       ; 0         ; 0    ; 0            ; |RISCV_Processor|IF_ID:IF_ID_REG|reg_N:PC_REG|dffg:\G_NBit_Reg:28:RegI                                                    ; dffg            ; work         ;
;          |dffg:\G_NBit_Reg:29:RegI|              ; 1 (1)               ; 1 (1)                     ; 0           ; 0            ; 0       ; 0         ; 0    ; 0            ; |RISCV_Processor|IF_ID:IF_ID_REG|reg_N:PC_REG|dffg:\G_NBit_Reg:29:RegI                                                    ; dffg            ; work         ;
;          |dffg:\G_NBit_Reg:2:RegI|               ; 1 (1)               ; 1 (1)                     ; 0           ; 0            ; 0       ; 0         ; 0    ; 0            ; |RISCV_Processor|IF_ID:IF_ID_REG|reg_N:PC_REG|dffg:\G_NBit_Reg:2:RegI                                                     ; dffg            ; work         ;
;          |dffg:\G_NBit_Reg:30:RegI|              ; 1 (1)               ; 1 (1)                     ; 0           ; 0            ; 0       ; 0         ; 0    ; 0            ; |RISCV_Processor|IF_ID:IF_ID_REG|reg_N:PC_REG|dffg:\G_NBit_Reg:30:RegI                                                    ; dffg            ; work         ;
;          |dffg:\G_NBit_Reg:31:RegI|              ; 1 (1)               ; 1 (1)                     ; 0           ; 0            ; 0       ; 0         ; 0    ; 0            ; |RISCV_Processor|IF_ID:IF_ID_REG|reg_N:PC_REG|dffg:\G_NBit_Reg:31:RegI                                                    ; dffg            ; work         ;
;          |dffg:\G_NBit_Reg:3:RegI|               ; 2 (2)               ; 1 (1)                     ; 0           ; 0            ; 0       ; 0         ; 0    ; 0            ; |RISCV_Processor|IF_ID:IF_ID_REG|reg_N:PC_REG|dffg:\G_NBit_Reg:3:RegI                                                     ; dffg            ; work         ;
;          |dffg:\G_NBit_Reg:4:RegI|               ; 1 (1)               ; 1 (1)                     ; 0           ; 0            ; 0       ; 0         ; 0    ; 0            ; |RISCV_Processor|IF_ID:IF_ID_REG|reg_N:PC_REG|dffg:\G_NBit_Reg:4:RegI                                                     ; dffg            ; work         ;
;          |dffg:\G_NBit_Reg:5:RegI|               ; 1 (1)               ; 1 (1)                     ; 0           ; 0            ; 0       ; 0         ; 0    ; 0            ; |RISCV_Processor|IF_ID:IF_ID_REG|reg_N:PC_REG|dffg:\G_NBit_Reg:5:RegI                                                     ; dffg            ; work         ;
;          |dffg:\G_NBit_Reg:6:RegI|               ; 1 (1)               ; 1 (1)                     ; 0           ; 0            ; 0       ; 0         ; 0    ; 0            ; |RISCV_Processor|IF_ID:IF_ID_REG|reg_N:PC_REG|dffg:\G_NBit_Reg:6:RegI                                                     ; dffg            ; work         ;
;          |dffg:\G_NBit_Reg:7:RegI|               ; 1 (1)               ; 1 (1)                     ; 0           ; 0            ; 0       ; 0         ; 0    ; 0            ; |RISCV_Processor|IF_ID:IF_ID_REG|reg_N:PC_REG|dffg:\G_NBit_Reg:7:RegI                                                     ; dffg            ; work         ;
;          |dffg:\G_NBit_Reg:8:RegI|               ; 1 (1)               ; 1 (1)                     ; 0           ; 0            ; 0       ; 0         ; 0    ; 0            ; |RISCV_Processor|IF_ID:IF_ID_REG|reg_N:PC_REG|dffg:\G_NBit_Reg:8:RegI                                                     ; dffg            ; work         ;
;          |dffg:\G_NBit_Reg:9:RegI|               ; 1 (1)               ; 1 (1)                     ; 0           ; 0            ; 0       ; 0         ; 0    ; 0            ; |RISCV_Processor|IF_ID:IF_ID_REG|reg_N:PC_REG|dffg:\G_NBit_Reg:9:RegI                                                     ; dffg            ; work         ;
;    |MEM_WB:MEM_WB_REG|                           ; 1 (0)               ; 72 (0)                    ; 0           ; 0            ; 0       ; 0         ; 0    ; 0            ; |RISCV_Processor|MEM_WB:MEM_WB_REG                                                                                        ; MEM_WB          ; work         ;
;       |dffg:HALT_REG|                            ; 0 (0)               ; 1 (1)                     ; 0           ; 0            ; 0       ; 0         ; 0    ; 0            ; |RISCV_Processor|MEM_WB:MEM_WB_REG|dffg:HALT_REG                                                                          ; dffg            ; work         ;
;       |dffg:MEMREG_REG|                          ; 0 (0)               ; 1 (1)                     ; 0           ; 0            ; 0       ; 0         ; 0    ; 0            ; |RISCV_Processor|MEM_WB:MEM_WB_REG|dffg:MEMREG_REG                                                                        ; dffg            ; work         ;
;       |dffg:REGWR_REG|                           ; 0 (0)               ; 1 (1)                     ; 0           ; 0            ; 0       ; 0         ; 0    ; 0            ; |RISCV_Processor|MEM_WB:MEM_WB_REG|dffg:REGWR_REG                                                                         ; dffg            ; work         ;
;       |reg_N:ALU_RESULT_REG|                     ; 0 (0)               ; 32 (0)                    ; 0           ; 0            ; 0       ; 0         ; 0    ; 0            ; |RISCV_Processor|MEM_WB:MEM_WB_REG|reg_N:ALU_RESULT_REG                                                                   ; reg_N           ; work         ;
;          |dffg:\G_NBit_Reg:0:RegI|               ; 0 (0)               ; 1 (1)                     ; 0           ; 0            ; 0       ; 0         ; 0    ; 0            ; |RISCV_Processor|MEM_WB:MEM_WB_REG|reg_N:ALU_RESULT_REG|dffg:\G_NBit_Reg:0:RegI                                           ; dffg            ; work         ;
;          |dffg:\G_NBit_Reg:10:RegI|              ; 0 (0)               ; 1 (1)                     ; 0           ; 0            ; 0       ; 0         ; 0    ; 0            ; |RISCV_Processor|MEM_WB:MEM_WB_REG|reg_N:ALU_RESULT_REG|dffg:\G_NBit_Reg:10:RegI                                          ; dffg            ; work         ;
;          |dffg:\G_NBit_Reg:11:RegI|              ; 0 (0)               ; 1 (1)                     ; 0           ; 0            ; 0       ; 0         ; 0    ; 0            ; |RISCV_Processor|MEM_WB:MEM_WB_REG|reg_N:ALU_RESULT_REG|dffg:\G_NBit_Reg:11:RegI                                          ; dffg            ; work         ;
;          |dffg:\G_NBit_Reg:12:RegI|              ; 0 (0)               ; 1 (1)                     ; 0           ; 0            ; 0       ; 0         ; 0    ; 0            ; |RISCV_Processor|MEM_WB:MEM_WB_REG|reg_N:ALU_RESULT_REG|dffg:\G_NBit_Reg:12:RegI                                          ; dffg            ; work         ;
;          |dffg:\G_NBit_Reg:13:RegI|              ; 0 (0)               ; 1 (1)                     ; 0           ; 0            ; 0       ; 0         ; 0    ; 0            ; |RISCV_Processor|MEM_WB:MEM_WB_REG|reg_N:ALU_RESULT_REG|dffg:\G_NBit_Reg:13:RegI                                          ; dffg            ; work         ;
;          |dffg:\G_NBit_Reg:14:RegI|              ; 0 (0)               ; 1 (1)                     ; 0           ; 0            ; 0       ; 0         ; 0    ; 0            ; |RISCV_Processor|MEM_WB:MEM_WB_REG|reg_N:ALU_RESULT_REG|dffg:\G_NBit_Reg:14:RegI                                          ; dffg            ; work         ;
;          |dffg:\G_NBit_Reg:15:RegI|              ; 0 (0)               ; 1 (1)                     ; 0           ; 0            ; 0       ; 0         ; 0    ; 0            ; |RISCV_Processor|MEM_WB:MEM_WB_REG|reg_N:ALU_RESULT_REG|dffg:\G_NBit_Reg:15:RegI                                          ; dffg            ; work         ;
;          |dffg:\G_NBit_Reg:16:RegI|              ; 0 (0)               ; 1 (1)                     ; 0           ; 0            ; 0       ; 0         ; 0    ; 0            ; |RISCV_Processor|MEM_WB:MEM_WB_REG|reg_N:ALU_RESULT_REG|dffg:\G_NBit_Reg:16:RegI                                          ; dffg            ; work         ;
;          |dffg:\G_NBit_Reg:17:RegI|              ; 0 (0)               ; 1 (1)                     ; 0           ; 0            ; 0       ; 0         ; 0    ; 0            ; |RISCV_Processor|MEM_WB:MEM_WB_REG|reg_N:ALU_RESULT_REG|dffg:\G_NBit_Reg:17:RegI                                          ; dffg            ; work         ;
;          |dffg:\G_NBit_Reg:18:RegI|              ; 0 (0)               ; 1 (1)                     ; 0           ; 0            ; 0       ; 0         ; 0    ; 0            ; |RISCV_Processor|MEM_WB:MEM_WB_REG|reg_N:ALU_RESULT_REG|dffg:\G_NBit_Reg:18:RegI                                          ; dffg            ; work         ;
;          |dffg:\G_NBit_Reg:19:RegI|              ; 0 (0)               ; 1 (1)                     ; 0           ; 0            ; 0       ; 0         ; 0    ; 0            ; |RISCV_Processor|MEM_WB:MEM_WB_REG|reg_N:ALU_RESULT_REG|dffg:\G_NBit_Reg:19:RegI                                          ; dffg            ; work         ;
;          |dffg:\G_NBit_Reg:1:RegI|               ; 0 (0)               ; 1 (1)                     ; 0           ; 0            ; 0       ; 0         ; 0    ; 0            ; |RISCV_Processor|MEM_WB:MEM_WB_REG|reg_N:ALU_RESULT_REG|dffg:\G_NBit_Reg:1:RegI                                           ; dffg            ; work         ;
;          |dffg:\G_NBit_Reg:20:RegI|              ; 0 (0)               ; 1 (1)                     ; 0           ; 0            ; 0       ; 0         ; 0    ; 0            ; |RISCV_Processor|MEM_WB:MEM_WB_REG|reg_N:ALU_RESULT_REG|dffg:\G_NBit_Reg:20:RegI                                          ; dffg            ; work         ;
;          |dffg:\G_NBit_Reg:21:RegI|              ; 0 (0)               ; 1 (1)                     ; 0           ; 0            ; 0       ; 0         ; 0    ; 0            ; |RISCV_Processor|MEM_WB:MEM_WB_REG|reg_N:ALU_RESULT_REG|dffg:\G_NBit_Reg:21:RegI                                          ; dffg            ; work         ;
;          |dffg:\G_NBit_Reg:22:RegI|              ; 0 (0)               ; 1 (1)                     ; 0           ; 0            ; 0       ; 0         ; 0    ; 0            ; |RISCV_Processor|MEM_WB:MEM_WB_REG|reg_N:ALU_RESULT_REG|dffg:\G_NBit_Reg:22:RegI                                          ; dffg            ; work         ;
;          |dffg:\G_NBit_Reg:23:RegI|              ; 0 (0)               ; 1 (1)                     ; 0           ; 0            ; 0       ; 0         ; 0    ; 0            ; |RISCV_Processor|MEM_WB:MEM_WB_REG|reg_N:ALU_RESULT_REG|dffg:\G_NBit_Reg:23:RegI                                          ; dffg            ; work         ;
;          |dffg:\G_NBit_Reg:24:RegI|              ; 0 (0)               ; 1 (1)                     ; 0           ; 0            ; 0       ; 0         ; 0    ; 0            ; |RISCV_Processor|MEM_WB:MEM_WB_REG|reg_N:ALU_RESULT_REG|dffg:\G_NBit_Reg:24:RegI                                          ; dffg            ; work         ;
;          |dffg:\G_NBit_Reg:25:RegI|              ; 0 (0)               ; 1 (1)                     ; 0           ; 0            ; 0       ; 0         ; 0    ; 0            ; |RISCV_Processor|MEM_WB:MEM_WB_REG|reg_N:ALU_RESULT_REG|dffg:\G_NBit_Reg:25:RegI                                          ; dffg            ; work         ;
;          |dffg:\G_NBit_Reg:26:RegI|              ; 0 (0)               ; 1 (1)                     ; 0           ; 0            ; 0       ; 0         ; 0    ; 0            ; |RISCV_Processor|MEM_WB:MEM_WB_REG|reg_N:ALU_RESULT_REG|dffg:\G_NBit_Reg:26:RegI                                          ; dffg            ; work         ;
;          |dffg:\G_NBit_Reg:27:RegI|              ; 0 (0)               ; 1 (1)                     ; 0           ; 0            ; 0       ; 0         ; 0    ; 0            ; |RISCV_Processor|MEM_WB:MEM_WB_REG|reg_N:ALU_RESULT_REG|dffg:\G_NBit_Reg:27:RegI                                          ; dffg            ; work         ;
;          |dffg:\G_NBit_Reg:28:RegI|              ; 0 (0)               ; 1 (1)                     ; 0           ; 0            ; 0       ; 0         ; 0    ; 0            ; |RISCV_Processor|MEM_WB:MEM_WB_REG|reg_N:ALU_RESULT_REG|dffg:\G_NBit_Reg:28:RegI                                          ; dffg            ; work         ;
;          |dffg:\G_NBit_Reg:29:RegI|              ; 0 (0)               ; 1 (1)                     ; 0           ; 0            ; 0       ; 0         ; 0    ; 0            ; |RISCV_Processor|MEM_WB:MEM_WB_REG|reg_N:ALU_RESULT_REG|dffg:\G_NBit_Reg:29:RegI                                          ; dffg            ; work         ;
;          |dffg:\G_NBit_Reg:2:RegI|               ; 0 (0)               ; 1 (1)                     ; 0           ; 0            ; 0       ; 0         ; 0    ; 0            ; |RISCV_Processor|MEM_WB:MEM_WB_REG|reg_N:ALU_RESULT_REG|dffg:\G_NBit_Reg:2:RegI                                           ; dffg            ; work         ;
;          |dffg:\G_NBit_Reg:30:RegI|              ; 0 (0)               ; 1 (1)                     ; 0           ; 0            ; 0       ; 0         ; 0    ; 0            ; |RISCV_Processor|MEM_WB:MEM_WB_REG|reg_N:ALU_RESULT_REG|dffg:\G_NBit_Reg:30:RegI                                          ; dffg            ; work         ;
;          |dffg:\G_NBit_Reg:31:RegI|              ; 0 (0)               ; 1 (1)                     ; 0           ; 0            ; 0       ; 0         ; 0    ; 0            ; |RISCV_Processor|MEM_WB:MEM_WB_REG|reg_N:ALU_RESULT_REG|dffg:\G_NBit_Reg:31:RegI                                          ; dffg            ; work         ;
;          |dffg:\G_NBit_Reg:3:RegI|               ; 0 (0)               ; 1 (1)                     ; 0           ; 0            ; 0       ; 0         ; 0    ; 0            ; |RISCV_Processor|MEM_WB:MEM_WB_REG|reg_N:ALU_RESULT_REG|dffg:\G_NBit_Reg:3:RegI                                           ; dffg            ; work         ;
;          |dffg:\G_NBit_Reg:4:RegI|               ; 0 (0)               ; 1 (1)                     ; 0           ; 0            ; 0       ; 0         ; 0    ; 0            ; |RISCV_Processor|MEM_WB:MEM_WB_REG|reg_N:ALU_RESULT_REG|dffg:\G_NBit_Reg:4:RegI                                           ; dffg            ; work         ;
;          |dffg:\G_NBit_Reg:5:RegI|               ; 0 (0)               ; 1 (1)                     ; 0           ; 0            ; 0       ; 0         ; 0    ; 0            ; |RISCV_Processor|MEM_WB:MEM_WB_REG|reg_N:ALU_RESULT_REG|dffg:\G_NBit_Reg:5:RegI                                           ; dffg            ; work         ;
;          |dffg:\G_NBit_Reg:6:RegI|               ; 0 (0)               ; 1 (1)                     ; 0           ; 0            ; 0       ; 0         ; 0    ; 0            ; |RISCV_Processor|MEM_WB:MEM_WB_REG|reg_N:ALU_RESULT_REG|dffg:\G_NBit_Reg:6:RegI                                           ; dffg            ; work         ;
;          |dffg:\G_NBit_Reg:7:RegI|               ; 0 (0)               ; 1 (1)                     ; 0           ; 0            ; 0       ; 0         ; 0    ; 0            ; |RISCV_Processor|MEM_WB:MEM_WB_REG|reg_N:ALU_RESULT_REG|dffg:\G_NBit_Reg:7:RegI                                           ; dffg            ; work         ;
;          |dffg:\G_NBit_Reg:8:RegI|               ; 0 (0)               ; 1 (1)                     ; 0           ; 0            ; 0       ; 0         ; 0    ; 0            ; |RISCV_Processor|MEM_WB:MEM_WB_REG|reg_N:ALU_RESULT_REG|dffg:\G_NBit_Reg:8:RegI                                           ; dffg            ; work         ;
;          |dffg:\G_NBit_Reg:9:RegI|               ; 0 (0)               ; 1 (1)                     ; 0           ; 0            ; 0       ; 0         ; 0    ; 0            ; |RISCV_Processor|MEM_WB:MEM_WB_REG|reg_N:ALU_RESULT_REG|dffg:\G_NBit_Reg:9:RegI                                           ; dffg            ; work         ;
;       |reg_N:MEM_DATA_REG|                       ; 1 (0)               ; 32 (0)                    ; 0           ; 0            ; 0       ; 0         ; 0    ; 0            ; |RISCV_Processor|MEM_WB:MEM_WB_REG|reg_N:MEM_DATA_REG                                                                     ; reg_N           ; work         ;
;          |dffg:\G_NBit_Reg:0:RegI|               ; 0 (0)               ; 1 (1)                     ; 0           ; 0            ; 0       ; 0         ; 0    ; 0            ; |RISCV_Processor|MEM_WB:MEM_WB_REG|reg_N:MEM_DATA_REG|dffg:\G_NBit_Reg:0:RegI                                             ; dffg            ; work         ;
;          |dffg:\G_NBit_Reg:10:RegI|              ; 1 (1)               ; 1 (1)                     ; 0           ; 0            ; 0       ; 0         ; 0    ; 0            ; |RISCV_Processor|MEM_WB:MEM_WB_REG|reg_N:MEM_DATA_REG|dffg:\G_NBit_Reg:10:RegI                                            ; dffg            ; work         ;
;          |dffg:\G_NBit_Reg:11:RegI|              ; 0 (0)               ; 1 (1)                     ; 0           ; 0            ; 0       ; 0         ; 0    ; 0            ; |RISCV_Processor|MEM_WB:MEM_WB_REG|reg_N:MEM_DATA_REG|dffg:\G_NBit_Reg:11:RegI                                            ; dffg            ; work         ;
;          |dffg:\G_NBit_Reg:12:RegI|              ; 0 (0)               ; 1 (1)                     ; 0           ; 0            ; 0       ; 0         ; 0    ; 0            ; |RISCV_Processor|MEM_WB:MEM_WB_REG|reg_N:MEM_DATA_REG|dffg:\G_NBit_Reg:12:RegI                                            ; dffg            ; work         ;
;          |dffg:\G_NBit_Reg:13:RegI|              ; 0 (0)               ; 1 (1)                     ; 0           ; 0            ; 0       ; 0         ; 0    ; 0            ; |RISCV_Processor|MEM_WB:MEM_WB_REG|reg_N:MEM_DATA_REG|dffg:\G_NBit_Reg:13:RegI                                            ; dffg            ; work         ;
;          |dffg:\G_NBit_Reg:14:RegI|              ; 0 (0)               ; 1 (1)                     ; 0           ; 0            ; 0       ; 0         ; 0    ; 0            ; |RISCV_Processor|MEM_WB:MEM_WB_REG|reg_N:MEM_DATA_REG|dffg:\G_NBit_Reg:14:RegI                                            ; dffg            ; work         ;
;          |dffg:\G_NBit_Reg:15:RegI|              ; 0 (0)               ; 1 (1)                     ; 0           ; 0            ; 0       ; 0         ; 0    ; 0            ; |RISCV_Processor|MEM_WB:MEM_WB_REG|reg_N:MEM_DATA_REG|dffg:\G_NBit_Reg:15:RegI                                            ; dffg            ; work         ;
;          |dffg:\G_NBit_Reg:16:RegI|              ; 0 (0)               ; 1 (1)                     ; 0           ; 0            ; 0       ; 0         ; 0    ; 0            ; |RISCV_Processor|MEM_WB:MEM_WB_REG|reg_N:MEM_DATA_REG|dffg:\G_NBit_Reg:16:RegI                                            ; dffg            ; work         ;
;          |dffg:\G_NBit_Reg:17:RegI|              ; 0 (0)               ; 1 (1)                     ; 0           ; 0            ; 0       ; 0         ; 0    ; 0            ; |RISCV_Processor|MEM_WB:MEM_WB_REG|reg_N:MEM_DATA_REG|dffg:\G_NBit_Reg:17:RegI                                            ; dffg            ; work         ;
;          |dffg:\G_NBit_Reg:18:RegI|              ; 0 (0)               ; 1 (1)                     ; 0           ; 0            ; 0       ; 0         ; 0    ; 0            ; |RISCV_Processor|MEM_WB:MEM_WB_REG|reg_N:MEM_DATA_REG|dffg:\G_NBit_Reg:18:RegI                                            ; dffg            ; work         ;
;          |dffg:\G_NBit_Reg:19:RegI|              ; 0 (0)               ; 1 (1)                     ; 0           ; 0            ; 0       ; 0         ; 0    ; 0            ; |RISCV_Processor|MEM_WB:MEM_WB_REG|reg_N:MEM_DATA_REG|dffg:\G_NBit_Reg:19:RegI                                            ; dffg            ; work         ;
;          |dffg:\G_NBit_Reg:1:RegI|               ; 0 (0)               ; 1 (1)                     ; 0           ; 0            ; 0       ; 0         ; 0    ; 0            ; |RISCV_Processor|MEM_WB:MEM_WB_REG|reg_N:MEM_DATA_REG|dffg:\G_NBit_Reg:1:RegI                                             ; dffg            ; work         ;
;          |dffg:\G_NBit_Reg:20:RegI|              ; 0 (0)               ; 1 (1)                     ; 0           ; 0            ; 0       ; 0         ; 0    ; 0            ; |RISCV_Processor|MEM_WB:MEM_WB_REG|reg_N:MEM_DATA_REG|dffg:\G_NBit_Reg:20:RegI                                            ; dffg            ; work         ;
;          |dffg:\G_NBit_Reg:21:RegI|              ; 0 (0)               ; 1 (1)                     ; 0           ; 0            ; 0       ; 0         ; 0    ; 0            ; |RISCV_Processor|MEM_WB:MEM_WB_REG|reg_N:MEM_DATA_REG|dffg:\G_NBit_Reg:21:RegI                                            ; dffg            ; work         ;
;          |dffg:\G_NBit_Reg:22:RegI|              ; 0 (0)               ; 1 (1)                     ; 0           ; 0            ; 0       ; 0         ; 0    ; 0            ; |RISCV_Processor|MEM_WB:MEM_WB_REG|reg_N:MEM_DATA_REG|dffg:\G_NBit_Reg:22:RegI                                            ; dffg            ; work         ;
;          |dffg:\G_NBit_Reg:23:RegI|              ; 0 (0)               ; 1 (1)                     ; 0           ; 0            ; 0       ; 0         ; 0    ; 0            ; |RISCV_Processor|MEM_WB:MEM_WB_REG|reg_N:MEM_DATA_REG|dffg:\G_NBit_Reg:23:RegI                                            ; dffg            ; work         ;
;          |dffg:\G_NBit_Reg:24:RegI|              ; 0 (0)               ; 1 (1)                     ; 0           ; 0            ; 0       ; 0         ; 0    ; 0            ; |RISCV_Processor|MEM_WB:MEM_WB_REG|reg_N:MEM_DATA_REG|dffg:\G_NBit_Reg:24:RegI                                            ; dffg            ; work         ;
;          |dffg:\G_NBit_Reg:25:RegI|              ; 0 (0)               ; 1 (1)                     ; 0           ; 0            ; 0       ; 0         ; 0    ; 0            ; |RISCV_Processor|MEM_WB:MEM_WB_REG|reg_N:MEM_DATA_REG|dffg:\G_NBit_Reg:25:RegI                                            ; dffg            ; work         ;
;          |dffg:\G_NBit_Reg:26:RegI|              ; 0 (0)               ; 1 (1)                     ; 0           ; 0            ; 0       ; 0         ; 0    ; 0            ; |RISCV_Processor|MEM_WB:MEM_WB_REG|reg_N:MEM_DATA_REG|dffg:\G_NBit_Reg:26:RegI                                            ; dffg            ; work         ;
;          |dffg:\G_NBit_Reg:27:RegI|              ; 0 (0)               ; 1 (1)                     ; 0           ; 0            ; 0       ; 0         ; 0    ; 0            ; |RISCV_Processor|MEM_WB:MEM_WB_REG|reg_N:MEM_DATA_REG|dffg:\G_NBit_Reg:27:RegI                                            ; dffg            ; work         ;
;          |dffg:\G_NBit_Reg:28:RegI|              ; 0 (0)               ; 1 (1)                     ; 0           ; 0            ; 0       ; 0         ; 0    ; 0            ; |RISCV_Processor|MEM_WB:MEM_WB_REG|reg_N:MEM_DATA_REG|dffg:\G_NBit_Reg:28:RegI                                            ; dffg            ; work         ;
;          |dffg:\G_NBit_Reg:29:RegI|              ; 0 (0)               ; 1 (1)                     ; 0           ; 0            ; 0       ; 0         ; 0    ; 0            ; |RISCV_Processor|MEM_WB:MEM_WB_REG|reg_N:MEM_DATA_REG|dffg:\G_NBit_Reg:29:RegI                                            ; dffg            ; work         ;
;          |dffg:\G_NBit_Reg:2:RegI|               ; 0 (0)               ; 1 (1)                     ; 0           ; 0            ; 0       ; 0         ; 0    ; 0            ; |RISCV_Processor|MEM_WB:MEM_WB_REG|reg_N:MEM_DATA_REG|dffg:\G_NBit_Reg:2:RegI                                             ; dffg            ; work         ;
;          |dffg:\G_NBit_Reg:30:RegI|              ; 0 (0)               ; 1 (1)                     ; 0           ; 0            ; 0       ; 0         ; 0    ; 0            ; |RISCV_Processor|MEM_WB:MEM_WB_REG|reg_N:MEM_DATA_REG|dffg:\G_NBit_Reg:30:RegI                                            ; dffg            ; work         ;
;          |dffg:\G_NBit_Reg:31:RegI|              ; 0 (0)               ; 1 (1)                     ; 0           ; 0            ; 0       ; 0         ; 0    ; 0            ; |RISCV_Processor|MEM_WB:MEM_WB_REG|reg_N:MEM_DATA_REG|dffg:\G_NBit_Reg:31:RegI                                            ; dffg            ; work         ;
;          |dffg:\G_NBit_Reg:3:RegI|               ; 0 (0)               ; 1 (1)                     ; 0           ; 0            ; 0       ; 0         ; 0    ; 0            ; |RISCV_Processor|MEM_WB:MEM_WB_REG|reg_N:MEM_DATA_REG|dffg:\G_NBit_Reg:3:RegI                                             ; dffg            ; work         ;
;          |dffg:\G_NBit_Reg:4:RegI|               ; 0 (0)               ; 1 (1)                     ; 0           ; 0            ; 0       ; 0         ; 0    ; 0            ; |RISCV_Processor|MEM_WB:MEM_WB_REG|reg_N:MEM_DATA_REG|dffg:\G_NBit_Reg:4:RegI                                             ; dffg            ; work         ;
;          |dffg:\G_NBit_Reg:5:RegI|               ; 0 (0)               ; 1 (1)                     ; 0           ; 0            ; 0       ; 0         ; 0    ; 0            ; |RISCV_Processor|MEM_WB:MEM_WB_REG|reg_N:MEM_DATA_REG|dffg:\G_NBit_Reg:5:RegI                                             ; dffg            ; work         ;
;          |dffg:\G_NBit_Reg:6:RegI|               ; 0 (0)               ; 1 (1)                     ; 0           ; 0            ; 0       ; 0         ; 0    ; 0            ; |RISCV_Processor|MEM_WB:MEM_WB_REG|reg_N:MEM_DATA_REG|dffg:\G_NBit_Reg:6:RegI                                             ; dffg            ; work         ;
;          |dffg:\G_NBit_Reg:7:RegI|               ; 0 (0)               ; 1 (1)                     ; 0           ; 0            ; 0       ; 0         ; 0    ; 0            ; |RISCV_Processor|MEM_WB:MEM_WB_REG|reg_N:MEM_DATA_REG|dffg:\G_NBit_Reg:7:RegI                                             ; dffg            ; work         ;
;          |dffg:\G_NBit_Reg:8:RegI|               ; 0 (0)               ; 1 (1)                     ; 0           ; 0            ; 0       ; 0         ; 0    ; 0            ; |RISCV_Processor|MEM_WB:MEM_WB_REG|reg_N:MEM_DATA_REG|dffg:\G_NBit_Reg:8:RegI                                             ; dffg            ; work         ;
;          |dffg:\G_NBit_Reg:9:RegI|               ; 0 (0)               ; 1 (1)                     ; 0           ; 0            ; 0       ; 0         ; 0    ; 0            ; |RISCV_Processor|MEM_WB:MEM_WB_REG|reg_N:MEM_DATA_REG|dffg:\G_NBit_Reg:9:RegI                                             ; dffg            ; work         ;
;       |reg_N:RD_REG|                             ; 0 (0)               ; 5 (0)                     ; 0           ; 0            ; 0       ; 0         ; 0    ; 0            ; |RISCV_Processor|MEM_WB:MEM_WB_REG|reg_N:RD_REG                                                                           ; reg_N           ; work         ;
;          |dffg:\G_NBit_Reg:0:RegI|               ; 0 (0)               ; 1 (1)                     ; 0           ; 0            ; 0       ; 0         ; 0    ; 0            ; |RISCV_Processor|MEM_WB:MEM_WB_REG|reg_N:RD_REG|dffg:\G_NBit_Reg:0:RegI                                                   ; dffg            ; work         ;
;          |dffg:\G_NBit_Reg:1:RegI|               ; 0 (0)               ; 1 (1)                     ; 0           ; 0            ; 0       ; 0         ; 0    ; 0            ; |RISCV_Processor|MEM_WB:MEM_WB_REG|reg_N:RD_REG|dffg:\G_NBit_Reg:1:RegI                                                   ; dffg            ; work         ;
;          |dffg:\G_NBit_Reg:2:RegI|               ; 0 (0)               ; 1 (1)                     ; 0           ; 0            ; 0       ; 0         ; 0    ; 0            ; |RISCV_Processor|MEM_WB:MEM_WB_REG|reg_N:RD_REG|dffg:\G_NBit_Reg:2:RegI                                                   ; dffg            ; work         ;
;          |dffg:\G_NBit_Reg:3:RegI|               ; 0 (0)               ; 1 (1)                     ; 0           ; 0            ; 0       ; 0         ; 0    ; 0            ; |RISCV_Processor|MEM_WB:MEM_WB_REG|reg_N:RD_REG|dffg:\G_NBit_Reg:3:RegI                                                   ; dffg            ; work         ;
;          |dffg:\G_NBit_Reg:4:RegI|               ; 0 (0)               ; 1 (1)                     ; 0           ; 0            ; 0       ; 0         ; 0    ; 0            ; |RISCV_Processor|MEM_WB:MEM_WB_REG|reg_N:RD_REG|dffg:\G_NBit_Reg:4:RegI                                                   ; dffg            ; work         ;
;    |alu:ALU_UNIT|                                ; 655 (290)           ; 0 (0)                     ; 0           ; 0            ; 0       ; 0         ; 0    ; 0            ; |RISCV_Processor|alu:ALU_UNIT                                                                                             ; alu             ; work         ;
;       |addiSubi_N:ADD_SUB_UNIT|                  ; 31 (0)              ; 0 (0)                     ; 0           ; 0            ; 0       ; 0         ; 0    ; 0            ; |RISCV_Processor|alu:ALU_UNIT|addiSubi_N:ADD_SUB_UNIT                                                                     ; addiSubi_N      ; work         ;
;          |adder_N:adder|                         ; 30 (0)              ; 0 (0)                     ; 0           ; 0            ; 0       ; 0         ; 0    ; 0            ; |RISCV_Processor|alu:ALU_UNIT|addiSubi_N:ADD_SUB_UNIT|adder_N:adder                                                       ; adder_N         ; work         ;
;             |adder:\G_NBit_ADDER:0:ADDER_I|      ; 1 (0)               ; 0 (0)                     ; 0           ; 0            ; 0       ; 0         ; 0    ; 0            ; |RISCV_Processor|alu:ALU_UNIT|addiSubi_N:ADD_SUB_UNIT|adder_N:adder|adder:\G_NBit_ADDER:0:ADDER_I                         ; adder           ; work         ;
;                |org2:or_gate2|                   ; 1 (1)               ; 0 (0)                     ; 0           ; 0            ; 0       ; 0         ; 0    ; 0            ; |RISCV_Processor|alu:ALU_UNIT|addiSubi_N:ADD_SUB_UNIT|adder_N:adder|adder:\G_NBit_ADDER:0:ADDER_I|org2:or_gate2           ; org2            ; work         ;
;             |adder:\G_NBit_ADDER:10:ADDER_I|     ; 1 (0)               ; 0 (0)                     ; 0           ; 0            ; 0       ; 0         ; 0    ; 0            ; |RISCV_Processor|alu:ALU_UNIT|addiSubi_N:ADD_SUB_UNIT|adder_N:adder|adder:\G_NBit_ADDER:10:ADDER_I                        ; adder           ; work         ;
;                |org2:or_gate2|                   ; 1 (1)               ; 0 (0)                     ; 0           ; 0            ; 0       ; 0         ; 0    ; 0            ; |RISCV_Processor|alu:ALU_UNIT|addiSubi_N:ADD_SUB_UNIT|adder_N:adder|adder:\G_NBit_ADDER:10:ADDER_I|org2:or_gate2          ; org2            ; work         ;
;             |adder:\G_NBit_ADDER:11:ADDER_I|     ; 1 (0)               ; 0 (0)                     ; 0           ; 0            ; 0       ; 0         ; 0    ; 0            ; |RISCV_Processor|alu:ALU_UNIT|addiSubi_N:ADD_SUB_UNIT|adder_N:adder|adder:\G_NBit_ADDER:11:ADDER_I                        ; adder           ; work         ;
;                |org2:or_gate2|                   ; 1 (1)               ; 0 (0)                     ; 0           ; 0            ; 0       ; 0         ; 0    ; 0            ; |RISCV_Processor|alu:ALU_UNIT|addiSubi_N:ADD_SUB_UNIT|adder_N:adder|adder:\G_NBit_ADDER:11:ADDER_I|org2:or_gate2          ; org2            ; work         ;
;             |adder:\G_NBit_ADDER:12:ADDER_I|     ; 1 (0)               ; 0 (0)                     ; 0           ; 0            ; 0       ; 0         ; 0    ; 0            ; |RISCV_Processor|alu:ALU_UNIT|addiSubi_N:ADD_SUB_UNIT|adder_N:adder|adder:\G_NBit_ADDER:12:ADDER_I                        ; adder           ; work         ;
;                |org2:or_gate2|                   ; 1 (1)               ; 0 (0)                     ; 0           ; 0            ; 0       ; 0         ; 0    ; 0            ; |RISCV_Processor|alu:ALU_UNIT|addiSubi_N:ADD_SUB_UNIT|adder_N:adder|adder:\G_NBit_ADDER:12:ADDER_I|org2:or_gate2          ; org2            ; work         ;
;             |adder:\G_NBit_ADDER:13:ADDER_I|     ; 1 (0)               ; 0 (0)                     ; 0           ; 0            ; 0       ; 0         ; 0    ; 0            ; |RISCV_Processor|alu:ALU_UNIT|addiSubi_N:ADD_SUB_UNIT|adder_N:adder|adder:\G_NBit_ADDER:13:ADDER_I                        ; adder           ; work         ;
;                |org2:or_gate2|                   ; 1 (1)               ; 0 (0)                     ; 0           ; 0            ; 0       ; 0         ; 0    ; 0            ; |RISCV_Processor|alu:ALU_UNIT|addiSubi_N:ADD_SUB_UNIT|adder_N:adder|adder:\G_NBit_ADDER:13:ADDER_I|org2:or_gate2          ; org2            ; work         ;
;             |adder:\G_NBit_ADDER:14:ADDER_I|     ; 1 (0)               ; 0 (0)                     ; 0           ; 0            ; 0       ; 0         ; 0    ; 0            ; |RISCV_Processor|alu:ALU_UNIT|addiSubi_N:ADD_SUB_UNIT|adder_N:adder|adder:\G_NBit_ADDER:14:ADDER_I                        ; adder           ; work         ;
;                |org2:or_gate2|                   ; 1 (1)               ; 0 (0)                     ; 0           ; 0            ; 0       ; 0         ; 0    ; 0            ; |RISCV_Processor|alu:ALU_UNIT|addiSubi_N:ADD_SUB_UNIT|adder_N:adder|adder:\G_NBit_ADDER:14:ADDER_I|org2:or_gate2          ; org2            ; work         ;
;             |adder:\G_NBit_ADDER:15:ADDER_I|     ; 1 (0)               ; 0 (0)                     ; 0           ; 0            ; 0       ; 0         ; 0    ; 0            ; |RISCV_Processor|alu:ALU_UNIT|addiSubi_N:ADD_SUB_UNIT|adder_N:adder|adder:\G_NBit_ADDER:15:ADDER_I                        ; adder           ; work         ;
;                |org2:or_gate2|                   ; 1 (1)               ; 0 (0)                     ; 0           ; 0            ; 0       ; 0         ; 0    ; 0            ; |RISCV_Processor|alu:ALU_UNIT|addiSubi_N:ADD_SUB_UNIT|adder_N:adder|adder:\G_NBit_ADDER:15:ADDER_I|org2:or_gate2          ; org2            ; work         ;
;             |adder:\G_NBit_ADDER:16:ADDER_I|     ; 1 (0)               ; 0 (0)                     ; 0           ; 0            ; 0       ; 0         ; 0    ; 0            ; |RISCV_Processor|alu:ALU_UNIT|addiSubi_N:ADD_SUB_UNIT|adder_N:adder|adder:\G_NBit_ADDER:16:ADDER_I                        ; adder           ; work         ;
;                |org2:or_gate2|                   ; 1 (1)               ; 0 (0)                     ; 0           ; 0            ; 0       ; 0         ; 0    ; 0            ; |RISCV_Processor|alu:ALU_UNIT|addiSubi_N:ADD_SUB_UNIT|adder_N:adder|adder:\G_NBit_ADDER:16:ADDER_I|org2:or_gate2          ; org2            ; work         ;
;             |adder:\G_NBit_ADDER:17:ADDER_I|     ; 1 (0)               ; 0 (0)                     ; 0           ; 0            ; 0       ; 0         ; 0    ; 0            ; |RISCV_Processor|alu:ALU_UNIT|addiSubi_N:ADD_SUB_UNIT|adder_N:adder|adder:\G_NBit_ADDER:17:ADDER_I                        ; adder           ; work         ;
;                |org2:or_gate2|                   ; 1 (1)               ; 0 (0)                     ; 0           ; 0            ; 0       ; 0         ; 0    ; 0            ; |RISCV_Processor|alu:ALU_UNIT|addiSubi_N:ADD_SUB_UNIT|adder_N:adder|adder:\G_NBit_ADDER:17:ADDER_I|org2:or_gate2          ; org2            ; work         ;
;             |adder:\G_NBit_ADDER:18:ADDER_I|     ; 1 (0)               ; 0 (0)                     ; 0           ; 0            ; 0       ; 0         ; 0    ; 0            ; |RISCV_Processor|alu:ALU_UNIT|addiSubi_N:ADD_SUB_UNIT|adder_N:adder|adder:\G_NBit_ADDER:18:ADDER_I                        ; adder           ; work         ;
;                |org2:or_gate2|                   ; 1 (1)               ; 0 (0)                     ; 0           ; 0            ; 0       ; 0         ; 0    ; 0            ; |RISCV_Processor|alu:ALU_UNIT|addiSubi_N:ADD_SUB_UNIT|adder_N:adder|adder:\G_NBit_ADDER:18:ADDER_I|org2:or_gate2          ; org2            ; work         ;
;             |adder:\G_NBit_ADDER:19:ADDER_I|     ; 1 (0)               ; 0 (0)                     ; 0           ; 0            ; 0       ; 0         ; 0    ; 0            ; |RISCV_Processor|alu:ALU_UNIT|addiSubi_N:ADD_SUB_UNIT|adder_N:adder|adder:\G_NBit_ADDER:19:ADDER_I                        ; adder           ; work         ;
;                |org2:or_gate2|                   ; 1 (1)               ; 0 (0)                     ; 0           ; 0            ; 0       ; 0         ; 0    ; 0            ; |RISCV_Processor|alu:ALU_UNIT|addiSubi_N:ADD_SUB_UNIT|adder_N:adder|adder:\G_NBit_ADDER:19:ADDER_I|org2:or_gate2          ; org2            ; work         ;
;             |adder:\G_NBit_ADDER:1:ADDER_I|      ; 1 (0)               ; 0 (0)                     ; 0           ; 0            ; 0       ; 0         ; 0    ; 0            ; |RISCV_Processor|alu:ALU_UNIT|addiSubi_N:ADD_SUB_UNIT|adder_N:adder|adder:\G_NBit_ADDER:1:ADDER_I                         ; adder           ; work         ;
;                |org2:or_gate2|                   ; 1 (1)               ; 0 (0)                     ; 0           ; 0            ; 0       ; 0         ; 0    ; 0            ; |RISCV_Processor|alu:ALU_UNIT|addiSubi_N:ADD_SUB_UNIT|adder_N:adder|adder:\G_NBit_ADDER:1:ADDER_I|org2:or_gate2           ; org2            ; work         ;
;             |adder:\G_NBit_ADDER:20:ADDER_I|     ; 1 (0)               ; 0 (0)                     ; 0           ; 0            ; 0       ; 0         ; 0    ; 0            ; |RISCV_Processor|alu:ALU_UNIT|addiSubi_N:ADD_SUB_UNIT|adder_N:adder|adder:\G_NBit_ADDER:20:ADDER_I                        ; adder           ; work         ;
;                |org2:or_gate2|                   ; 1 (1)               ; 0 (0)                     ; 0           ; 0            ; 0       ; 0         ; 0    ; 0            ; |RISCV_Processor|alu:ALU_UNIT|addiSubi_N:ADD_SUB_UNIT|adder_N:adder|adder:\G_NBit_ADDER:20:ADDER_I|org2:or_gate2          ; org2            ; work         ;
;             |adder:\G_NBit_ADDER:21:ADDER_I|     ; 1 (0)               ; 0 (0)                     ; 0           ; 0            ; 0       ; 0         ; 0    ; 0            ; |RISCV_Processor|alu:ALU_UNIT|addiSubi_N:ADD_SUB_UNIT|adder_N:adder|adder:\G_NBit_ADDER:21:ADDER_I                        ; adder           ; work         ;
;                |org2:or_gate2|                   ; 1 (1)               ; 0 (0)                     ; 0           ; 0            ; 0       ; 0         ; 0    ; 0            ; |RISCV_Processor|alu:ALU_UNIT|addiSubi_N:ADD_SUB_UNIT|adder_N:adder|adder:\G_NBit_ADDER:21:ADDER_I|org2:or_gate2          ; org2            ; work         ;
;             |adder:\G_NBit_ADDER:22:ADDER_I|     ; 1 (0)               ; 0 (0)                     ; 0           ; 0            ; 0       ; 0         ; 0    ; 0            ; |RISCV_Processor|alu:ALU_UNIT|addiSubi_N:ADD_SUB_UNIT|adder_N:adder|adder:\G_NBit_ADDER:22:ADDER_I                        ; adder           ; work         ;
;                |org2:or_gate2|                   ; 1 (1)               ; 0 (0)                     ; 0           ; 0            ; 0       ; 0         ; 0    ; 0            ; |RISCV_Processor|alu:ALU_UNIT|addiSubi_N:ADD_SUB_UNIT|adder_N:adder|adder:\G_NBit_ADDER:22:ADDER_I|org2:or_gate2          ; org2            ; work         ;
;             |adder:\G_NBit_ADDER:23:ADDER_I|     ; 1 (0)               ; 0 (0)                     ; 0           ; 0            ; 0       ; 0         ; 0    ; 0            ; |RISCV_Processor|alu:ALU_UNIT|addiSubi_N:ADD_SUB_UNIT|adder_N:adder|adder:\G_NBit_ADDER:23:ADDER_I                        ; adder           ; work         ;
;                |org2:or_gate2|                   ; 1 (1)               ; 0 (0)                     ; 0           ; 0            ; 0       ; 0         ; 0    ; 0            ; |RISCV_Processor|alu:ALU_UNIT|addiSubi_N:ADD_SUB_UNIT|adder_N:adder|adder:\G_NBit_ADDER:23:ADDER_I|org2:or_gate2          ; org2            ; work         ;
;             |adder:\G_NBit_ADDER:24:ADDER_I|     ; 1 (0)               ; 0 (0)                     ; 0           ; 0            ; 0       ; 0         ; 0    ; 0            ; |RISCV_Processor|alu:ALU_UNIT|addiSubi_N:ADD_SUB_UNIT|adder_N:adder|adder:\G_NBit_ADDER:24:ADDER_I                        ; adder           ; work         ;
;                |org2:or_gate2|                   ; 1 (1)               ; 0 (0)                     ; 0           ; 0            ; 0       ; 0         ; 0    ; 0            ; |RISCV_Processor|alu:ALU_UNIT|addiSubi_N:ADD_SUB_UNIT|adder_N:adder|adder:\G_NBit_ADDER:24:ADDER_I|org2:or_gate2          ; org2            ; work         ;
;             |adder:\G_NBit_ADDER:25:ADDER_I|     ; 1 (0)               ; 0 (0)                     ; 0           ; 0            ; 0       ; 0         ; 0    ; 0            ; |RISCV_Processor|alu:ALU_UNIT|addiSubi_N:ADD_SUB_UNIT|adder_N:adder|adder:\G_NBit_ADDER:25:ADDER_I                        ; adder           ; work         ;
;                |org2:or_gate2|                   ; 1 (1)               ; 0 (0)                     ; 0           ; 0            ; 0       ; 0         ; 0    ; 0            ; |RISCV_Processor|alu:ALU_UNIT|addiSubi_N:ADD_SUB_UNIT|adder_N:adder|adder:\G_NBit_ADDER:25:ADDER_I|org2:or_gate2          ; org2            ; work         ;
;             |adder:\G_NBit_ADDER:26:ADDER_I|     ; 1 (0)               ; 0 (0)                     ; 0           ; 0            ; 0       ; 0         ; 0    ; 0            ; |RISCV_Processor|alu:ALU_UNIT|addiSubi_N:ADD_SUB_UNIT|adder_N:adder|adder:\G_NBit_ADDER:26:ADDER_I                        ; adder           ; work         ;
;                |org2:or_gate2|                   ; 1 (1)               ; 0 (0)                     ; 0           ; 0            ; 0       ; 0         ; 0    ; 0            ; |RISCV_Processor|alu:ALU_UNIT|addiSubi_N:ADD_SUB_UNIT|adder_N:adder|adder:\G_NBit_ADDER:26:ADDER_I|org2:or_gate2          ; org2            ; work         ;
;             |adder:\G_NBit_ADDER:27:ADDER_I|     ; 1 (0)               ; 0 (0)                     ; 0           ; 0            ; 0       ; 0         ; 0    ; 0            ; |RISCV_Processor|alu:ALU_UNIT|addiSubi_N:ADD_SUB_UNIT|adder_N:adder|adder:\G_NBit_ADDER:27:ADDER_I                        ; adder           ; work         ;
;                |org2:or_gate2|                   ; 1 (1)               ; 0 (0)                     ; 0           ; 0            ; 0       ; 0         ; 0    ; 0            ; |RISCV_Processor|alu:ALU_UNIT|addiSubi_N:ADD_SUB_UNIT|adder_N:adder|adder:\G_NBit_ADDER:27:ADDER_I|org2:or_gate2          ; org2            ; work         ;
;             |adder:\G_NBit_ADDER:28:ADDER_I|     ; 1 (0)               ; 0 (0)                     ; 0           ; 0            ; 0       ; 0         ; 0    ; 0            ; |RISCV_Processor|alu:ALU_UNIT|addiSubi_N:ADD_SUB_UNIT|adder_N:adder|adder:\G_NBit_ADDER:28:ADDER_I                        ; adder           ; work         ;
;                |org2:or_gate2|                   ; 1 (1)               ; 0 (0)                     ; 0           ; 0            ; 0       ; 0         ; 0    ; 0            ; |RISCV_Processor|alu:ALU_UNIT|addiSubi_N:ADD_SUB_UNIT|adder_N:adder|adder:\G_NBit_ADDER:28:ADDER_I|org2:or_gate2          ; org2            ; work         ;
;             |adder:\G_NBit_ADDER:29:ADDER_I|     ; 1 (0)               ; 0 (0)                     ; 0           ; 0            ; 0       ; 0         ; 0    ; 0            ; |RISCV_Processor|alu:ALU_UNIT|addiSubi_N:ADD_SUB_UNIT|adder_N:adder|adder:\G_NBit_ADDER:29:ADDER_I                        ; adder           ; work         ;
;                |org2:or_gate2|                   ; 1 (1)               ; 0 (0)                     ; 0           ; 0            ; 0       ; 0         ; 0    ; 0            ; |RISCV_Processor|alu:ALU_UNIT|addiSubi_N:ADD_SUB_UNIT|adder_N:adder|adder:\G_NBit_ADDER:29:ADDER_I|org2:or_gate2          ; org2            ; work         ;
;             |adder:\G_NBit_ADDER:2:ADDER_I|      ; 1 (0)               ; 0 (0)                     ; 0           ; 0            ; 0       ; 0         ; 0    ; 0            ; |RISCV_Processor|alu:ALU_UNIT|addiSubi_N:ADD_SUB_UNIT|adder_N:adder|adder:\G_NBit_ADDER:2:ADDER_I                         ; adder           ; work         ;
;                |org2:or_gate2|                   ; 1 (1)               ; 0 (0)                     ; 0           ; 0            ; 0       ; 0         ; 0    ; 0            ; |RISCV_Processor|alu:ALU_UNIT|addiSubi_N:ADD_SUB_UNIT|adder_N:adder|adder:\G_NBit_ADDER:2:ADDER_I|org2:or_gate2           ; org2            ; work         ;
;             |adder:\G_NBit_ADDER:3:ADDER_I|      ; 1 (0)               ; 0 (0)                     ; 0           ; 0            ; 0       ; 0         ; 0    ; 0            ; |RISCV_Processor|alu:ALU_UNIT|addiSubi_N:ADD_SUB_UNIT|adder_N:adder|adder:\G_NBit_ADDER:3:ADDER_I                         ; adder           ; work         ;
;                |org2:or_gate2|                   ; 1 (1)               ; 0 (0)                     ; 0           ; 0            ; 0       ; 0         ; 0    ; 0            ; |RISCV_Processor|alu:ALU_UNIT|addiSubi_N:ADD_SUB_UNIT|adder_N:adder|adder:\G_NBit_ADDER:3:ADDER_I|org2:or_gate2           ; org2            ; work         ;
;             |adder:\G_NBit_ADDER:4:ADDER_I|      ; 1 (0)               ; 0 (0)                     ; 0           ; 0            ; 0       ; 0         ; 0    ; 0            ; |RISCV_Processor|alu:ALU_UNIT|addiSubi_N:ADD_SUB_UNIT|adder_N:adder|adder:\G_NBit_ADDER:4:ADDER_I                         ; adder           ; work         ;
;                |org2:or_gate2|                   ; 1 (1)               ; 0 (0)                     ; 0           ; 0            ; 0       ; 0         ; 0    ; 0            ; |RISCV_Processor|alu:ALU_UNIT|addiSubi_N:ADD_SUB_UNIT|adder_N:adder|adder:\G_NBit_ADDER:4:ADDER_I|org2:or_gate2           ; org2            ; work         ;
;             |adder:\G_NBit_ADDER:5:ADDER_I|      ; 1 (0)               ; 0 (0)                     ; 0           ; 0            ; 0       ; 0         ; 0    ; 0            ; |RISCV_Processor|alu:ALU_UNIT|addiSubi_N:ADD_SUB_UNIT|adder_N:adder|adder:\G_NBit_ADDER:5:ADDER_I                         ; adder           ; work         ;
;                |org2:or_gate2|                   ; 1 (1)               ; 0 (0)                     ; 0           ; 0            ; 0       ; 0         ; 0    ; 0            ; |RISCV_Processor|alu:ALU_UNIT|addiSubi_N:ADD_SUB_UNIT|adder_N:adder|adder:\G_NBit_ADDER:5:ADDER_I|org2:or_gate2           ; org2            ; work         ;
;             |adder:\G_NBit_ADDER:6:ADDER_I|      ; 1 (0)               ; 0 (0)                     ; 0           ; 0            ; 0       ; 0         ; 0    ; 0            ; |RISCV_Processor|alu:ALU_UNIT|addiSubi_N:ADD_SUB_UNIT|adder_N:adder|adder:\G_NBit_ADDER:6:ADDER_I                         ; adder           ; work         ;
;                |org2:or_gate2|                   ; 1 (1)               ; 0 (0)                     ; 0           ; 0            ; 0       ; 0         ; 0    ; 0            ; |RISCV_Processor|alu:ALU_UNIT|addiSubi_N:ADD_SUB_UNIT|adder_N:adder|adder:\G_NBit_ADDER:6:ADDER_I|org2:or_gate2           ; org2            ; work         ;
;             |adder:\G_NBit_ADDER:7:ADDER_I|      ; 1 (0)               ; 0 (0)                     ; 0           ; 0            ; 0       ; 0         ; 0    ; 0            ; |RISCV_Processor|alu:ALU_UNIT|addiSubi_N:ADD_SUB_UNIT|adder_N:adder|adder:\G_NBit_ADDER:7:ADDER_I                         ; adder           ; work         ;
;                |org2:or_gate2|                   ; 1 (1)               ; 0 (0)                     ; 0           ; 0            ; 0       ; 0         ; 0    ; 0            ; |RISCV_Processor|alu:ALU_UNIT|addiSubi_N:ADD_SUB_UNIT|adder_N:adder|adder:\G_NBit_ADDER:7:ADDER_I|org2:or_gate2           ; org2            ; work         ;
;             |adder:\G_NBit_ADDER:8:ADDER_I|      ; 1 (0)               ; 0 (0)                     ; 0           ; 0            ; 0       ; 0         ; 0    ; 0            ; |RISCV_Processor|alu:ALU_UNIT|addiSubi_N:ADD_SUB_UNIT|adder_N:adder|adder:\G_NBit_ADDER:8:ADDER_I                         ; adder           ; work         ;
;                |org2:or_gate2|                   ; 1 (1)               ; 0 (0)                     ; 0           ; 0            ; 0       ; 0         ; 0    ; 0            ; |RISCV_Processor|alu:ALU_UNIT|addiSubi_N:ADD_SUB_UNIT|adder_N:adder|adder:\G_NBit_ADDER:8:ADDER_I|org2:or_gate2           ; org2            ; work         ;
;             |adder:\G_NBit_ADDER:9:ADDER_I|      ; 1 (0)               ; 0 (0)                     ; 0           ; 0            ; 0       ; 0         ; 0    ; 0            ; |RISCV_Processor|alu:ALU_UNIT|addiSubi_N:ADD_SUB_UNIT|adder_N:adder|adder:\G_NBit_ADDER:9:ADDER_I                         ; adder           ; work         ;
;                |org2:or_gate2|                   ; 1 (1)               ; 0 (0)                     ; 0           ; 0            ; 0       ; 0         ; 0    ; 0            ; |RISCV_Processor|alu:ALU_UNIT|addiSubi_N:ADD_SUB_UNIT|adder_N:adder|adder:\G_NBit_ADDER:9:ADDER_I|org2:or_gate2           ; org2            ; work         ;
;          |mux2t1_N:MUX2to1_ALUSrc|               ; 1 (0)               ; 0 (0)                     ; 0           ; 0            ; 0       ; 0         ; 0    ; 0            ; |RISCV_Processor|alu:ALU_UNIT|addiSubi_N:ADD_SUB_UNIT|mux2t1_N:MUX2to1_ALUSrc                                             ; mux2t1_N        ; work         ;
;             |mux2t1:\G_NBit_MUX:0:MUXI|          ; 1 (0)               ; 0 (0)                     ; 0           ; 0            ; 0       ; 0         ; 0    ; 0            ; |RISCV_Processor|alu:ALU_UNIT|addiSubi_N:ADD_SUB_UNIT|mux2t1_N:MUX2to1_ALUSrc|mux2t1:\G_NBit_MUX:0:MUXI                   ; mux2t1          ; work         ;
;                |org2:or_gate|                    ; 1 (1)               ; 0 (0)                     ; 0           ; 0            ; 0       ; 0         ; 0    ; 0            ; |RISCV_Processor|alu:ALU_UNIT|addiSubi_N:ADD_SUB_UNIT|mux2t1_N:MUX2to1_ALUSrc|mux2t1:\G_NBit_MUX:0:MUXI|org2:or_gate      ; org2            ; work         ;
;       |barrelShifter:SHIFT_UNIT|                 ; 270 (2)             ; 0 (0)                     ; 0           ; 0            ; 0       ; 0         ; 0    ; 0            ; |RISCV_Processor|alu:ALU_UNIT|barrelShifter:SHIFT_UNIT                                                                    ; barrelShifter   ; work         ;
;          |shiftBinary:shift16|                   ; 2 (0)               ; 0 (0)                     ; 0           ; 0            ; 0       ; 0         ; 0    ; 0            ; |RISCV_Processor|alu:ALU_UNIT|barrelShifter:SHIFT_UNIT|shiftBinary:shift16                                                ; shiftBinary     ; work         ;
;             |mux2t1:\gen_mux_inputs:0:mux_inst|  ; 2 (0)               ; 0 (0)                     ; 0           ; 0            ; 0       ; 0         ; 0    ; 0            ; |RISCV_Processor|alu:ALU_UNIT|barrelShifter:SHIFT_UNIT|shiftBinary:shift16|mux2t1:\gen_mux_inputs:0:mux_inst              ; mux2t1          ; work         ;
;                |org2:or_gate|                    ; 2 (2)               ; 0 (0)                     ; 0           ; 0            ; 0       ; 0         ; 0    ; 0            ; |RISCV_Processor|alu:ALU_UNIT|barrelShifter:SHIFT_UNIT|shiftBinary:shift16|mux2t1:\gen_mux_inputs:0:mux_inst|org2:or_gate ; org2            ; work         ;
;          |shiftBinary:shift1|                    ; 65 (0)              ; 0 (0)                     ; 0           ; 0            ; 0       ; 0         ; 0    ; 0            ; |RISCV_Processor|alu:ALU_UNIT|barrelShifter:SHIFT_UNIT|shiftBinary:shift1                                                 ; shiftBinary     ; work         ;
;             |mux2t1:\gen_mux_inputs:10:mux_inst| ; 2 (0)               ; 0 (0)                     ; 0           ; 0            ; 0       ; 0         ; 0    ; 0            ; |RISCV_Processor|alu:ALU_UNIT|barrelShifter:SHIFT_UNIT|shiftBinary:shift1|mux2t1:\gen_mux_inputs:10:mux_inst              ; mux2t1          ; work         ;
;                |org2:or_gate|                    ; 2 (2)               ; 0 (0)                     ; 0           ; 0            ; 0       ; 0         ; 0    ; 0            ; |RISCV_Processor|alu:ALU_UNIT|barrelShifter:SHIFT_UNIT|shiftBinary:shift1|mux2t1:\gen_mux_inputs:10:mux_inst|org2:or_gate ; org2            ; work         ;
;             |mux2t1:\gen_mux_inputs:11:mux_inst| ; 2 (0)               ; 0 (0)                     ; 0           ; 0            ; 0       ; 0         ; 0    ; 0            ; |RISCV_Processor|alu:ALU_UNIT|barrelShifter:SHIFT_UNIT|shiftBinary:shift1|mux2t1:\gen_mux_inputs:11:mux_inst              ; mux2t1          ; work         ;
;                |org2:or_gate|                    ; 2 (2)               ; 0 (0)                     ; 0           ; 0            ; 0       ; 0         ; 0    ; 0            ; |RISCV_Processor|alu:ALU_UNIT|barrelShifter:SHIFT_UNIT|shiftBinary:shift1|mux2t1:\gen_mux_inputs:11:mux_inst|org2:or_gate ; org2            ; work         ;
;             |mux2t1:\gen_mux_inputs:12:mux_inst| ; 2 (0)               ; 0 (0)                     ; 0           ; 0            ; 0       ; 0         ; 0    ; 0            ; |RISCV_Processor|alu:ALU_UNIT|barrelShifter:SHIFT_UNIT|shiftBinary:shift1|mux2t1:\gen_mux_inputs:12:mux_inst              ; mux2t1          ; work         ;
;                |org2:or_gate|                    ; 2 (2)               ; 0 (0)                     ; 0           ; 0            ; 0       ; 0         ; 0    ; 0            ; |RISCV_Processor|alu:ALU_UNIT|barrelShifter:SHIFT_UNIT|shiftBinary:shift1|mux2t1:\gen_mux_inputs:12:mux_inst|org2:or_gate ; org2            ; work         ;
;             |mux2t1:\gen_mux_inputs:13:mux_inst| ; 2 (0)               ; 0 (0)                     ; 0           ; 0            ; 0       ; 0         ; 0    ; 0            ; |RISCV_Processor|alu:ALU_UNIT|barrelShifter:SHIFT_UNIT|shiftBinary:shift1|mux2t1:\gen_mux_inputs:13:mux_inst              ; mux2t1          ; work         ;
;                |org2:or_gate|                    ; 2 (2)               ; 0 (0)                     ; 0           ; 0            ; 0       ; 0         ; 0    ; 0            ; |RISCV_Processor|alu:ALU_UNIT|barrelShifter:SHIFT_UNIT|shiftBinary:shift1|mux2t1:\gen_mux_inputs:13:mux_inst|org2:or_gate ; org2            ; work         ;
;             |mux2t1:\gen_mux_inputs:14:mux_inst| ; 2 (0)               ; 0 (0)                     ; 0           ; 0            ; 0       ; 0         ; 0    ; 0            ; |RISCV_Processor|alu:ALU_UNIT|barrelShifter:SHIFT_UNIT|shiftBinary:shift1|mux2t1:\gen_mux_inputs:14:mux_inst              ; mux2t1          ; work         ;
;                |org2:or_gate|                    ; 2 (2)               ; 0 (0)                     ; 0           ; 0            ; 0       ; 0         ; 0    ; 0            ; |RISCV_Processor|alu:ALU_UNIT|barrelShifter:SHIFT_UNIT|shiftBinary:shift1|mux2t1:\gen_mux_inputs:14:mux_inst|org2:or_gate ; org2            ; work         ;
;             |mux2t1:\gen_mux_inputs:15:mux_inst| ; 2 (0)               ; 0 (0)                     ; 0           ; 0            ; 0       ; 0         ; 0    ; 0            ; |RISCV_Processor|alu:ALU_UNIT|barrelShifter:SHIFT_UNIT|shiftBinary:shift1|mux2t1:\gen_mux_inputs:15:mux_inst              ; mux2t1          ; work         ;
;                |org2:or_gate|                    ; 2 (2)               ; 0 (0)                     ; 0           ; 0            ; 0       ; 0         ; 0    ; 0            ; |RISCV_Processor|alu:ALU_UNIT|barrelShifter:SHIFT_UNIT|shiftBinary:shift1|mux2t1:\gen_mux_inputs:15:mux_inst|org2:or_gate ; org2            ; work         ;
;             |mux2t1:\gen_mux_inputs:16:mux_inst| ; 2 (0)               ; 0 (0)                     ; 0           ; 0            ; 0       ; 0         ; 0    ; 0            ; |RISCV_Processor|alu:ALU_UNIT|barrelShifter:SHIFT_UNIT|shiftBinary:shift1|mux2t1:\gen_mux_inputs:16:mux_inst              ; mux2t1          ; work         ;
;                |org2:or_gate|                    ; 2 (2)               ; 0 (0)                     ; 0           ; 0            ; 0       ; 0         ; 0    ; 0            ; |RISCV_Processor|alu:ALU_UNIT|barrelShifter:SHIFT_UNIT|shiftBinary:shift1|mux2t1:\gen_mux_inputs:16:mux_inst|org2:or_gate ; org2            ; work         ;
;             |mux2t1:\gen_mux_inputs:17:mux_inst| ; 2 (0)               ; 0 (0)                     ; 0           ; 0            ; 0       ; 0         ; 0    ; 0            ; |RISCV_Processor|alu:ALU_UNIT|barrelShifter:SHIFT_UNIT|shiftBinary:shift1|mux2t1:\gen_mux_inputs:17:mux_inst              ; mux2t1          ; work         ;
;                |org2:or_gate|                    ; 2 (2)               ; 0 (0)                     ; 0           ; 0            ; 0       ; 0         ; 0    ; 0            ; |RISCV_Processor|alu:ALU_UNIT|barrelShifter:SHIFT_UNIT|shiftBinary:shift1|mux2t1:\gen_mux_inputs:17:mux_inst|org2:or_gate ; org2            ; work         ;
;             |mux2t1:\gen_mux_inputs:18:mux_inst| ; 2 (0)               ; 0 (0)                     ; 0           ; 0            ; 0       ; 0         ; 0    ; 0            ; |RISCV_Processor|alu:ALU_UNIT|barrelShifter:SHIFT_UNIT|shiftBinary:shift1|mux2t1:\gen_mux_inputs:18:mux_inst              ; mux2t1          ; work         ;
;                |org2:or_gate|                    ; 2 (2)               ; 0 (0)                     ; 0           ; 0            ; 0       ; 0         ; 0    ; 0            ; |RISCV_Processor|alu:ALU_UNIT|barrelShifter:SHIFT_UNIT|shiftBinary:shift1|mux2t1:\gen_mux_inputs:18:mux_inst|org2:or_gate ; org2            ; work         ;
;             |mux2t1:\gen_mux_inputs:19:mux_inst| ; 2 (0)               ; 0 (0)                     ; 0           ; 0            ; 0       ; 0         ; 0    ; 0            ; |RISCV_Processor|alu:ALU_UNIT|barrelShifter:SHIFT_UNIT|shiftBinary:shift1|mux2t1:\gen_mux_inputs:19:mux_inst              ; mux2t1          ; work         ;
;                |org2:or_gate|                    ; 2 (2)               ; 0 (0)                     ; 0           ; 0            ; 0       ; 0         ; 0    ; 0            ; |RISCV_Processor|alu:ALU_UNIT|barrelShifter:SHIFT_UNIT|shiftBinary:shift1|mux2t1:\gen_mux_inputs:19:mux_inst|org2:or_gate ; org2            ; work         ;
;             |mux2t1:\gen_mux_inputs:1:mux_inst|  ; 2 (0)               ; 0 (0)                     ; 0           ; 0            ; 0       ; 0         ; 0    ; 0            ; |RISCV_Processor|alu:ALU_UNIT|barrelShifter:SHIFT_UNIT|shiftBinary:shift1|mux2t1:\gen_mux_inputs:1:mux_inst               ; mux2t1          ; work         ;
;                |org2:or_gate|                    ; 2 (2)               ; 0 (0)                     ; 0           ; 0            ; 0       ; 0         ; 0    ; 0            ; |RISCV_Processor|alu:ALU_UNIT|barrelShifter:SHIFT_UNIT|shiftBinary:shift1|mux2t1:\gen_mux_inputs:1:mux_inst|org2:or_gate  ; org2            ; work         ;
;             |mux2t1:\gen_mux_inputs:20:mux_inst| ; 2 (0)               ; 0 (0)                     ; 0           ; 0            ; 0       ; 0         ; 0    ; 0            ; |RISCV_Processor|alu:ALU_UNIT|barrelShifter:SHIFT_UNIT|shiftBinary:shift1|mux2t1:\gen_mux_inputs:20:mux_inst              ; mux2t1          ; work         ;
;                |org2:or_gate|                    ; 2 (2)               ; 0 (0)                     ; 0           ; 0            ; 0       ; 0         ; 0    ; 0            ; |RISCV_Processor|alu:ALU_UNIT|barrelShifter:SHIFT_UNIT|shiftBinary:shift1|mux2t1:\gen_mux_inputs:20:mux_inst|org2:or_gate ; org2            ; work         ;
;             |mux2t1:\gen_mux_inputs:21:mux_inst| ; 2 (0)               ; 0 (0)                     ; 0           ; 0            ; 0       ; 0         ; 0    ; 0            ; |RISCV_Processor|alu:ALU_UNIT|barrelShifter:SHIFT_UNIT|shiftBinary:shift1|mux2t1:\gen_mux_inputs:21:mux_inst              ; mux2t1          ; work         ;
;                |org2:or_gate|                    ; 2 (2)               ; 0 (0)                     ; 0           ; 0            ; 0       ; 0         ; 0    ; 0            ; |RISCV_Processor|alu:ALU_UNIT|barrelShifter:SHIFT_UNIT|shiftBinary:shift1|mux2t1:\gen_mux_inputs:21:mux_inst|org2:or_gate ; org2            ; work         ;
;             |mux2t1:\gen_mux_inputs:22:mux_inst| ; 2 (0)               ; 0 (0)                     ; 0           ; 0            ; 0       ; 0         ; 0    ; 0            ; |RISCV_Processor|alu:ALU_UNIT|barrelShifter:SHIFT_UNIT|shiftBinary:shift1|mux2t1:\gen_mux_inputs:22:mux_inst              ; mux2t1          ; work         ;
;                |org2:or_gate|                    ; 2 (2)               ; 0 (0)                     ; 0           ; 0            ; 0       ; 0         ; 0    ; 0            ; |RISCV_Processor|alu:ALU_UNIT|barrelShifter:SHIFT_UNIT|shiftBinary:shift1|mux2t1:\gen_mux_inputs:22:mux_inst|org2:or_gate ; org2            ; work         ;
;             |mux2t1:\gen_mux_inputs:23:mux_inst| ; 2 (0)               ; 0 (0)                     ; 0           ; 0            ; 0       ; 0         ; 0    ; 0            ; |RISCV_Processor|alu:ALU_UNIT|barrelShifter:SHIFT_UNIT|shiftBinary:shift1|mux2t1:\gen_mux_inputs:23:mux_inst              ; mux2t1          ; work         ;
;                |org2:or_gate|                    ; 2 (2)               ; 0 (0)                     ; 0           ; 0            ; 0       ; 0         ; 0    ; 0            ; |RISCV_Processor|alu:ALU_UNIT|barrelShifter:SHIFT_UNIT|shiftBinary:shift1|mux2t1:\gen_mux_inputs:23:mux_inst|org2:or_gate ; org2            ; work         ;
;             |mux2t1:\gen_mux_inputs:24:mux_inst| ; 2 (0)               ; 0 (0)                     ; 0           ; 0            ; 0       ; 0         ; 0    ; 0            ; |RISCV_Processor|alu:ALU_UNIT|barrelShifter:SHIFT_UNIT|shiftBinary:shift1|mux2t1:\gen_mux_inputs:24:mux_inst              ; mux2t1          ; work         ;
;                |org2:or_gate|                    ; 2 (2)               ; 0 (0)                     ; 0           ; 0            ; 0       ; 0         ; 0    ; 0            ; |RISCV_Processor|alu:ALU_UNIT|barrelShifter:SHIFT_UNIT|shiftBinary:shift1|mux2t1:\gen_mux_inputs:24:mux_inst|org2:or_gate ; org2            ; work         ;
;             |mux2t1:\gen_mux_inputs:25:mux_inst| ; 2 (0)               ; 0 (0)                     ; 0           ; 0            ; 0       ; 0         ; 0    ; 0            ; |RISCV_Processor|alu:ALU_UNIT|barrelShifter:SHIFT_UNIT|shiftBinary:shift1|mux2t1:\gen_mux_inputs:25:mux_inst              ; mux2t1          ; work         ;
;                |org2:or_gate|                    ; 2 (2)               ; 0 (0)                     ; 0           ; 0            ; 0       ; 0         ; 0    ; 0            ; |RISCV_Processor|alu:ALU_UNIT|barrelShifter:SHIFT_UNIT|shiftBinary:shift1|mux2t1:\gen_mux_inputs:25:mux_inst|org2:or_gate ; org2            ; work         ;
;             |mux2t1:\gen_mux_inputs:26:mux_inst| ; 2 (0)               ; 0 (0)                     ; 0           ; 0            ; 0       ; 0         ; 0    ; 0            ; |RISCV_Processor|alu:ALU_UNIT|barrelShifter:SHIFT_UNIT|shiftBinary:shift1|mux2t1:\gen_mux_inputs:26:mux_inst              ; mux2t1          ; work         ;
;                |org2:or_gate|                    ; 2 (2)               ; 0 (0)                     ; 0           ; 0            ; 0       ; 0         ; 0    ; 0            ; |RISCV_Processor|alu:ALU_UNIT|barrelShifter:SHIFT_UNIT|shiftBinary:shift1|mux2t1:\gen_mux_inputs:26:mux_inst|org2:or_gate ; org2            ; work         ;
;             |mux2t1:\gen_mux_inputs:27:mux_inst| ; 2 (0)               ; 0 (0)                     ; 0           ; 0            ; 0       ; 0         ; 0    ; 0            ; |RISCV_Processor|alu:ALU_UNIT|barrelShifter:SHIFT_UNIT|shiftBinary:shift1|mux2t1:\gen_mux_inputs:27:mux_inst              ; mux2t1          ; work         ;
;                |org2:or_gate|                    ; 2 (2)               ; 0 (0)                     ; 0           ; 0            ; 0       ; 0         ; 0    ; 0            ; |RISCV_Processor|alu:ALU_UNIT|barrelShifter:SHIFT_UNIT|shiftBinary:shift1|mux2t1:\gen_mux_inputs:27:mux_inst|org2:or_gate ; org2            ; work         ;
;             |mux2t1:\gen_mux_inputs:28:mux_inst| ; 2 (0)               ; 0 (0)                     ; 0           ; 0            ; 0       ; 0         ; 0    ; 0            ; |RISCV_Processor|alu:ALU_UNIT|barrelShifter:SHIFT_UNIT|shiftBinary:shift1|mux2t1:\gen_mux_inputs:28:mux_inst              ; mux2t1          ; work         ;
;                |org2:or_gate|                    ; 2 (2)               ; 0 (0)                     ; 0           ; 0            ; 0       ; 0         ; 0    ; 0            ; |RISCV_Processor|alu:ALU_UNIT|barrelShifter:SHIFT_UNIT|shiftBinary:shift1|mux2t1:\gen_mux_inputs:28:mux_inst|org2:or_gate ; org2            ; work         ;
;             |mux2t1:\gen_mux_inputs:29:mux_inst| ; 2 (0)               ; 0 (0)                     ; 0           ; 0            ; 0       ; 0         ; 0    ; 0            ; |RISCV_Processor|alu:ALU_UNIT|barrelShifter:SHIFT_UNIT|shiftBinary:shift1|mux2t1:\gen_mux_inputs:29:mux_inst              ; mux2t1          ; work         ;
;                |org2:or_gate|                    ; 2 (2)               ; 0 (0)                     ; 0           ; 0            ; 0       ; 0         ; 0    ; 0            ; |RISCV_Processor|alu:ALU_UNIT|barrelShifter:SHIFT_UNIT|shiftBinary:shift1|mux2t1:\gen_mux_inputs:29:mux_inst|org2:or_gate ; org2            ; work         ;
;             |mux2t1:\gen_mux_inputs:2:mux_inst|  ; 2 (0)               ; 0 (0)                     ; 0           ; 0            ; 0       ; 0         ; 0    ; 0            ; |RISCV_Processor|alu:ALU_UNIT|barrelShifter:SHIFT_UNIT|shiftBinary:shift1|mux2t1:\gen_mux_inputs:2:mux_inst               ; mux2t1          ; work         ;
;                |org2:or_gate|                    ; 2 (2)               ; 0 (0)                     ; 0           ; 0            ; 0       ; 0         ; 0    ; 0            ; |RISCV_Processor|alu:ALU_UNIT|barrelShifter:SHIFT_UNIT|shiftBinary:shift1|mux2t1:\gen_mux_inputs:2:mux_inst|org2:or_gate  ; org2            ; work         ;
;             |mux2t1:\gen_mux_inputs:30:mux_inst| ; 3 (0)               ; 0 (0)                     ; 0           ; 0            ; 0       ; 0         ; 0    ; 0            ; |RISCV_Processor|alu:ALU_UNIT|barrelShifter:SHIFT_UNIT|shiftBinary:shift1|mux2t1:\gen_mux_inputs:30:mux_inst              ; mux2t1          ; work         ;
;                |org2:or_gate|                    ; 3 (3)               ; 0 (0)                     ; 0           ; 0            ; 0       ; 0         ; 0    ; 0            ; |RISCV_Processor|alu:ALU_UNIT|barrelShifter:SHIFT_UNIT|shiftBinary:shift1|mux2t1:\gen_mux_inputs:30:mux_inst|org2:or_gate ; org2            ; work         ;
;             |mux2t1:\gen_mux_inputs:31:mux_inst| ; 4 (0)               ; 0 (0)                     ; 0           ; 0            ; 0       ; 0         ; 0    ; 0            ; |RISCV_Processor|alu:ALU_UNIT|barrelShifter:SHIFT_UNIT|shiftBinary:shift1|mux2t1:\gen_mux_inputs:31:mux_inst              ; mux2t1          ; work         ;
;                |org2:or_gate|                    ; 4 (4)               ; 0 (0)                     ; 0           ; 0            ; 0       ; 0         ; 0    ; 0            ; |RISCV_Processor|alu:ALU_UNIT|barrelShifter:SHIFT_UNIT|shiftBinary:shift1|mux2t1:\gen_mux_inputs:31:mux_inst|org2:or_gate ; org2            ; work         ;
;             |mux2t1:\gen_mux_inputs:3:mux_inst|  ; 2 (0)               ; 0 (0)                     ; 0           ; 0            ; 0       ; 0         ; 0    ; 0            ; |RISCV_Processor|alu:ALU_UNIT|barrelShifter:SHIFT_UNIT|shiftBinary:shift1|mux2t1:\gen_mux_inputs:3:mux_inst               ; mux2t1          ; work         ;
;                |org2:or_gate|                    ; 2 (2)               ; 0 (0)                     ; 0           ; 0            ; 0       ; 0         ; 0    ; 0            ; |RISCV_Processor|alu:ALU_UNIT|barrelShifter:SHIFT_UNIT|shiftBinary:shift1|mux2t1:\gen_mux_inputs:3:mux_inst|org2:or_gate  ; org2            ; work         ;
;             |mux2t1:\gen_mux_inputs:4:mux_inst|  ; 2 (0)               ; 0 (0)                     ; 0           ; 0            ; 0       ; 0         ; 0    ; 0            ; |RISCV_Processor|alu:ALU_UNIT|barrelShifter:SHIFT_UNIT|shiftBinary:shift1|mux2t1:\gen_mux_inputs:4:mux_inst               ; mux2t1          ; work         ;
;                |org2:or_gate|                    ; 2 (2)               ; 0 (0)                     ; 0           ; 0            ; 0       ; 0         ; 0    ; 0            ; |RISCV_Processor|alu:ALU_UNIT|barrelShifter:SHIFT_UNIT|shiftBinary:shift1|mux2t1:\gen_mux_inputs:4:mux_inst|org2:or_gate  ; org2            ; work         ;
;             |mux2t1:\gen_mux_inputs:5:mux_inst|  ; 2 (0)               ; 0 (0)                     ; 0           ; 0            ; 0       ; 0         ; 0    ; 0            ; |RISCV_Processor|alu:ALU_UNIT|barrelShifter:SHIFT_UNIT|shiftBinary:shift1|mux2t1:\gen_mux_inputs:5:mux_inst               ; mux2t1          ; work         ;
;                |org2:or_gate|                    ; 2 (2)               ; 0 (0)                     ; 0           ; 0            ; 0       ; 0         ; 0    ; 0            ; |RISCV_Processor|alu:ALU_UNIT|barrelShifter:SHIFT_UNIT|shiftBinary:shift1|mux2t1:\gen_mux_inputs:5:mux_inst|org2:or_gate  ; org2            ; work         ;
;             |mux2t1:\gen_mux_inputs:6:mux_inst|  ; 2 (0)               ; 0 (0)                     ; 0           ; 0            ; 0       ; 0         ; 0    ; 0            ; |RISCV_Processor|alu:ALU_UNIT|barrelShifter:SHIFT_UNIT|shiftBinary:shift1|mux2t1:\gen_mux_inputs:6:mux_inst               ; mux2t1          ; work         ;
;                |org2:or_gate|                    ; 2 (2)               ; 0 (0)                     ; 0           ; 0            ; 0       ; 0         ; 0    ; 0            ; |RISCV_Processor|alu:ALU_UNIT|barrelShifter:SHIFT_UNIT|shiftBinary:shift1|mux2t1:\gen_mux_inputs:6:mux_inst|org2:or_gate  ; org2            ; work         ;
;             |mux2t1:\gen_mux_inputs:7:mux_inst|  ; 2 (0)               ; 0 (0)                     ; 0           ; 0            ; 0       ; 0         ; 0    ; 0            ; |RISCV_Processor|alu:ALU_UNIT|barrelShifter:SHIFT_UNIT|shiftBinary:shift1|mux2t1:\gen_mux_inputs:7:mux_inst               ; mux2t1          ; work         ;
;                |org2:or_gate|                    ; 2 (2)               ; 0 (0)                     ; 0           ; 0            ; 0       ; 0         ; 0    ; 0            ; |RISCV_Processor|alu:ALU_UNIT|barrelShifter:SHIFT_UNIT|shiftBinary:shift1|mux2t1:\gen_mux_inputs:7:mux_inst|org2:or_gate  ; org2            ; work         ;
;             |mux2t1:\gen_mux_inputs:8:mux_inst|  ; 2 (0)               ; 0 (0)                     ; 0           ; 0            ; 0       ; 0         ; 0    ; 0            ; |RISCV_Processor|alu:ALU_UNIT|barrelShifter:SHIFT_UNIT|shiftBinary:shift1|mux2t1:\gen_mux_inputs:8:mux_inst               ; mux2t1          ; work         ;
;                |org2:or_gate|                    ; 2 (2)               ; 0 (0)                     ; 0           ; 0            ; 0       ; 0         ; 0    ; 0            ; |RISCV_Processor|alu:ALU_UNIT|barrelShifter:SHIFT_UNIT|shiftBinary:shift1|mux2t1:\gen_mux_inputs:8:mux_inst|org2:or_gate  ; org2            ; work         ;
;             |mux2t1:\gen_mux_inputs:9:mux_inst|  ; 2 (0)               ; 0 (0)                     ; 0           ; 0            ; 0       ; 0         ; 0    ; 0            ; |RISCV_Processor|alu:ALU_UNIT|barrelShifter:SHIFT_UNIT|shiftBinary:shift1|mux2t1:\gen_mux_inputs:9:mux_inst               ; mux2t1          ; work         ;
;                |org2:or_gate|                    ; 2 (2)               ; 0 (0)                     ; 0           ; 0            ; 0       ; 0         ; 0    ; 0            ; |RISCV_Processor|alu:ALU_UNIT|barrelShifter:SHIFT_UNIT|shiftBinary:shift1|mux2t1:\gen_mux_inputs:9:mux_inst|org2:or_gate  ; org2            ; work         ;
;          |shiftBinary:shift2|                    ; 69 (0)              ; 0 (0)                     ; 0           ; 0            ; 0       ; 0         ; 0    ; 0            ; |RISCV_Processor|alu:ALU_UNIT|barrelShifter:SHIFT_UNIT|shiftBinary:shift2                                                 ; shiftBinary     ; work         ;
;             |mux2t1:\gen_mux_inputs:0:mux_inst|  ; 2 (0)               ; 0 (0)                     ; 0           ; 0            ; 0       ; 0         ; 0    ; 0            ; |RISCV_Processor|alu:ALU_UNIT|barrelShifter:SHIFT_UNIT|shiftBinary:shift2|mux2t1:\gen_mux_inputs:0:mux_inst               ; mux2t1          ; work         ;
;                |org2:or_gate|                    ; 2 (2)               ; 0 (0)                     ; 0           ; 0            ; 0       ; 0         ; 0    ; 0            ; |RISCV_Processor|alu:ALU_UNIT|barrelShifter:SHIFT_UNIT|shiftBinary:shift2|mux2t1:\gen_mux_inputs:0:mux_inst|org2:or_gate  ; org2            ; work         ;
;             |mux2t1:\gen_mux_inputs:10:mux_inst| ; 2 (0)               ; 0 (0)                     ; 0           ; 0            ; 0       ; 0         ; 0    ; 0            ; |RISCV_Processor|alu:ALU_UNIT|barrelShifter:SHIFT_UNIT|shiftBinary:shift2|mux2t1:\gen_mux_inputs:10:mux_inst              ; mux2t1          ; work         ;
;                |org2:or_gate|                    ; 2 (2)               ; 0 (0)                     ; 0           ; 0            ; 0       ; 0         ; 0    ; 0            ; |RISCV_Processor|alu:ALU_UNIT|barrelShifter:SHIFT_UNIT|shiftBinary:shift2|mux2t1:\gen_mux_inputs:10:mux_inst|org2:or_gate ; org2            ; work         ;
;             |mux2t1:\gen_mux_inputs:11:mux_inst| ; 2 (0)               ; 0 (0)                     ; 0           ; 0            ; 0       ; 0         ; 0    ; 0            ; |RISCV_Processor|alu:ALU_UNIT|barrelShifter:SHIFT_UNIT|shiftBinary:shift2|mux2t1:\gen_mux_inputs:11:mux_inst              ; mux2t1          ; work         ;
;                |org2:or_gate|                    ; 2 (2)               ; 0 (0)                     ; 0           ; 0            ; 0       ; 0         ; 0    ; 0            ; |RISCV_Processor|alu:ALU_UNIT|barrelShifter:SHIFT_UNIT|shiftBinary:shift2|mux2t1:\gen_mux_inputs:11:mux_inst|org2:or_gate ; org2            ; work         ;
;             |mux2t1:\gen_mux_inputs:12:mux_inst| ; 2 (0)               ; 0 (0)                     ; 0           ; 0            ; 0       ; 0         ; 0    ; 0            ; |RISCV_Processor|alu:ALU_UNIT|barrelShifter:SHIFT_UNIT|shiftBinary:shift2|mux2t1:\gen_mux_inputs:12:mux_inst              ; mux2t1          ; work         ;
;                |org2:or_gate|                    ; 2 (2)               ; 0 (0)                     ; 0           ; 0            ; 0       ; 0         ; 0    ; 0            ; |RISCV_Processor|alu:ALU_UNIT|barrelShifter:SHIFT_UNIT|shiftBinary:shift2|mux2t1:\gen_mux_inputs:12:mux_inst|org2:or_gate ; org2            ; work         ;
;             |mux2t1:\gen_mux_inputs:13:mux_inst| ; 3 (0)               ; 0 (0)                     ; 0           ; 0            ; 0       ; 0         ; 0    ; 0            ; |RISCV_Processor|alu:ALU_UNIT|barrelShifter:SHIFT_UNIT|shiftBinary:shift2|mux2t1:\gen_mux_inputs:13:mux_inst              ; mux2t1          ; work         ;
;                |org2:or_gate|                    ; 3 (3)               ; 0 (0)                     ; 0           ; 0            ; 0       ; 0         ; 0    ; 0            ; |RISCV_Processor|alu:ALU_UNIT|barrelShifter:SHIFT_UNIT|shiftBinary:shift2|mux2t1:\gen_mux_inputs:13:mux_inst|org2:or_gate ; org2            ; work         ;
;             |mux2t1:\gen_mux_inputs:14:mux_inst| ; 3 (0)               ; 0 (0)                     ; 0           ; 0            ; 0       ; 0         ; 0    ; 0            ; |RISCV_Processor|alu:ALU_UNIT|barrelShifter:SHIFT_UNIT|shiftBinary:shift2|mux2t1:\gen_mux_inputs:14:mux_inst              ; mux2t1          ; work         ;
;                |org2:or_gate|                    ; 3 (3)               ; 0 (0)                     ; 0           ; 0            ; 0       ; 0         ; 0    ; 0            ; |RISCV_Processor|alu:ALU_UNIT|barrelShifter:SHIFT_UNIT|shiftBinary:shift2|mux2t1:\gen_mux_inputs:14:mux_inst|org2:or_gate ; org2            ; work         ;
;             |mux2t1:\gen_mux_inputs:15:mux_inst| ; 2 (0)               ; 0 (0)                     ; 0           ; 0            ; 0       ; 0         ; 0    ; 0            ; |RISCV_Processor|alu:ALU_UNIT|barrelShifter:SHIFT_UNIT|shiftBinary:shift2|mux2t1:\gen_mux_inputs:15:mux_inst              ; mux2t1          ; work         ;
;                |org2:or_gate|                    ; 2 (2)               ; 0 (0)                     ; 0           ; 0            ; 0       ; 0         ; 0    ; 0            ; |RISCV_Processor|alu:ALU_UNIT|barrelShifter:SHIFT_UNIT|shiftBinary:shift2|mux2t1:\gen_mux_inputs:15:mux_inst|org2:or_gate ; org2            ; work         ;
;             |mux2t1:\gen_mux_inputs:16:mux_inst| ; 2 (0)               ; 0 (0)                     ; 0           ; 0            ; 0       ; 0         ; 0    ; 0            ; |RISCV_Processor|alu:ALU_UNIT|barrelShifter:SHIFT_UNIT|shiftBinary:shift2|mux2t1:\gen_mux_inputs:16:mux_inst              ; mux2t1          ; work         ;
;                |org2:or_gate|                    ; 2 (2)               ; 0 (0)                     ; 0           ; 0            ; 0       ; 0         ; 0    ; 0            ; |RISCV_Processor|alu:ALU_UNIT|barrelShifter:SHIFT_UNIT|shiftBinary:shift2|mux2t1:\gen_mux_inputs:16:mux_inst|org2:or_gate ; org2            ; work         ;
;             |mux2t1:\gen_mux_inputs:17:mux_inst| ; 2 (0)               ; 0 (0)                     ; 0           ; 0            ; 0       ; 0         ; 0    ; 0            ; |RISCV_Processor|alu:ALU_UNIT|barrelShifter:SHIFT_UNIT|shiftBinary:shift2|mux2t1:\gen_mux_inputs:17:mux_inst              ; mux2t1          ; work         ;
;                |org2:or_gate|                    ; 2 (2)               ; 0 (0)                     ; 0           ; 0            ; 0       ; 0         ; 0    ; 0            ; |RISCV_Processor|alu:ALU_UNIT|barrelShifter:SHIFT_UNIT|shiftBinary:shift2|mux2t1:\gen_mux_inputs:17:mux_inst|org2:or_gate ; org2            ; work         ;
;             |mux2t1:\gen_mux_inputs:18:mux_inst| ; 2 (0)               ; 0 (0)                     ; 0           ; 0            ; 0       ; 0         ; 0    ; 0            ; |RISCV_Processor|alu:ALU_UNIT|barrelShifter:SHIFT_UNIT|shiftBinary:shift2|mux2t1:\gen_mux_inputs:18:mux_inst              ; mux2t1          ; work         ;
;                |org2:or_gate|                    ; 2 (2)               ; 0 (0)                     ; 0           ; 0            ; 0       ; 0         ; 0    ; 0            ; |RISCV_Processor|alu:ALU_UNIT|barrelShifter:SHIFT_UNIT|shiftBinary:shift2|mux2t1:\gen_mux_inputs:18:mux_inst|org2:or_gate ; org2            ; work         ;
;             |mux2t1:\gen_mux_inputs:19:mux_inst| ; 2 (0)               ; 0 (0)                     ; 0           ; 0            ; 0       ; 0         ; 0    ; 0            ; |RISCV_Processor|alu:ALU_UNIT|barrelShifter:SHIFT_UNIT|shiftBinary:shift2|mux2t1:\gen_mux_inputs:19:mux_inst              ; mux2t1          ; work         ;
;                |org2:or_gate|                    ; 2 (2)               ; 0 (0)                     ; 0           ; 0            ; 0       ; 0         ; 0    ; 0            ; |RISCV_Processor|alu:ALU_UNIT|barrelShifter:SHIFT_UNIT|shiftBinary:shift2|mux2t1:\gen_mux_inputs:19:mux_inst|org2:or_gate ; org2            ; work         ;
;             |mux2t1:\gen_mux_inputs:20:mux_inst| ; 2 (0)               ; 0 (0)                     ; 0           ; 0            ; 0       ; 0         ; 0    ; 0            ; |RISCV_Processor|alu:ALU_UNIT|barrelShifter:SHIFT_UNIT|shiftBinary:shift2|mux2t1:\gen_mux_inputs:20:mux_inst              ; mux2t1          ; work         ;
;                |org2:or_gate|                    ; 2 (2)               ; 0 (0)                     ; 0           ; 0            ; 0       ; 0         ; 0    ; 0            ; |RISCV_Processor|alu:ALU_UNIT|barrelShifter:SHIFT_UNIT|shiftBinary:shift2|mux2t1:\gen_mux_inputs:20:mux_inst|org2:or_gate ; org2            ; work         ;
;             |mux2t1:\gen_mux_inputs:21:mux_inst| ; 2 (0)               ; 0 (0)                     ; 0           ; 0            ; 0       ; 0         ; 0    ; 0            ; |RISCV_Processor|alu:ALU_UNIT|barrelShifter:SHIFT_UNIT|shiftBinary:shift2|mux2t1:\gen_mux_inputs:21:mux_inst              ; mux2t1          ; work         ;
;                |org2:or_gate|                    ; 2 (2)               ; 0 (0)                     ; 0           ; 0            ; 0       ; 0         ; 0    ; 0            ; |RISCV_Processor|alu:ALU_UNIT|barrelShifter:SHIFT_UNIT|shiftBinary:shift2|mux2t1:\gen_mux_inputs:21:mux_inst|org2:or_gate ; org2            ; work         ;
;             |mux2t1:\gen_mux_inputs:22:mux_inst| ; 3 (0)               ; 0 (0)                     ; 0           ; 0            ; 0       ; 0         ; 0    ; 0            ; |RISCV_Processor|alu:ALU_UNIT|barrelShifter:SHIFT_UNIT|shiftBinary:shift2|mux2t1:\gen_mux_inputs:22:mux_inst              ; mux2t1          ; work         ;
;                |org2:or_gate|                    ; 3 (3)               ; 0 (0)                     ; 0           ; 0            ; 0       ; 0         ; 0    ; 0            ; |RISCV_Processor|alu:ALU_UNIT|barrelShifter:SHIFT_UNIT|shiftBinary:shift2|mux2t1:\gen_mux_inputs:22:mux_inst|org2:or_gate ; org2            ; work         ;
;             |mux2t1:\gen_mux_inputs:23:mux_inst| ; 3 (0)               ; 0 (0)                     ; 0           ; 0            ; 0       ; 0         ; 0    ; 0            ; |RISCV_Processor|alu:ALU_UNIT|barrelShifter:SHIFT_UNIT|shiftBinary:shift2|mux2t1:\gen_mux_inputs:23:mux_inst              ; mux2t1          ; work         ;
;                |org2:or_gate|                    ; 3 (3)               ; 0 (0)                     ; 0           ; 0            ; 0       ; 0         ; 0    ; 0            ; |RISCV_Processor|alu:ALU_UNIT|barrelShifter:SHIFT_UNIT|shiftBinary:shift2|mux2t1:\gen_mux_inputs:23:mux_inst|org2:or_gate ; org2            ; work         ;
;             |mux2t1:\gen_mux_inputs:24:mux_inst| ; 2 (0)               ; 0 (0)                     ; 0           ; 0            ; 0       ; 0         ; 0    ; 0            ; |RISCV_Processor|alu:ALU_UNIT|barrelShifter:SHIFT_UNIT|shiftBinary:shift2|mux2t1:\gen_mux_inputs:24:mux_inst              ; mux2t1          ; work         ;
;                |org2:or_gate|                    ; 2 (2)               ; 0 (0)                     ; 0           ; 0            ; 0       ; 0         ; 0    ; 0            ; |RISCV_Processor|alu:ALU_UNIT|barrelShifter:SHIFT_UNIT|shiftBinary:shift2|mux2t1:\gen_mux_inputs:24:mux_inst|org2:or_gate ; org2            ; work         ;
;             |mux2t1:\gen_mux_inputs:25:mux_inst| ; 2 (0)               ; 0 (0)                     ; 0           ; 0            ; 0       ; 0         ; 0    ; 0            ; |RISCV_Processor|alu:ALU_UNIT|barrelShifter:SHIFT_UNIT|shiftBinary:shift2|mux2t1:\gen_mux_inputs:25:mux_inst              ; mux2t1          ; work         ;
;                |org2:or_gate|                    ; 2 (2)               ; 0 (0)                     ; 0           ; 0            ; 0       ; 0         ; 0    ; 0            ; |RISCV_Processor|alu:ALU_UNIT|barrelShifter:SHIFT_UNIT|shiftBinary:shift2|mux2t1:\gen_mux_inputs:25:mux_inst|org2:or_gate ; org2            ; work         ;
;             |mux2t1:\gen_mux_inputs:26:mux_inst| ; 2 (0)               ; 0 (0)                     ; 0           ; 0            ; 0       ; 0         ; 0    ; 0            ; |RISCV_Processor|alu:ALU_UNIT|barrelShifter:SHIFT_UNIT|shiftBinary:shift2|mux2t1:\gen_mux_inputs:26:mux_inst              ; mux2t1          ; work         ;
;                |org2:or_gate|                    ; 2 (2)               ; 0 (0)                     ; 0           ; 0            ; 0       ; 0         ; 0    ; 0            ; |RISCV_Processor|alu:ALU_UNIT|barrelShifter:SHIFT_UNIT|shiftBinary:shift2|mux2t1:\gen_mux_inputs:26:mux_inst|org2:or_gate ; org2            ; work         ;
;             |mux2t1:\gen_mux_inputs:27:mux_inst| ; 2 (0)               ; 0 (0)                     ; 0           ; 0            ; 0       ; 0         ; 0    ; 0            ; |RISCV_Processor|alu:ALU_UNIT|barrelShifter:SHIFT_UNIT|shiftBinary:shift2|mux2t1:\gen_mux_inputs:27:mux_inst              ; mux2t1          ; work         ;
;                |org2:or_gate|                    ; 2 (2)               ; 0 (0)                     ; 0           ; 0            ; 0       ; 0         ; 0    ; 0            ; |RISCV_Processor|alu:ALU_UNIT|barrelShifter:SHIFT_UNIT|shiftBinary:shift2|mux2t1:\gen_mux_inputs:27:mux_inst|org2:or_gate ; org2            ; work         ;
;             |mux2t1:\gen_mux_inputs:28:mux_inst| ; 3 (0)               ; 0 (0)                     ; 0           ; 0            ; 0       ; 0         ; 0    ; 0            ; |RISCV_Processor|alu:ALU_UNIT|barrelShifter:SHIFT_UNIT|shiftBinary:shift2|mux2t1:\gen_mux_inputs:28:mux_inst              ; mux2t1          ; work         ;
;                |org2:or_gate|                    ; 3 (3)               ; 0 (0)                     ; 0           ; 0            ; 0       ; 0         ; 0    ; 0            ; |RISCV_Processor|alu:ALU_UNIT|barrelShifter:SHIFT_UNIT|shiftBinary:shift2|mux2t1:\gen_mux_inputs:28:mux_inst|org2:or_gate ; org2            ; work         ;
;             |mux2t1:\gen_mux_inputs:29:mux_inst| ; 3 (0)               ; 0 (0)                     ; 0           ; 0            ; 0       ; 0         ; 0    ; 0            ; |RISCV_Processor|alu:ALU_UNIT|barrelShifter:SHIFT_UNIT|shiftBinary:shift2|mux2t1:\gen_mux_inputs:29:mux_inst              ; mux2t1          ; work         ;
;                |org2:or_gate|                    ; 3 (3)               ; 0 (0)                     ; 0           ; 0            ; 0       ; 0         ; 0    ; 0            ; |RISCV_Processor|alu:ALU_UNIT|barrelShifter:SHIFT_UNIT|shiftBinary:shift2|mux2t1:\gen_mux_inputs:29:mux_inst|org2:or_gate ; org2            ; work         ;
;             |mux2t1:\gen_mux_inputs:2:mux_inst|  ; 2 (0)               ; 0 (0)                     ; 0           ; 0            ; 0       ; 0         ; 0    ; 0            ; |RISCV_Processor|alu:ALU_UNIT|barrelShifter:SHIFT_UNIT|shiftBinary:shift2|mux2t1:\gen_mux_inputs:2:mux_inst               ; mux2t1          ; work         ;
;                |org2:or_gate|                    ; 2 (2)               ; 0 (0)                     ; 0           ; 0            ; 0       ; 0         ; 0    ; 0            ; |RISCV_Processor|alu:ALU_UNIT|barrelShifter:SHIFT_UNIT|shiftBinary:shift2|mux2t1:\gen_mux_inputs:2:mux_inst|org2:or_gate  ; org2            ; work         ;
;             |mux2t1:\gen_mux_inputs:30:mux_inst| ; 2 (0)               ; 0 (0)                     ; 0           ; 0            ; 0       ; 0         ; 0    ; 0            ; |RISCV_Processor|alu:ALU_UNIT|barrelShifter:SHIFT_UNIT|shiftBinary:shift2|mux2t1:\gen_mux_inputs:30:mux_inst              ; mux2t1          ; work         ;
;                |org2:or_gate|                    ; 2 (2)               ; 0 (0)                     ; 0           ; 0            ; 0       ; 0         ; 0    ; 0            ; |RISCV_Processor|alu:ALU_UNIT|barrelShifter:SHIFT_UNIT|shiftBinary:shift2|mux2t1:\gen_mux_inputs:30:mux_inst|org2:or_gate ; org2            ; work         ;
;             |mux2t1:\gen_mux_inputs:31:mux_inst| ; 2 (0)               ; 0 (0)                     ; 0           ; 0            ; 0       ; 0         ; 0    ; 0            ; |RISCV_Processor|alu:ALU_UNIT|barrelShifter:SHIFT_UNIT|shiftBinary:shift2|mux2t1:\gen_mux_inputs:31:mux_inst              ; mux2t1          ; work         ;
;                |org2:or_gate|                    ; 2 (2)               ; 0 (0)                     ; 0           ; 0            ; 0       ; 0         ; 0    ; 0            ; |RISCV_Processor|alu:ALU_UNIT|barrelShifter:SHIFT_UNIT|shiftBinary:shift2|mux2t1:\gen_mux_inputs:31:mux_inst|org2:or_gate ; org2            ; work         ;
;             |mux2t1:\gen_mux_inputs:3:mux_inst|  ; 2 (0)               ; 0 (0)                     ; 0           ; 0            ; 0       ; 0         ; 0    ; 0            ; |RISCV_Processor|alu:ALU_UNIT|barrelShifter:SHIFT_UNIT|shiftBinary:shift2|mux2t1:\gen_mux_inputs:3:mux_inst               ; mux2t1          ; work         ;
;                |org2:or_gate|                    ; 2 (2)               ; 0 (0)                     ; 0           ; 0            ; 0       ; 0         ; 0    ; 0            ; |RISCV_Processor|alu:ALU_UNIT|barrelShifter:SHIFT_UNIT|shiftBinary:shift2|mux2t1:\gen_mux_inputs:3:mux_inst|org2:or_gate  ; org2            ; work         ;
;             |mux2t1:\gen_mux_inputs:4:mux_inst|  ; 3 (0)               ; 0 (0)                     ; 0           ; 0            ; 0       ; 0         ; 0    ; 0            ; |RISCV_Processor|alu:ALU_UNIT|barrelShifter:SHIFT_UNIT|shiftBinary:shift2|mux2t1:\gen_mux_inputs:4:mux_inst               ; mux2t1          ; work         ;
;                |org2:or_gate|                    ; 3 (3)               ; 0 (0)                     ; 0           ; 0            ; 0       ; 0         ; 0    ; 0            ; |RISCV_Processor|alu:ALU_UNIT|barrelShifter:SHIFT_UNIT|shiftBinary:shift2|mux2t1:\gen_mux_inputs:4:mux_inst|org2:or_gate  ; org2            ; work         ;
;             |mux2t1:\gen_mux_inputs:5:mux_inst|  ; 2 (0)               ; 0 (0)                     ; 0           ; 0            ; 0       ; 0         ; 0    ; 0            ; |RISCV_Processor|alu:ALU_UNIT|barrelShifter:SHIFT_UNIT|shiftBinary:shift2|mux2t1:\gen_mux_inputs:5:mux_inst               ; mux2t1          ; work         ;
;                |org2:or_gate|                    ; 2 (2)               ; 0 (0)                     ; 0           ; 0            ; 0       ; 0         ; 0    ; 0            ; |RISCV_Processor|alu:ALU_UNIT|barrelShifter:SHIFT_UNIT|shiftBinary:shift2|mux2t1:\gen_mux_inputs:5:mux_inst|org2:or_gate  ; org2            ; work         ;
;             |mux2t1:\gen_mux_inputs:6:mux_inst|  ; 2 (0)               ; 0 (0)                     ; 0           ; 0            ; 0       ; 0         ; 0    ; 0            ; |RISCV_Processor|alu:ALU_UNIT|barrelShifter:SHIFT_UNIT|shiftBinary:shift2|mux2t1:\gen_mux_inputs:6:mux_inst               ; mux2t1          ; work         ;
;                |org2:or_gate|                    ; 2 (2)               ; 0 (0)                     ; 0           ; 0            ; 0       ; 0         ; 0    ; 0            ; |RISCV_Processor|alu:ALU_UNIT|barrelShifter:SHIFT_UNIT|shiftBinary:shift2|mux2t1:\gen_mux_inputs:6:mux_inst|org2:or_gate  ; org2            ; work         ;
;             |mux2t1:\gen_mux_inputs:7:mux_inst|  ; 2 (0)               ; 0 (0)                     ; 0           ; 0            ; 0       ; 0         ; 0    ; 0            ; |RISCV_Processor|alu:ALU_UNIT|barrelShifter:SHIFT_UNIT|shiftBinary:shift2|mux2t1:\gen_mux_inputs:7:mux_inst               ; mux2t1          ; work         ;
;                |org2:or_gate|                    ; 2 (2)               ; 0 (0)                     ; 0           ; 0            ; 0       ; 0         ; 0    ; 0            ; |RISCV_Processor|alu:ALU_UNIT|barrelShifter:SHIFT_UNIT|shiftBinary:shift2|mux2t1:\gen_mux_inputs:7:mux_inst|org2:or_gate  ; org2            ; work         ;
;             |mux2t1:\gen_mux_inputs:8:mux_inst|  ; 2 (0)               ; 0 (0)                     ; 0           ; 0            ; 0       ; 0         ; 0    ; 0            ; |RISCV_Processor|alu:ALU_UNIT|barrelShifter:SHIFT_UNIT|shiftBinary:shift2|mux2t1:\gen_mux_inputs:8:mux_inst               ; mux2t1          ; work         ;
;                |org2:or_gate|                    ; 2 (2)               ; 0 (0)                     ; 0           ; 0            ; 0       ; 0         ; 0    ; 0            ; |RISCV_Processor|alu:ALU_UNIT|barrelShifter:SHIFT_UNIT|shiftBinary:shift2|mux2t1:\gen_mux_inputs:8:mux_inst|org2:or_gate  ; org2            ; work         ;
;             |mux2t1:\gen_mux_inputs:9:mux_inst|  ; 2 (0)               ; 0 (0)                     ; 0           ; 0            ; 0       ; 0         ; 0    ; 0            ; |RISCV_Processor|alu:ALU_UNIT|barrelShifter:SHIFT_UNIT|shiftBinary:shift2|mux2t1:\gen_mux_inputs:9:mux_inst               ; mux2t1          ; work         ;
;                |org2:or_gate|                    ; 2 (2)               ; 0 (0)                     ; 0           ; 0            ; 0       ; 0         ; 0    ; 0            ; |RISCV_Processor|alu:ALU_UNIT|barrelShifter:SHIFT_UNIT|shiftBinary:shift2|mux2t1:\gen_mux_inputs:9:mux_inst|org2:or_gate  ; org2            ; work         ;
;          |shiftBinary:shift4|                    ; 66 (0)              ; 0 (0)                     ; 0           ; 0            ; 0       ; 0         ; 0    ; 0            ; |RISCV_Processor|alu:ALU_UNIT|barrelShifter:SHIFT_UNIT|shiftBinary:shift4                                                 ; shiftBinary     ; work         ;
;             |mux2t1:\gen_mux_inputs:10:mux_inst| ; 3 (0)               ; 0 (0)                     ; 0           ; 0            ; 0       ; 0         ; 0    ; 0            ; |RISCV_Processor|alu:ALU_UNIT|barrelShifter:SHIFT_UNIT|shiftBinary:shift4|mux2t1:\gen_mux_inputs:10:mux_inst              ; mux2t1          ; work         ;
;                |org2:or_gate|                    ; 3 (3)               ; 0 (0)                     ; 0           ; 0            ; 0       ; 0         ; 0    ; 0            ; |RISCV_Processor|alu:ALU_UNIT|barrelShifter:SHIFT_UNIT|shiftBinary:shift4|mux2t1:\gen_mux_inputs:10:mux_inst|org2:or_gate ; org2            ; work         ;
;             |mux2t1:\gen_mux_inputs:11:mux_inst| ; 3 (0)               ; 0 (0)                     ; 0           ; 0            ; 0       ; 0         ; 0    ; 0            ; |RISCV_Processor|alu:ALU_UNIT|barrelShifter:SHIFT_UNIT|shiftBinary:shift4|mux2t1:\gen_mux_inputs:11:mux_inst              ; mux2t1          ; work         ;
;                |org2:or_gate|                    ; 3 (3)               ; 0 (0)                     ; 0           ; 0            ; 0       ; 0         ; 0    ; 0            ; |RISCV_Processor|alu:ALU_UNIT|barrelShifter:SHIFT_UNIT|shiftBinary:shift4|mux2t1:\gen_mux_inputs:11:mux_inst|org2:or_gate ; org2            ; work         ;
;             |mux2t1:\gen_mux_inputs:12:mux_inst| ; 2 (0)               ; 0 (0)                     ; 0           ; 0            ; 0       ; 0         ; 0    ; 0            ; |RISCV_Processor|alu:ALU_UNIT|barrelShifter:SHIFT_UNIT|shiftBinary:shift4|mux2t1:\gen_mux_inputs:12:mux_inst              ; mux2t1          ; work         ;
;                |org2:or_gate|                    ; 2 (2)               ; 0 (0)                     ; 0           ; 0            ; 0       ; 0         ; 0    ; 0            ; |RISCV_Processor|alu:ALU_UNIT|barrelShifter:SHIFT_UNIT|shiftBinary:shift4|mux2t1:\gen_mux_inputs:12:mux_inst|org2:or_gate ; org2            ; work         ;
;             |mux2t1:\gen_mux_inputs:13:mux_inst| ; 2 (0)               ; 0 (0)                     ; 0           ; 0            ; 0       ; 0         ; 0    ; 0            ; |RISCV_Processor|alu:ALU_UNIT|barrelShifter:SHIFT_UNIT|shiftBinary:shift4|mux2t1:\gen_mux_inputs:13:mux_inst              ; mux2t1          ; work         ;
;                |org2:or_gate|                    ; 2 (2)               ; 0 (0)                     ; 0           ; 0            ; 0       ; 0         ; 0    ; 0            ; |RISCV_Processor|alu:ALU_UNIT|barrelShifter:SHIFT_UNIT|shiftBinary:shift4|mux2t1:\gen_mux_inputs:13:mux_inst|org2:or_gate ; org2            ; work         ;
;             |mux2t1:\gen_mux_inputs:14:mux_inst| ; 2 (0)               ; 0 (0)                     ; 0           ; 0            ; 0       ; 0         ; 0    ; 0            ; |RISCV_Processor|alu:ALU_UNIT|barrelShifter:SHIFT_UNIT|shiftBinary:shift4|mux2t1:\gen_mux_inputs:14:mux_inst              ; mux2t1          ; work         ;
;                |org2:or_gate|                    ; 2 (2)               ; 0 (0)                     ; 0           ; 0            ; 0       ; 0         ; 0    ; 0            ; |RISCV_Processor|alu:ALU_UNIT|barrelShifter:SHIFT_UNIT|shiftBinary:shift4|mux2t1:\gen_mux_inputs:14:mux_inst|org2:or_gate ; org2            ; work         ;
;             |mux2t1:\gen_mux_inputs:15:mux_inst| ; 2 (0)               ; 0 (0)                     ; 0           ; 0            ; 0       ; 0         ; 0    ; 0            ; |RISCV_Processor|alu:ALU_UNIT|barrelShifter:SHIFT_UNIT|shiftBinary:shift4|mux2t1:\gen_mux_inputs:15:mux_inst              ; mux2t1          ; work         ;
;                |org2:or_gate|                    ; 2 (2)               ; 0 (0)                     ; 0           ; 0            ; 0       ; 0         ; 0    ; 0            ; |RISCV_Processor|alu:ALU_UNIT|barrelShifter:SHIFT_UNIT|shiftBinary:shift4|mux2t1:\gen_mux_inputs:15:mux_inst|org2:or_gate ; org2            ; work         ;
;             |mux2t1:\gen_mux_inputs:16:mux_inst| ; 2 (0)               ; 0 (0)                     ; 0           ; 0            ; 0       ; 0         ; 0    ; 0            ; |RISCV_Processor|alu:ALU_UNIT|barrelShifter:SHIFT_UNIT|shiftBinary:shift4|mux2t1:\gen_mux_inputs:16:mux_inst              ; mux2t1          ; work         ;
;                |org2:or_gate|                    ; 2 (2)               ; 0 (0)                     ; 0           ; 0            ; 0       ; 0         ; 0    ; 0            ; |RISCV_Processor|alu:ALU_UNIT|barrelShifter:SHIFT_UNIT|shiftBinary:shift4|mux2t1:\gen_mux_inputs:16:mux_inst|org2:or_gate ; org2            ; work         ;
;             |mux2t1:\gen_mux_inputs:17:mux_inst| ; 2 (0)               ; 0 (0)                     ; 0           ; 0            ; 0       ; 0         ; 0    ; 0            ; |RISCV_Processor|alu:ALU_UNIT|barrelShifter:SHIFT_UNIT|shiftBinary:shift4|mux2t1:\gen_mux_inputs:17:mux_inst              ; mux2t1          ; work         ;
;                |org2:or_gate|                    ; 2 (2)               ; 0 (0)                     ; 0           ; 0            ; 0       ; 0         ; 0    ; 0            ; |RISCV_Processor|alu:ALU_UNIT|barrelShifter:SHIFT_UNIT|shiftBinary:shift4|mux2t1:\gen_mux_inputs:17:mux_inst|org2:or_gate ; org2            ; work         ;
;             |mux2t1:\gen_mux_inputs:18:mux_inst| ; 2 (0)               ; 0 (0)                     ; 0           ; 0            ; 0       ; 0         ; 0    ; 0            ; |RISCV_Processor|alu:ALU_UNIT|barrelShifter:SHIFT_UNIT|shiftBinary:shift4|mux2t1:\gen_mux_inputs:18:mux_inst              ; mux2t1          ; work         ;
;                |org2:or_gate|                    ; 2 (2)               ; 0 (0)                     ; 0           ; 0            ; 0       ; 0         ; 0    ; 0            ; |RISCV_Processor|alu:ALU_UNIT|barrelShifter:SHIFT_UNIT|shiftBinary:shift4|mux2t1:\gen_mux_inputs:18:mux_inst|org2:or_gate ; org2            ; work         ;
;             |mux2t1:\gen_mux_inputs:19:mux_inst| ; 3 (0)               ; 0 (0)                     ; 0           ; 0            ; 0       ; 0         ; 0    ; 0            ; |RISCV_Processor|alu:ALU_UNIT|barrelShifter:SHIFT_UNIT|shiftBinary:shift4|mux2t1:\gen_mux_inputs:19:mux_inst              ; mux2t1          ; work         ;
;                |org2:or_gate|                    ; 3 (3)               ; 0 (0)                     ; 0           ; 0            ; 0       ; 0         ; 0    ; 0            ; |RISCV_Processor|alu:ALU_UNIT|barrelShifter:SHIFT_UNIT|shiftBinary:shift4|mux2t1:\gen_mux_inputs:19:mux_inst|org2:or_gate ; org2            ; work         ;
;             |mux2t1:\gen_mux_inputs:1:mux_inst|  ; 3 (0)               ; 0 (0)                     ; 0           ; 0            ; 0       ; 0         ; 0    ; 0            ; |RISCV_Processor|alu:ALU_UNIT|barrelShifter:SHIFT_UNIT|shiftBinary:shift4|mux2t1:\gen_mux_inputs:1:mux_inst               ; mux2t1          ; work         ;
;                |org2:or_gate|                    ; 3 (3)               ; 0 (0)                     ; 0           ; 0            ; 0       ; 0         ; 0    ; 0            ; |RISCV_Processor|alu:ALU_UNIT|barrelShifter:SHIFT_UNIT|shiftBinary:shift4|mux2t1:\gen_mux_inputs:1:mux_inst|org2:or_gate  ; org2            ; work         ;
;             |mux2t1:\gen_mux_inputs:20:mux_inst| ; 2 (0)               ; 0 (0)                     ; 0           ; 0            ; 0       ; 0         ; 0    ; 0            ; |RISCV_Processor|alu:ALU_UNIT|barrelShifter:SHIFT_UNIT|shiftBinary:shift4|mux2t1:\gen_mux_inputs:20:mux_inst              ; mux2t1          ; work         ;
;                |org2:or_gate|                    ; 2 (2)               ; 0 (0)                     ; 0           ; 0            ; 0       ; 0         ; 0    ; 0            ; |RISCV_Processor|alu:ALU_UNIT|barrelShifter:SHIFT_UNIT|shiftBinary:shift4|mux2t1:\gen_mux_inputs:20:mux_inst|org2:or_gate ; org2            ; work         ;
;             |mux2t1:\gen_mux_inputs:21:mux_inst| ; 2 (0)               ; 0 (0)                     ; 0           ; 0            ; 0       ; 0         ; 0    ; 0            ; |RISCV_Processor|alu:ALU_UNIT|barrelShifter:SHIFT_UNIT|shiftBinary:shift4|mux2t1:\gen_mux_inputs:21:mux_inst              ; mux2t1          ; work         ;
;                |org2:or_gate|                    ; 2 (2)               ; 0 (0)                     ; 0           ; 0            ; 0       ; 0         ; 0    ; 0            ; |RISCV_Processor|alu:ALU_UNIT|barrelShifter:SHIFT_UNIT|shiftBinary:shift4|mux2t1:\gen_mux_inputs:21:mux_inst|org2:or_gate ; org2            ; work         ;
;             |mux2t1:\gen_mux_inputs:22:mux_inst| ; 2 (0)               ; 0 (0)                     ; 0           ; 0            ; 0       ; 0         ; 0    ; 0            ; |RISCV_Processor|alu:ALU_UNIT|barrelShifter:SHIFT_UNIT|shiftBinary:shift4|mux2t1:\gen_mux_inputs:22:mux_inst              ; mux2t1          ; work         ;
;                |org2:or_gate|                    ; 2 (2)               ; 0 (0)                     ; 0           ; 0            ; 0       ; 0         ; 0    ; 0            ; |RISCV_Processor|alu:ALU_UNIT|barrelShifter:SHIFT_UNIT|shiftBinary:shift4|mux2t1:\gen_mux_inputs:22:mux_inst|org2:or_gate ; org2            ; work         ;
;             |mux2t1:\gen_mux_inputs:23:mux_inst| ; 3 (0)               ; 0 (0)                     ; 0           ; 0            ; 0       ; 0         ; 0    ; 0            ; |RISCV_Processor|alu:ALU_UNIT|barrelShifter:SHIFT_UNIT|shiftBinary:shift4|mux2t1:\gen_mux_inputs:23:mux_inst              ; mux2t1          ; work         ;
;                |org2:or_gate|                    ; 3 (3)               ; 0 (0)                     ; 0           ; 0            ; 0       ; 0         ; 0    ; 0            ; |RISCV_Processor|alu:ALU_UNIT|barrelShifter:SHIFT_UNIT|shiftBinary:shift4|mux2t1:\gen_mux_inputs:23:mux_inst|org2:or_gate ; org2            ; work         ;
;             |mux2t1:\gen_mux_inputs:24:mux_inst| ; 3 (0)               ; 0 (0)                     ; 0           ; 0            ; 0       ; 0         ; 0    ; 0            ; |RISCV_Processor|alu:ALU_UNIT|barrelShifter:SHIFT_UNIT|shiftBinary:shift4|mux2t1:\gen_mux_inputs:24:mux_inst              ; mux2t1          ; work         ;
;                |org2:or_gate|                    ; 3 (3)               ; 0 (0)                     ; 0           ; 0            ; 0       ; 0         ; 0    ; 0            ; |RISCV_Processor|alu:ALU_UNIT|barrelShifter:SHIFT_UNIT|shiftBinary:shift4|mux2t1:\gen_mux_inputs:24:mux_inst|org2:or_gate ; org2            ; work         ;
;             |mux2t1:\gen_mux_inputs:26:mux_inst| ; 2 (0)               ; 0 (0)                     ; 0           ; 0            ; 0       ; 0         ; 0    ; 0            ; |RISCV_Processor|alu:ALU_UNIT|barrelShifter:SHIFT_UNIT|shiftBinary:shift4|mux2t1:\gen_mux_inputs:26:mux_inst              ; mux2t1          ; work         ;
;                |org2:or_gate|                    ; 2 (2)               ; 0 (0)                     ; 0           ; 0            ; 0       ; 0         ; 0    ; 0            ; |RISCV_Processor|alu:ALU_UNIT|barrelShifter:SHIFT_UNIT|shiftBinary:shift4|mux2t1:\gen_mux_inputs:26:mux_inst|org2:or_gate ; org2            ; work         ;
;             |mux2t1:\gen_mux_inputs:27:mux_inst| ; 3 (0)               ; 0 (0)                     ; 0           ; 0            ; 0       ; 0         ; 0    ; 0            ; |RISCV_Processor|alu:ALU_UNIT|barrelShifter:SHIFT_UNIT|shiftBinary:shift4|mux2t1:\gen_mux_inputs:27:mux_inst              ; mux2t1          ; work         ;
;                |org2:or_gate|                    ; 3 (3)               ; 0 (0)                     ; 0           ; 0            ; 0       ; 0         ; 0    ; 0            ; |RISCV_Processor|alu:ALU_UNIT|barrelShifter:SHIFT_UNIT|shiftBinary:shift4|mux2t1:\gen_mux_inputs:27:mux_inst|org2:or_gate ; org2            ; work         ;
;             |mux2t1:\gen_mux_inputs:28:mux_inst| ; 2 (0)               ; 0 (0)                     ; 0           ; 0            ; 0       ; 0         ; 0    ; 0            ; |RISCV_Processor|alu:ALU_UNIT|barrelShifter:SHIFT_UNIT|shiftBinary:shift4|mux2t1:\gen_mux_inputs:28:mux_inst              ; mux2t1          ; work         ;
;                |org2:or_gate|                    ; 2 (2)               ; 0 (0)                     ; 0           ; 0            ; 0       ; 0         ; 0    ; 0            ; |RISCV_Processor|alu:ALU_UNIT|barrelShifter:SHIFT_UNIT|shiftBinary:shift4|mux2t1:\gen_mux_inputs:28:mux_inst|org2:or_gate ; org2            ; work         ;
;             |mux2t1:\gen_mux_inputs:29:mux_inst| ; 2 (0)               ; 0 (0)                     ; 0           ; 0            ; 0       ; 0         ; 0    ; 0            ; |RISCV_Processor|alu:ALU_UNIT|barrelShifter:SHIFT_UNIT|shiftBinary:shift4|mux2t1:\gen_mux_inputs:29:mux_inst              ; mux2t1          ; work         ;
;                |org2:or_gate|                    ; 2 (2)               ; 0 (0)                     ; 0           ; 0            ; 0       ; 0         ; 0    ; 0            ; |RISCV_Processor|alu:ALU_UNIT|barrelShifter:SHIFT_UNIT|shiftBinary:shift4|mux2t1:\gen_mux_inputs:29:mux_inst|org2:or_gate ; org2            ; work         ;
;             |mux2t1:\gen_mux_inputs:30:mux_inst| ; 2 (0)               ; 0 (0)                     ; 0           ; 0            ; 0       ; 0         ; 0    ; 0            ; |RISCV_Processor|alu:ALU_UNIT|barrelShifter:SHIFT_UNIT|shiftBinary:shift4|mux2t1:\gen_mux_inputs:30:mux_inst              ; mux2t1          ; work         ;
;                |org2:or_gate|                    ; 2 (2)               ; 0 (0)                     ; 0           ; 0            ; 0       ; 0         ; 0    ; 0            ; |RISCV_Processor|alu:ALU_UNIT|barrelShifter:SHIFT_UNIT|shiftBinary:shift4|mux2t1:\gen_mux_inputs:30:mux_inst|org2:or_gate ; org2            ; work         ;
;             |mux2t1:\gen_mux_inputs:31:mux_inst| ; 2 (0)               ; 0 (0)                     ; 0           ; 0            ; 0       ; 0         ; 0    ; 0            ; |RISCV_Processor|alu:ALU_UNIT|barrelShifter:SHIFT_UNIT|shiftBinary:shift4|mux2t1:\gen_mux_inputs:31:mux_inst              ; mux2t1          ; work         ;
;                |org2:or_gate|                    ; 2 (2)               ; 0 (0)                     ; 0           ; 0            ; 0       ; 0         ; 0    ; 0            ; |RISCV_Processor|alu:ALU_UNIT|barrelShifter:SHIFT_UNIT|shiftBinary:shift4|mux2t1:\gen_mux_inputs:31:mux_inst|org2:or_gate ; org2            ; work         ;
;             |mux2t1:\gen_mux_inputs:4:mux_inst|  ; 2 (0)               ; 0 (0)                     ; 0           ; 0            ; 0       ; 0         ; 0    ; 0            ; |RISCV_Processor|alu:ALU_UNIT|barrelShifter:SHIFT_UNIT|shiftBinary:shift4|mux2t1:\gen_mux_inputs:4:mux_inst               ; mux2t1          ; work         ;
;                |org2:or_gate|                    ; 2 (2)               ; 0 (0)                     ; 0           ; 0            ; 0       ; 0         ; 0    ; 0            ; |RISCV_Processor|alu:ALU_UNIT|barrelShifter:SHIFT_UNIT|shiftBinary:shift4|mux2t1:\gen_mux_inputs:4:mux_inst|org2:or_gate  ; org2            ; work         ;
;             |mux2t1:\gen_mux_inputs:5:mux_inst|  ; 2 (0)               ; 0 (0)                     ; 0           ; 0            ; 0       ; 0         ; 0    ; 0            ; |RISCV_Processor|alu:ALU_UNIT|barrelShifter:SHIFT_UNIT|shiftBinary:shift4|mux2t1:\gen_mux_inputs:5:mux_inst               ; mux2t1          ; work         ;
;                |org2:or_gate|                    ; 2 (2)               ; 0 (0)                     ; 0           ; 0            ; 0       ; 0         ; 0    ; 0            ; |RISCV_Processor|alu:ALU_UNIT|barrelShifter:SHIFT_UNIT|shiftBinary:shift4|mux2t1:\gen_mux_inputs:5:mux_inst|org2:or_gate  ; org2            ; work         ;
;             |mux2t1:\gen_mux_inputs:6:mux_inst|  ; 2 (0)               ; 0 (0)                     ; 0           ; 0            ; 0       ; 0         ; 0    ; 0            ; |RISCV_Processor|alu:ALU_UNIT|barrelShifter:SHIFT_UNIT|shiftBinary:shift4|mux2t1:\gen_mux_inputs:6:mux_inst               ; mux2t1          ; work         ;
;                |org2:or_gate|                    ; 2 (2)               ; 0 (0)                     ; 0           ; 0            ; 0       ; 0         ; 0    ; 0            ; |RISCV_Processor|alu:ALU_UNIT|barrelShifter:SHIFT_UNIT|shiftBinary:shift4|mux2t1:\gen_mux_inputs:6:mux_inst|org2:or_gate  ; org2            ; work         ;
;             |mux2t1:\gen_mux_inputs:7:mux_inst|  ; 3 (0)               ; 0 (0)                     ; 0           ; 0            ; 0       ; 0         ; 0    ; 0            ; |RISCV_Processor|alu:ALU_UNIT|barrelShifter:SHIFT_UNIT|shiftBinary:shift4|mux2t1:\gen_mux_inputs:7:mux_inst               ; mux2t1          ; work         ;
;                |org2:or_gate|                    ; 3 (3)               ; 0 (0)                     ; 0           ; 0            ; 0       ; 0         ; 0    ; 0            ; |RISCV_Processor|alu:ALU_UNIT|barrelShifter:SHIFT_UNIT|shiftBinary:shift4|mux2t1:\gen_mux_inputs:7:mux_inst|org2:or_gate  ; org2            ; work         ;
;             |mux2t1:\gen_mux_inputs:8:mux_inst|  ; 3 (0)               ; 0 (0)                     ; 0           ; 0            ; 0       ; 0         ; 0    ; 0            ; |RISCV_Processor|alu:ALU_UNIT|barrelShifter:SHIFT_UNIT|shiftBinary:shift4|mux2t1:\gen_mux_inputs:8:mux_inst               ; mux2t1          ; work         ;
;                |org2:or_gate|                    ; 3 (3)               ; 0 (0)                     ; 0           ; 0            ; 0       ; 0         ; 0    ; 0            ; |RISCV_Processor|alu:ALU_UNIT|barrelShifter:SHIFT_UNIT|shiftBinary:shift4|mux2t1:\gen_mux_inputs:8:mux_inst|org2:or_gate  ; org2            ; work         ;
;             |mux2t1:\gen_mux_inputs:9:mux_inst|  ; 3 (0)               ; 0 (0)                     ; 0           ; 0            ; 0       ; 0         ; 0    ; 0            ; |RISCV_Processor|alu:ALU_UNIT|barrelShifter:SHIFT_UNIT|shiftBinary:shift4|mux2t1:\gen_mux_inputs:9:mux_inst               ; mux2t1          ; work         ;
;                |org2:or_gate|                    ; 3 (3)               ; 0 (0)                     ; 0           ; 0            ; 0       ; 0         ; 0    ; 0            ; |RISCV_Processor|alu:ALU_UNIT|barrelShifter:SHIFT_UNIT|shiftBinary:shift4|mux2t1:\gen_mux_inputs:9:mux_inst|org2:or_gate  ; org2            ; work         ;
;          |shiftBinary:shift8|                    ; 66 (0)              ; 0 (0)                     ; 0           ; 0            ; 0       ; 0         ; 0    ; 0            ; |RISCV_Processor|alu:ALU_UNIT|barrelShifter:SHIFT_UNIT|shiftBinary:shift8                                                 ; shiftBinary     ; work         ;
;             |mux2t1:\gen_mux_inputs:0:mux_inst|  ; 3 (0)               ; 0 (0)                     ; 0           ; 0            ; 0       ; 0         ; 0    ; 0            ; |RISCV_Processor|alu:ALU_UNIT|barrelShifter:SHIFT_UNIT|shiftBinary:shift8|mux2t1:\gen_mux_inputs:0:mux_inst               ; mux2t1          ; work         ;
;                |org2:or_gate|                    ; 3 (3)               ; 0 (0)                     ; 0           ; 0            ; 0       ; 0         ; 0    ; 0            ; |RISCV_Processor|alu:ALU_UNIT|barrelShifter:SHIFT_UNIT|shiftBinary:shift8|mux2t1:\gen_mux_inputs:0:mux_inst|org2:or_gate  ; org2            ; work         ;
;             |mux2t1:\gen_mux_inputs:10:mux_inst| ; 2 (0)               ; 0 (0)                     ; 0           ; 0            ; 0       ; 0         ; 0    ; 0            ; |RISCV_Processor|alu:ALU_UNIT|barrelShifter:SHIFT_UNIT|shiftBinary:shift8|mux2t1:\gen_mux_inputs:10:mux_inst              ; mux2t1          ; work         ;
;                |org2:or_gate|                    ; 2 (2)               ; 0 (0)                     ; 0           ; 0            ; 0       ; 0         ; 0    ; 0            ; |RISCV_Processor|alu:ALU_UNIT|barrelShifter:SHIFT_UNIT|shiftBinary:shift8|mux2t1:\gen_mux_inputs:10:mux_inst|org2:or_gate ; org2            ; work         ;
;             |mux2t1:\gen_mux_inputs:11:mux_inst| ; 2 (0)               ; 0 (0)                     ; 0           ; 0            ; 0       ; 0         ; 0    ; 0            ; |RISCV_Processor|alu:ALU_UNIT|barrelShifter:SHIFT_UNIT|shiftBinary:shift8|mux2t1:\gen_mux_inputs:11:mux_inst              ; mux2t1          ; work         ;
;                |org2:or_gate|                    ; 2 (2)               ; 0 (0)                     ; 0           ; 0            ; 0       ; 0         ; 0    ; 0            ; |RISCV_Processor|alu:ALU_UNIT|barrelShifter:SHIFT_UNIT|shiftBinary:shift8|mux2t1:\gen_mux_inputs:11:mux_inst|org2:or_gate ; org2            ; work         ;
;             |mux2t1:\gen_mux_inputs:12:mux_inst| ; 2 (0)               ; 0 (0)                     ; 0           ; 0            ; 0       ; 0         ; 0    ; 0            ; |RISCV_Processor|alu:ALU_UNIT|barrelShifter:SHIFT_UNIT|shiftBinary:shift8|mux2t1:\gen_mux_inputs:12:mux_inst              ; mux2t1          ; work         ;
;                |org2:or_gate|                    ; 2 (2)               ; 0 (0)                     ; 0           ; 0            ; 0       ; 0         ; 0    ; 0            ; |RISCV_Processor|alu:ALU_UNIT|barrelShifter:SHIFT_UNIT|shiftBinary:shift8|mux2t1:\gen_mux_inputs:12:mux_inst|org2:or_gate ; org2            ; work         ;
;             |mux2t1:\gen_mux_inputs:13:mux_inst| ; 2 (0)               ; 0 (0)                     ; 0           ; 0            ; 0       ; 0         ; 0    ; 0            ; |RISCV_Processor|alu:ALU_UNIT|barrelShifter:SHIFT_UNIT|shiftBinary:shift8|mux2t1:\gen_mux_inputs:13:mux_inst              ; mux2t1          ; work         ;
;                |org2:or_gate|                    ; 2 (2)               ; 0 (0)                     ; 0           ; 0            ; 0       ; 0         ; 0    ; 0            ; |RISCV_Processor|alu:ALU_UNIT|barrelShifter:SHIFT_UNIT|shiftBinary:shift8|mux2t1:\gen_mux_inputs:13:mux_inst|org2:or_gate ; org2            ; work         ;
;             |mux2t1:\gen_mux_inputs:14:mux_inst| ; 2 (0)               ; 0 (0)                     ; 0           ; 0            ; 0       ; 0         ; 0    ; 0            ; |RISCV_Processor|alu:ALU_UNIT|barrelShifter:SHIFT_UNIT|shiftBinary:shift8|mux2t1:\gen_mux_inputs:14:mux_inst              ; mux2t1          ; work         ;
;                |org2:or_gate|                    ; 2 (2)               ; 0 (0)                     ; 0           ; 0            ; 0       ; 0         ; 0    ; 0            ; |RISCV_Processor|alu:ALU_UNIT|barrelShifter:SHIFT_UNIT|shiftBinary:shift8|mux2t1:\gen_mux_inputs:14:mux_inst|org2:or_gate ; org2            ; work         ;
;             |mux2t1:\gen_mux_inputs:15:mux_inst| ; 3 (0)               ; 0 (0)                     ; 0           ; 0            ; 0       ; 0         ; 0    ; 0            ; |RISCV_Processor|alu:ALU_UNIT|barrelShifter:SHIFT_UNIT|shiftBinary:shift8|mux2t1:\gen_mux_inputs:15:mux_inst              ; mux2t1          ; work         ;
;                |org2:or_gate|                    ; 3 (3)               ; 0 (0)                     ; 0           ; 0            ; 0       ; 0         ; 0    ; 0            ; |RISCV_Processor|alu:ALU_UNIT|barrelShifter:SHIFT_UNIT|shiftBinary:shift8|mux2t1:\gen_mux_inputs:15:mux_inst|org2:or_gate ; org2            ; work         ;
;             |mux2t1:\gen_mux_inputs:16:mux_inst| ; 3 (0)               ; 0 (0)                     ; 0           ; 0            ; 0       ; 0         ; 0    ; 0            ; |RISCV_Processor|alu:ALU_UNIT|barrelShifter:SHIFT_UNIT|shiftBinary:shift8|mux2t1:\gen_mux_inputs:16:mux_inst              ; mux2t1          ; work         ;
;                |org2:or_gate|                    ; 3 (3)               ; 0 (0)                     ; 0           ; 0            ; 0       ; 0         ; 0    ; 0            ; |RISCV_Processor|alu:ALU_UNIT|barrelShifter:SHIFT_UNIT|shiftBinary:shift8|mux2t1:\gen_mux_inputs:16:mux_inst|org2:or_gate ; org2            ; work         ;
;             |mux2t1:\gen_mux_inputs:17:mux_inst| ; 4 (0)               ; 0 (0)                     ; 0           ; 0            ; 0       ; 0         ; 0    ; 0            ; |RISCV_Processor|alu:ALU_UNIT|barrelShifter:SHIFT_UNIT|shiftBinary:shift8|mux2t1:\gen_mux_inputs:17:mux_inst              ; mux2t1          ; work         ;
;                |org2:or_gate|                    ; 4 (4)               ; 0 (0)                     ; 0           ; 0            ; 0       ; 0         ; 0    ; 0            ; |RISCV_Processor|alu:ALU_UNIT|barrelShifter:SHIFT_UNIT|shiftBinary:shift8|mux2t1:\gen_mux_inputs:17:mux_inst|org2:or_gate ; org2            ; work         ;
;             |mux2t1:\gen_mux_inputs:18:mux_inst| ; 2 (0)               ; 0 (0)                     ; 0           ; 0            ; 0       ; 0         ; 0    ; 0            ; |RISCV_Processor|alu:ALU_UNIT|barrelShifter:SHIFT_UNIT|shiftBinary:shift8|mux2t1:\gen_mux_inputs:18:mux_inst              ; mux2t1          ; work         ;
;                |org2:or_gate|                    ; 2 (2)               ; 0 (0)                     ; 0           ; 0            ; 0       ; 0         ; 0    ; 0            ; |RISCV_Processor|alu:ALU_UNIT|barrelShifter:SHIFT_UNIT|shiftBinary:shift8|mux2t1:\gen_mux_inputs:18:mux_inst|org2:or_gate ; org2            ; work         ;
;             |mux2t1:\gen_mux_inputs:19:mux_inst| ; 3 (0)               ; 0 (0)                     ; 0           ; 0            ; 0       ; 0         ; 0    ; 0            ; |RISCV_Processor|alu:ALU_UNIT|barrelShifter:SHIFT_UNIT|shiftBinary:shift8|mux2t1:\gen_mux_inputs:19:mux_inst              ; mux2t1          ; work         ;
;                |org2:or_gate|                    ; 3 (3)               ; 0 (0)                     ; 0           ; 0            ; 0       ; 0         ; 0    ; 0            ; |RISCV_Processor|alu:ALU_UNIT|barrelShifter:SHIFT_UNIT|shiftBinary:shift8|mux2t1:\gen_mux_inputs:19:mux_inst|org2:or_gate ; org2            ; work         ;
;             |mux2t1:\gen_mux_inputs:1:mux_inst|  ; 1 (0)               ; 0 (0)                     ; 0           ; 0            ; 0       ; 0         ; 0    ; 0            ; |RISCV_Processor|alu:ALU_UNIT|barrelShifter:SHIFT_UNIT|shiftBinary:shift8|mux2t1:\gen_mux_inputs:1:mux_inst               ; mux2t1          ; work         ;
;                |org2:or_gate|                    ; 1 (1)               ; 0 (0)                     ; 0           ; 0            ; 0       ; 0         ; 0    ; 0            ; |RISCV_Processor|alu:ALU_UNIT|barrelShifter:SHIFT_UNIT|shiftBinary:shift8|mux2t1:\gen_mux_inputs:1:mux_inst|org2:or_gate  ; org2            ; work         ;
;             |mux2t1:\gen_mux_inputs:20:mux_inst| ; 2 (0)               ; 0 (0)                     ; 0           ; 0            ; 0       ; 0         ; 0    ; 0            ; |RISCV_Processor|alu:ALU_UNIT|barrelShifter:SHIFT_UNIT|shiftBinary:shift8|mux2t1:\gen_mux_inputs:20:mux_inst              ; mux2t1          ; work         ;
;                |org2:or_gate|                    ; 2 (2)               ; 0 (0)                     ; 0           ; 0            ; 0       ; 0         ; 0    ; 0            ; |RISCV_Processor|alu:ALU_UNIT|barrelShifter:SHIFT_UNIT|shiftBinary:shift8|mux2t1:\gen_mux_inputs:20:mux_inst|org2:or_gate ; org2            ; work         ;
;             |mux2t1:\gen_mux_inputs:21:mux_inst| ; 2 (0)               ; 0 (0)                     ; 0           ; 0            ; 0       ; 0         ; 0    ; 0            ; |RISCV_Processor|alu:ALU_UNIT|barrelShifter:SHIFT_UNIT|shiftBinary:shift8|mux2t1:\gen_mux_inputs:21:mux_inst              ; mux2t1          ; work         ;
;                |org2:or_gate|                    ; 2 (2)               ; 0 (0)                     ; 0           ; 0            ; 0       ; 0         ; 0    ; 0            ; |RISCV_Processor|alu:ALU_UNIT|barrelShifter:SHIFT_UNIT|shiftBinary:shift8|mux2t1:\gen_mux_inputs:21:mux_inst|org2:or_gate ; org2            ; work         ;
;             |mux2t1:\gen_mux_inputs:22:mux_inst| ; 2 (0)               ; 0 (0)                     ; 0           ; 0            ; 0       ; 0         ; 0    ; 0            ; |RISCV_Processor|alu:ALU_UNIT|barrelShifter:SHIFT_UNIT|shiftBinary:shift8|mux2t1:\gen_mux_inputs:22:mux_inst              ; mux2t1          ; work         ;
;                |org2:or_gate|                    ; 2 (2)               ; 0 (0)                     ; 0           ; 0            ; 0       ; 0         ; 0    ; 0            ; |RISCV_Processor|alu:ALU_UNIT|barrelShifter:SHIFT_UNIT|shiftBinary:shift8|mux2t1:\gen_mux_inputs:22:mux_inst|org2:or_gate ; org2            ; work         ;
;             |mux2t1:\gen_mux_inputs:23:mux_inst| ; 2 (0)               ; 0 (0)                     ; 0           ; 0            ; 0       ; 0         ; 0    ; 0            ; |RISCV_Processor|alu:ALU_UNIT|barrelShifter:SHIFT_UNIT|shiftBinary:shift8|mux2t1:\gen_mux_inputs:23:mux_inst              ; mux2t1          ; work         ;
;                |org2:or_gate|                    ; 2 (2)               ; 0 (0)                     ; 0           ; 0            ; 0       ; 0         ; 0    ; 0            ; |RISCV_Processor|alu:ALU_UNIT|barrelShifter:SHIFT_UNIT|shiftBinary:shift8|mux2t1:\gen_mux_inputs:23:mux_inst|org2:or_gate ; org2            ; work         ;
;             |mux2t1:\gen_mux_inputs:24:mux_inst| ; 2 (0)               ; 0 (0)                     ; 0           ; 0            ; 0       ; 0         ; 0    ; 0            ; |RISCV_Processor|alu:ALU_UNIT|barrelShifter:SHIFT_UNIT|shiftBinary:shift8|mux2t1:\gen_mux_inputs:24:mux_inst              ; mux2t1          ; work         ;
;                |org2:or_gate|                    ; 2 (2)               ; 0 (0)                     ; 0           ; 0            ; 0       ; 0         ; 0    ; 0            ; |RISCV_Processor|alu:ALU_UNIT|barrelShifter:SHIFT_UNIT|shiftBinary:shift8|mux2t1:\gen_mux_inputs:24:mux_inst|org2:or_gate ; org2            ; work         ;
;             |mux2t1:\gen_mux_inputs:25:mux_inst| ; 3 (0)               ; 0 (0)                     ; 0           ; 0            ; 0       ; 0         ; 0    ; 0            ; |RISCV_Processor|alu:ALU_UNIT|barrelShifter:SHIFT_UNIT|shiftBinary:shift8|mux2t1:\gen_mux_inputs:25:mux_inst              ; mux2t1          ; work         ;
;                |org2:or_gate|                    ; 3 (3)               ; 0 (0)                     ; 0           ; 0            ; 0       ; 0         ; 0    ; 0            ; |RISCV_Processor|alu:ALU_UNIT|barrelShifter:SHIFT_UNIT|shiftBinary:shift8|mux2t1:\gen_mux_inputs:25:mux_inst|org2:or_gate ; org2            ; work         ;
;             |mux2t1:\gen_mux_inputs:26:mux_inst| ; 2 (0)               ; 0 (0)                     ; 0           ; 0            ; 0       ; 0         ; 0    ; 0            ; |RISCV_Processor|alu:ALU_UNIT|barrelShifter:SHIFT_UNIT|shiftBinary:shift8|mux2t1:\gen_mux_inputs:26:mux_inst              ; mux2t1          ; work         ;
;                |org2:or_gate|                    ; 2 (2)               ; 0 (0)                     ; 0           ; 0            ; 0       ; 0         ; 0    ; 0            ; |RISCV_Processor|alu:ALU_UNIT|barrelShifter:SHIFT_UNIT|shiftBinary:shift8|mux2t1:\gen_mux_inputs:26:mux_inst|org2:or_gate ; org2            ; work         ;
;             |mux2t1:\gen_mux_inputs:27:mux_inst| ; 2 (0)               ; 0 (0)                     ; 0           ; 0            ; 0       ; 0         ; 0    ; 0            ; |RISCV_Processor|alu:ALU_UNIT|barrelShifter:SHIFT_UNIT|shiftBinary:shift8|mux2t1:\gen_mux_inputs:27:mux_inst              ; mux2t1          ; work         ;
;                |org2:or_gate|                    ; 2 (2)               ; 0 (0)                     ; 0           ; 0            ; 0       ; 0         ; 0    ; 0            ; |RISCV_Processor|alu:ALU_UNIT|barrelShifter:SHIFT_UNIT|shiftBinary:shift8|mux2t1:\gen_mux_inputs:27:mux_inst|org2:or_gate ; org2            ; work         ;
;             |mux2t1:\gen_mux_inputs:28:mux_inst| ; 2 (0)               ; 0 (0)                     ; 0           ; 0            ; 0       ; 0         ; 0    ; 0            ; |RISCV_Processor|alu:ALU_UNIT|barrelShifter:SHIFT_UNIT|shiftBinary:shift8|mux2t1:\gen_mux_inputs:28:mux_inst              ; mux2t1          ; work         ;
;                |org2:or_gate|                    ; 2 (2)               ; 0 (0)                     ; 0           ; 0            ; 0       ; 0         ; 0    ; 0            ; |RISCV_Processor|alu:ALU_UNIT|barrelShifter:SHIFT_UNIT|shiftBinary:shift8|mux2t1:\gen_mux_inputs:28:mux_inst|org2:or_gate ; org2            ; work         ;
;             |mux2t1:\gen_mux_inputs:29:mux_inst| ; 2 (0)               ; 0 (0)                     ; 0           ; 0            ; 0       ; 0         ; 0    ; 0            ; |RISCV_Processor|alu:ALU_UNIT|barrelShifter:SHIFT_UNIT|shiftBinary:shift8|mux2t1:\gen_mux_inputs:29:mux_inst              ; mux2t1          ; work         ;
;                |org2:or_gate|                    ; 2 (2)               ; 0 (0)                     ; 0           ; 0            ; 0       ; 0         ; 0    ; 0            ; |RISCV_Processor|alu:ALU_UNIT|barrelShifter:SHIFT_UNIT|shiftBinary:shift8|mux2t1:\gen_mux_inputs:29:mux_inst|org2:or_gate ; org2            ; work         ;
;             |mux2t1:\gen_mux_inputs:2:mux_inst|  ; 2 (0)               ; 0 (0)                     ; 0           ; 0            ; 0       ; 0         ; 0    ; 0            ; |RISCV_Processor|alu:ALU_UNIT|barrelShifter:SHIFT_UNIT|shiftBinary:shift8|mux2t1:\gen_mux_inputs:2:mux_inst               ; mux2t1          ; work         ;
;                |org2:or_gate|                    ; 2 (2)               ; 0 (0)                     ; 0           ; 0            ; 0       ; 0         ; 0    ; 0            ; |RISCV_Processor|alu:ALU_UNIT|barrelShifter:SHIFT_UNIT|shiftBinary:shift8|mux2t1:\gen_mux_inputs:2:mux_inst|org2:or_gate  ; org2            ; work         ;
;             |mux2t1:\gen_mux_inputs:30:mux_inst| ; 2 (0)               ; 0 (0)                     ; 0           ; 0            ; 0       ; 0         ; 0    ; 0            ; |RISCV_Processor|alu:ALU_UNIT|barrelShifter:SHIFT_UNIT|shiftBinary:shift8|mux2t1:\gen_mux_inputs:30:mux_inst              ; mux2t1          ; work         ;
;                |org2:or_gate|                    ; 2 (2)               ; 0 (0)                     ; 0           ; 0            ; 0       ; 0         ; 0    ; 0            ; |RISCV_Processor|alu:ALU_UNIT|barrelShifter:SHIFT_UNIT|shiftBinary:shift8|mux2t1:\gen_mux_inputs:30:mux_inst|org2:or_gate ; org2            ; work         ;
;             |mux2t1:\gen_mux_inputs:31:mux_inst| ; 2 (0)               ; 0 (0)                     ; 0           ; 0            ; 0       ; 0         ; 0    ; 0            ; |RISCV_Processor|alu:ALU_UNIT|barrelShifter:SHIFT_UNIT|shiftBinary:shift8|mux2t1:\gen_mux_inputs:31:mux_inst              ; mux2t1          ; work         ;
;                |org2:or_gate|                    ; 2 (2)               ; 0 (0)                     ; 0           ; 0            ; 0       ; 0         ; 0    ; 0            ; |RISCV_Processor|alu:ALU_UNIT|barrelShifter:SHIFT_UNIT|shiftBinary:shift8|mux2t1:\gen_mux_inputs:31:mux_inst|org2:or_gate ; org2            ; work         ;
;             |mux2t1:\gen_mux_inputs:3:mux_inst|  ; 2 (0)               ; 0 (0)                     ; 0           ; 0            ; 0       ; 0         ; 0    ; 0            ; |RISCV_Processor|alu:ALU_UNIT|barrelShifter:SHIFT_UNIT|shiftBinary:shift8|mux2t1:\gen_mux_inputs:3:mux_inst               ; mux2t1          ; work         ;
;                |org2:or_gate|                    ; 2 (2)               ; 0 (0)                     ; 0           ; 0            ; 0       ; 0         ; 0    ; 0            ; |RISCV_Processor|alu:ALU_UNIT|barrelShifter:SHIFT_UNIT|shiftBinary:shift8|mux2t1:\gen_mux_inputs:3:mux_inst|org2:or_gate  ; org2            ; work         ;
;             |mux2t1:\gen_mux_inputs:4:mux_inst|  ; 1 (0)               ; 0 (0)                     ; 0           ; 0            ; 0       ; 0         ; 0    ; 0            ; |RISCV_Processor|alu:ALU_UNIT|barrelShifter:SHIFT_UNIT|shiftBinary:shift8|mux2t1:\gen_mux_inputs:4:mux_inst               ; mux2t1          ; work         ;
;                |org2:or_gate|                    ; 1 (1)               ; 0 (0)                     ; 0           ; 0            ; 0       ; 0         ; 0    ; 0            ; |RISCV_Processor|alu:ALU_UNIT|barrelShifter:SHIFT_UNIT|shiftBinary:shift8|mux2t1:\gen_mux_inputs:4:mux_inst|org2:or_gate  ; org2            ; work         ;
;             |mux2t1:\gen_mux_inputs:5:mux_inst|  ; 1 (0)               ; 0 (0)                     ; 0           ; 0            ; 0       ; 0         ; 0    ; 0            ; |RISCV_Processor|alu:ALU_UNIT|barrelShifter:SHIFT_UNIT|shiftBinary:shift8|mux2t1:\gen_mux_inputs:5:mux_inst               ; mux2t1          ; work         ;
;                |org2:or_gate|                    ; 1 (1)               ; 0 (0)                     ; 0           ; 0            ; 0       ; 0         ; 0    ; 0            ; |RISCV_Processor|alu:ALU_UNIT|barrelShifter:SHIFT_UNIT|shiftBinary:shift8|mux2t1:\gen_mux_inputs:5:mux_inst|org2:or_gate  ; org2            ; work         ;
;             |mux2t1:\gen_mux_inputs:6:mux_inst|  ; 1 (0)               ; 0 (0)                     ; 0           ; 0            ; 0       ; 0         ; 0    ; 0            ; |RISCV_Processor|alu:ALU_UNIT|barrelShifter:SHIFT_UNIT|shiftBinary:shift8|mux2t1:\gen_mux_inputs:6:mux_inst               ; mux2t1          ; work         ;
;                |org2:or_gate|                    ; 1 (1)               ; 0 (0)                     ; 0           ; 0            ; 0       ; 0         ; 0    ; 0            ; |RISCV_Processor|alu:ALU_UNIT|barrelShifter:SHIFT_UNIT|shiftBinary:shift8|mux2t1:\gen_mux_inputs:6:mux_inst|org2:or_gate  ; org2            ; work         ;
;             |mux2t1:\gen_mux_inputs:7:mux_inst|  ; 1 (0)               ; 0 (0)                     ; 0           ; 0            ; 0       ; 0         ; 0    ; 0            ; |RISCV_Processor|alu:ALU_UNIT|barrelShifter:SHIFT_UNIT|shiftBinary:shift8|mux2t1:\gen_mux_inputs:7:mux_inst               ; mux2t1          ; work         ;
;                |org2:or_gate|                    ; 1 (1)               ; 0 (0)                     ; 0           ; 0            ; 0       ; 0         ; 0    ; 0            ; |RISCV_Processor|alu:ALU_UNIT|barrelShifter:SHIFT_UNIT|shiftBinary:shift8|mux2t1:\gen_mux_inputs:7:mux_inst|org2:or_gate  ; org2            ; work         ;
;             |mux2t1:\gen_mux_inputs:8:mux_inst|  ; 2 (0)               ; 0 (0)                     ; 0           ; 0            ; 0       ; 0         ; 0    ; 0            ; |RISCV_Processor|alu:ALU_UNIT|barrelShifter:SHIFT_UNIT|shiftBinary:shift8|mux2t1:\gen_mux_inputs:8:mux_inst               ; mux2t1          ; work         ;
;                |org2:or_gate|                    ; 2 (2)               ; 0 (0)                     ; 0           ; 0            ; 0       ; 0         ; 0    ; 0            ; |RISCV_Processor|alu:ALU_UNIT|barrelShifter:SHIFT_UNIT|shiftBinary:shift8|mux2t1:\gen_mux_inputs:8:mux_inst|org2:or_gate  ; org2            ; work         ;
;             |mux2t1:\gen_mux_inputs:9:mux_inst|  ; 2 (0)               ; 0 (0)                     ; 0           ; 0            ; 0       ; 0         ; 0    ; 0            ; |RISCV_Processor|alu:ALU_UNIT|barrelShifter:SHIFT_UNIT|shiftBinary:shift8|mux2t1:\gen_mux_inputs:9:mux_inst               ; mux2t1          ; work         ;
;                |org2:or_gate|                    ; 2 (2)               ; 0 (0)                     ; 0           ; 0            ; 0       ; 0         ; 0    ; 0            ; |RISCV_Processor|alu:ALU_UNIT|barrelShifter:SHIFT_UNIT|shiftBinary:shift8|mux2t1:\gen_mux_inputs:9:mux_inst|org2:or_gate  ; org2            ; work         ;
;       |slt_N:SLT_UNIT|                           ; 64 (64)             ; 0 (0)                     ; 0           ; 0            ; 0       ; 0         ; 0    ; 0            ; |RISCV_Processor|alu:ALU_UNIT|slt_N:SLT_UNIT                                                                              ; slt_N           ; work         ;
;    |extender:IMM_EXT|                            ; 7 (7)               ; 0 (0)                     ; 0           ; 0            ; 0       ; 0         ; 0    ; 0            ; |RISCV_Processor|extender:IMM_EXT                                                                                         ; extender        ; work         ;
;    |mem:DMem|                                    ; 22914 (22914)       ; 32768 (32768)             ; 0           ; 0            ; 0       ; 0         ; 0    ; 0            ; |RISCV_Processor|mem:DMem                                                                                                 ; mem             ; work         ;
;    |mem:IMem|                                    ; 22931 (22931)       ; 32768 (32768)             ; 0           ; 0            ; 0       ; 0         ; 0    ; 0            ; |RISCV_Processor|mem:IMem                                                                                                 ; mem             ; work         ;
;    |pcLogic:PC_LOGIC|                            ; 214 (1)             ; 32 (0)                    ; 0           ; 0            ; 0       ; 0         ; 0    ; 0            ; |RISCV_Processor|pcLogic:PC_LOGIC                                                                                         ; pcLogic         ; work         ;
;       |adder_N:JALR_Adjust_Subtract|             ; 16 (0)              ; 0 (0)                     ; 0           ; 0            ; 0       ; 0         ; 0    ; 0            ; |RISCV_Processor|pcLogic:PC_LOGIC|adder_N:JALR_Adjust_Subtract                                                            ; adder_N         ; work         ;
;          |adder:\G_NBit_ADDER:23:ADDER_I|        ; 2 (0)               ; 0 (0)                     ; 0           ; 0            ; 0       ; 0         ; 0    ; 0            ; |RISCV_Processor|pcLogic:PC_LOGIC|adder_N:JALR_Adjust_Subtract|adder:\G_NBit_ADDER:23:ADDER_I                             ; adder           ; work         ;
;             |org2:or_gate1|                      ; 1 (1)               ; 0 (0)                     ; 0           ; 0            ; 0       ; 0         ; 0    ; 0            ; |RISCV_Processor|pcLogic:PC_LOGIC|adder_N:JALR_Adjust_Subtract|adder:\G_NBit_ADDER:23:ADDER_I|org2:or_gate1               ; org2            ; work         ;
;             |xorg2:xor_gate2|                    ; 1 (1)               ; 0 (0)                     ; 0           ; 0            ; 0       ; 0         ; 0    ; 0            ; |RISCV_Processor|pcLogic:PC_LOGIC|adder_N:JALR_Adjust_Subtract|adder:\G_NBit_ADDER:23:ADDER_I|xorg2:xor_gate2             ; xorg2           ; work         ;
;          |adder:\G_NBit_ADDER:24:ADDER_I|        ; 2 (0)               ; 0 (0)                     ; 0           ; 0            ; 0       ; 0         ; 0    ; 0            ; |RISCV_Processor|pcLogic:PC_LOGIC|adder_N:JALR_Adjust_Subtract|adder:\G_NBit_ADDER:24:ADDER_I                             ; adder           ; work         ;
;             |org2:or_gate1|                      ; 1 (1)               ; 0 (0)                     ; 0           ; 0            ; 0       ; 0         ; 0    ; 0            ; |RISCV_Processor|pcLogic:PC_LOGIC|adder_N:JALR_Adjust_Subtract|adder:\G_NBit_ADDER:24:ADDER_I|org2:or_gate1               ; org2            ; work         ;
;             |xorg2:xor_gate2|                    ; 1 (1)               ; 0 (0)                     ; 0           ; 0            ; 0       ; 0         ; 0    ; 0            ; |RISCV_Processor|pcLogic:PC_LOGIC|adder_N:JALR_Adjust_Subtract|adder:\G_NBit_ADDER:24:ADDER_I|xorg2:xor_gate2             ; xorg2           ; work         ;
;          |adder:\G_NBit_ADDER:25:ADDER_I|        ; 2 (0)               ; 0 (0)                     ; 0           ; 0            ; 0       ; 0         ; 0    ; 0            ; |RISCV_Processor|pcLogic:PC_LOGIC|adder_N:JALR_Adjust_Subtract|adder:\G_NBit_ADDER:25:ADDER_I                             ; adder           ; work         ;
;             |org2:or_gate1|                      ; 1 (1)               ; 0 (0)                     ; 0           ; 0            ; 0       ; 0         ; 0    ; 0            ; |RISCV_Processor|pcLogic:PC_LOGIC|adder_N:JALR_Adjust_Subtract|adder:\G_NBit_ADDER:25:ADDER_I|org2:or_gate1               ; org2            ; work         ;
;             |xorg2:xor_gate2|                    ; 1 (1)               ; 0 (0)                     ; 0           ; 0            ; 0       ; 0         ; 0    ; 0            ; |RISCV_Processor|pcLogic:PC_LOGIC|adder_N:JALR_Adjust_Subtract|adder:\G_NBit_ADDER:25:ADDER_I|xorg2:xor_gate2             ; xorg2           ; work         ;
;          |adder:\G_NBit_ADDER:26:ADDER_I|        ; 2 (0)               ; 0 (0)                     ; 0           ; 0            ; 0       ; 0         ; 0    ; 0            ; |RISCV_Processor|pcLogic:PC_LOGIC|adder_N:JALR_Adjust_Subtract|adder:\G_NBit_ADDER:26:ADDER_I                             ; adder           ; work         ;
;             |org2:or_gate1|                      ; 1 (1)               ; 0 (0)                     ; 0           ; 0            ; 0       ; 0         ; 0    ; 0            ; |RISCV_Processor|pcLogic:PC_LOGIC|adder_N:JALR_Adjust_Subtract|adder:\G_NBit_ADDER:26:ADDER_I|org2:or_gate1               ; org2            ; work         ;
;             |xorg2:xor_gate2|                    ; 1 (1)               ; 0 (0)                     ; 0           ; 0            ; 0       ; 0         ; 0    ; 0            ; |RISCV_Processor|pcLogic:PC_LOGIC|adder_N:JALR_Adjust_Subtract|adder:\G_NBit_ADDER:26:ADDER_I|xorg2:xor_gate2             ; xorg2           ; work         ;
;          |adder:\G_NBit_ADDER:27:ADDER_I|        ; 1 (0)               ; 0 (0)                     ; 0           ; 0            ; 0       ; 0         ; 0    ; 0            ; |RISCV_Processor|pcLogic:PC_LOGIC|adder_N:JALR_Adjust_Subtract|adder:\G_NBit_ADDER:27:ADDER_I                             ; adder           ; work         ;
;             |xorg2:xor_gate2|                    ; 1 (1)               ; 0 (0)                     ; 0           ; 0            ; 0       ; 0         ; 0    ; 0            ; |RISCV_Processor|pcLogic:PC_LOGIC|adder_N:JALR_Adjust_Subtract|adder:\G_NBit_ADDER:27:ADDER_I|xorg2:xor_gate2             ; xorg2           ; work         ;
;          |adder:\G_NBit_ADDER:28:ADDER_I|        ; 2 (0)               ; 0 (0)                     ; 0           ; 0            ; 0       ; 0         ; 0    ; 0            ; |RISCV_Processor|pcLogic:PC_LOGIC|adder_N:JALR_Adjust_Subtract|adder:\G_NBit_ADDER:28:ADDER_I                             ; adder           ; work         ;
;             |org2:or_gate1|                      ; 1 (1)               ; 0 (0)                     ; 0           ; 0            ; 0       ; 0         ; 0    ; 0            ; |RISCV_Processor|pcLogic:PC_LOGIC|adder_N:JALR_Adjust_Subtract|adder:\G_NBit_ADDER:28:ADDER_I|org2:or_gate1               ; org2            ; work         ;
;             |xorg2:xor_gate2|                    ; 1 (1)               ; 0 (0)                     ; 0           ; 0            ; 0       ; 0         ; 0    ; 0            ; |RISCV_Processor|pcLogic:PC_LOGIC|adder_N:JALR_Adjust_Subtract|adder:\G_NBit_ADDER:28:ADDER_I|xorg2:xor_gate2             ; xorg2           ; work         ;
;          |adder:\G_NBit_ADDER:29:ADDER_I|        ; 2 (0)               ; 0 (0)                     ; 0           ; 0            ; 0       ; 0         ; 0    ; 0            ; |RISCV_Processor|pcLogic:PC_LOGIC|adder_N:JALR_Adjust_Subtract|adder:\G_NBit_ADDER:29:ADDER_I                             ; adder           ; work         ;
;             |org2:or_gate1|                      ; 1 (1)               ; 0 (0)                     ; 0           ; 0            ; 0       ; 0         ; 0    ; 0            ; |RISCV_Processor|pcLogic:PC_LOGIC|adder_N:JALR_Adjust_Subtract|adder:\G_NBit_ADDER:29:ADDER_I|org2:or_gate1               ; org2            ; work         ;
;             |xorg2:xor_gate2|                    ; 1 (1)               ; 0 (0)                     ; 0           ; 0            ; 0       ; 0         ; 0    ; 0            ; |RISCV_Processor|pcLogic:PC_LOGIC|adder_N:JALR_Adjust_Subtract|adder:\G_NBit_ADDER:29:ADDER_I|xorg2:xor_gate2             ; xorg2           ; work         ;
;          |adder:\G_NBit_ADDER:30:ADDER_I|        ; 1 (0)               ; 0 (0)                     ; 0           ; 0            ; 0       ; 0         ; 0    ; 0            ; |RISCV_Processor|pcLogic:PC_LOGIC|adder_N:JALR_Adjust_Subtract|adder:\G_NBit_ADDER:30:ADDER_I                             ; adder           ; work         ;
;             |xorg2:xor_gate2|                    ; 1 (1)               ; 0 (0)                     ; 0           ; 0            ; 0       ; 0         ; 0    ; 0            ; |RISCV_Processor|pcLogic:PC_LOGIC|adder_N:JALR_Adjust_Subtract|adder:\G_NBit_ADDER:30:ADDER_I|xorg2:xor_gate2             ; xorg2           ; work         ;
;          |adder:\G_NBit_ADDER:31:ADDER_I|        ; 2 (0)               ; 0 (0)                     ; 0           ; 0            ; 0       ; 0         ; 0    ; 0            ; |RISCV_Processor|pcLogic:PC_LOGIC|adder_N:JALR_Adjust_Subtract|adder:\G_NBit_ADDER:31:ADDER_I                             ; adder           ; work         ;
;             |xorg2:xor_gate2|                    ; 2 (2)               ; 0 (0)                     ; 0           ; 0            ; 0       ; 0         ; 0    ; 0            ; |RISCV_Processor|pcLogic:PC_LOGIC|adder_N:JALR_Adjust_Subtract|adder:\G_NBit_ADDER:31:ADDER_I|xorg2:xor_gate2             ; xorg2           ; work         ;
;       |adder_N:PC_Plus_4|                        ; 38 (0)              ; 0 (0)                     ; 0           ; 0            ; 0       ; 0         ; 0    ; 0            ; |RISCV_Processor|pcLogic:PC_LOGIC|adder_N:PC_Plus_4                                                                       ; adder_N         ; work         ;
;          |adder:\G_NBit_ADDER:10:ADDER_I|        ; 1 (0)               ; 0 (0)                     ; 0           ; 0            ; 0       ; 0         ; 0    ; 0            ; |RISCV_Processor|pcLogic:PC_LOGIC|adder_N:PC_Plus_4|adder:\G_NBit_ADDER:10:ADDER_I                                        ; adder           ; work         ;
;             |xorg2:xor_gate2|                    ; 1 (1)               ; 0 (0)                     ; 0           ; 0            ; 0       ; 0         ; 0    ; 0            ; |RISCV_Processor|pcLogic:PC_LOGIC|adder_N:PC_Plus_4|adder:\G_NBit_ADDER:10:ADDER_I|xorg2:xor_gate2                        ; xorg2           ; work         ;
;          |adder:\G_NBit_ADDER:11:ADDER_I|        ; 3 (0)               ; 0 (0)                     ; 0           ; 0            ; 0       ; 0         ; 0    ; 0            ; |RISCV_Processor|pcLogic:PC_LOGIC|adder_N:PC_Plus_4|adder:\G_NBit_ADDER:11:ADDER_I                                        ; adder           ; work         ;
;             |andg2:and_gate3|                    ; 2 (2)               ; 0 (0)                     ; 0           ; 0            ; 0       ; 0         ; 0    ; 0            ; |RISCV_Processor|pcLogic:PC_LOGIC|adder_N:PC_Plus_4|adder:\G_NBit_ADDER:11:ADDER_I|andg2:and_gate3                        ; andg2           ; work         ;
;             |xorg2:xor_gate2|                    ; 1 (1)               ; 0 (0)                     ; 0           ; 0            ; 0       ; 0         ; 0    ; 0            ; |RISCV_Processor|pcLogic:PC_LOGIC|adder_N:PC_Plus_4|adder:\G_NBit_ADDER:11:ADDER_I|xorg2:xor_gate2                        ; xorg2           ; work         ;
;          |adder:\G_NBit_ADDER:12:ADDER_I|        ; 1 (0)               ; 0 (0)                     ; 0           ; 0            ; 0       ; 0         ; 0    ; 0            ; |RISCV_Processor|pcLogic:PC_LOGIC|adder_N:PC_Plus_4|adder:\G_NBit_ADDER:12:ADDER_I                                        ; adder           ; work         ;
;             |xorg2:xor_gate2|                    ; 1 (1)               ; 0 (0)                     ; 0           ; 0            ; 0       ; 0         ; 0    ; 0            ; |RISCV_Processor|pcLogic:PC_LOGIC|adder_N:PC_Plus_4|adder:\G_NBit_ADDER:12:ADDER_I|xorg2:xor_gate2                        ; xorg2           ; work         ;
;          |adder:\G_NBit_ADDER:13:ADDER_I|        ; 1 (0)               ; 0 (0)                     ; 0           ; 0            ; 0       ; 0         ; 0    ; 0            ; |RISCV_Processor|pcLogic:PC_LOGIC|adder_N:PC_Plus_4|adder:\G_NBit_ADDER:13:ADDER_I                                        ; adder           ; work         ;
;             |xorg2:xor_gate2|                    ; 1 (1)               ; 0 (0)                     ; 0           ; 0            ; 0       ; 0         ; 0    ; 0            ; |RISCV_Processor|pcLogic:PC_LOGIC|adder_N:PC_Plus_4|adder:\G_NBit_ADDER:13:ADDER_I|xorg2:xor_gate2                        ; xorg2           ; work         ;
;          |adder:\G_NBit_ADDER:14:ADDER_I|        ; 2 (0)               ; 0 (0)                     ; 0           ; 0            ; 0       ; 0         ; 0    ; 0            ; |RISCV_Processor|pcLogic:PC_LOGIC|adder_N:PC_Plus_4|adder:\G_NBit_ADDER:14:ADDER_I                                        ; adder           ; work         ;
;             |andg2:and_gate3|                    ; 1 (1)               ; 0 (0)                     ; 0           ; 0            ; 0       ; 0         ; 0    ; 0            ; |RISCV_Processor|pcLogic:PC_LOGIC|adder_N:PC_Plus_4|adder:\G_NBit_ADDER:14:ADDER_I|andg2:and_gate3                        ; andg2           ; work         ;
;             |xorg2:xor_gate2|                    ; 1 (1)               ; 0 (0)                     ; 0           ; 0            ; 0       ; 0         ; 0    ; 0            ; |RISCV_Processor|pcLogic:PC_LOGIC|adder_N:PC_Plus_4|adder:\G_NBit_ADDER:14:ADDER_I|xorg2:xor_gate2                        ; xorg2           ; work         ;
;          |adder:\G_NBit_ADDER:15:ADDER_I|        ; 1 (0)               ; 0 (0)                     ; 0           ; 0            ; 0       ; 0         ; 0    ; 0            ; |RISCV_Processor|pcLogic:PC_LOGIC|adder_N:PC_Plus_4|adder:\G_NBit_ADDER:15:ADDER_I                                        ; adder           ; work         ;
;             |xorg2:xor_gate2|                    ; 1 (1)               ; 0 (0)                     ; 0           ; 0            ; 0       ; 0         ; 0    ; 0            ; |RISCV_Processor|pcLogic:PC_LOGIC|adder_N:PC_Plus_4|adder:\G_NBit_ADDER:15:ADDER_I|xorg2:xor_gate2                        ; xorg2           ; work         ;
;          |adder:\G_NBit_ADDER:16:ADDER_I|        ; 1 (0)               ; 0 (0)                     ; 0           ; 0            ; 0       ; 0         ; 0    ; 0            ; |RISCV_Processor|pcLogic:PC_LOGIC|adder_N:PC_Plus_4|adder:\G_NBit_ADDER:16:ADDER_I                                        ; adder           ; work         ;
;             |xorg2:xor_gate2|                    ; 1 (1)               ; 0 (0)                     ; 0           ; 0            ; 0       ; 0         ; 0    ; 0            ; |RISCV_Processor|pcLogic:PC_LOGIC|adder_N:PC_Plus_4|adder:\G_NBit_ADDER:16:ADDER_I|xorg2:xor_gate2                        ; xorg2           ; work         ;
;          |adder:\G_NBit_ADDER:17:ADDER_I|        ; 2 (0)               ; 0 (0)                     ; 0           ; 0            ; 0       ; 0         ; 0    ; 0            ; |RISCV_Processor|pcLogic:PC_LOGIC|adder_N:PC_Plus_4|adder:\G_NBit_ADDER:17:ADDER_I                                        ; adder           ; work         ;
;             |andg2:and_gate3|                    ; 1 (1)               ; 0 (0)                     ; 0           ; 0            ; 0       ; 0         ; 0    ; 0            ; |RISCV_Processor|pcLogic:PC_LOGIC|adder_N:PC_Plus_4|adder:\G_NBit_ADDER:17:ADDER_I|andg2:and_gate3                        ; andg2           ; work         ;
;             |xorg2:xor_gate2|                    ; 1 (1)               ; 0 (0)                     ; 0           ; 0            ; 0       ; 0         ; 0    ; 0            ; |RISCV_Processor|pcLogic:PC_LOGIC|adder_N:PC_Plus_4|adder:\G_NBit_ADDER:17:ADDER_I|xorg2:xor_gate2                        ; xorg2           ; work         ;
;          |adder:\G_NBit_ADDER:18:ADDER_I|        ; 1 (0)               ; 0 (0)                     ; 0           ; 0            ; 0       ; 0         ; 0    ; 0            ; |RISCV_Processor|pcLogic:PC_LOGIC|adder_N:PC_Plus_4|adder:\G_NBit_ADDER:18:ADDER_I                                        ; adder           ; work         ;
;             |xorg2:xor_gate2|                    ; 1 (1)               ; 0 (0)                     ; 0           ; 0            ; 0       ; 0         ; 0    ; 0            ; |RISCV_Processor|pcLogic:PC_LOGIC|adder_N:PC_Plus_4|adder:\G_NBit_ADDER:18:ADDER_I|xorg2:xor_gate2                        ; xorg2           ; work         ;
;          |adder:\G_NBit_ADDER:19:ADDER_I|        ; 1 (0)               ; 0 (0)                     ; 0           ; 0            ; 0       ; 0         ; 0    ; 0            ; |RISCV_Processor|pcLogic:PC_LOGIC|adder_N:PC_Plus_4|adder:\G_NBit_ADDER:19:ADDER_I                                        ; adder           ; work         ;
;             |xorg2:xor_gate2|                    ; 1 (1)               ; 0 (0)                     ; 0           ; 0            ; 0       ; 0         ; 0    ; 0            ; |RISCV_Processor|pcLogic:PC_LOGIC|adder_N:PC_Plus_4|adder:\G_NBit_ADDER:19:ADDER_I|xorg2:xor_gate2                        ; xorg2           ; work         ;
;          |adder:\G_NBit_ADDER:20:ADDER_I|        ; 2 (0)               ; 0 (0)                     ; 0           ; 0            ; 0       ; 0         ; 0    ; 0            ; |RISCV_Processor|pcLogic:PC_LOGIC|adder_N:PC_Plus_4|adder:\G_NBit_ADDER:20:ADDER_I                                        ; adder           ; work         ;
;             |andg2:and_gate3|                    ; 1 (1)               ; 0 (0)                     ; 0           ; 0            ; 0       ; 0         ; 0    ; 0            ; |RISCV_Processor|pcLogic:PC_LOGIC|adder_N:PC_Plus_4|adder:\G_NBit_ADDER:20:ADDER_I|andg2:and_gate3                        ; andg2           ; work         ;
;             |xorg2:xor_gate2|                    ; 1 (1)               ; 0 (0)                     ; 0           ; 0            ; 0       ; 0         ; 0    ; 0            ; |RISCV_Processor|pcLogic:PC_LOGIC|adder_N:PC_Plus_4|adder:\G_NBit_ADDER:20:ADDER_I|xorg2:xor_gate2                        ; xorg2           ; work         ;
;          |adder:\G_NBit_ADDER:21:ADDER_I|        ; 1 (0)               ; 0 (0)                     ; 0           ; 0            ; 0       ; 0         ; 0    ; 0            ; |RISCV_Processor|pcLogic:PC_LOGIC|adder_N:PC_Plus_4|adder:\G_NBit_ADDER:21:ADDER_I                                        ; adder           ; work         ;
;             |xorg2:xor_gate2|                    ; 1 (1)               ; 0 (0)                     ; 0           ; 0            ; 0       ; 0         ; 0    ; 0            ; |RISCV_Processor|pcLogic:PC_LOGIC|adder_N:PC_Plus_4|adder:\G_NBit_ADDER:21:ADDER_I|xorg2:xor_gate2                        ; xorg2           ; work         ;
;          |adder:\G_NBit_ADDER:22:ADDER_I|        ; 1 (0)               ; 0 (0)                     ; 0           ; 0            ; 0       ; 0         ; 0    ; 0            ; |RISCV_Processor|pcLogic:PC_LOGIC|adder_N:PC_Plus_4|adder:\G_NBit_ADDER:22:ADDER_I                                        ; adder           ; work         ;
;             |xorg2:xor_gate2|                    ; 1 (1)               ; 0 (0)                     ; 0           ; 0            ; 0       ; 0         ; 0    ; 0            ; |RISCV_Processor|pcLogic:PC_LOGIC|adder_N:PC_Plus_4|adder:\G_NBit_ADDER:22:ADDER_I|xorg2:xor_gate2                        ; xorg2           ; work         ;
;          |adder:\G_NBit_ADDER:23:ADDER_I|        ; 2 (0)               ; 0 (0)                     ; 0           ; 0            ; 0       ; 0         ; 0    ; 0            ; |RISCV_Processor|pcLogic:PC_LOGIC|adder_N:PC_Plus_4|adder:\G_NBit_ADDER:23:ADDER_I                                        ; adder           ; work         ;
;             |andg2:and_gate3|                    ; 1 (1)               ; 0 (0)                     ; 0           ; 0            ; 0       ; 0         ; 0    ; 0            ; |RISCV_Processor|pcLogic:PC_LOGIC|adder_N:PC_Plus_4|adder:\G_NBit_ADDER:23:ADDER_I|andg2:and_gate3                        ; andg2           ; work         ;
;             |xorg2:xor_gate2|                    ; 1 (1)               ; 0 (0)                     ; 0           ; 0            ; 0       ; 0         ; 0    ; 0            ; |RISCV_Processor|pcLogic:PC_LOGIC|adder_N:PC_Plus_4|adder:\G_NBit_ADDER:23:ADDER_I|xorg2:xor_gate2                        ; xorg2           ; work         ;
;          |adder:\G_NBit_ADDER:24:ADDER_I|        ; 1 (0)               ; 0 (0)                     ; 0           ; 0            ; 0       ; 0         ; 0    ; 0            ; |RISCV_Processor|pcLogic:PC_LOGIC|adder_N:PC_Plus_4|adder:\G_NBit_ADDER:24:ADDER_I                                        ; adder           ; work         ;
;             |xorg2:xor_gate2|                    ; 1 (1)               ; 0 (0)                     ; 0           ; 0            ; 0       ; 0         ; 0    ; 0            ; |RISCV_Processor|pcLogic:PC_LOGIC|adder_N:PC_Plus_4|adder:\G_NBit_ADDER:24:ADDER_I|xorg2:xor_gate2                        ; xorg2           ; work         ;
;          |adder:\G_NBit_ADDER:25:ADDER_I|        ; 1 (0)               ; 0 (0)                     ; 0           ; 0            ; 0       ; 0         ; 0    ; 0            ; |RISCV_Processor|pcLogic:PC_LOGIC|adder_N:PC_Plus_4|adder:\G_NBit_ADDER:25:ADDER_I                                        ; adder           ; work         ;
;             |xorg2:xor_gate2|                    ; 1 (1)               ; 0 (0)                     ; 0           ; 0            ; 0       ; 0         ; 0    ; 0            ; |RISCV_Processor|pcLogic:PC_LOGIC|adder_N:PC_Plus_4|adder:\G_NBit_ADDER:25:ADDER_I|xorg2:xor_gate2                        ; xorg2           ; work         ;
;          |adder:\G_NBit_ADDER:26:ADDER_I|        ; 2 (0)               ; 0 (0)                     ; 0           ; 0            ; 0       ; 0         ; 0    ; 0            ; |RISCV_Processor|pcLogic:PC_LOGIC|adder_N:PC_Plus_4|adder:\G_NBit_ADDER:26:ADDER_I                                        ; adder           ; work         ;
;             |andg2:and_gate3|                    ; 1 (1)               ; 0 (0)                     ; 0           ; 0            ; 0       ; 0         ; 0    ; 0            ; |RISCV_Processor|pcLogic:PC_LOGIC|adder_N:PC_Plus_4|adder:\G_NBit_ADDER:26:ADDER_I|andg2:and_gate3                        ; andg2           ; work         ;
;             |xorg2:xor_gate2|                    ; 1 (1)               ; 0 (0)                     ; 0           ; 0            ; 0       ; 0         ; 0    ; 0            ; |RISCV_Processor|pcLogic:PC_LOGIC|adder_N:PC_Plus_4|adder:\G_NBit_ADDER:26:ADDER_I|xorg2:xor_gate2                        ; xorg2           ; work         ;
;          |adder:\G_NBit_ADDER:27:ADDER_I|        ; 1 (0)               ; 0 (0)                     ; 0           ; 0            ; 0       ; 0         ; 0    ; 0            ; |RISCV_Processor|pcLogic:PC_LOGIC|adder_N:PC_Plus_4|adder:\G_NBit_ADDER:27:ADDER_I                                        ; adder           ; work         ;
;             |xorg2:xor_gate2|                    ; 1 (1)               ; 0 (0)                     ; 0           ; 0            ; 0       ; 0         ; 0    ; 0            ; |RISCV_Processor|pcLogic:PC_LOGIC|adder_N:PC_Plus_4|adder:\G_NBit_ADDER:27:ADDER_I|xorg2:xor_gate2                        ; xorg2           ; work         ;
;          |adder:\G_NBit_ADDER:28:ADDER_I|        ; 1 (0)               ; 0 (0)                     ; 0           ; 0            ; 0       ; 0         ; 0    ; 0            ; |RISCV_Processor|pcLogic:PC_LOGIC|adder_N:PC_Plus_4|adder:\G_NBit_ADDER:28:ADDER_I                                        ; adder           ; work         ;
;             |xorg2:xor_gate2|                    ; 1 (1)               ; 0 (0)                     ; 0           ; 0            ; 0       ; 0         ; 0    ; 0            ; |RISCV_Processor|pcLogic:PC_LOGIC|adder_N:PC_Plus_4|adder:\G_NBit_ADDER:28:ADDER_I|xorg2:xor_gate2                        ; xorg2           ; work         ;
;          |adder:\G_NBit_ADDER:29:ADDER_I|        ; 2 (0)               ; 0 (0)                     ; 0           ; 0            ; 0       ; 0         ; 0    ; 0            ; |RISCV_Processor|pcLogic:PC_LOGIC|adder_N:PC_Plus_4|adder:\G_NBit_ADDER:29:ADDER_I                                        ; adder           ; work         ;
;             |andg2:and_gate3|                    ; 1 (1)               ; 0 (0)                     ; 0           ; 0            ; 0       ; 0         ; 0    ; 0            ; |RISCV_Processor|pcLogic:PC_LOGIC|adder_N:PC_Plus_4|adder:\G_NBit_ADDER:29:ADDER_I|andg2:and_gate3                        ; andg2           ; work         ;
;             |xorg2:xor_gate2|                    ; 1 (1)               ; 0 (0)                     ; 0           ; 0            ; 0       ; 0         ; 0    ; 0            ; |RISCV_Processor|pcLogic:PC_LOGIC|adder_N:PC_Plus_4|adder:\G_NBit_ADDER:29:ADDER_I|xorg2:xor_gate2                        ; xorg2           ; work         ;
;          |adder:\G_NBit_ADDER:30:ADDER_I|        ; 1 (0)               ; 0 (0)                     ; 0           ; 0            ; 0       ; 0         ; 0    ; 0            ; |RISCV_Processor|pcLogic:PC_LOGIC|adder_N:PC_Plus_4|adder:\G_NBit_ADDER:30:ADDER_I                                        ; adder           ; work         ;
;             |xorg2:xor_gate2|                    ; 1 (1)               ; 0 (0)                     ; 0           ; 0            ; 0       ; 0         ; 0    ; 0            ; |RISCV_Processor|pcLogic:PC_LOGIC|adder_N:PC_Plus_4|adder:\G_NBit_ADDER:30:ADDER_I|xorg2:xor_gate2                        ; xorg2           ; work         ;
;          |adder:\G_NBit_ADDER:31:ADDER_I|        ; 1 (0)               ; 0 (0)                     ; 0           ; 0            ; 0       ; 0         ; 0    ; 0            ; |RISCV_Processor|pcLogic:PC_LOGIC|adder_N:PC_Plus_4|adder:\G_NBit_ADDER:31:ADDER_I                                        ; adder           ; work         ;
;             |xorg2:xor_gate2|                    ; 1 (1)               ; 0 (0)                     ; 0           ; 0            ; 0       ; 0         ; 0    ; 0            ; |RISCV_Processor|pcLogic:PC_LOGIC|adder_N:PC_Plus_4|adder:\G_NBit_ADDER:31:ADDER_I|xorg2:xor_gate2                        ; xorg2           ; work         ;
;          |adder:\G_NBit_ADDER:4:ADDER_I|         ; 1 (0)               ; 0 (0)                     ; 0           ; 0            ; 0       ; 0         ; 0    ; 0            ; |RISCV_Processor|pcLogic:PC_LOGIC|adder_N:PC_Plus_4|adder:\G_NBit_ADDER:4:ADDER_I                                         ; adder           ; work         ;
;             |xorg2:xor_gate2|                    ; 1 (1)               ; 0 (0)                     ; 0           ; 0            ; 0       ; 0         ; 0    ; 0            ; |RISCV_Processor|pcLogic:PC_LOGIC|adder_N:PC_Plus_4|adder:\G_NBit_ADDER:4:ADDER_I|xorg2:xor_gate2                         ; xorg2           ; work         ;
;          |adder:\G_NBit_ADDER:5:ADDER_I|         ; 2 (0)               ; 0 (0)                     ; 0           ; 0            ; 0       ; 0         ; 0    ; 0            ; |RISCV_Processor|pcLogic:PC_LOGIC|adder_N:PC_Plus_4|adder:\G_NBit_ADDER:5:ADDER_I                                         ; adder           ; work         ;
;             |andg2:and_gate3|                    ; 1 (1)               ; 0 (0)                     ; 0           ; 0            ; 0       ; 0         ; 0    ; 0            ; |RISCV_Processor|pcLogic:PC_LOGIC|adder_N:PC_Plus_4|adder:\G_NBit_ADDER:5:ADDER_I|andg2:and_gate3                         ; andg2           ; work         ;
;             |xorg2:xor_gate2|                    ; 1 (1)               ; 0 (0)                     ; 0           ; 0            ; 0       ; 0         ; 0    ; 0            ; |RISCV_Processor|pcLogic:PC_LOGIC|adder_N:PC_Plus_4|adder:\G_NBit_ADDER:5:ADDER_I|xorg2:xor_gate2                         ; xorg2           ; work         ;
;          |adder:\G_NBit_ADDER:6:ADDER_I|         ; 1 (0)               ; 0 (0)                     ; 0           ; 0            ; 0       ; 0         ; 0    ; 0            ; |RISCV_Processor|pcLogic:PC_LOGIC|adder_N:PC_Plus_4|adder:\G_NBit_ADDER:6:ADDER_I                                         ; adder           ; work         ;
;             |xorg2:xor_gate2|                    ; 1 (1)               ; 0 (0)                     ; 0           ; 0            ; 0       ; 0         ; 0    ; 0            ; |RISCV_Processor|pcLogic:PC_LOGIC|adder_N:PC_Plus_4|adder:\G_NBit_ADDER:6:ADDER_I|xorg2:xor_gate2                         ; xorg2           ; work         ;
;          |adder:\G_NBit_ADDER:7:ADDER_I|         ; 1 (0)               ; 0 (0)                     ; 0           ; 0            ; 0       ; 0         ; 0    ; 0            ; |RISCV_Processor|pcLogic:PC_LOGIC|adder_N:PC_Plus_4|adder:\G_NBit_ADDER:7:ADDER_I                                         ; adder           ; work         ;
;             |xorg2:xor_gate2|                    ; 1 (1)               ; 0 (0)                     ; 0           ; 0            ; 0       ; 0         ; 0    ; 0            ; |RISCV_Processor|pcLogic:PC_LOGIC|adder_N:PC_Plus_4|adder:\G_NBit_ADDER:7:ADDER_I|xorg2:xor_gate2                         ; xorg2           ; work         ;
;          |adder:\G_NBit_ADDER:8:ADDER_I|         ; 2 (0)               ; 0 (0)                     ; 0           ; 0            ; 0       ; 0         ; 0    ; 0            ; |RISCV_Processor|pcLogic:PC_LOGIC|adder_N:PC_Plus_4|adder:\G_NBit_ADDER:8:ADDER_I                                         ; adder           ; work         ;
;             |andg2:and_gate3|                    ; 1 (1)               ; 0 (0)                     ; 0           ; 0            ; 0       ; 0         ; 0    ; 0            ; |RISCV_Processor|pcLogic:PC_LOGIC|adder_N:PC_Plus_4|adder:\G_NBit_ADDER:8:ADDER_I|andg2:and_gate3                         ; andg2           ; work         ;
;             |xorg2:xor_gate2|                    ; 1 (1)               ; 0 (0)                     ; 0           ; 0            ; 0       ; 0         ; 0    ; 0            ; |RISCV_Processor|pcLogic:PC_LOGIC|adder_N:PC_Plus_4|adder:\G_NBit_ADDER:8:ADDER_I|xorg2:xor_gate2                         ; xorg2           ; work         ;
;          |adder:\G_NBit_ADDER:9:ADDER_I|         ; 1 (0)               ; 0 (0)                     ; 0           ; 0            ; 0       ; 0         ; 0    ; 0            ; |RISCV_Processor|pcLogic:PC_LOGIC|adder_N:PC_Plus_4|adder:\G_NBit_ADDER:9:ADDER_I                                         ; adder           ; work         ;
;             |xorg2:xor_gate2|                    ; 1 (1)               ; 0 (0)                     ; 0           ; 0            ; 0       ; 0         ; 0    ; 0            ; |RISCV_Processor|pcLogic:PC_LOGIC|adder_N:PC_Plus_4|adder:\G_NBit_ADDER:9:ADDER_I|xorg2:xor_gate2                         ; xorg2           ; work         ;
;       |adder_N:PC_Plus_imm|                      ; 64 (0)              ; 0 (0)                     ; 0           ; 0            ; 0       ; 0         ; 0    ; 0            ; |RISCV_Processor|pcLogic:PC_LOGIC|adder_N:PC_Plus_imm                                                                     ; adder_N         ; work         ;
;          |adder:\G_NBit_ADDER:10:ADDER_I|        ; 2 (0)               ; 0 (0)                     ; 0           ; 0            ; 0       ; 0         ; 0    ; 0            ; |RISCV_Processor|pcLogic:PC_LOGIC|adder_N:PC_Plus_imm|adder:\G_NBit_ADDER:10:ADDER_I                                      ; adder           ; work         ;
;             |org2:or_gate2|                      ; 1 (1)               ; 0 (0)                     ; 0           ; 0            ; 0       ; 0         ; 0    ; 0            ; |RISCV_Processor|pcLogic:PC_LOGIC|adder_N:PC_Plus_imm|adder:\G_NBit_ADDER:10:ADDER_I|org2:or_gate2                        ; org2            ; work         ;
;             |xorg2:xor_gate2|                    ; 1 (1)               ; 0 (0)                     ; 0           ; 0            ; 0       ; 0         ; 0    ; 0            ; |RISCV_Processor|pcLogic:PC_LOGIC|adder_N:PC_Plus_imm|adder:\G_NBit_ADDER:10:ADDER_I|xorg2:xor_gate2                      ; xorg2           ; work         ;
;          |adder:\G_NBit_ADDER:11:ADDER_I|        ; 2 (0)               ; 0 (0)                     ; 0           ; 0            ; 0       ; 0         ; 0    ; 0            ; |RISCV_Processor|pcLogic:PC_LOGIC|adder_N:PC_Plus_imm|adder:\G_NBit_ADDER:11:ADDER_I                                      ; adder           ; work         ;
;             |org2:or_gate2|                      ; 1 (1)               ; 0 (0)                     ; 0           ; 0            ; 0       ; 0         ; 0    ; 0            ; |RISCV_Processor|pcLogic:PC_LOGIC|adder_N:PC_Plus_imm|adder:\G_NBit_ADDER:11:ADDER_I|org2:or_gate2                        ; org2            ; work         ;
;             |xorg2:xor_gate2|                    ; 1 (1)               ; 0 (0)                     ; 0           ; 0            ; 0       ; 0         ; 0    ; 0            ; |RISCV_Processor|pcLogic:PC_LOGIC|adder_N:PC_Plus_imm|adder:\G_NBit_ADDER:11:ADDER_I|xorg2:xor_gate2                      ; xorg2           ; work         ;
;          |adder:\G_NBit_ADDER:12:ADDER_I|        ; 2 (0)               ; 0 (0)                     ; 0           ; 0            ; 0       ; 0         ; 0    ; 0            ; |RISCV_Processor|pcLogic:PC_LOGIC|adder_N:PC_Plus_imm|adder:\G_NBit_ADDER:12:ADDER_I                                      ; adder           ; work         ;
;             |org2:or_gate2|                      ; 1 (1)               ; 0 (0)                     ; 0           ; 0            ; 0       ; 0         ; 0    ; 0            ; |RISCV_Processor|pcLogic:PC_LOGIC|adder_N:PC_Plus_imm|adder:\G_NBit_ADDER:12:ADDER_I|org2:or_gate2                        ; org2            ; work         ;
;             |xorg2:xor_gate2|                    ; 1 (1)               ; 0 (0)                     ; 0           ; 0            ; 0       ; 0         ; 0    ; 0            ; |RISCV_Processor|pcLogic:PC_LOGIC|adder_N:PC_Plus_imm|adder:\G_NBit_ADDER:12:ADDER_I|xorg2:xor_gate2                      ; xorg2           ; work         ;
;          |adder:\G_NBit_ADDER:13:ADDER_I|        ; 2 (0)               ; 0 (0)                     ; 0           ; 0            ; 0       ; 0         ; 0    ; 0            ; |RISCV_Processor|pcLogic:PC_LOGIC|adder_N:PC_Plus_imm|adder:\G_NBit_ADDER:13:ADDER_I                                      ; adder           ; work         ;
;             |org2:or_gate2|                      ; 1 (1)               ; 0 (0)                     ; 0           ; 0            ; 0       ; 0         ; 0    ; 0            ; |RISCV_Processor|pcLogic:PC_LOGIC|adder_N:PC_Plus_imm|adder:\G_NBit_ADDER:13:ADDER_I|org2:or_gate2                        ; org2            ; work         ;
;             |xorg2:xor_gate2|                    ; 1 (1)               ; 0 (0)                     ; 0           ; 0            ; 0       ; 0         ; 0    ; 0            ; |RISCV_Processor|pcLogic:PC_LOGIC|adder_N:PC_Plus_imm|adder:\G_NBit_ADDER:13:ADDER_I|xorg2:xor_gate2                      ; xorg2           ; work         ;
;          |adder:\G_NBit_ADDER:14:ADDER_I|        ; 2 (0)               ; 0 (0)                     ; 0           ; 0            ; 0       ; 0         ; 0    ; 0            ; |RISCV_Processor|pcLogic:PC_LOGIC|adder_N:PC_Plus_imm|adder:\G_NBit_ADDER:14:ADDER_I                                      ; adder           ; work         ;
;             |org2:or_gate2|                      ; 1 (1)               ; 0 (0)                     ; 0           ; 0            ; 0       ; 0         ; 0    ; 0            ; |RISCV_Processor|pcLogic:PC_LOGIC|adder_N:PC_Plus_imm|adder:\G_NBit_ADDER:14:ADDER_I|org2:or_gate2                        ; org2            ; work         ;
;             |xorg2:xor_gate2|                    ; 1 (1)               ; 0 (0)                     ; 0           ; 0            ; 0       ; 0         ; 0    ; 0            ; |RISCV_Processor|pcLogic:PC_LOGIC|adder_N:PC_Plus_imm|adder:\G_NBit_ADDER:14:ADDER_I|xorg2:xor_gate2                      ; xorg2           ; work         ;
;          |adder:\G_NBit_ADDER:15:ADDER_I|        ; 2 (0)               ; 0 (0)                     ; 0           ; 0            ; 0       ; 0         ; 0    ; 0            ; |RISCV_Processor|pcLogic:PC_LOGIC|adder_N:PC_Plus_imm|adder:\G_NBit_ADDER:15:ADDER_I                                      ; adder           ; work         ;
;             |org2:or_gate2|                      ; 1 (1)               ; 0 (0)                     ; 0           ; 0            ; 0       ; 0         ; 0    ; 0            ; |RISCV_Processor|pcLogic:PC_LOGIC|adder_N:PC_Plus_imm|adder:\G_NBit_ADDER:15:ADDER_I|org2:or_gate2                        ; org2            ; work         ;
;             |xorg2:xor_gate2|                    ; 1 (1)               ; 0 (0)                     ; 0           ; 0            ; 0       ; 0         ; 0    ; 0            ; |RISCV_Processor|pcLogic:PC_LOGIC|adder_N:PC_Plus_imm|adder:\G_NBit_ADDER:15:ADDER_I|xorg2:xor_gate2                      ; xorg2           ; work         ;
;          |adder:\G_NBit_ADDER:16:ADDER_I|        ; 2 (0)               ; 0 (0)                     ; 0           ; 0            ; 0       ; 0         ; 0    ; 0            ; |RISCV_Processor|pcLogic:PC_LOGIC|adder_N:PC_Plus_imm|adder:\G_NBit_ADDER:16:ADDER_I                                      ; adder           ; work         ;
;             |org2:or_gate2|                      ; 1 (1)               ; 0 (0)                     ; 0           ; 0            ; 0       ; 0         ; 0    ; 0            ; |RISCV_Processor|pcLogic:PC_LOGIC|adder_N:PC_Plus_imm|adder:\G_NBit_ADDER:16:ADDER_I|org2:or_gate2                        ; org2            ; work         ;
;             |xorg2:xor_gate2|                    ; 1 (1)               ; 0 (0)                     ; 0           ; 0            ; 0       ; 0         ; 0    ; 0            ; |RISCV_Processor|pcLogic:PC_LOGIC|adder_N:PC_Plus_imm|adder:\G_NBit_ADDER:16:ADDER_I|xorg2:xor_gate2                      ; xorg2           ; work         ;
;          |adder:\G_NBit_ADDER:17:ADDER_I|        ; 2 (0)               ; 0 (0)                     ; 0           ; 0            ; 0       ; 0         ; 0    ; 0            ; |RISCV_Processor|pcLogic:PC_LOGIC|adder_N:PC_Plus_imm|adder:\G_NBit_ADDER:17:ADDER_I                                      ; adder           ; work         ;
;             |org2:or_gate2|                      ; 1 (1)               ; 0 (0)                     ; 0           ; 0            ; 0       ; 0         ; 0    ; 0            ; |RISCV_Processor|pcLogic:PC_LOGIC|adder_N:PC_Plus_imm|adder:\G_NBit_ADDER:17:ADDER_I|org2:or_gate2                        ; org2            ; work         ;
;             |xorg2:xor_gate2|                    ; 1 (1)               ; 0 (0)                     ; 0           ; 0            ; 0       ; 0         ; 0    ; 0            ; |RISCV_Processor|pcLogic:PC_LOGIC|adder_N:PC_Plus_imm|adder:\G_NBit_ADDER:17:ADDER_I|xorg2:xor_gate2                      ; xorg2           ; work         ;
;          |adder:\G_NBit_ADDER:18:ADDER_I|        ; 2 (0)               ; 0 (0)                     ; 0           ; 0            ; 0       ; 0         ; 0    ; 0            ; |RISCV_Processor|pcLogic:PC_LOGIC|adder_N:PC_Plus_imm|adder:\G_NBit_ADDER:18:ADDER_I                                      ; adder           ; work         ;
;             |org2:or_gate2|                      ; 1 (1)               ; 0 (0)                     ; 0           ; 0            ; 0       ; 0         ; 0    ; 0            ; |RISCV_Processor|pcLogic:PC_LOGIC|adder_N:PC_Plus_imm|adder:\G_NBit_ADDER:18:ADDER_I|org2:or_gate2                        ; org2            ; work         ;
;             |xorg2:xor_gate2|                    ; 1 (1)               ; 0 (0)                     ; 0           ; 0            ; 0       ; 0         ; 0    ; 0            ; |RISCV_Processor|pcLogic:PC_LOGIC|adder_N:PC_Plus_imm|adder:\G_NBit_ADDER:18:ADDER_I|xorg2:xor_gate2                      ; xorg2           ; work         ;
;          |adder:\G_NBit_ADDER:19:ADDER_I|        ; 2 (0)               ; 0 (0)                     ; 0           ; 0            ; 0       ; 0         ; 0    ; 0            ; |RISCV_Processor|pcLogic:PC_LOGIC|adder_N:PC_Plus_imm|adder:\G_NBit_ADDER:19:ADDER_I                                      ; adder           ; work         ;
;             |org2:or_gate2|                      ; 1 (1)               ; 0 (0)                     ; 0           ; 0            ; 0       ; 0         ; 0    ; 0            ; |RISCV_Processor|pcLogic:PC_LOGIC|adder_N:PC_Plus_imm|adder:\G_NBit_ADDER:19:ADDER_I|org2:or_gate2                        ; org2            ; work         ;
;             |xorg2:xor_gate2|                    ; 1 (1)               ; 0 (0)                     ; 0           ; 0            ; 0       ; 0         ; 0    ; 0            ; |RISCV_Processor|pcLogic:PC_LOGIC|adder_N:PC_Plus_imm|adder:\G_NBit_ADDER:19:ADDER_I|xorg2:xor_gate2                      ; xorg2           ; work         ;
;          |adder:\G_NBit_ADDER:1:ADDER_I|         ; 2 (0)               ; 0 (0)                     ; 0           ; 0            ; 0       ; 0         ; 0    ; 0            ; |RISCV_Processor|pcLogic:PC_LOGIC|adder_N:PC_Plus_imm|adder:\G_NBit_ADDER:1:ADDER_I                                       ; adder           ; work         ;
;             |org2:or_gate2|                      ; 1 (1)               ; 0 (0)                     ; 0           ; 0            ; 0       ; 0         ; 0    ; 0            ; |RISCV_Processor|pcLogic:PC_LOGIC|adder_N:PC_Plus_imm|adder:\G_NBit_ADDER:1:ADDER_I|org2:or_gate2                         ; org2            ; work         ;
;             |xorg2:xor_gate2|                    ; 1 (1)               ; 0 (0)                     ; 0           ; 0            ; 0       ; 0         ; 0    ; 0            ; |RISCV_Processor|pcLogic:PC_LOGIC|adder_N:PC_Plus_imm|adder:\G_NBit_ADDER:1:ADDER_I|xorg2:xor_gate2                       ; xorg2           ; work         ;
;          |adder:\G_NBit_ADDER:20:ADDER_I|        ; 2 (0)               ; 0 (0)                     ; 0           ; 0            ; 0       ; 0         ; 0    ; 0            ; |RISCV_Processor|pcLogic:PC_LOGIC|adder_N:PC_Plus_imm|adder:\G_NBit_ADDER:20:ADDER_I                                      ; adder           ; work         ;
;             |org2:or_gate2|                      ; 1 (1)               ; 0 (0)                     ; 0           ; 0            ; 0       ; 0         ; 0    ; 0            ; |RISCV_Processor|pcLogic:PC_LOGIC|adder_N:PC_Plus_imm|adder:\G_NBit_ADDER:20:ADDER_I|org2:or_gate2                        ; org2            ; work         ;
;             |xorg2:xor_gate2|                    ; 1 (1)               ; 0 (0)                     ; 0           ; 0            ; 0       ; 0         ; 0    ; 0            ; |RISCV_Processor|pcLogic:PC_LOGIC|adder_N:PC_Plus_imm|adder:\G_NBit_ADDER:20:ADDER_I|xorg2:xor_gate2                      ; xorg2           ; work         ;
;          |adder:\G_NBit_ADDER:21:ADDER_I|        ; 2 (0)               ; 0 (0)                     ; 0           ; 0            ; 0       ; 0         ; 0    ; 0            ; |RISCV_Processor|pcLogic:PC_LOGIC|adder_N:PC_Plus_imm|adder:\G_NBit_ADDER:21:ADDER_I                                      ; adder           ; work         ;
;             |org2:or_gate2|                      ; 1 (1)               ; 0 (0)                     ; 0           ; 0            ; 0       ; 0         ; 0    ; 0            ; |RISCV_Processor|pcLogic:PC_LOGIC|adder_N:PC_Plus_imm|adder:\G_NBit_ADDER:21:ADDER_I|org2:or_gate2                        ; org2            ; work         ;
;             |xorg2:xor_gate2|                    ; 1 (1)               ; 0 (0)                     ; 0           ; 0            ; 0       ; 0         ; 0    ; 0            ; |RISCV_Processor|pcLogic:PC_LOGIC|adder_N:PC_Plus_imm|adder:\G_NBit_ADDER:21:ADDER_I|xorg2:xor_gate2                      ; xorg2           ; work         ;
;          |adder:\G_NBit_ADDER:22:ADDER_I|        ; 2 (0)               ; 0 (0)                     ; 0           ; 0            ; 0       ; 0         ; 0    ; 0            ; |RISCV_Processor|pcLogic:PC_LOGIC|adder_N:PC_Plus_imm|adder:\G_NBit_ADDER:22:ADDER_I                                      ; adder           ; work         ;
;             |org2:or_gate2|                      ; 1 (1)               ; 0 (0)                     ; 0           ; 0            ; 0       ; 0         ; 0    ; 0            ; |RISCV_Processor|pcLogic:PC_LOGIC|adder_N:PC_Plus_imm|adder:\G_NBit_ADDER:22:ADDER_I|org2:or_gate2                        ; org2            ; work         ;
;             |xorg2:xor_gate2|                    ; 1 (1)               ; 0 (0)                     ; 0           ; 0            ; 0       ; 0         ; 0    ; 0            ; |RISCV_Processor|pcLogic:PC_LOGIC|adder_N:PC_Plus_imm|adder:\G_NBit_ADDER:22:ADDER_I|xorg2:xor_gate2                      ; xorg2           ; work         ;
;          |adder:\G_NBit_ADDER:23:ADDER_I|        ; 2 (0)               ; 0 (0)                     ; 0           ; 0            ; 0       ; 0         ; 0    ; 0            ; |RISCV_Processor|pcLogic:PC_LOGIC|adder_N:PC_Plus_imm|adder:\G_NBit_ADDER:23:ADDER_I                                      ; adder           ; work         ;
;             |org2:or_gate2|                      ; 1 (1)               ; 0 (0)                     ; 0           ; 0            ; 0       ; 0         ; 0    ; 0            ; |RISCV_Processor|pcLogic:PC_LOGIC|adder_N:PC_Plus_imm|adder:\G_NBit_ADDER:23:ADDER_I|org2:or_gate2                        ; org2            ; work         ;
;             |xorg2:xor_gate2|                    ; 1 (1)               ; 0 (0)                     ; 0           ; 0            ; 0       ; 0         ; 0    ; 0            ; |RISCV_Processor|pcLogic:PC_LOGIC|adder_N:PC_Plus_imm|adder:\G_NBit_ADDER:23:ADDER_I|xorg2:xor_gate2                      ; xorg2           ; work         ;
;          |adder:\G_NBit_ADDER:24:ADDER_I|        ; 2 (0)               ; 0 (0)                     ; 0           ; 0            ; 0       ; 0         ; 0    ; 0            ; |RISCV_Processor|pcLogic:PC_LOGIC|adder_N:PC_Plus_imm|adder:\G_NBit_ADDER:24:ADDER_I                                      ; adder           ; work         ;
;             |org2:or_gate2|                      ; 1 (1)               ; 0 (0)                     ; 0           ; 0            ; 0       ; 0         ; 0    ; 0            ; |RISCV_Processor|pcLogic:PC_LOGIC|adder_N:PC_Plus_imm|adder:\G_NBit_ADDER:24:ADDER_I|org2:or_gate2                        ; org2            ; work         ;
;             |xorg2:xor_gate2|                    ; 1 (1)               ; 0 (0)                     ; 0           ; 0            ; 0       ; 0         ; 0    ; 0            ; |RISCV_Processor|pcLogic:PC_LOGIC|adder_N:PC_Plus_imm|adder:\G_NBit_ADDER:24:ADDER_I|xorg2:xor_gate2                      ; xorg2           ; work         ;
;          |adder:\G_NBit_ADDER:25:ADDER_I|        ; 2 (0)               ; 0 (0)                     ; 0           ; 0            ; 0       ; 0         ; 0    ; 0            ; |RISCV_Processor|pcLogic:PC_LOGIC|adder_N:PC_Plus_imm|adder:\G_NBit_ADDER:25:ADDER_I                                      ; adder           ; work         ;
;             |org2:or_gate2|                      ; 1 (1)               ; 0 (0)                     ; 0           ; 0            ; 0       ; 0         ; 0    ; 0            ; |RISCV_Processor|pcLogic:PC_LOGIC|adder_N:PC_Plus_imm|adder:\G_NBit_ADDER:25:ADDER_I|org2:or_gate2                        ; org2            ; work         ;
;             |xorg2:xor_gate2|                    ; 1 (1)               ; 0 (0)                     ; 0           ; 0            ; 0       ; 0         ; 0    ; 0            ; |RISCV_Processor|pcLogic:PC_LOGIC|adder_N:PC_Plus_imm|adder:\G_NBit_ADDER:25:ADDER_I|xorg2:xor_gate2                      ; xorg2           ; work         ;
;          |adder:\G_NBit_ADDER:26:ADDER_I|        ; 3 (0)               ; 0 (0)                     ; 0           ; 0            ; 0       ; 0         ; 0    ; 0            ; |RISCV_Processor|pcLogic:PC_LOGIC|adder_N:PC_Plus_imm|adder:\G_NBit_ADDER:26:ADDER_I                                      ; adder           ; work         ;
;             |org2:or_gate2|                      ; 1 (1)               ; 0 (0)                     ; 0           ; 0            ; 0       ; 0         ; 0    ; 0            ; |RISCV_Processor|pcLogic:PC_LOGIC|adder_N:PC_Plus_imm|adder:\G_NBit_ADDER:26:ADDER_I|org2:or_gate2                        ; org2            ; work         ;
;             |xorg2:xor_gate2|                    ; 2 (2)               ; 0 (0)                     ; 0           ; 0            ; 0       ; 0         ; 0    ; 0            ; |RISCV_Processor|pcLogic:PC_LOGIC|adder_N:PC_Plus_imm|adder:\G_NBit_ADDER:26:ADDER_I|xorg2:xor_gate2                      ; xorg2           ; work         ;
;          |adder:\G_NBit_ADDER:27:ADDER_I|        ; 3 (0)               ; 0 (0)                     ; 0           ; 0            ; 0       ; 0         ; 0    ; 0            ; |RISCV_Processor|pcLogic:PC_LOGIC|adder_N:PC_Plus_imm|adder:\G_NBit_ADDER:27:ADDER_I                                      ; adder           ; work         ;
;             |org2:or_gate2|                      ; 1 (1)               ; 0 (0)                     ; 0           ; 0            ; 0       ; 0         ; 0    ; 0            ; |RISCV_Processor|pcLogic:PC_LOGIC|adder_N:PC_Plus_imm|adder:\G_NBit_ADDER:27:ADDER_I|org2:or_gate2                        ; org2            ; work         ;
;             |xorg2:xor_gate2|                    ; 2 (2)               ; 0 (0)                     ; 0           ; 0            ; 0       ; 0         ; 0    ; 0            ; |RISCV_Processor|pcLogic:PC_LOGIC|adder_N:PC_Plus_imm|adder:\G_NBit_ADDER:27:ADDER_I|xorg2:xor_gate2                      ; xorg2           ; work         ;
;          |adder:\G_NBit_ADDER:28:ADDER_I|        ; 3 (0)               ; 0 (0)                     ; 0           ; 0            ; 0       ; 0         ; 0    ; 0            ; |RISCV_Processor|pcLogic:PC_LOGIC|adder_N:PC_Plus_imm|adder:\G_NBit_ADDER:28:ADDER_I                                      ; adder           ; work         ;
;             |org2:or_gate2|                      ; 1 (1)               ; 0 (0)                     ; 0           ; 0            ; 0       ; 0         ; 0    ; 0            ; |RISCV_Processor|pcLogic:PC_LOGIC|adder_N:PC_Plus_imm|adder:\G_NBit_ADDER:28:ADDER_I|org2:or_gate2                        ; org2            ; work         ;
;             |xorg2:xor_gate2|                    ; 2 (2)               ; 0 (0)                     ; 0           ; 0            ; 0       ; 0         ; 0    ; 0            ; |RISCV_Processor|pcLogic:PC_LOGIC|adder_N:PC_Plus_imm|adder:\G_NBit_ADDER:28:ADDER_I|xorg2:xor_gate2                      ; xorg2           ; work         ;
;          |adder:\G_NBit_ADDER:29:ADDER_I|        ; 2 (0)               ; 0 (0)                     ; 0           ; 0            ; 0       ; 0         ; 0    ; 0            ; |RISCV_Processor|pcLogic:PC_LOGIC|adder_N:PC_Plus_imm|adder:\G_NBit_ADDER:29:ADDER_I                                      ; adder           ; work         ;
;             |xorg2:xor_gate2|                    ; 2 (2)               ; 0 (0)                     ; 0           ; 0            ; 0       ; 0         ; 0    ; 0            ; |RISCV_Processor|pcLogic:PC_LOGIC|adder_N:PC_Plus_imm|adder:\G_NBit_ADDER:29:ADDER_I|xorg2:xor_gate2                      ; xorg2           ; work         ;
;          |adder:\G_NBit_ADDER:2:ADDER_I|         ; 1 (0)               ; 0 (0)                     ; 0           ; 0            ; 0       ; 0         ; 0    ; 0            ; |RISCV_Processor|pcLogic:PC_LOGIC|adder_N:PC_Plus_imm|adder:\G_NBit_ADDER:2:ADDER_I                                       ; adder           ; work         ;
;             |org2:or_gate2|                      ; 1 (1)               ; 0 (0)                     ; 0           ; 0            ; 0       ; 0         ; 0    ; 0            ; |RISCV_Processor|pcLogic:PC_LOGIC|adder_N:PC_Plus_imm|adder:\G_NBit_ADDER:2:ADDER_I|org2:or_gate2                         ; org2            ; work         ;
;          |adder:\G_NBit_ADDER:30:ADDER_I|        ; 2 (0)               ; 0 (0)                     ; 0           ; 0            ; 0       ; 0         ; 0    ; 0            ; |RISCV_Processor|pcLogic:PC_LOGIC|adder_N:PC_Plus_imm|adder:\G_NBit_ADDER:30:ADDER_I                                      ; adder           ; work         ;
;             |xorg2:xor_gate2|                    ; 2 (2)               ; 0 (0)                     ; 0           ; 0            ; 0       ; 0         ; 0    ; 0            ; |RISCV_Processor|pcLogic:PC_LOGIC|adder_N:PC_Plus_imm|adder:\G_NBit_ADDER:30:ADDER_I|xorg2:xor_gate2                      ; xorg2           ; work         ;
;          |adder:\G_NBit_ADDER:31:ADDER_I|        ; 3 (0)               ; 0 (0)                     ; 0           ; 0            ; 0       ; 0         ; 0    ; 0            ; |RISCV_Processor|pcLogic:PC_LOGIC|adder_N:PC_Plus_imm|adder:\G_NBit_ADDER:31:ADDER_I                                      ; adder           ; work         ;
;             |xorg2:xor_gate2|                    ; 3 (3)               ; 0 (0)                     ; 0           ; 0            ; 0       ; 0         ; 0    ; 0            ; |RISCV_Processor|pcLogic:PC_LOGIC|adder_N:PC_Plus_imm|adder:\G_NBit_ADDER:31:ADDER_I|xorg2:xor_gate2                      ; xorg2           ; work         ;
;          |adder:\G_NBit_ADDER:3:ADDER_I|         ; 1 (0)               ; 0 (0)                     ; 0           ; 0            ; 0       ; 0         ; 0    ; 0            ; |RISCV_Processor|pcLogic:PC_LOGIC|adder_N:PC_Plus_imm|adder:\G_NBit_ADDER:3:ADDER_I                                       ; adder           ; work         ;
;             |org2:or_gate2|                      ; 1 (1)               ; 0 (0)                     ; 0           ; 0            ; 0       ; 0         ; 0    ; 0            ; |RISCV_Processor|pcLogic:PC_LOGIC|adder_N:PC_Plus_imm|adder:\G_NBit_ADDER:3:ADDER_I|org2:or_gate2                         ; org2            ; work         ;
;          |adder:\G_NBit_ADDER:4:ADDER_I|         ; 2 (0)               ; 0 (0)                     ; 0           ; 0            ; 0       ; 0         ; 0    ; 0            ; |RISCV_Processor|pcLogic:PC_LOGIC|adder_N:PC_Plus_imm|adder:\G_NBit_ADDER:4:ADDER_I                                       ; adder           ; work         ;
;             |org2:or_gate2|                      ; 1 (1)               ; 0 (0)                     ; 0           ; 0            ; 0       ; 0         ; 0    ; 0            ; |RISCV_Processor|pcLogic:PC_LOGIC|adder_N:PC_Plus_imm|adder:\G_NBit_ADDER:4:ADDER_I|org2:or_gate2                         ; org2            ; work         ;
;             |xorg2:xor_gate2|                    ; 1 (1)               ; 0 (0)                     ; 0           ; 0            ; 0       ; 0         ; 0    ; 0            ; |RISCV_Processor|pcLogic:PC_LOGIC|adder_N:PC_Plus_imm|adder:\G_NBit_ADDER:4:ADDER_I|xorg2:xor_gate2                       ; xorg2           ; work         ;
;          |adder:\G_NBit_ADDER:5:ADDER_I|         ; 2 (0)               ; 0 (0)                     ; 0           ; 0            ; 0       ; 0         ; 0    ; 0            ; |RISCV_Processor|pcLogic:PC_LOGIC|adder_N:PC_Plus_imm|adder:\G_NBit_ADDER:5:ADDER_I                                       ; adder           ; work         ;
;             |org2:or_gate2|                      ; 1 (1)               ; 0 (0)                     ; 0           ; 0            ; 0       ; 0         ; 0    ; 0            ; |RISCV_Processor|pcLogic:PC_LOGIC|adder_N:PC_Plus_imm|adder:\G_NBit_ADDER:5:ADDER_I|org2:or_gate2                         ; org2            ; work         ;
;             |xorg2:xor_gate2|                    ; 1 (1)               ; 0 (0)                     ; 0           ; 0            ; 0       ; 0         ; 0    ; 0            ; |RISCV_Processor|pcLogic:PC_LOGIC|adder_N:PC_Plus_imm|adder:\G_NBit_ADDER:5:ADDER_I|xorg2:xor_gate2                       ; xorg2           ; work         ;
;          |adder:\G_NBit_ADDER:6:ADDER_I|         ; 2 (0)               ; 0 (0)                     ; 0           ; 0            ; 0       ; 0         ; 0    ; 0            ; |RISCV_Processor|pcLogic:PC_LOGIC|adder_N:PC_Plus_imm|adder:\G_NBit_ADDER:6:ADDER_I                                       ; adder           ; work         ;
;             |org2:or_gate2|                      ; 1 (1)               ; 0 (0)                     ; 0           ; 0            ; 0       ; 0         ; 0    ; 0            ; |RISCV_Processor|pcLogic:PC_LOGIC|adder_N:PC_Plus_imm|adder:\G_NBit_ADDER:6:ADDER_I|org2:or_gate2                         ; org2            ; work         ;
;             |xorg2:xor_gate2|                    ; 1 (1)               ; 0 (0)                     ; 0           ; 0            ; 0       ; 0         ; 0    ; 0            ; |RISCV_Processor|pcLogic:PC_LOGIC|adder_N:PC_Plus_imm|adder:\G_NBit_ADDER:6:ADDER_I|xorg2:xor_gate2                       ; xorg2           ; work         ;
;          |adder:\G_NBit_ADDER:7:ADDER_I|         ; 2 (0)               ; 0 (0)                     ; 0           ; 0            ; 0       ; 0         ; 0    ; 0            ; |RISCV_Processor|pcLogic:PC_LOGIC|adder_N:PC_Plus_imm|adder:\G_NBit_ADDER:7:ADDER_I                                       ; adder           ; work         ;
;             |org2:or_gate2|                      ; 1 (1)               ; 0 (0)                     ; 0           ; 0            ; 0       ; 0         ; 0    ; 0            ; |RISCV_Processor|pcLogic:PC_LOGIC|adder_N:PC_Plus_imm|adder:\G_NBit_ADDER:7:ADDER_I|org2:or_gate2                         ; org2            ; work         ;
;             |xorg2:xor_gate2|                    ; 1 (1)               ; 0 (0)                     ; 0           ; 0            ; 0       ; 0         ; 0    ; 0            ; |RISCV_Processor|pcLogic:PC_LOGIC|adder_N:PC_Plus_imm|adder:\G_NBit_ADDER:7:ADDER_I|xorg2:xor_gate2                       ; xorg2           ; work         ;
;          |adder:\G_NBit_ADDER:8:ADDER_I|         ; 2 (0)               ; 0 (0)                     ; 0           ; 0            ; 0       ; 0         ; 0    ; 0            ; |RISCV_Processor|pcLogic:PC_LOGIC|adder_N:PC_Plus_imm|adder:\G_NBit_ADDER:8:ADDER_I                                       ; adder           ; work         ;
;             |org2:or_gate2|                      ; 1 (1)               ; 0 (0)                     ; 0           ; 0            ; 0       ; 0         ; 0    ; 0            ; |RISCV_Processor|pcLogic:PC_LOGIC|adder_N:PC_Plus_imm|adder:\G_NBit_ADDER:8:ADDER_I|org2:or_gate2                         ; org2            ; work         ;
;             |xorg2:xor_gate2|                    ; 1 (1)               ; 0 (0)                     ; 0           ; 0            ; 0       ; 0         ; 0    ; 0            ; |RISCV_Processor|pcLogic:PC_LOGIC|adder_N:PC_Plus_imm|adder:\G_NBit_ADDER:8:ADDER_I|xorg2:xor_gate2                       ; xorg2           ; work         ;
;          |adder:\G_NBit_ADDER:9:ADDER_I|         ; 2 (0)               ; 0 (0)                     ; 0           ; 0            ; 0       ; 0         ; 0    ; 0            ; |RISCV_Processor|pcLogic:PC_LOGIC|adder_N:PC_Plus_imm|adder:\G_NBit_ADDER:9:ADDER_I                                       ; adder           ; work         ;
;             |org2:or_gate2|                      ; 1 (1)               ; 0 (0)                     ; 0           ; 0            ; 0       ; 0         ; 0    ; 0            ; |RISCV_Processor|pcLogic:PC_LOGIC|adder_N:PC_Plus_imm|adder:\G_NBit_ADDER:9:ADDER_I|org2:or_gate2                         ; org2            ; work         ;
;             |xorg2:xor_gate2|                    ; 1 (1)               ; 0 (0)                     ; 0           ; 0            ; 0       ; 0         ; 0    ; 0            ; |RISCV_Processor|pcLogic:PC_LOGIC|adder_N:PC_Plus_imm|adder:\G_NBit_ADDER:9:ADDER_I|xorg2:xor_gate2                       ; xorg2           ; work         ;
;       |adder_N:rs1_Plus_imm|                     ; 56 (0)              ; 0 (0)                     ; 0           ; 0            ; 0       ; 0         ; 0    ; 0            ; |RISCV_Processor|pcLogic:PC_LOGIC|adder_N:rs1_Plus_imm                                                                    ; adder_N         ; work         ;
;          |adder:\G_NBit_ADDER:10:ADDER_I|        ; 2 (0)               ; 0 (0)                     ; 0           ; 0            ; 0       ; 0         ; 0    ; 0            ; |RISCV_Processor|pcLogic:PC_LOGIC|adder_N:rs1_Plus_imm|adder:\G_NBit_ADDER:10:ADDER_I                                     ; adder           ; work         ;
;             |org2:or_gate2|                      ; 1 (1)               ; 0 (0)                     ; 0           ; 0            ; 0       ; 0         ; 0    ; 0            ; |RISCV_Processor|pcLogic:PC_LOGIC|adder_N:rs1_Plus_imm|adder:\G_NBit_ADDER:10:ADDER_I|org2:or_gate2                       ; org2            ; work         ;
;             |xorg2:xor_gate2|                    ; 1 (1)               ; 0 (0)                     ; 0           ; 0            ; 0       ; 0         ; 0    ; 0            ; |RISCV_Processor|pcLogic:PC_LOGIC|adder_N:rs1_Plus_imm|adder:\G_NBit_ADDER:10:ADDER_I|xorg2:xor_gate2                     ; xorg2           ; work         ;
;          |adder:\G_NBit_ADDER:11:ADDER_I|        ; 2 (0)               ; 0 (0)                     ; 0           ; 0            ; 0       ; 0         ; 0    ; 0            ; |RISCV_Processor|pcLogic:PC_LOGIC|adder_N:rs1_Plus_imm|adder:\G_NBit_ADDER:11:ADDER_I                                     ; adder           ; work         ;
;             |org2:or_gate2|                      ; 1 (1)               ; 0 (0)                     ; 0           ; 0            ; 0       ; 0         ; 0    ; 0            ; |RISCV_Processor|pcLogic:PC_LOGIC|adder_N:rs1_Plus_imm|adder:\G_NBit_ADDER:11:ADDER_I|org2:or_gate2                       ; org2            ; work         ;
;             |xorg2:xor_gate2|                    ; 1 (1)               ; 0 (0)                     ; 0           ; 0            ; 0       ; 0         ; 0    ; 0            ; |RISCV_Processor|pcLogic:PC_LOGIC|adder_N:rs1_Plus_imm|adder:\G_NBit_ADDER:11:ADDER_I|xorg2:xor_gate2                     ; xorg2           ; work         ;
;          |adder:\G_NBit_ADDER:12:ADDER_I|        ; 2 (0)               ; 0 (0)                     ; 0           ; 0            ; 0       ; 0         ; 0    ; 0            ; |RISCV_Processor|pcLogic:PC_LOGIC|adder_N:rs1_Plus_imm|adder:\G_NBit_ADDER:12:ADDER_I                                     ; adder           ; work         ;
;             |org2:or_gate2|                      ; 1 (1)               ; 0 (0)                     ; 0           ; 0            ; 0       ; 0         ; 0    ; 0            ; |RISCV_Processor|pcLogic:PC_LOGIC|adder_N:rs1_Plus_imm|adder:\G_NBit_ADDER:12:ADDER_I|org2:or_gate2                       ; org2            ; work         ;
;             |xorg2:xor_gate2|                    ; 1 (1)               ; 0 (0)                     ; 0           ; 0            ; 0       ; 0         ; 0    ; 0            ; |RISCV_Processor|pcLogic:PC_LOGIC|adder_N:rs1_Plus_imm|adder:\G_NBit_ADDER:12:ADDER_I|xorg2:xor_gate2                     ; xorg2           ; work         ;
;          |adder:\G_NBit_ADDER:13:ADDER_I|        ; 2 (0)               ; 0 (0)                     ; 0           ; 0            ; 0       ; 0         ; 0    ; 0            ; |RISCV_Processor|pcLogic:PC_LOGIC|adder_N:rs1_Plus_imm|adder:\G_NBit_ADDER:13:ADDER_I                                     ; adder           ; work         ;
;             |org2:or_gate2|                      ; 1 (1)               ; 0 (0)                     ; 0           ; 0            ; 0       ; 0         ; 0    ; 0            ; |RISCV_Processor|pcLogic:PC_LOGIC|adder_N:rs1_Plus_imm|adder:\G_NBit_ADDER:13:ADDER_I|org2:or_gate2                       ; org2            ; work         ;
;             |xorg2:xor_gate2|                    ; 1 (1)               ; 0 (0)                     ; 0           ; 0            ; 0       ; 0         ; 0    ; 0            ; |RISCV_Processor|pcLogic:PC_LOGIC|adder_N:rs1_Plus_imm|adder:\G_NBit_ADDER:13:ADDER_I|xorg2:xor_gate2                     ; xorg2           ; work         ;
;          |adder:\G_NBit_ADDER:14:ADDER_I|        ; 2 (0)               ; 0 (0)                     ; 0           ; 0            ; 0       ; 0         ; 0    ; 0            ; |RISCV_Processor|pcLogic:PC_LOGIC|adder_N:rs1_Plus_imm|adder:\G_NBit_ADDER:14:ADDER_I                                     ; adder           ; work         ;
;             |org2:or_gate2|                      ; 1 (1)               ; 0 (0)                     ; 0           ; 0            ; 0       ; 0         ; 0    ; 0            ; |RISCV_Processor|pcLogic:PC_LOGIC|adder_N:rs1_Plus_imm|adder:\G_NBit_ADDER:14:ADDER_I|org2:or_gate2                       ; org2            ; work         ;
;             |xorg2:xor_gate2|                    ; 1 (1)               ; 0 (0)                     ; 0           ; 0            ; 0       ; 0         ; 0    ; 0            ; |RISCV_Processor|pcLogic:PC_LOGIC|adder_N:rs1_Plus_imm|adder:\G_NBit_ADDER:14:ADDER_I|xorg2:xor_gate2                     ; xorg2           ; work         ;
;          |adder:\G_NBit_ADDER:15:ADDER_I|        ; 2 (0)               ; 0 (0)                     ; 0           ; 0            ; 0       ; 0         ; 0    ; 0            ; |RISCV_Processor|pcLogic:PC_LOGIC|adder_N:rs1_Plus_imm|adder:\G_NBit_ADDER:15:ADDER_I                                     ; adder           ; work         ;
;             |org2:or_gate2|                      ; 1 (1)               ; 0 (0)                     ; 0           ; 0            ; 0       ; 0         ; 0    ; 0            ; |RISCV_Processor|pcLogic:PC_LOGIC|adder_N:rs1_Plus_imm|adder:\G_NBit_ADDER:15:ADDER_I|org2:or_gate2                       ; org2            ; work         ;
;             |xorg2:xor_gate2|                    ; 1 (1)               ; 0 (0)                     ; 0           ; 0            ; 0       ; 0         ; 0    ; 0            ; |RISCV_Processor|pcLogic:PC_LOGIC|adder_N:rs1_Plus_imm|adder:\G_NBit_ADDER:15:ADDER_I|xorg2:xor_gate2                     ; xorg2           ; work         ;
;          |adder:\G_NBit_ADDER:16:ADDER_I|        ; 2 (0)               ; 0 (0)                     ; 0           ; 0            ; 0       ; 0         ; 0    ; 0            ; |RISCV_Processor|pcLogic:PC_LOGIC|adder_N:rs1_Plus_imm|adder:\G_NBit_ADDER:16:ADDER_I                                     ; adder           ; work         ;
;             |org2:or_gate2|                      ; 1 (1)               ; 0 (0)                     ; 0           ; 0            ; 0       ; 0         ; 0    ; 0            ; |RISCV_Processor|pcLogic:PC_LOGIC|adder_N:rs1_Plus_imm|adder:\G_NBit_ADDER:16:ADDER_I|org2:or_gate2                       ; org2            ; work         ;
;             |xorg2:xor_gate2|                    ; 1 (1)               ; 0 (0)                     ; 0           ; 0            ; 0       ; 0         ; 0    ; 0            ; |RISCV_Processor|pcLogic:PC_LOGIC|adder_N:rs1_Plus_imm|adder:\G_NBit_ADDER:16:ADDER_I|xorg2:xor_gate2                     ; xorg2           ; work         ;
;          |adder:\G_NBit_ADDER:17:ADDER_I|        ; 2 (0)               ; 0 (0)                     ; 0           ; 0            ; 0       ; 0         ; 0    ; 0            ; |RISCV_Processor|pcLogic:PC_LOGIC|adder_N:rs1_Plus_imm|adder:\G_NBit_ADDER:17:ADDER_I                                     ; adder           ; work         ;
;             |org2:or_gate2|                      ; 1 (1)               ; 0 (0)                     ; 0           ; 0            ; 0       ; 0         ; 0    ; 0            ; |RISCV_Processor|pcLogic:PC_LOGIC|adder_N:rs1_Plus_imm|adder:\G_NBit_ADDER:17:ADDER_I|org2:or_gate2                       ; org2            ; work         ;
;             |xorg2:xor_gate2|                    ; 1 (1)               ; 0 (0)                     ; 0           ; 0            ; 0       ; 0         ; 0    ; 0            ; |RISCV_Processor|pcLogic:PC_LOGIC|adder_N:rs1_Plus_imm|adder:\G_NBit_ADDER:17:ADDER_I|xorg2:xor_gate2                     ; xorg2           ; work         ;
;          |adder:\G_NBit_ADDER:18:ADDER_I|        ; 2 (0)               ; 0 (0)                     ; 0           ; 0            ; 0       ; 0         ; 0    ; 0            ; |RISCV_Processor|pcLogic:PC_LOGIC|adder_N:rs1_Plus_imm|adder:\G_NBit_ADDER:18:ADDER_I                                     ; adder           ; work         ;
;             |org2:or_gate2|                      ; 1 (1)               ; 0 (0)                     ; 0           ; 0            ; 0       ; 0         ; 0    ; 0            ; |RISCV_Processor|pcLogic:PC_LOGIC|adder_N:rs1_Plus_imm|adder:\G_NBit_ADDER:18:ADDER_I|org2:or_gate2                       ; org2            ; work         ;
;             |xorg2:xor_gate2|                    ; 1 (1)               ; 0 (0)                     ; 0           ; 0            ; 0       ; 0         ; 0    ; 0            ; |RISCV_Processor|pcLogic:PC_LOGIC|adder_N:rs1_Plus_imm|adder:\G_NBit_ADDER:18:ADDER_I|xorg2:xor_gate2                     ; xorg2           ; work         ;
;          |adder:\G_NBit_ADDER:19:ADDER_I|        ; 2 (0)               ; 0 (0)                     ; 0           ; 0            ; 0       ; 0         ; 0    ; 0            ; |RISCV_Processor|pcLogic:PC_LOGIC|adder_N:rs1_Plus_imm|adder:\G_NBit_ADDER:19:ADDER_I                                     ; adder           ; work         ;
;             |org2:or_gate2|                      ; 1 (1)               ; 0 (0)                     ; 0           ; 0            ; 0       ; 0         ; 0    ; 0            ; |RISCV_Processor|pcLogic:PC_LOGIC|adder_N:rs1_Plus_imm|adder:\G_NBit_ADDER:19:ADDER_I|org2:or_gate2                       ; org2            ; work         ;
;             |xorg2:xor_gate2|                    ; 1 (1)               ; 0 (0)                     ; 0           ; 0            ; 0       ; 0         ; 0    ; 0            ; |RISCV_Processor|pcLogic:PC_LOGIC|adder_N:rs1_Plus_imm|adder:\G_NBit_ADDER:19:ADDER_I|xorg2:xor_gate2                     ; xorg2           ; work         ;
;          |adder:\G_NBit_ADDER:1:ADDER_I|         ; 2 (0)               ; 0 (0)                     ; 0           ; 0            ; 0       ; 0         ; 0    ; 0            ; |RISCV_Processor|pcLogic:PC_LOGIC|adder_N:rs1_Plus_imm|adder:\G_NBit_ADDER:1:ADDER_I                                      ; adder           ; work         ;
;             |org2:or_gate2|                      ; 1 (1)               ; 0 (0)                     ; 0           ; 0            ; 0       ; 0         ; 0    ; 0            ; |RISCV_Processor|pcLogic:PC_LOGIC|adder_N:rs1_Plus_imm|adder:\G_NBit_ADDER:1:ADDER_I|org2:or_gate2                        ; org2            ; work         ;
;             |xorg2:xor_gate2|                    ; 1 (1)               ; 0 (0)                     ; 0           ; 0            ; 0       ; 0         ; 0    ; 0            ; |RISCV_Processor|pcLogic:PC_LOGIC|adder_N:rs1_Plus_imm|adder:\G_NBit_ADDER:1:ADDER_I|xorg2:xor_gate2                      ; xorg2           ; work         ;
;          |adder:\G_NBit_ADDER:20:ADDER_I|        ; 2 (0)               ; 0 (0)                     ; 0           ; 0            ; 0       ; 0         ; 0    ; 0            ; |RISCV_Processor|pcLogic:PC_LOGIC|adder_N:rs1_Plus_imm|adder:\G_NBit_ADDER:20:ADDER_I                                     ; adder           ; work         ;
;             |org2:or_gate2|                      ; 1 (1)               ; 0 (0)                     ; 0           ; 0            ; 0       ; 0         ; 0    ; 0            ; |RISCV_Processor|pcLogic:PC_LOGIC|adder_N:rs1_Plus_imm|adder:\G_NBit_ADDER:20:ADDER_I|org2:or_gate2                       ; org2            ; work         ;
;             |xorg2:xor_gate2|                    ; 1 (1)               ; 0 (0)                     ; 0           ; 0            ; 0       ; 0         ; 0    ; 0            ; |RISCV_Processor|pcLogic:PC_LOGIC|adder_N:rs1_Plus_imm|adder:\G_NBit_ADDER:20:ADDER_I|xorg2:xor_gate2                     ; xorg2           ; work         ;
;          |adder:\G_NBit_ADDER:21:ADDER_I|        ; 2 (0)               ; 0 (0)                     ; 0           ; 0            ; 0       ; 0         ; 0    ; 0            ; |RISCV_Processor|pcLogic:PC_LOGIC|adder_N:rs1_Plus_imm|adder:\G_NBit_ADDER:21:ADDER_I                                     ; adder           ; work         ;
;             |org2:or_gate2|                      ; 1 (1)               ; 0 (0)                     ; 0           ; 0            ; 0       ; 0         ; 0    ; 0            ; |RISCV_Processor|pcLogic:PC_LOGIC|adder_N:rs1_Plus_imm|adder:\G_NBit_ADDER:21:ADDER_I|org2:or_gate2                       ; org2            ; work         ;
;             |xorg2:xor_gate2|                    ; 1 (1)               ; 0 (0)                     ; 0           ; 0            ; 0       ; 0         ; 0    ; 0            ; |RISCV_Processor|pcLogic:PC_LOGIC|adder_N:rs1_Plus_imm|adder:\G_NBit_ADDER:21:ADDER_I|xorg2:xor_gate2                     ; xorg2           ; work         ;
;          |adder:\G_NBit_ADDER:22:ADDER_I|        ; 2 (0)               ; 0 (0)                     ; 0           ; 0            ; 0       ; 0         ; 0    ; 0            ; |RISCV_Processor|pcLogic:PC_LOGIC|adder_N:rs1_Plus_imm|adder:\G_NBit_ADDER:22:ADDER_I                                     ; adder           ; work         ;
;             |org2:or_gate2|                      ; 1 (1)               ; 0 (0)                     ; 0           ; 0            ; 0       ; 0         ; 0    ; 0            ; |RISCV_Processor|pcLogic:PC_LOGIC|adder_N:rs1_Plus_imm|adder:\G_NBit_ADDER:22:ADDER_I|org2:or_gate2                       ; org2            ; work         ;
;             |xorg2:xor_gate2|                    ; 1 (1)               ; 0 (0)                     ; 0           ; 0            ; 0       ; 0         ; 0    ; 0            ; |RISCV_Processor|pcLogic:PC_LOGIC|adder_N:rs1_Plus_imm|adder:\G_NBit_ADDER:22:ADDER_I|xorg2:xor_gate2                     ; xorg2           ; work         ;
;          |adder:\G_NBit_ADDER:23:ADDER_I|        ; 1 (0)               ; 0 (0)                     ; 0           ; 0            ; 0       ; 0         ; 0    ; 0            ; |RISCV_Processor|pcLogic:PC_LOGIC|adder_N:rs1_Plus_imm|adder:\G_NBit_ADDER:23:ADDER_I                                     ; adder           ; work         ;
;             |org2:or_gate2|                      ; 1 (1)               ; 0 (0)                     ; 0           ; 0            ; 0       ; 0         ; 0    ; 0            ; |RISCV_Processor|pcLogic:PC_LOGIC|adder_N:rs1_Plus_imm|adder:\G_NBit_ADDER:23:ADDER_I|org2:or_gate2                       ; org2            ; work         ;
;          |adder:\G_NBit_ADDER:24:ADDER_I|        ; 1 (0)               ; 0 (0)                     ; 0           ; 0            ; 0       ; 0         ; 0    ; 0            ; |RISCV_Processor|pcLogic:PC_LOGIC|adder_N:rs1_Plus_imm|adder:\G_NBit_ADDER:24:ADDER_I                                     ; adder           ; work         ;
;             |org2:or_gate2|                      ; 1 (1)               ; 0 (0)                     ; 0           ; 0            ; 0       ; 0         ; 0    ; 0            ; |RISCV_Processor|pcLogic:PC_LOGIC|adder_N:rs1_Plus_imm|adder:\G_NBit_ADDER:24:ADDER_I|org2:or_gate2                       ; org2            ; work         ;
;          |adder:\G_NBit_ADDER:25:ADDER_I|        ; 1 (0)               ; 0 (0)                     ; 0           ; 0            ; 0       ; 0         ; 0    ; 0            ; |RISCV_Processor|pcLogic:PC_LOGIC|adder_N:rs1_Plus_imm|adder:\G_NBit_ADDER:25:ADDER_I                                     ; adder           ; work         ;
;             |org2:or_gate2|                      ; 1 (1)               ; 0 (0)                     ; 0           ; 0            ; 0       ; 0         ; 0    ; 0            ; |RISCV_Processor|pcLogic:PC_LOGIC|adder_N:rs1_Plus_imm|adder:\G_NBit_ADDER:25:ADDER_I|org2:or_gate2                       ; org2            ; work         ;
;          |adder:\G_NBit_ADDER:26:ADDER_I|        ; 2 (0)               ; 0 (0)                     ; 0           ; 0            ; 0       ; 0         ; 0    ; 0            ; |RISCV_Processor|pcLogic:PC_LOGIC|adder_N:rs1_Plus_imm|adder:\G_NBit_ADDER:26:ADDER_I                                     ; adder           ; work         ;
;             |org2:or_gate2|                      ; 1 (1)               ; 0 (0)                     ; 0           ; 0            ; 0       ; 0         ; 0    ; 0            ; |RISCV_Processor|pcLogic:PC_LOGIC|adder_N:rs1_Plus_imm|adder:\G_NBit_ADDER:26:ADDER_I|org2:or_gate2                       ; org2            ; work         ;
;             |xorg2:xor_gate2|                    ; 1 (1)               ; 0 (0)                     ; 0           ; 0            ; 0       ; 0         ; 0    ; 0            ; |RISCV_Processor|pcLogic:PC_LOGIC|adder_N:rs1_Plus_imm|adder:\G_NBit_ADDER:26:ADDER_I|xorg2:xor_gate2                     ; xorg2           ; work         ;
;          |adder:\G_NBit_ADDER:27:ADDER_I|        ; 3 (0)               ; 0 (0)                     ; 0           ; 0            ; 0       ; 0         ; 0    ; 0            ; |RISCV_Processor|pcLogic:PC_LOGIC|adder_N:rs1_Plus_imm|adder:\G_NBit_ADDER:27:ADDER_I                                     ; adder           ; work         ;
;             |org2:or_gate2|                      ; 1 (1)               ; 0 (0)                     ; 0           ; 0            ; 0       ; 0         ; 0    ; 0            ; |RISCV_Processor|pcLogic:PC_LOGIC|adder_N:rs1_Plus_imm|adder:\G_NBit_ADDER:27:ADDER_I|org2:or_gate2                       ; org2            ; work         ;
;             |xorg2:xor_gate2|                    ; 2 (2)               ; 0 (0)                     ; 0           ; 0            ; 0       ; 0         ; 0    ; 0            ; |RISCV_Processor|pcLogic:PC_LOGIC|adder_N:rs1_Plus_imm|adder:\G_NBit_ADDER:27:ADDER_I|xorg2:xor_gate2                     ; xorg2           ; work         ;
;          |adder:\G_NBit_ADDER:28:ADDER_I|        ; 3 (0)               ; 0 (0)                     ; 0           ; 0            ; 0       ; 0         ; 0    ; 0            ; |RISCV_Processor|pcLogic:PC_LOGIC|adder_N:rs1_Plus_imm|adder:\G_NBit_ADDER:28:ADDER_I                                     ; adder           ; work         ;
;             |org2:or_gate2|                      ; 1 (1)               ; 0 (0)                     ; 0           ; 0            ; 0       ; 0         ; 0    ; 0            ; |RISCV_Processor|pcLogic:PC_LOGIC|adder_N:rs1_Plus_imm|adder:\G_NBit_ADDER:28:ADDER_I|org2:or_gate2                       ; org2            ; work         ;
;             |xorg2:xor_gate2|                    ; 2 (2)               ; 0 (0)                     ; 0           ; 0            ; 0       ; 0         ; 0    ; 0            ; |RISCV_Processor|pcLogic:PC_LOGIC|adder_N:rs1_Plus_imm|adder:\G_NBit_ADDER:28:ADDER_I|xorg2:xor_gate2                     ; xorg2           ; work         ;
;          |adder:\G_NBit_ADDER:29:ADDER_I|        ; 1 (0)               ; 0 (0)                     ; 0           ; 0            ; 0       ; 0         ; 0    ; 0            ; |RISCV_Processor|pcLogic:PC_LOGIC|adder_N:rs1_Plus_imm|adder:\G_NBit_ADDER:29:ADDER_I                                     ; adder           ; work         ;
;             |org2:or_gate2|                      ; 1 (1)               ; 0 (0)                     ; 0           ; 0            ; 0       ; 0         ; 0    ; 0            ; |RISCV_Processor|pcLogic:PC_LOGIC|adder_N:rs1_Plus_imm|adder:\G_NBit_ADDER:29:ADDER_I|org2:or_gate2                       ; org2            ; work         ;
;          |adder:\G_NBit_ADDER:2:ADDER_I|         ; 2 (0)               ; 0 (0)                     ; 0           ; 0            ; 0       ; 0         ; 0    ; 0            ; |RISCV_Processor|pcLogic:PC_LOGIC|adder_N:rs1_Plus_imm|adder:\G_NBit_ADDER:2:ADDER_I                                      ; adder           ; work         ;
;             |org2:or_gate2|                      ; 1 (1)               ; 0 (0)                     ; 0           ; 0            ; 0       ; 0         ; 0    ; 0            ; |RISCV_Processor|pcLogic:PC_LOGIC|adder_N:rs1_Plus_imm|adder:\G_NBit_ADDER:2:ADDER_I|org2:or_gate2                        ; org2            ; work         ;
;             |xorg2:xor_gate2|                    ; 1 (1)               ; 0 (0)                     ; 0           ; 0            ; 0       ; 0         ; 0    ; 0            ; |RISCV_Processor|pcLogic:PC_LOGIC|adder_N:rs1_Plus_imm|adder:\G_NBit_ADDER:2:ADDER_I|xorg2:xor_gate2                      ; xorg2           ; work         ;
;          |adder:\G_NBit_ADDER:3:ADDER_I|         ; 2 (0)               ; 0 (0)                     ; 0           ; 0            ; 0       ; 0         ; 0    ; 0            ; |RISCV_Processor|pcLogic:PC_LOGIC|adder_N:rs1_Plus_imm|adder:\G_NBit_ADDER:3:ADDER_I                                      ; adder           ; work         ;
;             |org2:or_gate2|                      ; 1 (1)               ; 0 (0)                     ; 0           ; 0            ; 0       ; 0         ; 0    ; 0            ; |RISCV_Processor|pcLogic:PC_LOGIC|adder_N:rs1_Plus_imm|adder:\G_NBit_ADDER:3:ADDER_I|org2:or_gate2                        ; org2            ; work         ;
;             |xorg2:xor_gate2|                    ; 1 (1)               ; 0 (0)                     ; 0           ; 0            ; 0       ; 0         ; 0    ; 0            ; |RISCV_Processor|pcLogic:PC_LOGIC|adder_N:rs1_Plus_imm|adder:\G_NBit_ADDER:3:ADDER_I|xorg2:xor_gate2                      ; xorg2           ; work         ;
;          |adder:\G_NBit_ADDER:4:ADDER_I|         ; 2 (0)               ; 0 (0)                     ; 0           ; 0            ; 0       ; 0         ; 0    ; 0            ; |RISCV_Processor|pcLogic:PC_LOGIC|adder_N:rs1_Plus_imm|adder:\G_NBit_ADDER:4:ADDER_I                                      ; adder           ; work         ;
;             |org2:or_gate2|                      ; 1 (1)               ; 0 (0)                     ; 0           ; 0            ; 0       ; 0         ; 0    ; 0            ; |RISCV_Processor|pcLogic:PC_LOGIC|adder_N:rs1_Plus_imm|adder:\G_NBit_ADDER:4:ADDER_I|org2:or_gate2                        ; org2            ; work         ;
;             |xorg2:xor_gate2|                    ; 1 (1)               ; 0 (0)                     ; 0           ; 0            ; 0       ; 0         ; 0    ; 0            ; |RISCV_Processor|pcLogic:PC_LOGIC|adder_N:rs1_Plus_imm|adder:\G_NBit_ADDER:4:ADDER_I|xorg2:xor_gate2                      ; xorg2           ; work         ;
;          |adder:\G_NBit_ADDER:5:ADDER_I|         ; 2 (0)               ; 0 (0)                     ; 0           ; 0            ; 0       ; 0         ; 0    ; 0            ; |RISCV_Processor|pcLogic:PC_LOGIC|adder_N:rs1_Plus_imm|adder:\G_NBit_ADDER:5:ADDER_I                                      ; adder           ; work         ;
;             |org2:or_gate2|                      ; 1 (1)               ; 0 (0)                     ; 0           ; 0            ; 0       ; 0         ; 0    ; 0            ; |RISCV_Processor|pcLogic:PC_LOGIC|adder_N:rs1_Plus_imm|adder:\G_NBit_ADDER:5:ADDER_I|org2:or_gate2                        ; org2            ; work         ;
;             |xorg2:xor_gate2|                    ; 1 (1)               ; 0 (0)                     ; 0           ; 0            ; 0       ; 0         ; 0    ; 0            ; |RISCV_Processor|pcLogic:PC_LOGIC|adder_N:rs1_Plus_imm|adder:\G_NBit_ADDER:5:ADDER_I|xorg2:xor_gate2                      ; xorg2           ; work         ;
;          |adder:\G_NBit_ADDER:6:ADDER_I|         ; 2 (0)               ; 0 (0)                     ; 0           ; 0            ; 0       ; 0         ; 0    ; 0            ; |RISCV_Processor|pcLogic:PC_LOGIC|adder_N:rs1_Plus_imm|adder:\G_NBit_ADDER:6:ADDER_I                                      ; adder           ; work         ;
;             |org2:or_gate2|                      ; 1 (1)               ; 0 (0)                     ; 0           ; 0            ; 0       ; 0         ; 0    ; 0            ; |RISCV_Processor|pcLogic:PC_LOGIC|adder_N:rs1_Plus_imm|adder:\G_NBit_ADDER:6:ADDER_I|org2:or_gate2                        ; org2            ; work         ;
;             |xorg2:xor_gate2|                    ; 1 (1)               ; 0 (0)                     ; 0           ; 0            ; 0       ; 0         ; 0    ; 0            ; |RISCV_Processor|pcLogic:PC_LOGIC|adder_N:rs1_Plus_imm|adder:\G_NBit_ADDER:6:ADDER_I|xorg2:xor_gate2                      ; xorg2           ; work         ;
;          |adder:\G_NBit_ADDER:7:ADDER_I|         ; 2 (0)               ; 0 (0)                     ; 0           ; 0            ; 0       ; 0         ; 0    ; 0            ; |RISCV_Processor|pcLogic:PC_LOGIC|adder_N:rs1_Plus_imm|adder:\G_NBit_ADDER:7:ADDER_I                                      ; adder           ; work         ;
;             |org2:or_gate2|                      ; 1 (1)               ; 0 (0)                     ; 0           ; 0            ; 0       ; 0         ; 0    ; 0            ; |RISCV_Processor|pcLogic:PC_LOGIC|adder_N:rs1_Plus_imm|adder:\G_NBit_ADDER:7:ADDER_I|org2:or_gate2                        ; org2            ; work         ;
;             |xorg2:xor_gate2|                    ; 1 (1)               ; 0 (0)                     ; 0           ; 0            ; 0       ; 0         ; 0    ; 0            ; |RISCV_Processor|pcLogic:PC_LOGIC|adder_N:rs1_Plus_imm|adder:\G_NBit_ADDER:7:ADDER_I|xorg2:xor_gate2                      ; xorg2           ; work         ;
;          |adder:\G_NBit_ADDER:8:ADDER_I|         ; 2 (0)               ; 0 (0)                     ; 0           ; 0            ; 0       ; 0         ; 0    ; 0            ; |RISCV_Processor|pcLogic:PC_LOGIC|adder_N:rs1_Plus_imm|adder:\G_NBit_ADDER:8:ADDER_I                                      ; adder           ; work         ;
;             |org2:or_gate2|                      ; 1 (1)               ; 0 (0)                     ; 0           ; 0            ; 0       ; 0         ; 0    ; 0            ; |RISCV_Processor|pcLogic:PC_LOGIC|adder_N:rs1_Plus_imm|adder:\G_NBit_ADDER:8:ADDER_I|org2:or_gate2                        ; org2            ; work         ;
;             |xorg2:xor_gate2|                    ; 1 (1)               ; 0 (0)                     ; 0           ; 0            ; 0       ; 0         ; 0    ; 0            ; |RISCV_Processor|pcLogic:PC_LOGIC|adder_N:rs1_Plus_imm|adder:\G_NBit_ADDER:8:ADDER_I|xorg2:xor_gate2                      ; xorg2           ; work         ;
;          |adder:\G_NBit_ADDER:9:ADDER_I|         ; 2 (0)               ; 0 (0)                     ; 0           ; 0            ; 0       ; 0         ; 0    ; 0            ; |RISCV_Processor|pcLogic:PC_LOGIC|adder_N:rs1_Plus_imm|adder:\G_NBit_ADDER:9:ADDER_I                                      ; adder           ; work         ;
;             |org2:or_gate2|                      ; 1 (1)               ; 0 (0)                     ; 0           ; 0            ; 0       ; 0         ; 0    ; 0            ; |RISCV_Processor|pcLogic:PC_LOGIC|adder_N:rs1_Plus_imm|adder:\G_NBit_ADDER:9:ADDER_I|org2:or_gate2                        ; org2            ; work         ;
;             |xorg2:xor_gate2|                    ; 1 (1)               ; 0 (0)                     ; 0           ; 0            ; 0       ; 0         ; 0    ; 0            ; |RISCV_Processor|pcLogic:PC_LOGIC|adder_N:rs1_Plus_imm|adder:\G_NBit_ADDER:9:ADDER_I|xorg2:xor_gate2                      ; xorg2           ; work         ;
;       |mux4t1_N:PC_Select_Mux|                   ; 5 (0)               ; 0 (0)                     ; 0           ; 0            ; 0       ; 0         ; 0    ; 0            ; |RISCV_Processor|pcLogic:PC_LOGIC|mux4t1_N:PC_Select_Mux                                                                  ; mux4t1_N        ; work         ;
;          |mux4t1:\G_NBit_MUX:0:MUXI|             ; 3 (3)               ; 0 (0)                     ; 0           ; 0            ; 0       ; 0         ; 0    ; 0            ; |RISCV_Processor|pcLogic:PC_LOGIC|mux4t1_N:PC_Select_Mux|mux4t1:\G_NBit_MUX:0:MUXI                                        ; mux4t1          ; work         ;
;          |mux4t1:\G_NBit_MUX:1:MUXI|             ; 1 (1)               ; 0 (0)                     ; 0           ; 0            ; 0       ; 0         ; 0    ; 0            ; |RISCV_Processor|pcLogic:PC_LOGIC|mux4t1_N:PC_Select_Mux|mux4t1:\G_NBit_MUX:1:MUXI                                        ; mux4t1          ; work         ;
;          |mux4t1:\G_NBit_MUX:31:MUXI|            ; 1 (1)               ; 0 (0)                     ; 0           ; 0            ; 0       ; 0         ; 0    ; 0            ; |RISCV_Processor|pcLogic:PC_LOGIC|mux4t1_N:PC_Select_Mux|mux4t1:\G_NBit_MUX:31:MUXI                                       ; mux4t1          ; work         ;
;       |reg_N:PC_Register|                        ; 34 (0)              ; 32 (0)                    ; 0           ; 0            ; 0       ; 0         ; 0    ; 0            ; |RISCV_Processor|pcLogic:PC_LOGIC|reg_N:PC_Register                                                                       ; reg_N           ; work         ;
;          |dffg:\G_NBit_Reg:0:RegI|               ; 1 (1)               ; 1 (1)                     ; 0           ; 0            ; 0       ; 0         ; 0    ; 0            ; |RISCV_Processor|pcLogic:PC_LOGIC|reg_N:PC_Register|dffg:\G_NBit_Reg:0:RegI                                               ; dffg            ; work         ;
;          |dffg:\G_NBit_Reg:10:RegI|              ; 1 (1)               ; 1 (1)                     ; 0           ; 0            ; 0       ; 0         ; 0    ; 0            ; |RISCV_Processor|pcLogic:PC_LOGIC|reg_N:PC_Register|dffg:\G_NBit_Reg:10:RegI                                              ; dffg            ; work         ;
;          |dffg:\G_NBit_Reg:11:RegI|              ; 1 (1)               ; 1 (1)                     ; 0           ; 0            ; 0       ; 0         ; 0    ; 0            ; |RISCV_Processor|pcLogic:PC_LOGIC|reg_N:PC_Register|dffg:\G_NBit_Reg:11:RegI                                              ; dffg            ; work         ;
;          |dffg:\G_NBit_Reg:12:RegI|              ; 1 (1)               ; 1 (1)                     ; 0           ; 0            ; 0       ; 0         ; 0    ; 0            ; |RISCV_Processor|pcLogic:PC_LOGIC|reg_N:PC_Register|dffg:\G_NBit_Reg:12:RegI                                              ; dffg            ; work         ;
;          |dffg:\G_NBit_Reg:13:RegI|              ; 1 (1)               ; 1 (1)                     ; 0           ; 0            ; 0       ; 0         ; 0    ; 0            ; |RISCV_Processor|pcLogic:PC_LOGIC|reg_N:PC_Register|dffg:\G_NBit_Reg:13:RegI                                              ; dffg            ; work         ;
;          |dffg:\G_NBit_Reg:14:RegI|              ; 1 (1)               ; 1 (1)                     ; 0           ; 0            ; 0       ; 0         ; 0    ; 0            ; |RISCV_Processor|pcLogic:PC_LOGIC|reg_N:PC_Register|dffg:\G_NBit_Reg:14:RegI                                              ; dffg            ; work         ;
;          |dffg:\G_NBit_Reg:15:RegI|              ; 1 (1)               ; 1 (1)                     ; 0           ; 0            ; 0       ; 0         ; 0    ; 0            ; |RISCV_Processor|pcLogic:PC_LOGIC|reg_N:PC_Register|dffg:\G_NBit_Reg:15:RegI                                              ; dffg            ; work         ;
;          |dffg:\G_NBit_Reg:16:RegI|              ; 1 (1)               ; 1 (1)                     ; 0           ; 0            ; 0       ; 0         ; 0    ; 0            ; |RISCV_Processor|pcLogic:PC_LOGIC|reg_N:PC_Register|dffg:\G_NBit_Reg:16:RegI                                              ; dffg            ; work         ;
;          |dffg:\G_NBit_Reg:17:RegI|              ; 1 (1)               ; 1 (1)                     ; 0           ; 0            ; 0       ; 0         ; 0    ; 0            ; |RISCV_Processor|pcLogic:PC_LOGIC|reg_N:PC_Register|dffg:\G_NBit_Reg:17:RegI                                              ; dffg            ; work         ;
;          |dffg:\G_NBit_Reg:18:RegI|              ; 1 (1)               ; 1 (1)                     ; 0           ; 0            ; 0       ; 0         ; 0    ; 0            ; |RISCV_Processor|pcLogic:PC_LOGIC|reg_N:PC_Register|dffg:\G_NBit_Reg:18:RegI                                              ; dffg            ; work         ;
;          |dffg:\G_NBit_Reg:19:RegI|              ; 1 (1)               ; 1 (1)                     ; 0           ; 0            ; 0       ; 0         ; 0    ; 0            ; |RISCV_Processor|pcLogic:PC_LOGIC|reg_N:PC_Register|dffg:\G_NBit_Reg:19:RegI                                              ; dffg            ; work         ;
;          |dffg:\G_NBit_Reg:1:RegI|               ; 0 (0)               ; 1 (1)                     ; 0           ; 0            ; 0       ; 0         ; 0    ; 0            ; |RISCV_Processor|pcLogic:PC_LOGIC|reg_N:PC_Register|dffg:\G_NBit_Reg:1:RegI                                               ; dffg            ; work         ;
;          |dffg:\G_NBit_Reg:20:RegI|              ; 1 (1)               ; 1 (1)                     ; 0           ; 0            ; 0       ; 0         ; 0    ; 0            ; |RISCV_Processor|pcLogic:PC_LOGIC|reg_N:PC_Register|dffg:\G_NBit_Reg:20:RegI                                              ; dffg            ; work         ;
;          |dffg:\G_NBit_Reg:21:RegI|              ; 1 (1)               ; 1 (1)                     ; 0           ; 0            ; 0       ; 0         ; 0    ; 0            ; |RISCV_Processor|pcLogic:PC_LOGIC|reg_N:PC_Register|dffg:\G_NBit_Reg:21:RegI                                              ; dffg            ; work         ;
;          |dffg:\G_NBit_Reg:22:RegI|              ; 1 (1)               ; 1 (1)                     ; 0           ; 0            ; 0       ; 0         ; 0    ; 0            ; |RISCV_Processor|pcLogic:PC_LOGIC|reg_N:PC_Register|dffg:\G_NBit_Reg:22:RegI                                              ; dffg            ; work         ;
;          |dffg:\G_NBit_Reg:23:RegI|              ; 1 (1)               ; 1 (1)                     ; 0           ; 0            ; 0       ; 0         ; 0    ; 0            ; |RISCV_Processor|pcLogic:PC_LOGIC|reg_N:PC_Register|dffg:\G_NBit_Reg:23:RegI                                              ; dffg            ; work         ;
;          |dffg:\G_NBit_Reg:24:RegI|              ; 1 (1)               ; 1 (1)                     ; 0           ; 0            ; 0       ; 0         ; 0    ; 0            ; |RISCV_Processor|pcLogic:PC_LOGIC|reg_N:PC_Register|dffg:\G_NBit_Reg:24:RegI                                              ; dffg            ; work         ;
;          |dffg:\G_NBit_Reg:25:RegI|              ; 1 (1)               ; 1 (1)                     ; 0           ; 0            ; 0       ; 0         ; 0    ; 0            ; |RISCV_Processor|pcLogic:PC_LOGIC|reg_N:PC_Register|dffg:\G_NBit_Reg:25:RegI                                              ; dffg            ; work         ;
;          |dffg:\G_NBit_Reg:26:RegI|              ; 1 (1)               ; 1 (1)                     ; 0           ; 0            ; 0       ; 0         ; 0    ; 0            ; |RISCV_Processor|pcLogic:PC_LOGIC|reg_N:PC_Register|dffg:\G_NBit_Reg:26:RegI                                              ; dffg            ; work         ;
;          |dffg:\G_NBit_Reg:27:RegI|              ; 1 (1)               ; 1 (1)                     ; 0           ; 0            ; 0       ; 0         ; 0    ; 0            ; |RISCV_Processor|pcLogic:PC_LOGIC|reg_N:PC_Register|dffg:\G_NBit_Reg:27:RegI                                              ; dffg            ; work         ;
;          |dffg:\G_NBit_Reg:28:RegI|              ; 1 (1)               ; 1 (1)                     ; 0           ; 0            ; 0       ; 0         ; 0    ; 0            ; |RISCV_Processor|pcLogic:PC_LOGIC|reg_N:PC_Register|dffg:\G_NBit_Reg:28:RegI                                              ; dffg            ; work         ;
;          |dffg:\G_NBit_Reg:29:RegI|              ; 1 (1)               ; 1 (1)                     ; 0           ; 0            ; 0       ; 0         ; 0    ; 0            ; |RISCV_Processor|pcLogic:PC_LOGIC|reg_N:PC_Register|dffg:\G_NBit_Reg:29:RegI                                              ; dffg            ; work         ;
;          |dffg:\G_NBit_Reg:2:RegI|               ; 2 (2)               ; 1 (1)                     ; 0           ; 0            ; 0       ; 0         ; 0    ; 0            ; |RISCV_Processor|pcLogic:PC_LOGIC|reg_N:PC_Register|dffg:\G_NBit_Reg:2:RegI                                               ; dffg            ; work         ;
;          |dffg:\G_NBit_Reg:30:RegI|              ; 1 (1)               ; 1 (1)                     ; 0           ; 0            ; 0       ; 0         ; 0    ; 0            ; |RISCV_Processor|pcLogic:PC_LOGIC|reg_N:PC_Register|dffg:\G_NBit_Reg:30:RegI                                              ; dffg            ; work         ;
;          |dffg:\G_NBit_Reg:31:RegI|              ; 1 (1)               ; 1 (1)                     ; 0           ; 0            ; 0       ; 0         ; 0    ; 0            ; |RISCV_Processor|pcLogic:PC_LOGIC|reg_N:PC_Register|dffg:\G_NBit_Reg:31:RegI                                              ; dffg            ; work         ;
;          |dffg:\G_NBit_Reg:3:RegI|               ; 3 (3)               ; 1 (1)                     ; 0           ; 0            ; 0       ; 0         ; 0    ; 0            ; |RISCV_Processor|pcLogic:PC_LOGIC|reg_N:PC_Register|dffg:\G_NBit_Reg:3:RegI                                               ; dffg            ; work         ;
;          |dffg:\G_NBit_Reg:4:RegI|               ; 1 (1)               ; 1 (1)                     ; 0           ; 0            ; 0       ; 0         ; 0    ; 0            ; |RISCV_Processor|pcLogic:PC_LOGIC|reg_N:PC_Register|dffg:\G_NBit_Reg:4:RegI                                               ; dffg            ; work         ;
;          |dffg:\G_NBit_Reg:5:RegI|               ; 1 (1)               ; 1 (1)                     ; 0           ; 0            ; 0       ; 0         ; 0    ; 0            ; |RISCV_Processor|pcLogic:PC_LOGIC|reg_N:PC_Register|dffg:\G_NBit_Reg:5:RegI                                               ; dffg            ; work         ;
;          |dffg:\G_NBit_Reg:6:RegI|               ; 1 (1)               ; 1 (1)                     ; 0           ; 0            ; 0       ; 0         ; 0    ; 0            ; |RISCV_Processor|pcLogic:PC_LOGIC|reg_N:PC_Register|dffg:\G_NBit_Reg:6:RegI                                               ; dffg            ; work         ;
;          |dffg:\G_NBit_Reg:7:RegI|               ; 1 (1)               ; 1 (1)                     ; 0           ; 0            ; 0       ; 0         ; 0    ; 0            ; |RISCV_Processor|pcLogic:PC_LOGIC|reg_N:PC_Register|dffg:\G_NBit_Reg:7:RegI                                               ; dffg            ; work         ;
;          |dffg:\G_NBit_Reg:8:RegI|               ; 1 (1)               ; 1 (1)                     ; 0           ; 0            ; 0       ; 0         ; 0    ; 0            ; |RISCV_Processor|pcLogic:PC_LOGIC|reg_N:PC_Register|dffg:\G_NBit_Reg:8:RegI                                               ; dffg            ; work         ;
;          |dffg:\G_NBit_Reg:9:RegI|               ; 1 (1)               ; 1 (1)                     ; 0           ; 0            ; 0       ; 0         ; 0    ; 0            ; |RISCV_Processor|pcLogic:PC_LOGIC|reg_N:PC_Register|dffg:\G_NBit_Reg:9:RegI                                               ; dffg            ; work         ;
;    |regFile:RF|                                  ; 40 (40)             ; 992 (0)                   ; 0           ; 0            ; 0       ; 0         ; 0    ; 0            ; |RISCV_Processor|regFile:RF                                                                                               ; regFile         ; work         ;
;       |reg_N:reg10|                              ; 0 (0)               ; 32 (0)                    ; 0           ; 0            ; 0       ; 0         ; 0    ; 0            ; |RISCV_Processor|regFile:RF|reg_N:reg10                                                                                   ; reg_N           ; work         ;
;          |dffg:\G_NBit_Reg:0:RegI|               ; 0 (0)               ; 1 (1)                     ; 0           ; 0            ; 0       ; 0         ; 0    ; 0            ; |RISCV_Processor|regFile:RF|reg_N:reg10|dffg:\G_NBit_Reg:0:RegI                                                           ; dffg            ; work         ;
;          |dffg:\G_NBit_Reg:10:RegI|              ; 0 (0)               ; 1 (1)                     ; 0           ; 0            ; 0       ; 0         ; 0    ; 0            ; |RISCV_Processor|regFile:RF|reg_N:reg10|dffg:\G_NBit_Reg:10:RegI                                                          ; dffg            ; work         ;
;          |dffg:\G_NBit_Reg:11:RegI|              ; 0 (0)               ; 1 (1)                     ; 0           ; 0            ; 0       ; 0         ; 0    ; 0            ; |RISCV_Processor|regFile:RF|reg_N:reg10|dffg:\G_NBit_Reg:11:RegI                                                          ; dffg            ; work         ;
;          |dffg:\G_NBit_Reg:12:RegI|              ; 0 (0)               ; 1 (1)                     ; 0           ; 0            ; 0       ; 0         ; 0    ; 0            ; |RISCV_Processor|regFile:RF|reg_N:reg10|dffg:\G_NBit_Reg:12:RegI                                                          ; dffg            ; work         ;
;          |dffg:\G_NBit_Reg:13:RegI|              ; 0 (0)               ; 1 (1)                     ; 0           ; 0            ; 0       ; 0         ; 0    ; 0            ; |RISCV_Processor|regFile:RF|reg_N:reg10|dffg:\G_NBit_Reg:13:RegI                                                          ; dffg            ; work         ;
;          |dffg:\G_NBit_Reg:14:RegI|              ; 0 (0)               ; 1 (1)                     ; 0           ; 0            ; 0       ; 0         ; 0    ; 0            ; |RISCV_Processor|regFile:RF|reg_N:reg10|dffg:\G_NBit_Reg:14:RegI                                                          ; dffg            ; work         ;
;          |dffg:\G_NBit_Reg:15:RegI|              ; 0 (0)               ; 1 (1)                     ; 0           ; 0            ; 0       ; 0         ; 0    ; 0            ; |RISCV_Processor|regFile:RF|reg_N:reg10|dffg:\G_NBit_Reg:15:RegI                                                          ; dffg            ; work         ;
;          |dffg:\G_NBit_Reg:16:RegI|              ; 0 (0)               ; 1 (1)                     ; 0           ; 0            ; 0       ; 0         ; 0    ; 0            ; |RISCV_Processor|regFile:RF|reg_N:reg10|dffg:\G_NBit_Reg:16:RegI                                                          ; dffg            ; work         ;
;          |dffg:\G_NBit_Reg:17:RegI|              ; 0 (0)               ; 1 (1)                     ; 0           ; 0            ; 0       ; 0         ; 0    ; 0            ; |RISCV_Processor|regFile:RF|reg_N:reg10|dffg:\G_NBit_Reg:17:RegI                                                          ; dffg            ; work         ;
;          |dffg:\G_NBit_Reg:18:RegI|              ; 0 (0)               ; 1 (1)                     ; 0           ; 0            ; 0       ; 0         ; 0    ; 0            ; |RISCV_Processor|regFile:RF|reg_N:reg10|dffg:\G_NBit_Reg:18:RegI                                                          ; dffg            ; work         ;
;          |dffg:\G_NBit_Reg:19:RegI|              ; 0 (0)               ; 1 (1)                     ; 0           ; 0            ; 0       ; 0         ; 0    ; 0            ; |RISCV_Processor|regFile:RF|reg_N:reg10|dffg:\G_NBit_Reg:19:RegI                                                          ; dffg            ; work         ;
;          |dffg:\G_NBit_Reg:1:RegI|               ; 0 (0)               ; 1 (1)                     ; 0           ; 0            ; 0       ; 0         ; 0    ; 0            ; |RISCV_Processor|regFile:RF|reg_N:reg10|dffg:\G_NBit_Reg:1:RegI                                                           ; dffg            ; work         ;
;          |dffg:\G_NBit_Reg:20:RegI|              ; 0 (0)               ; 1 (1)                     ; 0           ; 0            ; 0       ; 0         ; 0    ; 0            ; |RISCV_Processor|regFile:RF|reg_N:reg10|dffg:\G_NBit_Reg:20:RegI                                                          ; dffg            ; work         ;
;          |dffg:\G_NBit_Reg:21:RegI|              ; 0 (0)               ; 1 (1)                     ; 0           ; 0            ; 0       ; 0         ; 0    ; 0            ; |RISCV_Processor|regFile:RF|reg_N:reg10|dffg:\G_NBit_Reg:21:RegI                                                          ; dffg            ; work         ;
;          |dffg:\G_NBit_Reg:22:RegI|              ; 0 (0)               ; 1 (1)                     ; 0           ; 0            ; 0       ; 0         ; 0    ; 0            ; |RISCV_Processor|regFile:RF|reg_N:reg10|dffg:\G_NBit_Reg:22:RegI                                                          ; dffg            ; work         ;
;          |dffg:\G_NBit_Reg:23:RegI|              ; 0 (0)               ; 1 (1)                     ; 0           ; 0            ; 0       ; 0         ; 0    ; 0            ; |RISCV_Processor|regFile:RF|reg_N:reg10|dffg:\G_NBit_Reg:23:RegI                                                          ; dffg            ; work         ;
;          |dffg:\G_NBit_Reg:24:RegI|              ; 0 (0)               ; 1 (1)                     ; 0           ; 0            ; 0       ; 0         ; 0    ; 0            ; |RISCV_Processor|regFile:RF|reg_N:reg10|dffg:\G_NBit_Reg:24:RegI                                                          ; dffg            ; work         ;
;          |dffg:\G_NBit_Reg:25:RegI|              ; 0 (0)               ; 1 (1)                     ; 0           ; 0            ; 0       ; 0         ; 0    ; 0            ; |RISCV_Processor|regFile:RF|reg_N:reg10|dffg:\G_NBit_Reg:25:RegI                                                          ; dffg            ; work         ;
;          |dffg:\G_NBit_Reg:26:RegI|              ; 0 (0)               ; 1 (1)                     ; 0           ; 0            ; 0       ; 0         ; 0    ; 0            ; |RISCV_Processor|regFile:RF|reg_N:reg10|dffg:\G_NBit_Reg:26:RegI                                                          ; dffg            ; work         ;
;          |dffg:\G_NBit_Reg:27:RegI|              ; 0 (0)               ; 1 (1)                     ; 0           ; 0            ; 0       ; 0         ; 0    ; 0            ; |RISCV_Processor|regFile:RF|reg_N:reg10|dffg:\G_NBit_Reg:27:RegI                                                          ; dffg            ; work         ;
;          |dffg:\G_NBit_Reg:28:RegI|              ; 0 (0)               ; 1 (1)                     ; 0           ; 0            ; 0       ; 0         ; 0    ; 0            ; |RISCV_Processor|regFile:RF|reg_N:reg10|dffg:\G_NBit_Reg:28:RegI                                                          ; dffg            ; work         ;
;          |dffg:\G_NBit_Reg:29:RegI|              ; 0 (0)               ; 1 (1)                     ; 0           ; 0            ; 0       ; 0         ; 0    ; 0            ; |RISCV_Processor|regFile:RF|reg_N:reg10|dffg:\G_NBit_Reg:29:RegI                                                          ; dffg            ; work         ;
;          |dffg:\G_NBit_Reg:2:RegI|               ; 0 (0)               ; 1 (1)                     ; 0           ; 0            ; 0       ; 0         ; 0    ; 0            ; |RISCV_Processor|regFile:RF|reg_N:reg10|dffg:\G_NBit_Reg:2:RegI                                                           ; dffg            ; work         ;
;          |dffg:\G_NBit_Reg:30:RegI|              ; 0 (0)               ; 1 (1)                     ; 0           ; 0            ; 0       ; 0         ; 0    ; 0            ; |RISCV_Processor|regFile:RF|reg_N:reg10|dffg:\G_NBit_Reg:30:RegI                                                          ; dffg            ; work         ;
;          |dffg:\G_NBit_Reg:31:RegI|              ; 0 (0)               ; 1 (1)                     ; 0           ; 0            ; 0       ; 0         ; 0    ; 0            ; |RISCV_Processor|regFile:RF|reg_N:reg10|dffg:\G_NBit_Reg:31:RegI                                                          ; dffg            ; work         ;
;          |dffg:\G_NBit_Reg:3:RegI|               ; 0 (0)               ; 1 (1)                     ; 0           ; 0            ; 0       ; 0         ; 0    ; 0            ; |RISCV_Processor|regFile:RF|reg_N:reg10|dffg:\G_NBit_Reg:3:RegI                                                           ; dffg            ; work         ;
;          |dffg:\G_NBit_Reg:4:RegI|               ; 0 (0)               ; 1 (1)                     ; 0           ; 0            ; 0       ; 0         ; 0    ; 0            ; |RISCV_Processor|regFile:RF|reg_N:reg10|dffg:\G_NBit_Reg:4:RegI                                                           ; dffg            ; work         ;
;          |dffg:\G_NBit_Reg:5:RegI|               ; 0 (0)               ; 1 (1)                     ; 0           ; 0            ; 0       ; 0         ; 0    ; 0            ; |RISCV_Processor|regFile:RF|reg_N:reg10|dffg:\G_NBit_Reg:5:RegI                                                           ; dffg            ; work         ;
;          |dffg:\G_NBit_Reg:6:RegI|               ; 0 (0)               ; 1 (1)                     ; 0           ; 0            ; 0       ; 0         ; 0    ; 0            ; |RISCV_Processor|regFile:RF|reg_N:reg10|dffg:\G_NBit_Reg:6:RegI                                                           ; dffg            ; work         ;
;          |dffg:\G_NBit_Reg:7:RegI|               ; 0 (0)               ; 1 (1)                     ; 0           ; 0            ; 0       ; 0         ; 0    ; 0            ; |RISCV_Processor|regFile:RF|reg_N:reg10|dffg:\G_NBit_Reg:7:RegI                                                           ; dffg            ; work         ;
;          |dffg:\G_NBit_Reg:8:RegI|               ; 0 (0)               ; 1 (1)                     ; 0           ; 0            ; 0       ; 0         ; 0    ; 0            ; |RISCV_Processor|regFile:RF|reg_N:reg10|dffg:\G_NBit_Reg:8:RegI                                                           ; dffg            ; work         ;
;          |dffg:\G_NBit_Reg:9:RegI|               ; 0 (0)               ; 1 (1)                     ; 0           ; 0            ; 0       ; 0         ; 0    ; 0            ; |RISCV_Processor|regFile:RF|reg_N:reg10|dffg:\G_NBit_Reg:9:RegI                                                           ; dffg            ; work         ;
;       |reg_N:reg11|                              ; 0 (0)               ; 32 (0)                    ; 0           ; 0            ; 0       ; 0         ; 0    ; 0            ; |RISCV_Processor|regFile:RF|reg_N:reg11                                                                                   ; reg_N           ; work         ;
;          |dffg:\G_NBit_Reg:0:RegI|               ; 0 (0)               ; 1 (1)                     ; 0           ; 0            ; 0       ; 0         ; 0    ; 0            ; |RISCV_Processor|regFile:RF|reg_N:reg11|dffg:\G_NBit_Reg:0:RegI                                                           ; dffg            ; work         ;
;          |dffg:\G_NBit_Reg:10:RegI|              ; 0 (0)               ; 1 (1)                     ; 0           ; 0            ; 0       ; 0         ; 0    ; 0            ; |RISCV_Processor|regFile:RF|reg_N:reg11|dffg:\G_NBit_Reg:10:RegI                                                          ; dffg            ; work         ;
;          |dffg:\G_NBit_Reg:11:RegI|              ; 0 (0)               ; 1 (1)                     ; 0           ; 0            ; 0       ; 0         ; 0    ; 0            ; |RISCV_Processor|regFile:RF|reg_N:reg11|dffg:\G_NBit_Reg:11:RegI                                                          ; dffg            ; work         ;
;          |dffg:\G_NBit_Reg:12:RegI|              ; 0 (0)               ; 1 (1)                     ; 0           ; 0            ; 0       ; 0         ; 0    ; 0            ; |RISCV_Processor|regFile:RF|reg_N:reg11|dffg:\G_NBit_Reg:12:RegI                                                          ; dffg            ; work         ;
;          |dffg:\G_NBit_Reg:13:RegI|              ; 0 (0)               ; 1 (1)                     ; 0           ; 0            ; 0       ; 0         ; 0    ; 0            ; |RISCV_Processor|regFile:RF|reg_N:reg11|dffg:\G_NBit_Reg:13:RegI                                                          ; dffg            ; work         ;
;          |dffg:\G_NBit_Reg:14:RegI|              ; 0 (0)               ; 1 (1)                     ; 0           ; 0            ; 0       ; 0         ; 0    ; 0            ; |RISCV_Processor|regFile:RF|reg_N:reg11|dffg:\G_NBit_Reg:14:RegI                                                          ; dffg            ; work         ;
;          |dffg:\G_NBit_Reg:15:RegI|              ; 0 (0)               ; 1 (1)                     ; 0           ; 0            ; 0       ; 0         ; 0    ; 0            ; |RISCV_Processor|regFile:RF|reg_N:reg11|dffg:\G_NBit_Reg:15:RegI                                                          ; dffg            ; work         ;
;          |dffg:\G_NBit_Reg:16:RegI|              ; 0 (0)               ; 1 (1)                     ; 0           ; 0            ; 0       ; 0         ; 0    ; 0            ; |RISCV_Processor|regFile:RF|reg_N:reg11|dffg:\G_NBit_Reg:16:RegI                                                          ; dffg            ; work         ;
;          |dffg:\G_NBit_Reg:17:RegI|              ; 0 (0)               ; 1 (1)                     ; 0           ; 0            ; 0       ; 0         ; 0    ; 0            ; |RISCV_Processor|regFile:RF|reg_N:reg11|dffg:\G_NBit_Reg:17:RegI                                                          ; dffg            ; work         ;
;          |dffg:\G_NBit_Reg:18:RegI|              ; 0 (0)               ; 1 (1)                     ; 0           ; 0            ; 0       ; 0         ; 0    ; 0            ; |RISCV_Processor|regFile:RF|reg_N:reg11|dffg:\G_NBit_Reg:18:RegI                                                          ; dffg            ; work         ;
;          |dffg:\G_NBit_Reg:19:RegI|              ; 0 (0)               ; 1 (1)                     ; 0           ; 0            ; 0       ; 0         ; 0    ; 0            ; |RISCV_Processor|regFile:RF|reg_N:reg11|dffg:\G_NBit_Reg:19:RegI                                                          ; dffg            ; work         ;
;          |dffg:\G_NBit_Reg:1:RegI|               ; 0 (0)               ; 1 (1)                     ; 0           ; 0            ; 0       ; 0         ; 0    ; 0            ; |RISCV_Processor|regFile:RF|reg_N:reg11|dffg:\G_NBit_Reg:1:RegI                                                           ; dffg            ; work         ;
;          |dffg:\G_NBit_Reg:20:RegI|              ; 0 (0)               ; 1 (1)                     ; 0           ; 0            ; 0       ; 0         ; 0    ; 0            ; |RISCV_Processor|regFile:RF|reg_N:reg11|dffg:\G_NBit_Reg:20:RegI                                                          ; dffg            ; work         ;
;          |dffg:\G_NBit_Reg:21:RegI|              ; 0 (0)               ; 1 (1)                     ; 0           ; 0            ; 0       ; 0         ; 0    ; 0            ; |RISCV_Processor|regFile:RF|reg_N:reg11|dffg:\G_NBit_Reg:21:RegI                                                          ; dffg            ; work         ;
;          |dffg:\G_NBit_Reg:22:RegI|              ; 0 (0)               ; 1 (1)                     ; 0           ; 0            ; 0       ; 0         ; 0    ; 0            ; |RISCV_Processor|regFile:RF|reg_N:reg11|dffg:\G_NBit_Reg:22:RegI                                                          ; dffg            ; work         ;
;          |dffg:\G_NBit_Reg:23:RegI|              ; 0 (0)               ; 1 (1)                     ; 0           ; 0            ; 0       ; 0         ; 0    ; 0            ; |RISCV_Processor|regFile:RF|reg_N:reg11|dffg:\G_NBit_Reg:23:RegI                                                          ; dffg            ; work         ;
;          |dffg:\G_NBit_Reg:24:RegI|              ; 0 (0)               ; 1 (1)                     ; 0           ; 0            ; 0       ; 0         ; 0    ; 0            ; |RISCV_Processor|regFile:RF|reg_N:reg11|dffg:\G_NBit_Reg:24:RegI                                                          ; dffg            ; work         ;
;          |dffg:\G_NBit_Reg:25:RegI|              ; 0 (0)               ; 1 (1)                     ; 0           ; 0            ; 0       ; 0         ; 0    ; 0            ; |RISCV_Processor|regFile:RF|reg_N:reg11|dffg:\G_NBit_Reg:25:RegI                                                          ; dffg            ; work         ;
;          |dffg:\G_NBit_Reg:26:RegI|              ; 0 (0)               ; 1 (1)                     ; 0           ; 0            ; 0       ; 0         ; 0    ; 0            ; |RISCV_Processor|regFile:RF|reg_N:reg11|dffg:\G_NBit_Reg:26:RegI                                                          ; dffg            ; work         ;
;          |dffg:\G_NBit_Reg:27:RegI|              ; 0 (0)               ; 1 (1)                     ; 0           ; 0            ; 0       ; 0         ; 0    ; 0            ; |RISCV_Processor|regFile:RF|reg_N:reg11|dffg:\G_NBit_Reg:27:RegI                                                          ; dffg            ; work         ;
;          |dffg:\G_NBit_Reg:28:RegI|              ; 0 (0)               ; 1 (1)                     ; 0           ; 0            ; 0       ; 0         ; 0    ; 0            ; |RISCV_Processor|regFile:RF|reg_N:reg11|dffg:\G_NBit_Reg:28:RegI                                                          ; dffg            ; work         ;
;          |dffg:\G_NBit_Reg:29:RegI|              ; 0 (0)               ; 1 (1)                     ; 0           ; 0            ; 0       ; 0         ; 0    ; 0            ; |RISCV_Processor|regFile:RF|reg_N:reg11|dffg:\G_NBit_Reg:29:RegI                                                          ; dffg            ; work         ;
;          |dffg:\G_NBit_Reg:2:RegI|               ; 0 (0)               ; 1 (1)                     ; 0           ; 0            ; 0       ; 0         ; 0    ; 0            ; |RISCV_Processor|regFile:RF|reg_N:reg11|dffg:\G_NBit_Reg:2:RegI                                                           ; dffg            ; work         ;
;          |dffg:\G_NBit_Reg:30:RegI|              ; 0 (0)               ; 1 (1)                     ; 0           ; 0            ; 0       ; 0         ; 0    ; 0            ; |RISCV_Processor|regFile:RF|reg_N:reg11|dffg:\G_NBit_Reg:30:RegI                                                          ; dffg            ; work         ;
;          |dffg:\G_NBit_Reg:31:RegI|              ; 0 (0)               ; 1 (1)                     ; 0           ; 0            ; 0       ; 0         ; 0    ; 0            ; |RISCV_Processor|regFile:RF|reg_N:reg11|dffg:\G_NBit_Reg:31:RegI                                                          ; dffg            ; work         ;
;          |dffg:\G_NBit_Reg:3:RegI|               ; 0 (0)               ; 1 (1)                     ; 0           ; 0            ; 0       ; 0         ; 0    ; 0            ; |RISCV_Processor|regFile:RF|reg_N:reg11|dffg:\G_NBit_Reg:3:RegI                                                           ; dffg            ; work         ;
;          |dffg:\G_NBit_Reg:4:RegI|               ; 0 (0)               ; 1 (1)                     ; 0           ; 0            ; 0       ; 0         ; 0    ; 0            ; |RISCV_Processor|regFile:RF|reg_N:reg11|dffg:\G_NBit_Reg:4:RegI                                                           ; dffg            ; work         ;
;          |dffg:\G_NBit_Reg:5:RegI|               ; 0 (0)               ; 1 (1)                     ; 0           ; 0            ; 0       ; 0         ; 0    ; 0            ; |RISCV_Processor|regFile:RF|reg_N:reg11|dffg:\G_NBit_Reg:5:RegI                                                           ; dffg            ; work         ;
;          |dffg:\G_NBit_Reg:6:RegI|               ; 0 (0)               ; 1 (1)                     ; 0           ; 0            ; 0       ; 0         ; 0    ; 0            ; |RISCV_Processor|regFile:RF|reg_N:reg11|dffg:\G_NBit_Reg:6:RegI                                                           ; dffg            ; work         ;
;          |dffg:\G_NBit_Reg:7:RegI|               ; 0 (0)               ; 1 (1)                     ; 0           ; 0            ; 0       ; 0         ; 0    ; 0            ; |RISCV_Processor|regFile:RF|reg_N:reg11|dffg:\G_NBit_Reg:7:RegI                                                           ; dffg            ; work         ;
;          |dffg:\G_NBit_Reg:8:RegI|               ; 0 (0)               ; 1 (1)                     ; 0           ; 0            ; 0       ; 0         ; 0    ; 0            ; |RISCV_Processor|regFile:RF|reg_N:reg11|dffg:\G_NBit_Reg:8:RegI                                                           ; dffg            ; work         ;
;          |dffg:\G_NBit_Reg:9:RegI|               ; 0 (0)               ; 1 (1)                     ; 0           ; 0            ; 0       ; 0         ; 0    ; 0            ; |RISCV_Processor|regFile:RF|reg_N:reg11|dffg:\G_NBit_Reg:9:RegI                                                           ; dffg            ; work         ;
;       |reg_N:reg12|                              ; 0 (0)               ; 32 (0)                    ; 0           ; 0            ; 0       ; 0         ; 0    ; 0            ; |RISCV_Processor|regFile:RF|reg_N:reg12                                                                                   ; reg_N           ; work         ;
;          |dffg:\G_NBit_Reg:0:RegI|               ; 0 (0)               ; 1 (1)                     ; 0           ; 0            ; 0       ; 0         ; 0    ; 0            ; |RISCV_Processor|regFile:RF|reg_N:reg12|dffg:\G_NBit_Reg:0:RegI                                                           ; dffg            ; work         ;
;          |dffg:\G_NBit_Reg:10:RegI|              ; 0 (0)               ; 1 (1)                     ; 0           ; 0            ; 0       ; 0         ; 0    ; 0            ; |RISCV_Processor|regFile:RF|reg_N:reg12|dffg:\G_NBit_Reg:10:RegI                                                          ; dffg            ; work         ;
;          |dffg:\G_NBit_Reg:11:RegI|              ; 0 (0)               ; 1 (1)                     ; 0           ; 0            ; 0       ; 0         ; 0    ; 0            ; |RISCV_Processor|regFile:RF|reg_N:reg12|dffg:\G_NBit_Reg:11:RegI                                                          ; dffg            ; work         ;
;          |dffg:\G_NBit_Reg:12:RegI|              ; 0 (0)               ; 1 (1)                     ; 0           ; 0            ; 0       ; 0         ; 0    ; 0            ; |RISCV_Processor|regFile:RF|reg_N:reg12|dffg:\G_NBit_Reg:12:RegI                                                          ; dffg            ; work         ;
;          |dffg:\G_NBit_Reg:13:RegI|              ; 0 (0)               ; 1 (1)                     ; 0           ; 0            ; 0       ; 0         ; 0    ; 0            ; |RISCV_Processor|regFile:RF|reg_N:reg12|dffg:\G_NBit_Reg:13:RegI                                                          ; dffg            ; work         ;
;          |dffg:\G_NBit_Reg:14:RegI|              ; 0 (0)               ; 1 (1)                     ; 0           ; 0            ; 0       ; 0         ; 0    ; 0            ; |RISCV_Processor|regFile:RF|reg_N:reg12|dffg:\G_NBit_Reg:14:RegI                                                          ; dffg            ; work         ;
;          |dffg:\G_NBit_Reg:15:RegI|              ; 0 (0)               ; 1 (1)                     ; 0           ; 0            ; 0       ; 0         ; 0    ; 0            ; |RISCV_Processor|regFile:RF|reg_N:reg12|dffg:\G_NBit_Reg:15:RegI                                                          ; dffg            ; work         ;
;          |dffg:\G_NBit_Reg:16:RegI|              ; 0 (0)               ; 1 (1)                     ; 0           ; 0            ; 0       ; 0         ; 0    ; 0            ; |RISCV_Processor|regFile:RF|reg_N:reg12|dffg:\G_NBit_Reg:16:RegI                                                          ; dffg            ; work         ;
;          |dffg:\G_NBit_Reg:17:RegI|              ; 0 (0)               ; 1 (1)                     ; 0           ; 0            ; 0       ; 0         ; 0    ; 0            ; |RISCV_Processor|regFile:RF|reg_N:reg12|dffg:\G_NBit_Reg:17:RegI                                                          ; dffg            ; work         ;
;          |dffg:\G_NBit_Reg:18:RegI|              ; 0 (0)               ; 1 (1)                     ; 0           ; 0            ; 0       ; 0         ; 0    ; 0            ; |RISCV_Processor|regFile:RF|reg_N:reg12|dffg:\G_NBit_Reg:18:RegI                                                          ; dffg            ; work         ;
;          |dffg:\G_NBit_Reg:19:RegI|              ; 0 (0)               ; 1 (1)                     ; 0           ; 0            ; 0       ; 0         ; 0    ; 0            ; |RISCV_Processor|regFile:RF|reg_N:reg12|dffg:\G_NBit_Reg:19:RegI                                                          ; dffg            ; work         ;
;          |dffg:\G_NBit_Reg:1:RegI|               ; 0 (0)               ; 1 (1)                     ; 0           ; 0            ; 0       ; 0         ; 0    ; 0            ; |RISCV_Processor|regFile:RF|reg_N:reg12|dffg:\G_NBit_Reg:1:RegI                                                           ; dffg            ; work         ;
;          |dffg:\G_NBit_Reg:20:RegI|              ; 0 (0)               ; 1 (1)                     ; 0           ; 0            ; 0       ; 0         ; 0    ; 0            ; |RISCV_Processor|regFile:RF|reg_N:reg12|dffg:\G_NBit_Reg:20:RegI                                                          ; dffg            ; work         ;
;          |dffg:\G_NBit_Reg:21:RegI|              ; 0 (0)               ; 1 (1)                     ; 0           ; 0            ; 0       ; 0         ; 0    ; 0            ; |RISCV_Processor|regFile:RF|reg_N:reg12|dffg:\G_NBit_Reg:21:RegI                                                          ; dffg            ; work         ;
;          |dffg:\G_NBit_Reg:22:RegI|              ; 0 (0)               ; 1 (1)                     ; 0           ; 0            ; 0       ; 0         ; 0    ; 0            ; |RISCV_Processor|regFile:RF|reg_N:reg12|dffg:\G_NBit_Reg:22:RegI                                                          ; dffg            ; work         ;
;          |dffg:\G_NBit_Reg:23:RegI|              ; 0 (0)               ; 1 (1)                     ; 0           ; 0            ; 0       ; 0         ; 0    ; 0            ; |RISCV_Processor|regFile:RF|reg_N:reg12|dffg:\G_NBit_Reg:23:RegI                                                          ; dffg            ; work         ;
;          |dffg:\G_NBit_Reg:24:RegI|              ; 0 (0)               ; 1 (1)                     ; 0           ; 0            ; 0       ; 0         ; 0    ; 0            ; |RISCV_Processor|regFile:RF|reg_N:reg12|dffg:\G_NBit_Reg:24:RegI                                                          ; dffg            ; work         ;
;          |dffg:\G_NBit_Reg:25:RegI|              ; 0 (0)               ; 1 (1)                     ; 0           ; 0            ; 0       ; 0         ; 0    ; 0            ; |RISCV_Processor|regFile:RF|reg_N:reg12|dffg:\G_NBit_Reg:25:RegI                                                          ; dffg            ; work         ;
;          |dffg:\G_NBit_Reg:26:RegI|              ; 0 (0)               ; 1 (1)                     ; 0           ; 0            ; 0       ; 0         ; 0    ; 0            ; |RISCV_Processor|regFile:RF|reg_N:reg12|dffg:\G_NBit_Reg:26:RegI                                                          ; dffg            ; work         ;
;          |dffg:\G_NBit_Reg:27:RegI|              ; 0 (0)               ; 1 (1)                     ; 0           ; 0            ; 0       ; 0         ; 0    ; 0            ; |RISCV_Processor|regFile:RF|reg_N:reg12|dffg:\G_NBit_Reg:27:RegI                                                          ; dffg            ; work         ;
;          |dffg:\G_NBit_Reg:28:RegI|              ; 0 (0)               ; 1 (1)                     ; 0           ; 0            ; 0       ; 0         ; 0    ; 0            ; |RISCV_Processor|regFile:RF|reg_N:reg12|dffg:\G_NBit_Reg:28:RegI                                                          ; dffg            ; work         ;
;          |dffg:\G_NBit_Reg:29:RegI|              ; 0 (0)               ; 1 (1)                     ; 0           ; 0            ; 0       ; 0         ; 0    ; 0            ; |RISCV_Processor|regFile:RF|reg_N:reg12|dffg:\G_NBit_Reg:29:RegI                                                          ; dffg            ; work         ;
;          |dffg:\G_NBit_Reg:2:RegI|               ; 0 (0)               ; 1 (1)                     ; 0           ; 0            ; 0       ; 0         ; 0    ; 0            ; |RISCV_Processor|regFile:RF|reg_N:reg12|dffg:\G_NBit_Reg:2:RegI                                                           ; dffg            ; work         ;
;          |dffg:\G_NBit_Reg:30:RegI|              ; 0 (0)               ; 1 (1)                     ; 0           ; 0            ; 0       ; 0         ; 0    ; 0            ; |RISCV_Processor|regFile:RF|reg_N:reg12|dffg:\G_NBit_Reg:30:RegI                                                          ; dffg            ; work         ;
;          |dffg:\G_NBit_Reg:31:RegI|              ; 0 (0)               ; 1 (1)                     ; 0           ; 0            ; 0       ; 0         ; 0    ; 0            ; |RISCV_Processor|regFile:RF|reg_N:reg12|dffg:\G_NBit_Reg:31:RegI                                                          ; dffg            ; work         ;
;          |dffg:\G_NBit_Reg:3:RegI|               ; 0 (0)               ; 1 (1)                     ; 0           ; 0            ; 0       ; 0         ; 0    ; 0            ; |RISCV_Processor|regFile:RF|reg_N:reg12|dffg:\G_NBit_Reg:3:RegI                                                           ; dffg            ; work         ;
;          |dffg:\G_NBit_Reg:4:RegI|               ; 0 (0)               ; 1 (1)                     ; 0           ; 0            ; 0       ; 0         ; 0    ; 0            ; |RISCV_Processor|regFile:RF|reg_N:reg12|dffg:\G_NBit_Reg:4:RegI                                                           ; dffg            ; work         ;
;          |dffg:\G_NBit_Reg:5:RegI|               ; 0 (0)               ; 1 (1)                     ; 0           ; 0            ; 0       ; 0         ; 0    ; 0            ; |RISCV_Processor|regFile:RF|reg_N:reg12|dffg:\G_NBit_Reg:5:RegI                                                           ; dffg            ; work         ;
;          |dffg:\G_NBit_Reg:6:RegI|               ; 0 (0)               ; 1 (1)                     ; 0           ; 0            ; 0       ; 0         ; 0    ; 0            ; |RISCV_Processor|regFile:RF|reg_N:reg12|dffg:\G_NBit_Reg:6:RegI                                                           ; dffg            ; work         ;
;          |dffg:\G_NBit_Reg:7:RegI|               ; 0 (0)               ; 1 (1)                     ; 0           ; 0            ; 0       ; 0         ; 0    ; 0            ; |RISCV_Processor|regFile:RF|reg_N:reg12|dffg:\G_NBit_Reg:7:RegI                                                           ; dffg            ; work         ;
;          |dffg:\G_NBit_Reg:8:RegI|               ; 0 (0)               ; 1 (1)                     ; 0           ; 0            ; 0       ; 0         ; 0    ; 0            ; |RISCV_Processor|regFile:RF|reg_N:reg12|dffg:\G_NBit_Reg:8:RegI                                                           ; dffg            ; work         ;
;          |dffg:\G_NBit_Reg:9:RegI|               ; 0 (0)               ; 1 (1)                     ; 0           ; 0            ; 0       ; 0         ; 0    ; 0            ; |RISCV_Processor|regFile:RF|reg_N:reg12|dffg:\G_NBit_Reg:9:RegI                                                           ; dffg            ; work         ;
;       |reg_N:reg13|                              ; 0 (0)               ; 32 (0)                    ; 0           ; 0            ; 0       ; 0         ; 0    ; 0            ; |RISCV_Processor|regFile:RF|reg_N:reg13                                                                                   ; reg_N           ; work         ;
;          |dffg:\G_NBit_Reg:0:RegI|               ; 0 (0)               ; 1 (1)                     ; 0           ; 0            ; 0       ; 0         ; 0    ; 0            ; |RISCV_Processor|regFile:RF|reg_N:reg13|dffg:\G_NBit_Reg:0:RegI                                                           ; dffg            ; work         ;
;          |dffg:\G_NBit_Reg:10:RegI|              ; 0 (0)               ; 1 (1)                     ; 0           ; 0            ; 0       ; 0         ; 0    ; 0            ; |RISCV_Processor|regFile:RF|reg_N:reg13|dffg:\G_NBit_Reg:10:RegI                                                          ; dffg            ; work         ;
;          |dffg:\G_NBit_Reg:11:RegI|              ; 0 (0)               ; 1 (1)                     ; 0           ; 0            ; 0       ; 0         ; 0    ; 0            ; |RISCV_Processor|regFile:RF|reg_N:reg13|dffg:\G_NBit_Reg:11:RegI                                                          ; dffg            ; work         ;
;          |dffg:\G_NBit_Reg:12:RegI|              ; 0 (0)               ; 1 (1)                     ; 0           ; 0            ; 0       ; 0         ; 0    ; 0            ; |RISCV_Processor|regFile:RF|reg_N:reg13|dffg:\G_NBit_Reg:12:RegI                                                          ; dffg            ; work         ;
;          |dffg:\G_NBit_Reg:13:RegI|              ; 0 (0)               ; 1 (1)                     ; 0           ; 0            ; 0       ; 0         ; 0    ; 0            ; |RISCV_Processor|regFile:RF|reg_N:reg13|dffg:\G_NBit_Reg:13:RegI                                                          ; dffg            ; work         ;
;          |dffg:\G_NBit_Reg:14:RegI|              ; 0 (0)               ; 1 (1)                     ; 0           ; 0            ; 0       ; 0         ; 0    ; 0            ; |RISCV_Processor|regFile:RF|reg_N:reg13|dffg:\G_NBit_Reg:14:RegI                                                          ; dffg            ; work         ;
;          |dffg:\G_NBit_Reg:15:RegI|              ; 0 (0)               ; 1 (1)                     ; 0           ; 0            ; 0       ; 0         ; 0    ; 0            ; |RISCV_Processor|regFile:RF|reg_N:reg13|dffg:\G_NBit_Reg:15:RegI                                                          ; dffg            ; work         ;
;          |dffg:\G_NBit_Reg:16:RegI|              ; 0 (0)               ; 1 (1)                     ; 0           ; 0            ; 0       ; 0         ; 0    ; 0            ; |RISCV_Processor|regFile:RF|reg_N:reg13|dffg:\G_NBit_Reg:16:RegI                                                          ; dffg            ; work         ;
;          |dffg:\G_NBit_Reg:17:RegI|              ; 0 (0)               ; 1 (1)                     ; 0           ; 0            ; 0       ; 0         ; 0    ; 0            ; |RISCV_Processor|regFile:RF|reg_N:reg13|dffg:\G_NBit_Reg:17:RegI                                                          ; dffg            ; work         ;
;          |dffg:\G_NBit_Reg:18:RegI|              ; 0 (0)               ; 1 (1)                     ; 0           ; 0            ; 0       ; 0         ; 0    ; 0            ; |RISCV_Processor|regFile:RF|reg_N:reg13|dffg:\G_NBit_Reg:18:RegI                                                          ; dffg            ; work         ;
;          |dffg:\G_NBit_Reg:19:RegI|              ; 0 (0)               ; 1 (1)                     ; 0           ; 0            ; 0       ; 0         ; 0    ; 0            ; |RISCV_Processor|regFile:RF|reg_N:reg13|dffg:\G_NBit_Reg:19:RegI                                                          ; dffg            ; work         ;
;          |dffg:\G_NBit_Reg:1:RegI|               ; 0 (0)               ; 1 (1)                     ; 0           ; 0            ; 0       ; 0         ; 0    ; 0            ; |RISCV_Processor|regFile:RF|reg_N:reg13|dffg:\G_NBit_Reg:1:RegI                                                           ; dffg            ; work         ;
;          |dffg:\G_NBit_Reg:20:RegI|              ; 0 (0)               ; 1 (1)                     ; 0           ; 0            ; 0       ; 0         ; 0    ; 0            ; |RISCV_Processor|regFile:RF|reg_N:reg13|dffg:\G_NBit_Reg:20:RegI                                                          ; dffg            ; work         ;
;          |dffg:\G_NBit_Reg:21:RegI|              ; 0 (0)               ; 1 (1)                     ; 0           ; 0            ; 0       ; 0         ; 0    ; 0            ; |RISCV_Processor|regFile:RF|reg_N:reg13|dffg:\G_NBit_Reg:21:RegI                                                          ; dffg            ; work         ;
;          |dffg:\G_NBit_Reg:22:RegI|              ; 0 (0)               ; 1 (1)                     ; 0           ; 0            ; 0       ; 0         ; 0    ; 0            ; |RISCV_Processor|regFile:RF|reg_N:reg13|dffg:\G_NBit_Reg:22:RegI                                                          ; dffg            ; work         ;
;          |dffg:\G_NBit_Reg:23:RegI|              ; 0 (0)               ; 1 (1)                     ; 0           ; 0            ; 0       ; 0         ; 0    ; 0            ; |RISCV_Processor|regFile:RF|reg_N:reg13|dffg:\G_NBit_Reg:23:RegI                                                          ; dffg            ; work         ;
;          |dffg:\G_NBit_Reg:24:RegI|              ; 0 (0)               ; 1 (1)                     ; 0           ; 0            ; 0       ; 0         ; 0    ; 0            ; |RISCV_Processor|regFile:RF|reg_N:reg13|dffg:\G_NBit_Reg:24:RegI                                                          ; dffg            ; work         ;
;          |dffg:\G_NBit_Reg:25:RegI|              ; 0 (0)               ; 1 (1)                     ; 0           ; 0            ; 0       ; 0         ; 0    ; 0            ; |RISCV_Processor|regFile:RF|reg_N:reg13|dffg:\G_NBit_Reg:25:RegI                                                          ; dffg            ; work         ;
;          |dffg:\G_NBit_Reg:26:RegI|              ; 0 (0)               ; 1 (1)                     ; 0           ; 0            ; 0       ; 0         ; 0    ; 0            ; |RISCV_Processor|regFile:RF|reg_N:reg13|dffg:\G_NBit_Reg:26:RegI                                                          ; dffg            ; work         ;
;          |dffg:\G_NBit_Reg:27:RegI|              ; 0 (0)               ; 1 (1)                     ; 0           ; 0            ; 0       ; 0         ; 0    ; 0            ; |RISCV_Processor|regFile:RF|reg_N:reg13|dffg:\G_NBit_Reg:27:RegI                                                          ; dffg            ; work         ;
;          |dffg:\G_NBit_Reg:28:RegI|              ; 0 (0)               ; 1 (1)                     ; 0           ; 0            ; 0       ; 0         ; 0    ; 0            ; |RISCV_Processor|regFile:RF|reg_N:reg13|dffg:\G_NBit_Reg:28:RegI                                                          ; dffg            ; work         ;
;          |dffg:\G_NBit_Reg:29:RegI|              ; 0 (0)               ; 1 (1)                     ; 0           ; 0            ; 0       ; 0         ; 0    ; 0            ; |RISCV_Processor|regFile:RF|reg_N:reg13|dffg:\G_NBit_Reg:29:RegI                                                          ; dffg            ; work         ;
;          |dffg:\G_NBit_Reg:2:RegI|               ; 0 (0)               ; 1 (1)                     ; 0           ; 0            ; 0       ; 0         ; 0    ; 0            ; |RISCV_Processor|regFile:RF|reg_N:reg13|dffg:\G_NBit_Reg:2:RegI                                                           ; dffg            ; work         ;
;          |dffg:\G_NBit_Reg:30:RegI|              ; 0 (0)               ; 1 (1)                     ; 0           ; 0            ; 0       ; 0         ; 0    ; 0            ; |RISCV_Processor|regFile:RF|reg_N:reg13|dffg:\G_NBit_Reg:30:RegI                                                          ; dffg            ; work         ;
;          |dffg:\G_NBit_Reg:31:RegI|              ; 0 (0)               ; 1 (1)                     ; 0           ; 0            ; 0       ; 0         ; 0    ; 0            ; |RISCV_Processor|regFile:RF|reg_N:reg13|dffg:\G_NBit_Reg:31:RegI                                                          ; dffg            ; work         ;
;          |dffg:\G_NBit_Reg:3:RegI|               ; 0 (0)               ; 1 (1)                     ; 0           ; 0            ; 0       ; 0         ; 0    ; 0            ; |RISCV_Processor|regFile:RF|reg_N:reg13|dffg:\G_NBit_Reg:3:RegI                                                           ; dffg            ; work         ;
;          |dffg:\G_NBit_Reg:4:RegI|               ; 0 (0)               ; 1 (1)                     ; 0           ; 0            ; 0       ; 0         ; 0    ; 0            ; |RISCV_Processor|regFile:RF|reg_N:reg13|dffg:\G_NBit_Reg:4:RegI                                                           ; dffg            ; work         ;
;          |dffg:\G_NBit_Reg:5:RegI|               ; 0 (0)               ; 1 (1)                     ; 0           ; 0            ; 0       ; 0         ; 0    ; 0            ; |RISCV_Processor|regFile:RF|reg_N:reg13|dffg:\G_NBit_Reg:5:RegI                                                           ; dffg            ; work         ;
;          |dffg:\G_NBit_Reg:6:RegI|               ; 0 (0)               ; 1 (1)                     ; 0           ; 0            ; 0       ; 0         ; 0    ; 0            ; |RISCV_Processor|regFile:RF|reg_N:reg13|dffg:\G_NBit_Reg:6:RegI                                                           ; dffg            ; work         ;
;          |dffg:\G_NBit_Reg:7:RegI|               ; 0 (0)               ; 1 (1)                     ; 0           ; 0            ; 0       ; 0         ; 0    ; 0            ; |RISCV_Processor|regFile:RF|reg_N:reg13|dffg:\G_NBit_Reg:7:RegI                                                           ; dffg            ; work         ;
;          |dffg:\G_NBit_Reg:8:RegI|               ; 0 (0)               ; 1 (1)                     ; 0           ; 0            ; 0       ; 0         ; 0    ; 0            ; |RISCV_Processor|regFile:RF|reg_N:reg13|dffg:\G_NBit_Reg:8:RegI                                                           ; dffg            ; work         ;
;          |dffg:\G_NBit_Reg:9:RegI|               ; 0 (0)               ; 1 (1)                     ; 0           ; 0            ; 0       ; 0         ; 0    ; 0            ; |RISCV_Processor|regFile:RF|reg_N:reg13|dffg:\G_NBit_Reg:9:RegI                                                           ; dffg            ; work         ;
;       |reg_N:reg14|                              ; 0 (0)               ; 32 (0)                    ; 0           ; 0            ; 0       ; 0         ; 0    ; 0            ; |RISCV_Processor|regFile:RF|reg_N:reg14                                                                                   ; reg_N           ; work         ;
;          |dffg:\G_NBit_Reg:0:RegI|               ; 0 (0)               ; 1 (1)                     ; 0           ; 0            ; 0       ; 0         ; 0    ; 0            ; |RISCV_Processor|regFile:RF|reg_N:reg14|dffg:\G_NBit_Reg:0:RegI                                                           ; dffg            ; work         ;
;          |dffg:\G_NBit_Reg:10:RegI|              ; 0 (0)               ; 1 (1)                     ; 0           ; 0            ; 0       ; 0         ; 0    ; 0            ; |RISCV_Processor|regFile:RF|reg_N:reg14|dffg:\G_NBit_Reg:10:RegI                                                          ; dffg            ; work         ;
;          |dffg:\G_NBit_Reg:11:RegI|              ; 0 (0)               ; 1 (1)                     ; 0           ; 0            ; 0       ; 0         ; 0    ; 0            ; |RISCV_Processor|regFile:RF|reg_N:reg14|dffg:\G_NBit_Reg:11:RegI                                                          ; dffg            ; work         ;
;          |dffg:\G_NBit_Reg:12:RegI|              ; 0 (0)               ; 1 (1)                     ; 0           ; 0            ; 0       ; 0         ; 0    ; 0            ; |RISCV_Processor|regFile:RF|reg_N:reg14|dffg:\G_NBit_Reg:12:RegI                                                          ; dffg            ; work         ;
;          |dffg:\G_NBit_Reg:13:RegI|              ; 0 (0)               ; 1 (1)                     ; 0           ; 0            ; 0       ; 0         ; 0    ; 0            ; |RISCV_Processor|regFile:RF|reg_N:reg14|dffg:\G_NBit_Reg:13:RegI                                                          ; dffg            ; work         ;
;          |dffg:\G_NBit_Reg:14:RegI|              ; 0 (0)               ; 1 (1)                     ; 0           ; 0            ; 0       ; 0         ; 0    ; 0            ; |RISCV_Processor|regFile:RF|reg_N:reg14|dffg:\G_NBit_Reg:14:RegI                                                          ; dffg            ; work         ;
;          |dffg:\G_NBit_Reg:15:RegI|              ; 0 (0)               ; 1 (1)                     ; 0           ; 0            ; 0       ; 0         ; 0    ; 0            ; |RISCV_Processor|regFile:RF|reg_N:reg14|dffg:\G_NBit_Reg:15:RegI                                                          ; dffg            ; work         ;
;          |dffg:\G_NBit_Reg:16:RegI|              ; 0 (0)               ; 1 (1)                     ; 0           ; 0            ; 0       ; 0         ; 0    ; 0            ; |RISCV_Processor|regFile:RF|reg_N:reg14|dffg:\G_NBit_Reg:16:RegI                                                          ; dffg            ; work         ;
;          |dffg:\G_NBit_Reg:17:RegI|              ; 0 (0)               ; 1 (1)                     ; 0           ; 0            ; 0       ; 0         ; 0    ; 0            ; |RISCV_Processor|regFile:RF|reg_N:reg14|dffg:\G_NBit_Reg:17:RegI                                                          ; dffg            ; work         ;
;          |dffg:\G_NBit_Reg:18:RegI|              ; 0 (0)               ; 1 (1)                     ; 0           ; 0            ; 0       ; 0         ; 0    ; 0            ; |RISCV_Processor|regFile:RF|reg_N:reg14|dffg:\G_NBit_Reg:18:RegI                                                          ; dffg            ; work         ;
;          |dffg:\G_NBit_Reg:19:RegI|              ; 0 (0)               ; 1 (1)                     ; 0           ; 0            ; 0       ; 0         ; 0    ; 0            ; |RISCV_Processor|regFile:RF|reg_N:reg14|dffg:\G_NBit_Reg:19:RegI                                                          ; dffg            ; work         ;
;          |dffg:\G_NBit_Reg:1:RegI|               ; 0 (0)               ; 1 (1)                     ; 0           ; 0            ; 0       ; 0         ; 0    ; 0            ; |RISCV_Processor|regFile:RF|reg_N:reg14|dffg:\G_NBit_Reg:1:RegI                                                           ; dffg            ; work         ;
;          |dffg:\G_NBit_Reg:20:RegI|              ; 0 (0)               ; 1 (1)                     ; 0           ; 0            ; 0       ; 0         ; 0    ; 0            ; |RISCV_Processor|regFile:RF|reg_N:reg14|dffg:\G_NBit_Reg:20:RegI                                                          ; dffg            ; work         ;
;          |dffg:\G_NBit_Reg:21:RegI|              ; 0 (0)               ; 1 (1)                     ; 0           ; 0            ; 0       ; 0         ; 0    ; 0            ; |RISCV_Processor|regFile:RF|reg_N:reg14|dffg:\G_NBit_Reg:21:RegI                                                          ; dffg            ; work         ;
;          |dffg:\G_NBit_Reg:22:RegI|              ; 0 (0)               ; 1 (1)                     ; 0           ; 0            ; 0       ; 0         ; 0    ; 0            ; |RISCV_Processor|regFile:RF|reg_N:reg14|dffg:\G_NBit_Reg:22:RegI                                                          ; dffg            ; work         ;
;          |dffg:\G_NBit_Reg:23:RegI|              ; 0 (0)               ; 1 (1)                     ; 0           ; 0            ; 0       ; 0         ; 0    ; 0            ; |RISCV_Processor|regFile:RF|reg_N:reg14|dffg:\G_NBit_Reg:23:RegI                                                          ; dffg            ; work         ;
;          |dffg:\G_NBit_Reg:24:RegI|              ; 0 (0)               ; 1 (1)                     ; 0           ; 0            ; 0       ; 0         ; 0    ; 0            ; |RISCV_Processor|regFile:RF|reg_N:reg14|dffg:\G_NBit_Reg:24:RegI                                                          ; dffg            ; work         ;
;          |dffg:\G_NBit_Reg:25:RegI|              ; 0 (0)               ; 1 (1)                     ; 0           ; 0            ; 0       ; 0         ; 0    ; 0            ; |RISCV_Processor|regFile:RF|reg_N:reg14|dffg:\G_NBit_Reg:25:RegI                                                          ; dffg            ; work         ;
;          |dffg:\G_NBit_Reg:26:RegI|              ; 0 (0)               ; 1 (1)                     ; 0           ; 0            ; 0       ; 0         ; 0    ; 0            ; |RISCV_Processor|regFile:RF|reg_N:reg14|dffg:\G_NBit_Reg:26:RegI                                                          ; dffg            ; work         ;
;          |dffg:\G_NBit_Reg:27:RegI|              ; 0 (0)               ; 1 (1)                     ; 0           ; 0            ; 0       ; 0         ; 0    ; 0            ; |RISCV_Processor|regFile:RF|reg_N:reg14|dffg:\G_NBit_Reg:27:RegI                                                          ; dffg            ; work         ;
;          |dffg:\G_NBit_Reg:28:RegI|              ; 0 (0)               ; 1 (1)                     ; 0           ; 0            ; 0       ; 0         ; 0    ; 0            ; |RISCV_Processor|regFile:RF|reg_N:reg14|dffg:\G_NBit_Reg:28:RegI                                                          ; dffg            ; work         ;
;          |dffg:\G_NBit_Reg:29:RegI|              ; 0 (0)               ; 1 (1)                     ; 0           ; 0            ; 0       ; 0         ; 0    ; 0            ; |RISCV_Processor|regFile:RF|reg_N:reg14|dffg:\G_NBit_Reg:29:RegI                                                          ; dffg            ; work         ;
;          |dffg:\G_NBit_Reg:2:RegI|               ; 0 (0)               ; 1 (1)                     ; 0           ; 0            ; 0       ; 0         ; 0    ; 0            ; |RISCV_Processor|regFile:RF|reg_N:reg14|dffg:\G_NBit_Reg:2:RegI                                                           ; dffg            ; work         ;
;          |dffg:\G_NBit_Reg:30:RegI|              ; 0 (0)               ; 1 (1)                     ; 0           ; 0            ; 0       ; 0         ; 0    ; 0            ; |RISCV_Processor|regFile:RF|reg_N:reg14|dffg:\G_NBit_Reg:30:RegI                                                          ; dffg            ; work         ;
;          |dffg:\G_NBit_Reg:31:RegI|              ; 0 (0)               ; 1 (1)                     ; 0           ; 0            ; 0       ; 0         ; 0    ; 0            ; |RISCV_Processor|regFile:RF|reg_N:reg14|dffg:\G_NBit_Reg:31:RegI                                                          ; dffg            ; work         ;
;          |dffg:\G_NBit_Reg:3:RegI|               ; 0 (0)               ; 1 (1)                     ; 0           ; 0            ; 0       ; 0         ; 0    ; 0            ; |RISCV_Processor|regFile:RF|reg_N:reg14|dffg:\G_NBit_Reg:3:RegI                                                           ; dffg            ; work         ;
;          |dffg:\G_NBit_Reg:4:RegI|               ; 0 (0)               ; 1 (1)                     ; 0           ; 0            ; 0       ; 0         ; 0    ; 0            ; |RISCV_Processor|regFile:RF|reg_N:reg14|dffg:\G_NBit_Reg:4:RegI                                                           ; dffg            ; work         ;
;          |dffg:\G_NBit_Reg:5:RegI|               ; 0 (0)               ; 1 (1)                     ; 0           ; 0            ; 0       ; 0         ; 0    ; 0            ; |RISCV_Processor|regFile:RF|reg_N:reg14|dffg:\G_NBit_Reg:5:RegI                                                           ; dffg            ; work         ;
;          |dffg:\G_NBit_Reg:6:RegI|               ; 0 (0)               ; 1 (1)                     ; 0           ; 0            ; 0       ; 0         ; 0    ; 0            ; |RISCV_Processor|regFile:RF|reg_N:reg14|dffg:\G_NBit_Reg:6:RegI                                                           ; dffg            ; work         ;
;          |dffg:\G_NBit_Reg:7:RegI|               ; 0 (0)               ; 1 (1)                     ; 0           ; 0            ; 0       ; 0         ; 0    ; 0            ; |RISCV_Processor|regFile:RF|reg_N:reg14|dffg:\G_NBit_Reg:7:RegI                                                           ; dffg            ; work         ;
;          |dffg:\G_NBit_Reg:8:RegI|               ; 0 (0)               ; 1 (1)                     ; 0           ; 0            ; 0       ; 0         ; 0    ; 0            ; |RISCV_Processor|regFile:RF|reg_N:reg14|dffg:\G_NBit_Reg:8:RegI                                                           ; dffg            ; work         ;
;          |dffg:\G_NBit_Reg:9:RegI|               ; 0 (0)               ; 1 (1)                     ; 0           ; 0            ; 0       ; 0         ; 0    ; 0            ; |RISCV_Processor|regFile:RF|reg_N:reg14|dffg:\G_NBit_Reg:9:RegI                                                           ; dffg            ; work         ;
;       |reg_N:reg15|                              ; 0 (0)               ; 32 (0)                    ; 0           ; 0            ; 0       ; 0         ; 0    ; 0            ; |RISCV_Processor|regFile:RF|reg_N:reg15                                                                                   ; reg_N           ; work         ;
;          |dffg:\G_NBit_Reg:0:RegI|               ; 0 (0)               ; 1 (1)                     ; 0           ; 0            ; 0       ; 0         ; 0    ; 0            ; |RISCV_Processor|regFile:RF|reg_N:reg15|dffg:\G_NBit_Reg:0:RegI                                                           ; dffg            ; work         ;
;          |dffg:\G_NBit_Reg:10:RegI|              ; 0 (0)               ; 1 (1)                     ; 0           ; 0            ; 0       ; 0         ; 0    ; 0            ; |RISCV_Processor|regFile:RF|reg_N:reg15|dffg:\G_NBit_Reg:10:RegI                                                          ; dffg            ; work         ;
;          |dffg:\G_NBit_Reg:11:RegI|              ; 0 (0)               ; 1 (1)                     ; 0           ; 0            ; 0       ; 0         ; 0    ; 0            ; |RISCV_Processor|regFile:RF|reg_N:reg15|dffg:\G_NBit_Reg:11:RegI                                                          ; dffg            ; work         ;
;          |dffg:\G_NBit_Reg:12:RegI|              ; 0 (0)               ; 1 (1)                     ; 0           ; 0            ; 0       ; 0         ; 0    ; 0            ; |RISCV_Processor|regFile:RF|reg_N:reg15|dffg:\G_NBit_Reg:12:RegI                                                          ; dffg            ; work         ;
;          |dffg:\G_NBit_Reg:13:RegI|              ; 0 (0)               ; 1 (1)                     ; 0           ; 0            ; 0       ; 0         ; 0    ; 0            ; |RISCV_Processor|regFile:RF|reg_N:reg15|dffg:\G_NBit_Reg:13:RegI                                                          ; dffg            ; work         ;
;          |dffg:\G_NBit_Reg:14:RegI|              ; 0 (0)               ; 1 (1)                     ; 0           ; 0            ; 0       ; 0         ; 0    ; 0            ; |RISCV_Processor|regFile:RF|reg_N:reg15|dffg:\G_NBit_Reg:14:RegI                                                          ; dffg            ; work         ;
;          |dffg:\G_NBit_Reg:15:RegI|              ; 0 (0)               ; 1 (1)                     ; 0           ; 0            ; 0       ; 0         ; 0    ; 0            ; |RISCV_Processor|regFile:RF|reg_N:reg15|dffg:\G_NBit_Reg:15:RegI                                                          ; dffg            ; work         ;
;          |dffg:\G_NBit_Reg:16:RegI|              ; 0 (0)               ; 1 (1)                     ; 0           ; 0            ; 0       ; 0         ; 0    ; 0            ; |RISCV_Processor|regFile:RF|reg_N:reg15|dffg:\G_NBit_Reg:16:RegI                                                          ; dffg            ; work         ;
;          |dffg:\G_NBit_Reg:17:RegI|              ; 0 (0)               ; 1 (1)                     ; 0           ; 0            ; 0       ; 0         ; 0    ; 0            ; |RISCV_Processor|regFile:RF|reg_N:reg15|dffg:\G_NBit_Reg:17:RegI                                                          ; dffg            ; work         ;
;          |dffg:\G_NBit_Reg:18:RegI|              ; 0 (0)               ; 1 (1)                     ; 0           ; 0            ; 0       ; 0         ; 0    ; 0            ; |RISCV_Processor|regFile:RF|reg_N:reg15|dffg:\G_NBit_Reg:18:RegI                                                          ; dffg            ; work         ;
;          |dffg:\G_NBit_Reg:19:RegI|              ; 0 (0)               ; 1 (1)                     ; 0           ; 0            ; 0       ; 0         ; 0    ; 0            ; |RISCV_Processor|regFile:RF|reg_N:reg15|dffg:\G_NBit_Reg:19:RegI                                                          ; dffg            ; work         ;
;          |dffg:\G_NBit_Reg:1:RegI|               ; 0 (0)               ; 1 (1)                     ; 0           ; 0            ; 0       ; 0         ; 0    ; 0            ; |RISCV_Processor|regFile:RF|reg_N:reg15|dffg:\G_NBit_Reg:1:RegI                                                           ; dffg            ; work         ;
;          |dffg:\G_NBit_Reg:20:RegI|              ; 0 (0)               ; 1 (1)                     ; 0           ; 0            ; 0       ; 0         ; 0    ; 0            ; |RISCV_Processor|regFile:RF|reg_N:reg15|dffg:\G_NBit_Reg:20:RegI                                                          ; dffg            ; work         ;
;          |dffg:\G_NBit_Reg:21:RegI|              ; 0 (0)               ; 1 (1)                     ; 0           ; 0            ; 0       ; 0         ; 0    ; 0            ; |RISCV_Processor|regFile:RF|reg_N:reg15|dffg:\G_NBit_Reg:21:RegI                                                          ; dffg            ; work         ;
;          |dffg:\G_NBit_Reg:22:RegI|              ; 0 (0)               ; 1 (1)                     ; 0           ; 0            ; 0       ; 0         ; 0    ; 0            ; |RISCV_Processor|regFile:RF|reg_N:reg15|dffg:\G_NBit_Reg:22:RegI                                                          ; dffg            ; work         ;
;          |dffg:\G_NBit_Reg:23:RegI|              ; 0 (0)               ; 1 (1)                     ; 0           ; 0            ; 0       ; 0         ; 0    ; 0            ; |RISCV_Processor|regFile:RF|reg_N:reg15|dffg:\G_NBit_Reg:23:RegI                                                          ; dffg            ; work         ;
;          |dffg:\G_NBit_Reg:24:RegI|              ; 0 (0)               ; 1 (1)                     ; 0           ; 0            ; 0       ; 0         ; 0    ; 0            ; |RISCV_Processor|regFile:RF|reg_N:reg15|dffg:\G_NBit_Reg:24:RegI                                                          ; dffg            ; work         ;
;          |dffg:\G_NBit_Reg:25:RegI|              ; 0 (0)               ; 1 (1)                     ; 0           ; 0            ; 0       ; 0         ; 0    ; 0            ; |RISCV_Processor|regFile:RF|reg_N:reg15|dffg:\G_NBit_Reg:25:RegI                                                          ; dffg            ; work         ;
;          |dffg:\G_NBit_Reg:26:RegI|              ; 0 (0)               ; 1 (1)                     ; 0           ; 0            ; 0       ; 0         ; 0    ; 0            ; |RISCV_Processor|regFile:RF|reg_N:reg15|dffg:\G_NBit_Reg:26:RegI                                                          ; dffg            ; work         ;
;          |dffg:\G_NBit_Reg:27:RegI|              ; 0 (0)               ; 1 (1)                     ; 0           ; 0            ; 0       ; 0         ; 0    ; 0            ; |RISCV_Processor|regFile:RF|reg_N:reg15|dffg:\G_NBit_Reg:27:RegI                                                          ; dffg            ; work         ;
;          |dffg:\G_NBit_Reg:28:RegI|              ; 0 (0)               ; 1 (1)                     ; 0           ; 0            ; 0       ; 0         ; 0    ; 0            ; |RISCV_Processor|regFile:RF|reg_N:reg15|dffg:\G_NBit_Reg:28:RegI                                                          ; dffg            ; work         ;
;          |dffg:\G_NBit_Reg:29:RegI|              ; 0 (0)               ; 1 (1)                     ; 0           ; 0            ; 0       ; 0         ; 0    ; 0            ; |RISCV_Processor|regFile:RF|reg_N:reg15|dffg:\G_NBit_Reg:29:RegI                                                          ; dffg            ; work         ;
;          |dffg:\G_NBit_Reg:2:RegI|               ; 0 (0)               ; 1 (1)                     ; 0           ; 0            ; 0       ; 0         ; 0    ; 0            ; |RISCV_Processor|regFile:RF|reg_N:reg15|dffg:\G_NBit_Reg:2:RegI                                                           ; dffg            ; work         ;
;          |dffg:\G_NBit_Reg:30:RegI|              ; 0 (0)               ; 1 (1)                     ; 0           ; 0            ; 0       ; 0         ; 0    ; 0            ; |RISCV_Processor|regFile:RF|reg_N:reg15|dffg:\G_NBit_Reg:30:RegI                                                          ; dffg            ; work         ;
;          |dffg:\G_NBit_Reg:31:RegI|              ; 0 (0)               ; 1 (1)                     ; 0           ; 0            ; 0       ; 0         ; 0    ; 0            ; |RISCV_Processor|regFile:RF|reg_N:reg15|dffg:\G_NBit_Reg:31:RegI                                                          ; dffg            ; work         ;
;          |dffg:\G_NBit_Reg:3:RegI|               ; 0 (0)               ; 1 (1)                     ; 0           ; 0            ; 0       ; 0         ; 0    ; 0            ; |RISCV_Processor|regFile:RF|reg_N:reg15|dffg:\G_NBit_Reg:3:RegI                                                           ; dffg            ; work         ;
;          |dffg:\G_NBit_Reg:4:RegI|               ; 0 (0)               ; 1 (1)                     ; 0           ; 0            ; 0       ; 0         ; 0    ; 0            ; |RISCV_Processor|regFile:RF|reg_N:reg15|dffg:\G_NBit_Reg:4:RegI                                                           ; dffg            ; work         ;
;          |dffg:\G_NBit_Reg:5:RegI|               ; 0 (0)               ; 1 (1)                     ; 0           ; 0            ; 0       ; 0         ; 0    ; 0            ; |RISCV_Processor|regFile:RF|reg_N:reg15|dffg:\G_NBit_Reg:5:RegI                                                           ; dffg            ; work         ;
;          |dffg:\G_NBit_Reg:6:RegI|               ; 0 (0)               ; 1 (1)                     ; 0           ; 0            ; 0       ; 0         ; 0    ; 0            ; |RISCV_Processor|regFile:RF|reg_N:reg15|dffg:\G_NBit_Reg:6:RegI                                                           ; dffg            ; work         ;
;          |dffg:\G_NBit_Reg:7:RegI|               ; 0 (0)               ; 1 (1)                     ; 0           ; 0            ; 0       ; 0         ; 0    ; 0            ; |RISCV_Processor|regFile:RF|reg_N:reg15|dffg:\G_NBit_Reg:7:RegI                                                           ; dffg            ; work         ;
;          |dffg:\G_NBit_Reg:8:RegI|               ; 0 (0)               ; 1 (1)                     ; 0           ; 0            ; 0       ; 0         ; 0    ; 0            ; |RISCV_Processor|regFile:RF|reg_N:reg15|dffg:\G_NBit_Reg:8:RegI                                                           ; dffg            ; work         ;
;          |dffg:\G_NBit_Reg:9:RegI|               ; 0 (0)               ; 1 (1)                     ; 0           ; 0            ; 0       ; 0         ; 0    ; 0            ; |RISCV_Processor|regFile:RF|reg_N:reg15|dffg:\G_NBit_Reg:9:RegI                                                           ; dffg            ; work         ;
;       |reg_N:reg16|                              ; 0 (0)               ; 32 (0)                    ; 0           ; 0            ; 0       ; 0         ; 0    ; 0            ; |RISCV_Processor|regFile:RF|reg_N:reg16                                                                                   ; reg_N           ; work         ;
;          |dffg:\G_NBit_Reg:0:RegI|               ; 0 (0)               ; 1 (1)                     ; 0           ; 0            ; 0       ; 0         ; 0    ; 0            ; |RISCV_Processor|regFile:RF|reg_N:reg16|dffg:\G_NBit_Reg:0:RegI                                                           ; dffg            ; work         ;
;          |dffg:\G_NBit_Reg:10:RegI|              ; 0 (0)               ; 1 (1)                     ; 0           ; 0            ; 0       ; 0         ; 0    ; 0            ; |RISCV_Processor|regFile:RF|reg_N:reg16|dffg:\G_NBit_Reg:10:RegI                                                          ; dffg            ; work         ;
;          |dffg:\G_NBit_Reg:11:RegI|              ; 0 (0)               ; 1 (1)                     ; 0           ; 0            ; 0       ; 0         ; 0    ; 0            ; |RISCV_Processor|regFile:RF|reg_N:reg16|dffg:\G_NBit_Reg:11:RegI                                                          ; dffg            ; work         ;
;          |dffg:\G_NBit_Reg:12:RegI|              ; 0 (0)               ; 1 (1)                     ; 0           ; 0            ; 0       ; 0         ; 0    ; 0            ; |RISCV_Processor|regFile:RF|reg_N:reg16|dffg:\G_NBit_Reg:12:RegI                                                          ; dffg            ; work         ;
;          |dffg:\G_NBit_Reg:13:RegI|              ; 0 (0)               ; 1 (1)                     ; 0           ; 0            ; 0       ; 0         ; 0    ; 0            ; |RISCV_Processor|regFile:RF|reg_N:reg16|dffg:\G_NBit_Reg:13:RegI                                                          ; dffg            ; work         ;
;          |dffg:\G_NBit_Reg:14:RegI|              ; 0 (0)               ; 1 (1)                     ; 0           ; 0            ; 0       ; 0         ; 0    ; 0            ; |RISCV_Processor|regFile:RF|reg_N:reg16|dffg:\G_NBit_Reg:14:RegI                                                          ; dffg            ; work         ;
;          |dffg:\G_NBit_Reg:15:RegI|              ; 0 (0)               ; 1 (1)                     ; 0           ; 0            ; 0       ; 0         ; 0    ; 0            ; |RISCV_Processor|regFile:RF|reg_N:reg16|dffg:\G_NBit_Reg:15:RegI                                                          ; dffg            ; work         ;
;          |dffg:\G_NBit_Reg:16:RegI|              ; 0 (0)               ; 1 (1)                     ; 0           ; 0            ; 0       ; 0         ; 0    ; 0            ; |RISCV_Processor|regFile:RF|reg_N:reg16|dffg:\G_NBit_Reg:16:RegI                                                          ; dffg            ; work         ;
;          |dffg:\G_NBit_Reg:17:RegI|              ; 0 (0)               ; 1 (1)                     ; 0           ; 0            ; 0       ; 0         ; 0    ; 0            ; |RISCV_Processor|regFile:RF|reg_N:reg16|dffg:\G_NBit_Reg:17:RegI                                                          ; dffg            ; work         ;
;          |dffg:\G_NBit_Reg:18:RegI|              ; 0 (0)               ; 1 (1)                     ; 0           ; 0            ; 0       ; 0         ; 0    ; 0            ; |RISCV_Processor|regFile:RF|reg_N:reg16|dffg:\G_NBit_Reg:18:RegI                                                          ; dffg            ; work         ;
;          |dffg:\G_NBit_Reg:19:RegI|              ; 0 (0)               ; 1 (1)                     ; 0           ; 0            ; 0       ; 0         ; 0    ; 0            ; |RISCV_Processor|regFile:RF|reg_N:reg16|dffg:\G_NBit_Reg:19:RegI                                                          ; dffg            ; work         ;
;          |dffg:\G_NBit_Reg:1:RegI|               ; 0 (0)               ; 1 (1)                     ; 0           ; 0            ; 0       ; 0         ; 0    ; 0            ; |RISCV_Processor|regFile:RF|reg_N:reg16|dffg:\G_NBit_Reg:1:RegI                                                           ; dffg            ; work         ;
;          |dffg:\G_NBit_Reg:20:RegI|              ; 0 (0)               ; 1 (1)                     ; 0           ; 0            ; 0       ; 0         ; 0    ; 0            ; |RISCV_Processor|regFile:RF|reg_N:reg16|dffg:\G_NBit_Reg:20:RegI                                                          ; dffg            ; work         ;
;          |dffg:\G_NBit_Reg:21:RegI|              ; 0 (0)               ; 1 (1)                     ; 0           ; 0            ; 0       ; 0         ; 0    ; 0            ; |RISCV_Processor|regFile:RF|reg_N:reg16|dffg:\G_NBit_Reg:21:RegI                                                          ; dffg            ; work         ;
;          |dffg:\G_NBit_Reg:22:RegI|              ; 0 (0)               ; 1 (1)                     ; 0           ; 0            ; 0       ; 0         ; 0    ; 0            ; |RISCV_Processor|regFile:RF|reg_N:reg16|dffg:\G_NBit_Reg:22:RegI                                                          ; dffg            ; work         ;
;          |dffg:\G_NBit_Reg:23:RegI|              ; 0 (0)               ; 1 (1)                     ; 0           ; 0            ; 0       ; 0         ; 0    ; 0            ; |RISCV_Processor|regFile:RF|reg_N:reg16|dffg:\G_NBit_Reg:23:RegI                                                          ; dffg            ; work         ;
;          |dffg:\G_NBit_Reg:24:RegI|              ; 0 (0)               ; 1 (1)                     ; 0           ; 0            ; 0       ; 0         ; 0    ; 0            ; |RISCV_Processor|regFile:RF|reg_N:reg16|dffg:\G_NBit_Reg:24:RegI                                                          ; dffg            ; work         ;
;          |dffg:\G_NBit_Reg:25:RegI|              ; 0 (0)               ; 1 (1)                     ; 0           ; 0            ; 0       ; 0         ; 0    ; 0            ; |RISCV_Processor|regFile:RF|reg_N:reg16|dffg:\G_NBit_Reg:25:RegI                                                          ; dffg            ; work         ;
;          |dffg:\G_NBit_Reg:26:RegI|              ; 0 (0)               ; 1 (1)                     ; 0           ; 0            ; 0       ; 0         ; 0    ; 0            ; |RISCV_Processor|regFile:RF|reg_N:reg16|dffg:\G_NBit_Reg:26:RegI                                                          ; dffg            ; work         ;
;          |dffg:\G_NBit_Reg:27:RegI|              ; 0 (0)               ; 1 (1)                     ; 0           ; 0            ; 0       ; 0         ; 0    ; 0            ; |RISCV_Processor|regFile:RF|reg_N:reg16|dffg:\G_NBit_Reg:27:RegI                                                          ; dffg            ; work         ;
;          |dffg:\G_NBit_Reg:28:RegI|              ; 0 (0)               ; 1 (1)                     ; 0           ; 0            ; 0       ; 0         ; 0    ; 0            ; |RISCV_Processor|regFile:RF|reg_N:reg16|dffg:\G_NBit_Reg:28:RegI                                                          ; dffg            ; work         ;
;          |dffg:\G_NBit_Reg:29:RegI|              ; 0 (0)               ; 1 (1)                     ; 0           ; 0            ; 0       ; 0         ; 0    ; 0            ; |RISCV_Processor|regFile:RF|reg_N:reg16|dffg:\G_NBit_Reg:29:RegI                                                          ; dffg            ; work         ;
;          |dffg:\G_NBit_Reg:2:RegI|               ; 0 (0)               ; 1 (1)                     ; 0           ; 0            ; 0       ; 0         ; 0    ; 0            ; |RISCV_Processor|regFile:RF|reg_N:reg16|dffg:\G_NBit_Reg:2:RegI                                                           ; dffg            ; work         ;
;          |dffg:\G_NBit_Reg:30:RegI|              ; 0 (0)               ; 1 (1)                     ; 0           ; 0            ; 0       ; 0         ; 0    ; 0            ; |RISCV_Processor|regFile:RF|reg_N:reg16|dffg:\G_NBit_Reg:30:RegI                                                          ; dffg            ; work         ;
;          |dffg:\G_NBit_Reg:31:RegI|              ; 0 (0)               ; 1 (1)                     ; 0           ; 0            ; 0       ; 0         ; 0    ; 0            ; |RISCV_Processor|regFile:RF|reg_N:reg16|dffg:\G_NBit_Reg:31:RegI                                                          ; dffg            ; work         ;
;          |dffg:\G_NBit_Reg:3:RegI|               ; 0 (0)               ; 1 (1)                     ; 0           ; 0            ; 0       ; 0         ; 0    ; 0            ; |RISCV_Processor|regFile:RF|reg_N:reg16|dffg:\G_NBit_Reg:3:RegI                                                           ; dffg            ; work         ;
;          |dffg:\G_NBit_Reg:4:RegI|               ; 0 (0)               ; 1 (1)                     ; 0           ; 0            ; 0       ; 0         ; 0    ; 0            ; |RISCV_Processor|regFile:RF|reg_N:reg16|dffg:\G_NBit_Reg:4:RegI                                                           ; dffg            ; work         ;
;          |dffg:\G_NBit_Reg:5:RegI|               ; 0 (0)               ; 1 (1)                     ; 0           ; 0            ; 0       ; 0         ; 0    ; 0            ; |RISCV_Processor|regFile:RF|reg_N:reg16|dffg:\G_NBit_Reg:5:RegI                                                           ; dffg            ; work         ;
;          |dffg:\G_NBit_Reg:6:RegI|               ; 0 (0)               ; 1 (1)                     ; 0           ; 0            ; 0       ; 0         ; 0    ; 0            ; |RISCV_Processor|regFile:RF|reg_N:reg16|dffg:\G_NBit_Reg:6:RegI                                                           ; dffg            ; work         ;
;          |dffg:\G_NBit_Reg:7:RegI|               ; 0 (0)               ; 1 (1)                     ; 0           ; 0            ; 0       ; 0         ; 0    ; 0            ; |RISCV_Processor|regFile:RF|reg_N:reg16|dffg:\G_NBit_Reg:7:RegI                                                           ; dffg            ; work         ;
;          |dffg:\G_NBit_Reg:8:RegI|               ; 0 (0)               ; 1 (1)                     ; 0           ; 0            ; 0       ; 0         ; 0    ; 0            ; |RISCV_Processor|regFile:RF|reg_N:reg16|dffg:\G_NBit_Reg:8:RegI                                                           ; dffg            ; work         ;
;          |dffg:\G_NBit_Reg:9:RegI|               ; 0 (0)               ; 1 (1)                     ; 0           ; 0            ; 0       ; 0         ; 0    ; 0            ; |RISCV_Processor|regFile:RF|reg_N:reg16|dffg:\G_NBit_Reg:9:RegI                                                           ; dffg            ; work         ;
;       |reg_N:reg17|                              ; 0 (0)               ; 32 (0)                    ; 0           ; 0            ; 0       ; 0         ; 0    ; 0            ; |RISCV_Processor|regFile:RF|reg_N:reg17                                                                                   ; reg_N           ; work         ;
;          |dffg:\G_NBit_Reg:0:RegI|               ; 0 (0)               ; 1 (1)                     ; 0           ; 0            ; 0       ; 0         ; 0    ; 0            ; |RISCV_Processor|regFile:RF|reg_N:reg17|dffg:\G_NBit_Reg:0:RegI                                                           ; dffg            ; work         ;
;          |dffg:\G_NBit_Reg:10:RegI|              ; 0 (0)               ; 1 (1)                     ; 0           ; 0            ; 0       ; 0         ; 0    ; 0            ; |RISCV_Processor|regFile:RF|reg_N:reg17|dffg:\G_NBit_Reg:10:RegI                                                          ; dffg            ; work         ;
;          |dffg:\G_NBit_Reg:11:RegI|              ; 0 (0)               ; 1 (1)                     ; 0           ; 0            ; 0       ; 0         ; 0    ; 0            ; |RISCV_Processor|regFile:RF|reg_N:reg17|dffg:\G_NBit_Reg:11:RegI                                                          ; dffg            ; work         ;
;          |dffg:\G_NBit_Reg:12:RegI|              ; 0 (0)               ; 1 (1)                     ; 0           ; 0            ; 0       ; 0         ; 0    ; 0            ; |RISCV_Processor|regFile:RF|reg_N:reg17|dffg:\G_NBit_Reg:12:RegI                                                          ; dffg            ; work         ;
;          |dffg:\G_NBit_Reg:13:RegI|              ; 0 (0)               ; 1 (1)                     ; 0           ; 0            ; 0       ; 0         ; 0    ; 0            ; |RISCV_Processor|regFile:RF|reg_N:reg17|dffg:\G_NBit_Reg:13:RegI                                                          ; dffg            ; work         ;
;          |dffg:\G_NBit_Reg:14:RegI|              ; 0 (0)               ; 1 (1)                     ; 0           ; 0            ; 0       ; 0         ; 0    ; 0            ; |RISCV_Processor|regFile:RF|reg_N:reg17|dffg:\G_NBit_Reg:14:RegI                                                          ; dffg            ; work         ;
;          |dffg:\G_NBit_Reg:15:RegI|              ; 0 (0)               ; 1 (1)                     ; 0           ; 0            ; 0       ; 0         ; 0    ; 0            ; |RISCV_Processor|regFile:RF|reg_N:reg17|dffg:\G_NBit_Reg:15:RegI                                                          ; dffg            ; work         ;
;          |dffg:\G_NBit_Reg:16:RegI|              ; 0 (0)               ; 1 (1)                     ; 0           ; 0            ; 0       ; 0         ; 0    ; 0            ; |RISCV_Processor|regFile:RF|reg_N:reg17|dffg:\G_NBit_Reg:16:RegI                                                          ; dffg            ; work         ;
;          |dffg:\G_NBit_Reg:17:RegI|              ; 0 (0)               ; 1 (1)                     ; 0           ; 0            ; 0       ; 0         ; 0    ; 0            ; |RISCV_Processor|regFile:RF|reg_N:reg17|dffg:\G_NBit_Reg:17:RegI                                                          ; dffg            ; work         ;
;          |dffg:\G_NBit_Reg:18:RegI|              ; 0 (0)               ; 1 (1)                     ; 0           ; 0            ; 0       ; 0         ; 0    ; 0            ; |RISCV_Processor|regFile:RF|reg_N:reg17|dffg:\G_NBit_Reg:18:RegI                                                          ; dffg            ; work         ;
;          |dffg:\G_NBit_Reg:19:RegI|              ; 0 (0)               ; 1 (1)                     ; 0           ; 0            ; 0       ; 0         ; 0    ; 0            ; |RISCV_Processor|regFile:RF|reg_N:reg17|dffg:\G_NBit_Reg:19:RegI                                                          ; dffg            ; work         ;
;          |dffg:\G_NBit_Reg:1:RegI|               ; 0 (0)               ; 1 (1)                     ; 0           ; 0            ; 0       ; 0         ; 0    ; 0            ; |RISCV_Processor|regFile:RF|reg_N:reg17|dffg:\G_NBit_Reg:1:RegI                                                           ; dffg            ; work         ;
;          |dffg:\G_NBit_Reg:20:RegI|              ; 0 (0)               ; 1 (1)                     ; 0           ; 0            ; 0       ; 0         ; 0    ; 0            ; |RISCV_Processor|regFile:RF|reg_N:reg17|dffg:\G_NBit_Reg:20:RegI                                                          ; dffg            ; work         ;
;          |dffg:\G_NBit_Reg:21:RegI|              ; 0 (0)               ; 1 (1)                     ; 0           ; 0            ; 0       ; 0         ; 0    ; 0            ; |RISCV_Processor|regFile:RF|reg_N:reg17|dffg:\G_NBit_Reg:21:RegI                                                          ; dffg            ; work         ;
;          |dffg:\G_NBit_Reg:22:RegI|              ; 0 (0)               ; 1 (1)                     ; 0           ; 0            ; 0       ; 0         ; 0    ; 0            ; |RISCV_Processor|regFile:RF|reg_N:reg17|dffg:\G_NBit_Reg:22:RegI                                                          ; dffg            ; work         ;
;          |dffg:\G_NBit_Reg:23:RegI|              ; 0 (0)               ; 1 (1)                     ; 0           ; 0            ; 0       ; 0         ; 0    ; 0            ; |RISCV_Processor|regFile:RF|reg_N:reg17|dffg:\G_NBit_Reg:23:RegI                                                          ; dffg            ; work         ;
;          |dffg:\G_NBit_Reg:24:RegI|              ; 0 (0)               ; 1 (1)                     ; 0           ; 0            ; 0       ; 0         ; 0    ; 0            ; |RISCV_Processor|regFile:RF|reg_N:reg17|dffg:\G_NBit_Reg:24:RegI                                                          ; dffg            ; work         ;
;          |dffg:\G_NBit_Reg:25:RegI|              ; 0 (0)               ; 1 (1)                     ; 0           ; 0            ; 0       ; 0         ; 0    ; 0            ; |RISCV_Processor|regFile:RF|reg_N:reg17|dffg:\G_NBit_Reg:25:RegI                                                          ; dffg            ; work         ;
;          |dffg:\G_NBit_Reg:26:RegI|              ; 0 (0)               ; 1 (1)                     ; 0           ; 0            ; 0       ; 0         ; 0    ; 0            ; |RISCV_Processor|regFile:RF|reg_N:reg17|dffg:\G_NBit_Reg:26:RegI                                                          ; dffg            ; work         ;
;          |dffg:\G_NBit_Reg:27:RegI|              ; 0 (0)               ; 1 (1)                     ; 0           ; 0            ; 0       ; 0         ; 0    ; 0            ; |RISCV_Processor|regFile:RF|reg_N:reg17|dffg:\G_NBit_Reg:27:RegI                                                          ; dffg            ; work         ;
;          |dffg:\G_NBit_Reg:28:RegI|              ; 0 (0)               ; 1 (1)                     ; 0           ; 0            ; 0       ; 0         ; 0    ; 0            ; |RISCV_Processor|regFile:RF|reg_N:reg17|dffg:\G_NBit_Reg:28:RegI                                                          ; dffg            ; work         ;
;          |dffg:\G_NBit_Reg:29:RegI|              ; 0 (0)               ; 1 (1)                     ; 0           ; 0            ; 0       ; 0         ; 0    ; 0            ; |RISCV_Processor|regFile:RF|reg_N:reg17|dffg:\G_NBit_Reg:29:RegI                                                          ; dffg            ; work         ;
;          |dffg:\G_NBit_Reg:2:RegI|               ; 0 (0)               ; 1 (1)                     ; 0           ; 0            ; 0       ; 0         ; 0    ; 0            ; |RISCV_Processor|regFile:RF|reg_N:reg17|dffg:\G_NBit_Reg:2:RegI                                                           ; dffg            ; work         ;
;          |dffg:\G_NBit_Reg:30:RegI|              ; 0 (0)               ; 1 (1)                     ; 0           ; 0            ; 0       ; 0         ; 0    ; 0            ; |RISCV_Processor|regFile:RF|reg_N:reg17|dffg:\G_NBit_Reg:30:RegI                                                          ; dffg            ; work         ;
;          |dffg:\G_NBit_Reg:31:RegI|              ; 0 (0)               ; 1 (1)                     ; 0           ; 0            ; 0       ; 0         ; 0    ; 0            ; |RISCV_Processor|regFile:RF|reg_N:reg17|dffg:\G_NBit_Reg:31:RegI                                                          ; dffg            ; work         ;
;          |dffg:\G_NBit_Reg:3:RegI|               ; 0 (0)               ; 1 (1)                     ; 0           ; 0            ; 0       ; 0         ; 0    ; 0            ; |RISCV_Processor|regFile:RF|reg_N:reg17|dffg:\G_NBit_Reg:3:RegI                                                           ; dffg            ; work         ;
;          |dffg:\G_NBit_Reg:4:RegI|               ; 0 (0)               ; 1 (1)                     ; 0           ; 0            ; 0       ; 0         ; 0    ; 0            ; |RISCV_Processor|regFile:RF|reg_N:reg17|dffg:\G_NBit_Reg:4:RegI                                                           ; dffg            ; work         ;
;          |dffg:\G_NBit_Reg:5:RegI|               ; 0 (0)               ; 1 (1)                     ; 0           ; 0            ; 0       ; 0         ; 0    ; 0            ; |RISCV_Processor|regFile:RF|reg_N:reg17|dffg:\G_NBit_Reg:5:RegI                                                           ; dffg            ; work         ;
;          |dffg:\G_NBit_Reg:6:RegI|               ; 0 (0)               ; 1 (1)                     ; 0           ; 0            ; 0       ; 0         ; 0    ; 0            ; |RISCV_Processor|regFile:RF|reg_N:reg17|dffg:\G_NBit_Reg:6:RegI                                                           ; dffg            ; work         ;
;          |dffg:\G_NBit_Reg:7:RegI|               ; 0 (0)               ; 1 (1)                     ; 0           ; 0            ; 0       ; 0         ; 0    ; 0            ; |RISCV_Processor|regFile:RF|reg_N:reg17|dffg:\G_NBit_Reg:7:RegI                                                           ; dffg            ; work         ;
;          |dffg:\G_NBit_Reg:8:RegI|               ; 0 (0)               ; 1 (1)                     ; 0           ; 0            ; 0       ; 0         ; 0    ; 0            ; |RISCV_Processor|regFile:RF|reg_N:reg17|dffg:\G_NBit_Reg:8:RegI                                                           ; dffg            ; work         ;
;          |dffg:\G_NBit_Reg:9:RegI|               ; 0 (0)               ; 1 (1)                     ; 0           ; 0            ; 0       ; 0         ; 0    ; 0            ; |RISCV_Processor|regFile:RF|reg_N:reg17|dffg:\G_NBit_Reg:9:RegI                                                           ; dffg            ; work         ;
;       |reg_N:reg18|                              ; 0 (0)               ; 32 (0)                    ; 0           ; 0            ; 0       ; 0         ; 0    ; 0            ; |RISCV_Processor|regFile:RF|reg_N:reg18                                                                                   ; reg_N           ; work         ;
;          |dffg:\G_NBit_Reg:0:RegI|               ; 0 (0)               ; 1 (1)                     ; 0           ; 0            ; 0       ; 0         ; 0    ; 0            ; |RISCV_Processor|regFile:RF|reg_N:reg18|dffg:\G_NBit_Reg:0:RegI                                                           ; dffg            ; work         ;
;          |dffg:\G_NBit_Reg:10:RegI|              ; 0 (0)               ; 1 (1)                     ; 0           ; 0            ; 0       ; 0         ; 0    ; 0            ; |RISCV_Processor|regFile:RF|reg_N:reg18|dffg:\G_NBit_Reg:10:RegI                                                          ; dffg            ; work         ;
;          |dffg:\G_NBit_Reg:11:RegI|              ; 0 (0)               ; 1 (1)                     ; 0           ; 0            ; 0       ; 0         ; 0    ; 0            ; |RISCV_Processor|regFile:RF|reg_N:reg18|dffg:\G_NBit_Reg:11:RegI                                                          ; dffg            ; work         ;
;          |dffg:\G_NBit_Reg:12:RegI|              ; 0 (0)               ; 1 (1)                     ; 0           ; 0            ; 0       ; 0         ; 0    ; 0            ; |RISCV_Processor|regFile:RF|reg_N:reg18|dffg:\G_NBit_Reg:12:RegI                                                          ; dffg            ; work         ;
;          |dffg:\G_NBit_Reg:13:RegI|              ; 0 (0)               ; 1 (1)                     ; 0           ; 0            ; 0       ; 0         ; 0    ; 0            ; |RISCV_Processor|regFile:RF|reg_N:reg18|dffg:\G_NBit_Reg:13:RegI                                                          ; dffg            ; work         ;
;          |dffg:\G_NBit_Reg:14:RegI|              ; 0 (0)               ; 1 (1)                     ; 0           ; 0            ; 0       ; 0         ; 0    ; 0            ; |RISCV_Processor|regFile:RF|reg_N:reg18|dffg:\G_NBit_Reg:14:RegI                                                          ; dffg            ; work         ;
;          |dffg:\G_NBit_Reg:15:RegI|              ; 0 (0)               ; 1 (1)                     ; 0           ; 0            ; 0       ; 0         ; 0    ; 0            ; |RISCV_Processor|regFile:RF|reg_N:reg18|dffg:\G_NBit_Reg:15:RegI                                                          ; dffg            ; work         ;
;          |dffg:\G_NBit_Reg:16:RegI|              ; 0 (0)               ; 1 (1)                     ; 0           ; 0            ; 0       ; 0         ; 0    ; 0            ; |RISCV_Processor|regFile:RF|reg_N:reg18|dffg:\G_NBit_Reg:16:RegI                                                          ; dffg            ; work         ;
;          |dffg:\G_NBit_Reg:17:RegI|              ; 0 (0)               ; 1 (1)                     ; 0           ; 0            ; 0       ; 0         ; 0    ; 0            ; |RISCV_Processor|regFile:RF|reg_N:reg18|dffg:\G_NBit_Reg:17:RegI                                                          ; dffg            ; work         ;
;          |dffg:\G_NBit_Reg:18:RegI|              ; 0 (0)               ; 1 (1)                     ; 0           ; 0            ; 0       ; 0         ; 0    ; 0            ; |RISCV_Processor|regFile:RF|reg_N:reg18|dffg:\G_NBit_Reg:18:RegI                                                          ; dffg            ; work         ;
;          |dffg:\G_NBit_Reg:19:RegI|              ; 0 (0)               ; 1 (1)                     ; 0           ; 0            ; 0       ; 0         ; 0    ; 0            ; |RISCV_Processor|regFile:RF|reg_N:reg18|dffg:\G_NBit_Reg:19:RegI                                                          ; dffg            ; work         ;
;          |dffg:\G_NBit_Reg:1:RegI|               ; 0 (0)               ; 1 (1)                     ; 0           ; 0            ; 0       ; 0         ; 0    ; 0            ; |RISCV_Processor|regFile:RF|reg_N:reg18|dffg:\G_NBit_Reg:1:RegI                                                           ; dffg            ; work         ;
;          |dffg:\G_NBit_Reg:20:RegI|              ; 0 (0)               ; 1 (1)                     ; 0           ; 0            ; 0       ; 0         ; 0    ; 0            ; |RISCV_Processor|regFile:RF|reg_N:reg18|dffg:\G_NBit_Reg:20:RegI                                                          ; dffg            ; work         ;
;          |dffg:\G_NBit_Reg:21:RegI|              ; 0 (0)               ; 1 (1)                     ; 0           ; 0            ; 0       ; 0         ; 0    ; 0            ; |RISCV_Processor|regFile:RF|reg_N:reg18|dffg:\G_NBit_Reg:21:RegI                                                          ; dffg            ; work         ;
;          |dffg:\G_NBit_Reg:22:RegI|              ; 0 (0)               ; 1 (1)                     ; 0           ; 0            ; 0       ; 0         ; 0    ; 0            ; |RISCV_Processor|regFile:RF|reg_N:reg18|dffg:\G_NBit_Reg:22:RegI                                                          ; dffg            ; work         ;
;          |dffg:\G_NBit_Reg:23:RegI|              ; 0 (0)               ; 1 (1)                     ; 0           ; 0            ; 0       ; 0         ; 0    ; 0            ; |RISCV_Processor|regFile:RF|reg_N:reg18|dffg:\G_NBit_Reg:23:RegI                                                          ; dffg            ; work         ;
;          |dffg:\G_NBit_Reg:24:RegI|              ; 0 (0)               ; 1 (1)                     ; 0           ; 0            ; 0       ; 0         ; 0    ; 0            ; |RISCV_Processor|regFile:RF|reg_N:reg18|dffg:\G_NBit_Reg:24:RegI                                                          ; dffg            ; work         ;
;          |dffg:\G_NBit_Reg:25:RegI|              ; 0 (0)               ; 1 (1)                     ; 0           ; 0            ; 0       ; 0         ; 0    ; 0            ; |RISCV_Processor|regFile:RF|reg_N:reg18|dffg:\G_NBit_Reg:25:RegI                                                          ; dffg            ; work         ;
;          |dffg:\G_NBit_Reg:26:RegI|              ; 0 (0)               ; 1 (1)                     ; 0           ; 0            ; 0       ; 0         ; 0    ; 0            ; |RISCV_Processor|regFile:RF|reg_N:reg18|dffg:\G_NBit_Reg:26:RegI                                                          ; dffg            ; work         ;
;          |dffg:\G_NBit_Reg:27:RegI|              ; 0 (0)               ; 1 (1)                     ; 0           ; 0            ; 0       ; 0         ; 0    ; 0            ; |RISCV_Processor|regFile:RF|reg_N:reg18|dffg:\G_NBit_Reg:27:RegI                                                          ; dffg            ; work         ;
;          |dffg:\G_NBit_Reg:28:RegI|              ; 0 (0)               ; 1 (1)                     ; 0           ; 0            ; 0       ; 0         ; 0    ; 0            ; |RISCV_Processor|regFile:RF|reg_N:reg18|dffg:\G_NBit_Reg:28:RegI                                                          ; dffg            ; work         ;
;          |dffg:\G_NBit_Reg:29:RegI|              ; 0 (0)               ; 1 (1)                     ; 0           ; 0            ; 0       ; 0         ; 0    ; 0            ; |RISCV_Processor|regFile:RF|reg_N:reg18|dffg:\G_NBit_Reg:29:RegI                                                          ; dffg            ; work         ;
;          |dffg:\G_NBit_Reg:2:RegI|               ; 0 (0)               ; 1 (1)                     ; 0           ; 0            ; 0       ; 0         ; 0    ; 0            ; |RISCV_Processor|regFile:RF|reg_N:reg18|dffg:\G_NBit_Reg:2:RegI                                                           ; dffg            ; work         ;
;          |dffg:\G_NBit_Reg:30:RegI|              ; 0 (0)               ; 1 (1)                     ; 0           ; 0            ; 0       ; 0         ; 0    ; 0            ; |RISCV_Processor|regFile:RF|reg_N:reg18|dffg:\G_NBit_Reg:30:RegI                                                          ; dffg            ; work         ;
;          |dffg:\G_NBit_Reg:31:RegI|              ; 0 (0)               ; 1 (1)                     ; 0           ; 0            ; 0       ; 0         ; 0    ; 0            ; |RISCV_Processor|regFile:RF|reg_N:reg18|dffg:\G_NBit_Reg:31:RegI                                                          ; dffg            ; work         ;
;          |dffg:\G_NBit_Reg:3:RegI|               ; 0 (0)               ; 1 (1)                     ; 0           ; 0            ; 0       ; 0         ; 0    ; 0            ; |RISCV_Processor|regFile:RF|reg_N:reg18|dffg:\G_NBit_Reg:3:RegI                                                           ; dffg            ; work         ;
;          |dffg:\G_NBit_Reg:4:RegI|               ; 0 (0)               ; 1 (1)                     ; 0           ; 0            ; 0       ; 0         ; 0    ; 0            ; |RISCV_Processor|regFile:RF|reg_N:reg18|dffg:\G_NBit_Reg:4:RegI                                                           ; dffg            ; work         ;
;          |dffg:\G_NBit_Reg:5:RegI|               ; 0 (0)               ; 1 (1)                     ; 0           ; 0            ; 0       ; 0         ; 0    ; 0            ; |RISCV_Processor|regFile:RF|reg_N:reg18|dffg:\G_NBit_Reg:5:RegI                                                           ; dffg            ; work         ;
;          |dffg:\G_NBit_Reg:6:RegI|               ; 0 (0)               ; 1 (1)                     ; 0           ; 0            ; 0       ; 0         ; 0    ; 0            ; |RISCV_Processor|regFile:RF|reg_N:reg18|dffg:\G_NBit_Reg:6:RegI                                                           ; dffg            ; work         ;
;          |dffg:\G_NBit_Reg:7:RegI|               ; 0 (0)               ; 1 (1)                     ; 0           ; 0            ; 0       ; 0         ; 0    ; 0            ; |RISCV_Processor|regFile:RF|reg_N:reg18|dffg:\G_NBit_Reg:7:RegI                                                           ; dffg            ; work         ;
;          |dffg:\G_NBit_Reg:8:RegI|               ; 0 (0)               ; 1 (1)                     ; 0           ; 0            ; 0       ; 0         ; 0    ; 0            ; |RISCV_Processor|regFile:RF|reg_N:reg18|dffg:\G_NBit_Reg:8:RegI                                                           ; dffg            ; work         ;
;          |dffg:\G_NBit_Reg:9:RegI|               ; 0 (0)               ; 1 (1)                     ; 0           ; 0            ; 0       ; 0         ; 0    ; 0            ; |RISCV_Processor|regFile:RF|reg_N:reg18|dffg:\G_NBit_Reg:9:RegI                                                           ; dffg            ; work         ;
;       |reg_N:reg19|                              ; 0 (0)               ; 32 (0)                    ; 0           ; 0            ; 0       ; 0         ; 0    ; 0            ; |RISCV_Processor|regFile:RF|reg_N:reg19                                                                                   ; reg_N           ; work         ;
;          |dffg:\G_NBit_Reg:0:RegI|               ; 0 (0)               ; 1 (1)                     ; 0           ; 0            ; 0       ; 0         ; 0    ; 0            ; |RISCV_Processor|regFile:RF|reg_N:reg19|dffg:\G_NBit_Reg:0:RegI                                                           ; dffg            ; work         ;
;          |dffg:\G_NBit_Reg:10:RegI|              ; 0 (0)               ; 1 (1)                     ; 0           ; 0            ; 0       ; 0         ; 0    ; 0            ; |RISCV_Processor|regFile:RF|reg_N:reg19|dffg:\G_NBit_Reg:10:RegI                                                          ; dffg            ; work         ;
;          |dffg:\G_NBit_Reg:11:RegI|              ; 0 (0)               ; 1 (1)                     ; 0           ; 0            ; 0       ; 0         ; 0    ; 0            ; |RISCV_Processor|regFile:RF|reg_N:reg19|dffg:\G_NBit_Reg:11:RegI                                                          ; dffg            ; work         ;
;          |dffg:\G_NBit_Reg:12:RegI|              ; 0 (0)               ; 1 (1)                     ; 0           ; 0            ; 0       ; 0         ; 0    ; 0            ; |RISCV_Processor|regFile:RF|reg_N:reg19|dffg:\G_NBit_Reg:12:RegI                                                          ; dffg            ; work         ;
;          |dffg:\G_NBit_Reg:13:RegI|              ; 0 (0)               ; 1 (1)                     ; 0           ; 0            ; 0       ; 0         ; 0    ; 0            ; |RISCV_Processor|regFile:RF|reg_N:reg19|dffg:\G_NBit_Reg:13:RegI                                                          ; dffg            ; work         ;
;          |dffg:\G_NBit_Reg:14:RegI|              ; 0 (0)               ; 1 (1)                     ; 0           ; 0            ; 0       ; 0         ; 0    ; 0            ; |RISCV_Processor|regFile:RF|reg_N:reg19|dffg:\G_NBit_Reg:14:RegI                                                          ; dffg            ; work         ;
;          |dffg:\G_NBit_Reg:15:RegI|              ; 0 (0)               ; 1 (1)                     ; 0           ; 0            ; 0       ; 0         ; 0    ; 0            ; |RISCV_Processor|regFile:RF|reg_N:reg19|dffg:\G_NBit_Reg:15:RegI                                                          ; dffg            ; work         ;
;          |dffg:\G_NBit_Reg:16:RegI|              ; 0 (0)               ; 1 (1)                     ; 0           ; 0            ; 0       ; 0         ; 0    ; 0            ; |RISCV_Processor|regFile:RF|reg_N:reg19|dffg:\G_NBit_Reg:16:RegI                                                          ; dffg            ; work         ;
;          |dffg:\G_NBit_Reg:17:RegI|              ; 0 (0)               ; 1 (1)                     ; 0           ; 0            ; 0       ; 0         ; 0    ; 0            ; |RISCV_Processor|regFile:RF|reg_N:reg19|dffg:\G_NBit_Reg:17:RegI                                                          ; dffg            ; work         ;
;          |dffg:\G_NBit_Reg:18:RegI|              ; 0 (0)               ; 1 (1)                     ; 0           ; 0            ; 0       ; 0         ; 0    ; 0            ; |RISCV_Processor|regFile:RF|reg_N:reg19|dffg:\G_NBit_Reg:18:RegI                                                          ; dffg            ; work         ;
;          |dffg:\G_NBit_Reg:19:RegI|              ; 0 (0)               ; 1 (1)                     ; 0           ; 0            ; 0       ; 0         ; 0    ; 0            ; |RISCV_Processor|regFile:RF|reg_N:reg19|dffg:\G_NBit_Reg:19:RegI                                                          ; dffg            ; work         ;
;          |dffg:\G_NBit_Reg:1:RegI|               ; 0 (0)               ; 1 (1)                     ; 0           ; 0            ; 0       ; 0         ; 0    ; 0            ; |RISCV_Processor|regFile:RF|reg_N:reg19|dffg:\G_NBit_Reg:1:RegI                                                           ; dffg            ; work         ;
;          |dffg:\G_NBit_Reg:20:RegI|              ; 0 (0)               ; 1 (1)                     ; 0           ; 0            ; 0       ; 0         ; 0    ; 0            ; |RISCV_Processor|regFile:RF|reg_N:reg19|dffg:\G_NBit_Reg:20:RegI                                                          ; dffg            ; work         ;
;          |dffg:\G_NBit_Reg:21:RegI|              ; 0 (0)               ; 1 (1)                     ; 0           ; 0            ; 0       ; 0         ; 0    ; 0            ; |RISCV_Processor|regFile:RF|reg_N:reg19|dffg:\G_NBit_Reg:21:RegI                                                          ; dffg            ; work         ;
;          |dffg:\G_NBit_Reg:22:RegI|              ; 0 (0)               ; 1 (1)                     ; 0           ; 0            ; 0       ; 0         ; 0    ; 0            ; |RISCV_Processor|regFile:RF|reg_N:reg19|dffg:\G_NBit_Reg:22:RegI                                                          ; dffg            ; work         ;
;          |dffg:\G_NBit_Reg:23:RegI|              ; 0 (0)               ; 1 (1)                     ; 0           ; 0            ; 0       ; 0         ; 0    ; 0            ; |RISCV_Processor|regFile:RF|reg_N:reg19|dffg:\G_NBit_Reg:23:RegI                                                          ; dffg            ; work         ;
;          |dffg:\G_NBit_Reg:24:RegI|              ; 0 (0)               ; 1 (1)                     ; 0           ; 0            ; 0       ; 0         ; 0    ; 0            ; |RISCV_Processor|regFile:RF|reg_N:reg19|dffg:\G_NBit_Reg:24:RegI                                                          ; dffg            ; work         ;
;          |dffg:\G_NBit_Reg:25:RegI|              ; 0 (0)               ; 1 (1)                     ; 0           ; 0            ; 0       ; 0         ; 0    ; 0            ; |RISCV_Processor|regFile:RF|reg_N:reg19|dffg:\G_NBit_Reg:25:RegI                                                          ; dffg            ; work         ;
;          |dffg:\G_NBit_Reg:26:RegI|              ; 0 (0)               ; 1 (1)                     ; 0           ; 0            ; 0       ; 0         ; 0    ; 0            ; |RISCV_Processor|regFile:RF|reg_N:reg19|dffg:\G_NBit_Reg:26:RegI                                                          ; dffg            ; work         ;
;          |dffg:\G_NBit_Reg:27:RegI|              ; 0 (0)               ; 1 (1)                     ; 0           ; 0            ; 0       ; 0         ; 0    ; 0            ; |RISCV_Processor|regFile:RF|reg_N:reg19|dffg:\G_NBit_Reg:27:RegI                                                          ; dffg            ; work         ;
;          |dffg:\G_NBit_Reg:28:RegI|              ; 0 (0)               ; 1 (1)                     ; 0           ; 0            ; 0       ; 0         ; 0    ; 0            ; |RISCV_Processor|regFile:RF|reg_N:reg19|dffg:\G_NBit_Reg:28:RegI                                                          ; dffg            ; work         ;
;          |dffg:\G_NBit_Reg:29:RegI|              ; 0 (0)               ; 1 (1)                     ; 0           ; 0            ; 0       ; 0         ; 0    ; 0            ; |RISCV_Processor|regFile:RF|reg_N:reg19|dffg:\G_NBit_Reg:29:RegI                                                          ; dffg            ; work         ;
;          |dffg:\G_NBit_Reg:2:RegI|               ; 0 (0)               ; 1 (1)                     ; 0           ; 0            ; 0       ; 0         ; 0    ; 0            ; |RISCV_Processor|regFile:RF|reg_N:reg19|dffg:\G_NBit_Reg:2:RegI                                                           ; dffg            ; work         ;
;          |dffg:\G_NBit_Reg:30:RegI|              ; 0 (0)               ; 1 (1)                     ; 0           ; 0            ; 0       ; 0         ; 0    ; 0            ; |RISCV_Processor|regFile:RF|reg_N:reg19|dffg:\G_NBit_Reg:30:RegI                                                          ; dffg            ; work         ;
;          |dffg:\G_NBit_Reg:31:RegI|              ; 0 (0)               ; 1 (1)                     ; 0           ; 0            ; 0       ; 0         ; 0    ; 0            ; |RISCV_Processor|regFile:RF|reg_N:reg19|dffg:\G_NBit_Reg:31:RegI                                                          ; dffg            ; work         ;
;          |dffg:\G_NBit_Reg:3:RegI|               ; 0 (0)               ; 1 (1)                     ; 0           ; 0            ; 0       ; 0         ; 0    ; 0            ; |RISCV_Processor|regFile:RF|reg_N:reg19|dffg:\G_NBit_Reg:3:RegI                                                           ; dffg            ; work         ;
;          |dffg:\G_NBit_Reg:4:RegI|               ; 0 (0)               ; 1 (1)                     ; 0           ; 0            ; 0       ; 0         ; 0    ; 0            ; |RISCV_Processor|regFile:RF|reg_N:reg19|dffg:\G_NBit_Reg:4:RegI                                                           ; dffg            ; work         ;
;          |dffg:\G_NBit_Reg:5:RegI|               ; 0 (0)               ; 1 (1)                     ; 0           ; 0            ; 0       ; 0         ; 0    ; 0            ; |RISCV_Processor|regFile:RF|reg_N:reg19|dffg:\G_NBit_Reg:5:RegI                                                           ; dffg            ; work         ;
;          |dffg:\G_NBit_Reg:6:RegI|               ; 0 (0)               ; 1 (1)                     ; 0           ; 0            ; 0       ; 0         ; 0    ; 0            ; |RISCV_Processor|regFile:RF|reg_N:reg19|dffg:\G_NBit_Reg:6:RegI                                                           ; dffg            ; work         ;
;          |dffg:\G_NBit_Reg:7:RegI|               ; 0 (0)               ; 1 (1)                     ; 0           ; 0            ; 0       ; 0         ; 0    ; 0            ; |RISCV_Processor|regFile:RF|reg_N:reg19|dffg:\G_NBit_Reg:7:RegI                                                           ; dffg            ; work         ;
;          |dffg:\G_NBit_Reg:8:RegI|               ; 0 (0)               ; 1 (1)                     ; 0           ; 0            ; 0       ; 0         ; 0    ; 0            ; |RISCV_Processor|regFile:RF|reg_N:reg19|dffg:\G_NBit_Reg:8:RegI                                                           ; dffg            ; work         ;
;          |dffg:\G_NBit_Reg:9:RegI|               ; 0 (0)               ; 1 (1)                     ; 0           ; 0            ; 0       ; 0         ; 0    ; 0            ; |RISCV_Processor|regFile:RF|reg_N:reg19|dffg:\G_NBit_Reg:9:RegI                                                           ; dffg            ; work         ;
;       |reg_N:reg1|                               ; 0 (0)               ; 32 (0)                    ; 0           ; 0            ; 0       ; 0         ; 0    ; 0            ; |RISCV_Processor|regFile:RF|reg_N:reg1                                                                                    ; reg_N           ; work         ;
;          |dffg:\G_NBit_Reg:0:RegI|               ; 0 (0)               ; 1 (1)                     ; 0           ; 0            ; 0       ; 0         ; 0    ; 0            ; |RISCV_Processor|regFile:RF|reg_N:reg1|dffg:\G_NBit_Reg:0:RegI                                                            ; dffg            ; work         ;
;          |dffg:\G_NBit_Reg:10:RegI|              ; 0 (0)               ; 1 (1)                     ; 0           ; 0            ; 0       ; 0         ; 0    ; 0            ; |RISCV_Processor|regFile:RF|reg_N:reg1|dffg:\G_NBit_Reg:10:RegI                                                           ; dffg            ; work         ;
;          |dffg:\G_NBit_Reg:11:RegI|              ; 0 (0)               ; 1 (1)                     ; 0           ; 0            ; 0       ; 0         ; 0    ; 0            ; |RISCV_Processor|regFile:RF|reg_N:reg1|dffg:\G_NBit_Reg:11:RegI                                                           ; dffg            ; work         ;
;          |dffg:\G_NBit_Reg:12:RegI|              ; 0 (0)               ; 1 (1)                     ; 0           ; 0            ; 0       ; 0         ; 0    ; 0            ; |RISCV_Processor|regFile:RF|reg_N:reg1|dffg:\G_NBit_Reg:12:RegI                                                           ; dffg            ; work         ;
;          |dffg:\G_NBit_Reg:13:RegI|              ; 0 (0)               ; 1 (1)                     ; 0           ; 0            ; 0       ; 0         ; 0    ; 0            ; |RISCV_Processor|regFile:RF|reg_N:reg1|dffg:\G_NBit_Reg:13:RegI                                                           ; dffg            ; work         ;
;          |dffg:\G_NBit_Reg:14:RegI|              ; 0 (0)               ; 1 (1)                     ; 0           ; 0            ; 0       ; 0         ; 0    ; 0            ; |RISCV_Processor|regFile:RF|reg_N:reg1|dffg:\G_NBit_Reg:14:RegI                                                           ; dffg            ; work         ;
;          |dffg:\G_NBit_Reg:15:RegI|              ; 0 (0)               ; 1 (1)                     ; 0           ; 0            ; 0       ; 0         ; 0    ; 0            ; |RISCV_Processor|regFile:RF|reg_N:reg1|dffg:\G_NBit_Reg:15:RegI                                                           ; dffg            ; work         ;
;          |dffg:\G_NBit_Reg:16:RegI|              ; 0 (0)               ; 1 (1)                     ; 0           ; 0            ; 0       ; 0         ; 0    ; 0            ; |RISCV_Processor|regFile:RF|reg_N:reg1|dffg:\G_NBit_Reg:16:RegI                                                           ; dffg            ; work         ;
;          |dffg:\G_NBit_Reg:17:RegI|              ; 0 (0)               ; 1 (1)                     ; 0           ; 0            ; 0       ; 0         ; 0    ; 0            ; |RISCV_Processor|regFile:RF|reg_N:reg1|dffg:\G_NBit_Reg:17:RegI                                                           ; dffg            ; work         ;
;          |dffg:\G_NBit_Reg:18:RegI|              ; 0 (0)               ; 1 (1)                     ; 0           ; 0            ; 0       ; 0         ; 0    ; 0            ; |RISCV_Processor|regFile:RF|reg_N:reg1|dffg:\G_NBit_Reg:18:RegI                                                           ; dffg            ; work         ;
;          |dffg:\G_NBit_Reg:19:RegI|              ; 0 (0)               ; 1 (1)                     ; 0           ; 0            ; 0       ; 0         ; 0    ; 0            ; |RISCV_Processor|regFile:RF|reg_N:reg1|dffg:\G_NBit_Reg:19:RegI                                                           ; dffg            ; work         ;
;          |dffg:\G_NBit_Reg:1:RegI|               ; 0 (0)               ; 1 (1)                     ; 0           ; 0            ; 0       ; 0         ; 0    ; 0            ; |RISCV_Processor|regFile:RF|reg_N:reg1|dffg:\G_NBit_Reg:1:RegI                                                            ; dffg            ; work         ;
;          |dffg:\G_NBit_Reg:20:RegI|              ; 0 (0)               ; 1 (1)                     ; 0           ; 0            ; 0       ; 0         ; 0    ; 0            ; |RISCV_Processor|regFile:RF|reg_N:reg1|dffg:\G_NBit_Reg:20:RegI                                                           ; dffg            ; work         ;
;          |dffg:\G_NBit_Reg:21:RegI|              ; 0 (0)               ; 1 (1)                     ; 0           ; 0            ; 0       ; 0         ; 0    ; 0            ; |RISCV_Processor|regFile:RF|reg_N:reg1|dffg:\G_NBit_Reg:21:RegI                                                           ; dffg            ; work         ;
;          |dffg:\G_NBit_Reg:22:RegI|              ; 0 (0)               ; 1 (1)                     ; 0           ; 0            ; 0       ; 0         ; 0    ; 0            ; |RISCV_Processor|regFile:RF|reg_N:reg1|dffg:\G_NBit_Reg:22:RegI                                                           ; dffg            ; work         ;
;          |dffg:\G_NBit_Reg:23:RegI|              ; 0 (0)               ; 1 (1)                     ; 0           ; 0            ; 0       ; 0         ; 0    ; 0            ; |RISCV_Processor|regFile:RF|reg_N:reg1|dffg:\G_NBit_Reg:23:RegI                                                           ; dffg            ; work         ;
;          |dffg:\G_NBit_Reg:24:RegI|              ; 0 (0)               ; 1 (1)                     ; 0           ; 0            ; 0       ; 0         ; 0    ; 0            ; |RISCV_Processor|regFile:RF|reg_N:reg1|dffg:\G_NBit_Reg:24:RegI                                                           ; dffg            ; work         ;
;          |dffg:\G_NBit_Reg:25:RegI|              ; 0 (0)               ; 1 (1)                     ; 0           ; 0            ; 0       ; 0         ; 0    ; 0            ; |RISCV_Processor|regFile:RF|reg_N:reg1|dffg:\G_NBit_Reg:25:RegI                                                           ; dffg            ; work         ;
;          |dffg:\G_NBit_Reg:26:RegI|              ; 0 (0)               ; 1 (1)                     ; 0           ; 0            ; 0       ; 0         ; 0    ; 0            ; |RISCV_Processor|regFile:RF|reg_N:reg1|dffg:\G_NBit_Reg:26:RegI                                                           ; dffg            ; work         ;
;          |dffg:\G_NBit_Reg:27:RegI|              ; 0 (0)               ; 1 (1)                     ; 0           ; 0            ; 0       ; 0         ; 0    ; 0            ; |RISCV_Processor|regFile:RF|reg_N:reg1|dffg:\G_NBit_Reg:27:RegI                                                           ; dffg            ; work         ;
;          |dffg:\G_NBit_Reg:28:RegI|              ; 0 (0)               ; 1 (1)                     ; 0           ; 0            ; 0       ; 0         ; 0    ; 0            ; |RISCV_Processor|regFile:RF|reg_N:reg1|dffg:\G_NBit_Reg:28:RegI                                                           ; dffg            ; work         ;
;          |dffg:\G_NBit_Reg:29:RegI|              ; 0 (0)               ; 1 (1)                     ; 0           ; 0            ; 0       ; 0         ; 0    ; 0            ; |RISCV_Processor|regFile:RF|reg_N:reg1|dffg:\G_NBit_Reg:29:RegI                                                           ; dffg            ; work         ;
;          |dffg:\G_NBit_Reg:2:RegI|               ; 0 (0)               ; 1 (1)                     ; 0           ; 0            ; 0       ; 0         ; 0    ; 0            ; |RISCV_Processor|regFile:RF|reg_N:reg1|dffg:\G_NBit_Reg:2:RegI                                                            ; dffg            ; work         ;
;          |dffg:\G_NBit_Reg:30:RegI|              ; 0 (0)               ; 1 (1)                     ; 0           ; 0            ; 0       ; 0         ; 0    ; 0            ; |RISCV_Processor|regFile:RF|reg_N:reg1|dffg:\G_NBit_Reg:30:RegI                                                           ; dffg            ; work         ;
;          |dffg:\G_NBit_Reg:31:RegI|              ; 0 (0)               ; 1 (1)                     ; 0           ; 0            ; 0       ; 0         ; 0    ; 0            ; |RISCV_Processor|regFile:RF|reg_N:reg1|dffg:\G_NBit_Reg:31:RegI                                                           ; dffg            ; work         ;
;          |dffg:\G_NBit_Reg:3:RegI|               ; 0 (0)               ; 1 (1)                     ; 0           ; 0            ; 0       ; 0         ; 0    ; 0            ; |RISCV_Processor|regFile:RF|reg_N:reg1|dffg:\G_NBit_Reg:3:RegI                                                            ; dffg            ; work         ;
;          |dffg:\G_NBit_Reg:4:RegI|               ; 0 (0)               ; 1 (1)                     ; 0           ; 0            ; 0       ; 0         ; 0    ; 0            ; |RISCV_Processor|regFile:RF|reg_N:reg1|dffg:\G_NBit_Reg:4:RegI                                                            ; dffg            ; work         ;
;          |dffg:\G_NBit_Reg:5:RegI|               ; 0 (0)               ; 1 (1)                     ; 0           ; 0            ; 0       ; 0         ; 0    ; 0            ; |RISCV_Processor|regFile:RF|reg_N:reg1|dffg:\G_NBit_Reg:5:RegI                                                            ; dffg            ; work         ;
;          |dffg:\G_NBit_Reg:6:RegI|               ; 0 (0)               ; 1 (1)                     ; 0           ; 0            ; 0       ; 0         ; 0    ; 0            ; |RISCV_Processor|regFile:RF|reg_N:reg1|dffg:\G_NBit_Reg:6:RegI                                                            ; dffg            ; work         ;
;          |dffg:\G_NBit_Reg:7:RegI|               ; 0 (0)               ; 1 (1)                     ; 0           ; 0            ; 0       ; 0         ; 0    ; 0            ; |RISCV_Processor|regFile:RF|reg_N:reg1|dffg:\G_NBit_Reg:7:RegI                                                            ; dffg            ; work         ;
;          |dffg:\G_NBit_Reg:8:RegI|               ; 0 (0)               ; 1 (1)                     ; 0           ; 0            ; 0       ; 0         ; 0    ; 0            ; |RISCV_Processor|regFile:RF|reg_N:reg1|dffg:\G_NBit_Reg:8:RegI                                                            ; dffg            ; work         ;
;          |dffg:\G_NBit_Reg:9:RegI|               ; 0 (0)               ; 1 (1)                     ; 0           ; 0            ; 0       ; 0         ; 0    ; 0            ; |RISCV_Processor|regFile:RF|reg_N:reg1|dffg:\G_NBit_Reg:9:RegI                                                            ; dffg            ; work         ;
;       |reg_N:reg20|                              ; 0 (0)               ; 32 (0)                    ; 0           ; 0            ; 0       ; 0         ; 0    ; 0            ; |RISCV_Processor|regFile:RF|reg_N:reg20                                                                                   ; reg_N           ; work         ;
;          |dffg:\G_NBit_Reg:0:RegI|               ; 0 (0)               ; 1 (1)                     ; 0           ; 0            ; 0       ; 0         ; 0    ; 0            ; |RISCV_Processor|regFile:RF|reg_N:reg20|dffg:\G_NBit_Reg:0:RegI                                                           ; dffg            ; work         ;
;          |dffg:\G_NBit_Reg:10:RegI|              ; 0 (0)               ; 1 (1)                     ; 0           ; 0            ; 0       ; 0         ; 0    ; 0            ; |RISCV_Processor|regFile:RF|reg_N:reg20|dffg:\G_NBit_Reg:10:RegI                                                          ; dffg            ; work         ;
;          |dffg:\G_NBit_Reg:11:RegI|              ; 0 (0)               ; 1 (1)                     ; 0           ; 0            ; 0       ; 0         ; 0    ; 0            ; |RISCV_Processor|regFile:RF|reg_N:reg20|dffg:\G_NBit_Reg:11:RegI                                                          ; dffg            ; work         ;
;          |dffg:\G_NBit_Reg:12:RegI|              ; 0 (0)               ; 1 (1)                     ; 0           ; 0            ; 0       ; 0         ; 0    ; 0            ; |RISCV_Processor|regFile:RF|reg_N:reg20|dffg:\G_NBit_Reg:12:RegI                                                          ; dffg            ; work         ;
;          |dffg:\G_NBit_Reg:13:RegI|              ; 0 (0)               ; 1 (1)                     ; 0           ; 0            ; 0       ; 0         ; 0    ; 0            ; |RISCV_Processor|regFile:RF|reg_N:reg20|dffg:\G_NBit_Reg:13:RegI                                                          ; dffg            ; work         ;
;          |dffg:\G_NBit_Reg:14:RegI|              ; 0 (0)               ; 1 (1)                     ; 0           ; 0            ; 0       ; 0         ; 0    ; 0            ; |RISCV_Processor|regFile:RF|reg_N:reg20|dffg:\G_NBit_Reg:14:RegI                                                          ; dffg            ; work         ;
;          |dffg:\G_NBit_Reg:15:RegI|              ; 0 (0)               ; 1 (1)                     ; 0           ; 0            ; 0       ; 0         ; 0    ; 0            ; |RISCV_Processor|regFile:RF|reg_N:reg20|dffg:\G_NBit_Reg:15:RegI                                                          ; dffg            ; work         ;
;          |dffg:\G_NBit_Reg:16:RegI|              ; 0 (0)               ; 1 (1)                     ; 0           ; 0            ; 0       ; 0         ; 0    ; 0            ; |RISCV_Processor|regFile:RF|reg_N:reg20|dffg:\G_NBit_Reg:16:RegI                                                          ; dffg            ; work         ;
;          |dffg:\G_NBit_Reg:17:RegI|              ; 0 (0)               ; 1 (1)                     ; 0           ; 0            ; 0       ; 0         ; 0    ; 0            ; |RISCV_Processor|regFile:RF|reg_N:reg20|dffg:\G_NBit_Reg:17:RegI                                                          ; dffg            ; work         ;
;          |dffg:\G_NBit_Reg:18:RegI|              ; 0 (0)               ; 1 (1)                     ; 0           ; 0            ; 0       ; 0         ; 0    ; 0            ; |RISCV_Processor|regFile:RF|reg_N:reg20|dffg:\G_NBit_Reg:18:RegI                                                          ; dffg            ; work         ;
;          |dffg:\G_NBit_Reg:19:RegI|              ; 0 (0)               ; 1 (1)                     ; 0           ; 0            ; 0       ; 0         ; 0    ; 0            ; |RISCV_Processor|regFile:RF|reg_N:reg20|dffg:\G_NBit_Reg:19:RegI                                                          ; dffg            ; work         ;
;          |dffg:\G_NBit_Reg:1:RegI|               ; 0 (0)               ; 1 (1)                     ; 0           ; 0            ; 0       ; 0         ; 0    ; 0            ; |RISCV_Processor|regFile:RF|reg_N:reg20|dffg:\G_NBit_Reg:1:RegI                                                           ; dffg            ; work         ;
;          |dffg:\G_NBit_Reg:20:RegI|              ; 0 (0)               ; 1 (1)                     ; 0           ; 0            ; 0       ; 0         ; 0    ; 0            ; |RISCV_Processor|regFile:RF|reg_N:reg20|dffg:\G_NBit_Reg:20:RegI                                                          ; dffg            ; work         ;
;          |dffg:\G_NBit_Reg:21:RegI|              ; 0 (0)               ; 1 (1)                     ; 0           ; 0            ; 0       ; 0         ; 0    ; 0            ; |RISCV_Processor|regFile:RF|reg_N:reg20|dffg:\G_NBit_Reg:21:RegI                                                          ; dffg            ; work         ;
;          |dffg:\G_NBit_Reg:22:RegI|              ; 0 (0)               ; 1 (1)                     ; 0           ; 0            ; 0       ; 0         ; 0    ; 0            ; |RISCV_Processor|regFile:RF|reg_N:reg20|dffg:\G_NBit_Reg:22:RegI                                                          ; dffg            ; work         ;
;          |dffg:\G_NBit_Reg:23:RegI|              ; 0 (0)               ; 1 (1)                     ; 0           ; 0            ; 0       ; 0         ; 0    ; 0            ; |RISCV_Processor|regFile:RF|reg_N:reg20|dffg:\G_NBit_Reg:23:RegI                                                          ; dffg            ; work         ;
;          |dffg:\G_NBit_Reg:24:RegI|              ; 0 (0)               ; 1 (1)                     ; 0           ; 0            ; 0       ; 0         ; 0    ; 0            ; |RISCV_Processor|regFile:RF|reg_N:reg20|dffg:\G_NBit_Reg:24:RegI                                                          ; dffg            ; work         ;
;          |dffg:\G_NBit_Reg:25:RegI|              ; 0 (0)               ; 1 (1)                     ; 0           ; 0            ; 0       ; 0         ; 0    ; 0            ; |RISCV_Processor|regFile:RF|reg_N:reg20|dffg:\G_NBit_Reg:25:RegI                                                          ; dffg            ; work         ;
;          |dffg:\G_NBit_Reg:26:RegI|              ; 0 (0)               ; 1 (1)                     ; 0           ; 0            ; 0       ; 0         ; 0    ; 0            ; |RISCV_Processor|regFile:RF|reg_N:reg20|dffg:\G_NBit_Reg:26:RegI                                                          ; dffg            ; work         ;
;          |dffg:\G_NBit_Reg:27:RegI|              ; 0 (0)               ; 1 (1)                     ; 0           ; 0            ; 0       ; 0         ; 0    ; 0            ; |RISCV_Processor|regFile:RF|reg_N:reg20|dffg:\G_NBit_Reg:27:RegI                                                          ; dffg            ; work         ;
;          |dffg:\G_NBit_Reg:28:RegI|              ; 0 (0)               ; 1 (1)                     ; 0           ; 0            ; 0       ; 0         ; 0    ; 0            ; |RISCV_Processor|regFile:RF|reg_N:reg20|dffg:\G_NBit_Reg:28:RegI                                                          ; dffg            ; work         ;
;          |dffg:\G_NBit_Reg:29:RegI|              ; 0 (0)               ; 1 (1)                     ; 0           ; 0            ; 0       ; 0         ; 0    ; 0            ; |RISCV_Processor|regFile:RF|reg_N:reg20|dffg:\G_NBit_Reg:29:RegI                                                          ; dffg            ; work         ;
;          |dffg:\G_NBit_Reg:2:RegI|               ; 0 (0)               ; 1 (1)                     ; 0           ; 0            ; 0       ; 0         ; 0    ; 0            ; |RISCV_Processor|regFile:RF|reg_N:reg20|dffg:\G_NBit_Reg:2:RegI                                                           ; dffg            ; work         ;
;          |dffg:\G_NBit_Reg:30:RegI|              ; 0 (0)               ; 1 (1)                     ; 0           ; 0            ; 0       ; 0         ; 0    ; 0            ; |RISCV_Processor|regFile:RF|reg_N:reg20|dffg:\G_NBit_Reg:30:RegI                                                          ; dffg            ; work         ;
;          |dffg:\G_NBit_Reg:31:RegI|              ; 0 (0)               ; 1 (1)                     ; 0           ; 0            ; 0       ; 0         ; 0    ; 0            ; |RISCV_Processor|regFile:RF|reg_N:reg20|dffg:\G_NBit_Reg:31:RegI                                                          ; dffg            ; work         ;
;          |dffg:\G_NBit_Reg:3:RegI|               ; 0 (0)               ; 1 (1)                     ; 0           ; 0            ; 0       ; 0         ; 0    ; 0            ; |RISCV_Processor|regFile:RF|reg_N:reg20|dffg:\G_NBit_Reg:3:RegI                                                           ; dffg            ; work         ;
;          |dffg:\G_NBit_Reg:4:RegI|               ; 0 (0)               ; 1 (1)                     ; 0           ; 0            ; 0       ; 0         ; 0    ; 0            ; |RISCV_Processor|regFile:RF|reg_N:reg20|dffg:\G_NBit_Reg:4:RegI                                                           ; dffg            ; work         ;
;          |dffg:\G_NBit_Reg:5:RegI|               ; 0 (0)               ; 1 (1)                     ; 0           ; 0            ; 0       ; 0         ; 0    ; 0            ; |RISCV_Processor|regFile:RF|reg_N:reg20|dffg:\G_NBit_Reg:5:RegI                                                           ; dffg            ; work         ;
;          |dffg:\G_NBit_Reg:6:RegI|               ; 0 (0)               ; 1 (1)                     ; 0           ; 0            ; 0       ; 0         ; 0    ; 0            ; |RISCV_Processor|regFile:RF|reg_N:reg20|dffg:\G_NBit_Reg:6:RegI                                                           ; dffg            ; work         ;
;          |dffg:\G_NBit_Reg:7:RegI|               ; 0 (0)               ; 1 (1)                     ; 0           ; 0            ; 0       ; 0         ; 0    ; 0            ; |RISCV_Processor|regFile:RF|reg_N:reg20|dffg:\G_NBit_Reg:7:RegI                                                           ; dffg            ; work         ;
;          |dffg:\G_NBit_Reg:8:RegI|               ; 0 (0)               ; 1 (1)                     ; 0           ; 0            ; 0       ; 0         ; 0    ; 0            ; |RISCV_Processor|regFile:RF|reg_N:reg20|dffg:\G_NBit_Reg:8:RegI                                                           ; dffg            ; work         ;
;          |dffg:\G_NBit_Reg:9:RegI|               ; 0 (0)               ; 1 (1)                     ; 0           ; 0            ; 0       ; 0         ; 0    ; 0            ; |RISCV_Processor|regFile:RF|reg_N:reg20|dffg:\G_NBit_Reg:9:RegI                                                           ; dffg            ; work         ;
;       |reg_N:reg21|                              ; 0 (0)               ; 32 (0)                    ; 0           ; 0            ; 0       ; 0         ; 0    ; 0            ; |RISCV_Processor|regFile:RF|reg_N:reg21                                                                                   ; reg_N           ; work         ;
;          |dffg:\G_NBit_Reg:0:RegI|               ; 0 (0)               ; 1 (1)                     ; 0           ; 0            ; 0       ; 0         ; 0    ; 0            ; |RISCV_Processor|regFile:RF|reg_N:reg21|dffg:\G_NBit_Reg:0:RegI                                                           ; dffg            ; work         ;
;          |dffg:\G_NBit_Reg:10:RegI|              ; 0 (0)               ; 1 (1)                     ; 0           ; 0            ; 0       ; 0         ; 0    ; 0            ; |RISCV_Processor|regFile:RF|reg_N:reg21|dffg:\G_NBit_Reg:10:RegI                                                          ; dffg            ; work         ;
;          |dffg:\G_NBit_Reg:11:RegI|              ; 0 (0)               ; 1 (1)                     ; 0           ; 0            ; 0       ; 0         ; 0    ; 0            ; |RISCV_Processor|regFile:RF|reg_N:reg21|dffg:\G_NBit_Reg:11:RegI                                                          ; dffg            ; work         ;
;          |dffg:\G_NBit_Reg:12:RegI|              ; 0 (0)               ; 1 (1)                     ; 0           ; 0            ; 0       ; 0         ; 0    ; 0            ; |RISCV_Processor|regFile:RF|reg_N:reg21|dffg:\G_NBit_Reg:12:RegI                                                          ; dffg            ; work         ;
;          |dffg:\G_NBit_Reg:13:RegI|              ; 0 (0)               ; 1 (1)                     ; 0           ; 0            ; 0       ; 0         ; 0    ; 0            ; |RISCV_Processor|regFile:RF|reg_N:reg21|dffg:\G_NBit_Reg:13:RegI                                                          ; dffg            ; work         ;
;          |dffg:\G_NBit_Reg:14:RegI|              ; 0 (0)               ; 1 (1)                     ; 0           ; 0            ; 0       ; 0         ; 0    ; 0            ; |RISCV_Processor|regFile:RF|reg_N:reg21|dffg:\G_NBit_Reg:14:RegI                                                          ; dffg            ; work         ;
;          |dffg:\G_NBit_Reg:15:RegI|              ; 0 (0)               ; 1 (1)                     ; 0           ; 0            ; 0       ; 0         ; 0    ; 0            ; |RISCV_Processor|regFile:RF|reg_N:reg21|dffg:\G_NBit_Reg:15:RegI                                                          ; dffg            ; work         ;
;          |dffg:\G_NBit_Reg:16:RegI|              ; 0 (0)               ; 1 (1)                     ; 0           ; 0            ; 0       ; 0         ; 0    ; 0            ; |RISCV_Processor|regFile:RF|reg_N:reg21|dffg:\G_NBit_Reg:16:RegI                                                          ; dffg            ; work         ;
;          |dffg:\G_NBit_Reg:17:RegI|              ; 0 (0)               ; 1 (1)                     ; 0           ; 0            ; 0       ; 0         ; 0    ; 0            ; |RISCV_Processor|regFile:RF|reg_N:reg21|dffg:\G_NBit_Reg:17:RegI                                                          ; dffg            ; work         ;
;          |dffg:\G_NBit_Reg:18:RegI|              ; 0 (0)               ; 1 (1)                     ; 0           ; 0            ; 0       ; 0         ; 0    ; 0            ; |RISCV_Processor|regFile:RF|reg_N:reg21|dffg:\G_NBit_Reg:18:RegI                                                          ; dffg            ; work         ;
;          |dffg:\G_NBit_Reg:19:RegI|              ; 0 (0)               ; 1 (1)                     ; 0           ; 0            ; 0       ; 0         ; 0    ; 0            ; |RISCV_Processor|regFile:RF|reg_N:reg21|dffg:\G_NBit_Reg:19:RegI                                                          ; dffg            ; work         ;
;          |dffg:\G_NBit_Reg:1:RegI|               ; 0 (0)               ; 1 (1)                     ; 0           ; 0            ; 0       ; 0         ; 0    ; 0            ; |RISCV_Processor|regFile:RF|reg_N:reg21|dffg:\G_NBit_Reg:1:RegI                                                           ; dffg            ; work         ;
;          |dffg:\G_NBit_Reg:20:RegI|              ; 0 (0)               ; 1 (1)                     ; 0           ; 0            ; 0       ; 0         ; 0    ; 0            ; |RISCV_Processor|regFile:RF|reg_N:reg21|dffg:\G_NBit_Reg:20:RegI                                                          ; dffg            ; work         ;
;          |dffg:\G_NBit_Reg:21:RegI|              ; 0 (0)               ; 1 (1)                     ; 0           ; 0            ; 0       ; 0         ; 0    ; 0            ; |RISCV_Processor|regFile:RF|reg_N:reg21|dffg:\G_NBit_Reg:21:RegI                                                          ; dffg            ; work         ;
;          |dffg:\G_NBit_Reg:22:RegI|              ; 0 (0)               ; 1 (1)                     ; 0           ; 0            ; 0       ; 0         ; 0    ; 0            ; |RISCV_Processor|regFile:RF|reg_N:reg21|dffg:\G_NBit_Reg:22:RegI                                                          ; dffg            ; work         ;
;          |dffg:\G_NBit_Reg:23:RegI|              ; 0 (0)               ; 1 (1)                     ; 0           ; 0            ; 0       ; 0         ; 0    ; 0            ; |RISCV_Processor|regFile:RF|reg_N:reg21|dffg:\G_NBit_Reg:23:RegI                                                          ; dffg            ; work         ;
;          |dffg:\G_NBit_Reg:24:RegI|              ; 0 (0)               ; 1 (1)                     ; 0           ; 0            ; 0       ; 0         ; 0    ; 0            ; |RISCV_Processor|regFile:RF|reg_N:reg21|dffg:\G_NBit_Reg:24:RegI                                                          ; dffg            ; work         ;
;          |dffg:\G_NBit_Reg:25:RegI|              ; 0 (0)               ; 1 (1)                     ; 0           ; 0            ; 0       ; 0         ; 0    ; 0            ; |RISCV_Processor|regFile:RF|reg_N:reg21|dffg:\G_NBit_Reg:25:RegI                                                          ; dffg            ; work         ;
;          |dffg:\G_NBit_Reg:26:RegI|              ; 0 (0)               ; 1 (1)                     ; 0           ; 0            ; 0       ; 0         ; 0    ; 0            ; |RISCV_Processor|regFile:RF|reg_N:reg21|dffg:\G_NBit_Reg:26:RegI                                                          ; dffg            ; work         ;
;          |dffg:\G_NBit_Reg:27:RegI|              ; 0 (0)               ; 1 (1)                     ; 0           ; 0            ; 0       ; 0         ; 0    ; 0            ; |RISCV_Processor|regFile:RF|reg_N:reg21|dffg:\G_NBit_Reg:27:RegI                                                          ; dffg            ; work         ;
;          |dffg:\G_NBit_Reg:28:RegI|              ; 0 (0)               ; 1 (1)                     ; 0           ; 0            ; 0       ; 0         ; 0    ; 0            ; |RISCV_Processor|regFile:RF|reg_N:reg21|dffg:\G_NBit_Reg:28:RegI                                                          ; dffg            ; work         ;
;          |dffg:\G_NBit_Reg:29:RegI|              ; 0 (0)               ; 1 (1)                     ; 0           ; 0            ; 0       ; 0         ; 0    ; 0            ; |RISCV_Processor|regFile:RF|reg_N:reg21|dffg:\G_NBit_Reg:29:RegI                                                          ; dffg            ; work         ;
;          |dffg:\G_NBit_Reg:2:RegI|               ; 0 (0)               ; 1 (1)                     ; 0           ; 0            ; 0       ; 0         ; 0    ; 0            ; |RISCV_Processor|regFile:RF|reg_N:reg21|dffg:\G_NBit_Reg:2:RegI                                                           ; dffg            ; work         ;
;          |dffg:\G_NBit_Reg:30:RegI|              ; 0 (0)               ; 1 (1)                     ; 0           ; 0            ; 0       ; 0         ; 0    ; 0            ; |RISCV_Processor|regFile:RF|reg_N:reg21|dffg:\G_NBit_Reg:30:RegI                                                          ; dffg            ; work         ;
;          |dffg:\G_NBit_Reg:31:RegI|              ; 0 (0)               ; 1 (1)                     ; 0           ; 0            ; 0       ; 0         ; 0    ; 0            ; |RISCV_Processor|regFile:RF|reg_N:reg21|dffg:\G_NBit_Reg:31:RegI                                                          ; dffg            ; work         ;
;          |dffg:\G_NBit_Reg:3:RegI|               ; 0 (0)               ; 1 (1)                     ; 0           ; 0            ; 0       ; 0         ; 0    ; 0            ; |RISCV_Processor|regFile:RF|reg_N:reg21|dffg:\G_NBit_Reg:3:RegI                                                           ; dffg            ; work         ;
;          |dffg:\G_NBit_Reg:4:RegI|               ; 0 (0)               ; 1 (1)                     ; 0           ; 0            ; 0       ; 0         ; 0    ; 0            ; |RISCV_Processor|regFile:RF|reg_N:reg21|dffg:\G_NBit_Reg:4:RegI                                                           ; dffg            ; work         ;
;          |dffg:\G_NBit_Reg:5:RegI|               ; 0 (0)               ; 1 (1)                     ; 0           ; 0            ; 0       ; 0         ; 0    ; 0            ; |RISCV_Processor|regFile:RF|reg_N:reg21|dffg:\G_NBit_Reg:5:RegI                                                           ; dffg            ; work         ;
;          |dffg:\G_NBit_Reg:6:RegI|               ; 0 (0)               ; 1 (1)                     ; 0           ; 0            ; 0       ; 0         ; 0    ; 0            ; |RISCV_Processor|regFile:RF|reg_N:reg21|dffg:\G_NBit_Reg:6:RegI                                                           ; dffg            ; work         ;
;          |dffg:\G_NBit_Reg:7:RegI|               ; 0 (0)               ; 1 (1)                     ; 0           ; 0            ; 0       ; 0         ; 0    ; 0            ; |RISCV_Processor|regFile:RF|reg_N:reg21|dffg:\G_NBit_Reg:7:RegI                                                           ; dffg            ; work         ;
;          |dffg:\G_NBit_Reg:8:RegI|               ; 0 (0)               ; 1 (1)                     ; 0           ; 0            ; 0       ; 0         ; 0    ; 0            ; |RISCV_Processor|regFile:RF|reg_N:reg21|dffg:\G_NBit_Reg:8:RegI                                                           ; dffg            ; work         ;
;          |dffg:\G_NBit_Reg:9:RegI|               ; 0 (0)               ; 1 (1)                     ; 0           ; 0            ; 0       ; 0         ; 0    ; 0            ; |RISCV_Processor|regFile:RF|reg_N:reg21|dffg:\G_NBit_Reg:9:RegI                                                           ; dffg            ; work         ;
;       |reg_N:reg22|                              ; 0 (0)               ; 32 (0)                    ; 0           ; 0            ; 0       ; 0         ; 0    ; 0            ; |RISCV_Processor|regFile:RF|reg_N:reg22                                                                                   ; reg_N           ; work         ;
;          |dffg:\G_NBit_Reg:0:RegI|               ; 0 (0)               ; 1 (1)                     ; 0           ; 0            ; 0       ; 0         ; 0    ; 0            ; |RISCV_Processor|regFile:RF|reg_N:reg22|dffg:\G_NBit_Reg:0:RegI                                                           ; dffg            ; work         ;
;          |dffg:\G_NBit_Reg:10:RegI|              ; 0 (0)               ; 1 (1)                     ; 0           ; 0            ; 0       ; 0         ; 0    ; 0            ; |RISCV_Processor|regFile:RF|reg_N:reg22|dffg:\G_NBit_Reg:10:RegI                                                          ; dffg            ; work         ;
;          |dffg:\G_NBit_Reg:11:RegI|              ; 0 (0)               ; 1 (1)                     ; 0           ; 0            ; 0       ; 0         ; 0    ; 0            ; |RISCV_Processor|regFile:RF|reg_N:reg22|dffg:\G_NBit_Reg:11:RegI                                                          ; dffg            ; work         ;
;          |dffg:\G_NBit_Reg:12:RegI|              ; 0 (0)               ; 1 (1)                     ; 0           ; 0            ; 0       ; 0         ; 0    ; 0            ; |RISCV_Processor|regFile:RF|reg_N:reg22|dffg:\G_NBit_Reg:12:RegI                                                          ; dffg            ; work         ;
;          |dffg:\G_NBit_Reg:13:RegI|              ; 0 (0)               ; 1 (1)                     ; 0           ; 0            ; 0       ; 0         ; 0    ; 0            ; |RISCV_Processor|regFile:RF|reg_N:reg22|dffg:\G_NBit_Reg:13:RegI                                                          ; dffg            ; work         ;
;          |dffg:\G_NBit_Reg:14:RegI|              ; 0 (0)               ; 1 (1)                     ; 0           ; 0            ; 0       ; 0         ; 0    ; 0            ; |RISCV_Processor|regFile:RF|reg_N:reg22|dffg:\G_NBit_Reg:14:RegI                                                          ; dffg            ; work         ;
;          |dffg:\G_NBit_Reg:15:RegI|              ; 0 (0)               ; 1 (1)                     ; 0           ; 0            ; 0       ; 0         ; 0    ; 0            ; |RISCV_Processor|regFile:RF|reg_N:reg22|dffg:\G_NBit_Reg:15:RegI                                                          ; dffg            ; work         ;
;          |dffg:\G_NBit_Reg:16:RegI|              ; 0 (0)               ; 1 (1)                     ; 0           ; 0            ; 0       ; 0         ; 0    ; 0            ; |RISCV_Processor|regFile:RF|reg_N:reg22|dffg:\G_NBit_Reg:16:RegI                                                          ; dffg            ; work         ;
;          |dffg:\G_NBit_Reg:17:RegI|              ; 0 (0)               ; 1 (1)                     ; 0           ; 0            ; 0       ; 0         ; 0    ; 0            ; |RISCV_Processor|regFile:RF|reg_N:reg22|dffg:\G_NBit_Reg:17:RegI                                                          ; dffg            ; work         ;
;          |dffg:\G_NBit_Reg:18:RegI|              ; 0 (0)               ; 1 (1)                     ; 0           ; 0            ; 0       ; 0         ; 0    ; 0            ; |RISCV_Processor|regFile:RF|reg_N:reg22|dffg:\G_NBit_Reg:18:RegI                                                          ; dffg            ; work         ;
;          |dffg:\G_NBit_Reg:19:RegI|              ; 0 (0)               ; 1 (1)                     ; 0           ; 0            ; 0       ; 0         ; 0    ; 0            ; |RISCV_Processor|regFile:RF|reg_N:reg22|dffg:\G_NBit_Reg:19:RegI                                                          ; dffg            ; work         ;
;          |dffg:\G_NBit_Reg:1:RegI|               ; 0 (0)               ; 1 (1)                     ; 0           ; 0            ; 0       ; 0         ; 0    ; 0            ; |RISCV_Processor|regFile:RF|reg_N:reg22|dffg:\G_NBit_Reg:1:RegI                                                           ; dffg            ; work         ;
;          |dffg:\G_NBit_Reg:20:RegI|              ; 0 (0)               ; 1 (1)                     ; 0           ; 0            ; 0       ; 0         ; 0    ; 0            ; |RISCV_Processor|regFile:RF|reg_N:reg22|dffg:\G_NBit_Reg:20:RegI                                                          ; dffg            ; work         ;
;          |dffg:\G_NBit_Reg:21:RegI|              ; 0 (0)               ; 1 (1)                     ; 0           ; 0            ; 0       ; 0         ; 0    ; 0            ; |RISCV_Processor|regFile:RF|reg_N:reg22|dffg:\G_NBit_Reg:21:RegI                                                          ; dffg            ; work         ;
;          |dffg:\G_NBit_Reg:22:RegI|              ; 0 (0)               ; 1 (1)                     ; 0           ; 0            ; 0       ; 0         ; 0    ; 0            ; |RISCV_Processor|regFile:RF|reg_N:reg22|dffg:\G_NBit_Reg:22:RegI                                                          ; dffg            ; work         ;
;          |dffg:\G_NBit_Reg:23:RegI|              ; 0 (0)               ; 1 (1)                     ; 0           ; 0            ; 0       ; 0         ; 0    ; 0            ; |RISCV_Processor|regFile:RF|reg_N:reg22|dffg:\G_NBit_Reg:23:RegI                                                          ; dffg            ; work         ;
;          |dffg:\G_NBit_Reg:24:RegI|              ; 0 (0)               ; 1 (1)                     ; 0           ; 0            ; 0       ; 0         ; 0    ; 0            ; |RISCV_Processor|regFile:RF|reg_N:reg22|dffg:\G_NBit_Reg:24:RegI                                                          ; dffg            ; work         ;
;          |dffg:\G_NBit_Reg:25:RegI|              ; 0 (0)               ; 1 (1)                     ; 0           ; 0            ; 0       ; 0         ; 0    ; 0            ; |RISCV_Processor|regFile:RF|reg_N:reg22|dffg:\G_NBit_Reg:25:RegI                                                          ; dffg            ; work         ;
;          |dffg:\G_NBit_Reg:26:RegI|              ; 0 (0)               ; 1 (1)                     ; 0           ; 0            ; 0       ; 0         ; 0    ; 0            ; |RISCV_Processor|regFile:RF|reg_N:reg22|dffg:\G_NBit_Reg:26:RegI                                                          ; dffg            ; work         ;
;          |dffg:\G_NBit_Reg:27:RegI|              ; 0 (0)               ; 1 (1)                     ; 0           ; 0            ; 0       ; 0         ; 0    ; 0            ; |RISCV_Processor|regFile:RF|reg_N:reg22|dffg:\G_NBit_Reg:27:RegI                                                          ; dffg            ; work         ;
;          |dffg:\G_NBit_Reg:28:RegI|              ; 0 (0)               ; 1 (1)                     ; 0           ; 0            ; 0       ; 0         ; 0    ; 0            ; |RISCV_Processor|regFile:RF|reg_N:reg22|dffg:\G_NBit_Reg:28:RegI                                                          ; dffg            ; work         ;
;          |dffg:\G_NBit_Reg:29:RegI|              ; 0 (0)               ; 1 (1)                     ; 0           ; 0            ; 0       ; 0         ; 0    ; 0            ; |RISCV_Processor|regFile:RF|reg_N:reg22|dffg:\G_NBit_Reg:29:RegI                                                          ; dffg            ; work         ;
;          |dffg:\G_NBit_Reg:2:RegI|               ; 0 (0)               ; 1 (1)                     ; 0           ; 0            ; 0       ; 0         ; 0    ; 0            ; |RISCV_Processor|regFile:RF|reg_N:reg22|dffg:\G_NBit_Reg:2:RegI                                                           ; dffg            ; work         ;
;          |dffg:\G_NBit_Reg:30:RegI|              ; 0 (0)               ; 1 (1)                     ; 0           ; 0            ; 0       ; 0         ; 0    ; 0            ; |RISCV_Processor|regFile:RF|reg_N:reg22|dffg:\G_NBit_Reg:30:RegI                                                          ; dffg            ; work         ;
;          |dffg:\G_NBit_Reg:31:RegI|              ; 0 (0)               ; 1 (1)                     ; 0           ; 0            ; 0       ; 0         ; 0    ; 0            ; |RISCV_Processor|regFile:RF|reg_N:reg22|dffg:\G_NBit_Reg:31:RegI                                                          ; dffg            ; work         ;
;          |dffg:\G_NBit_Reg:3:RegI|               ; 0 (0)               ; 1 (1)                     ; 0           ; 0            ; 0       ; 0         ; 0    ; 0            ; |RISCV_Processor|regFile:RF|reg_N:reg22|dffg:\G_NBit_Reg:3:RegI                                                           ; dffg            ; work         ;
;          |dffg:\G_NBit_Reg:4:RegI|               ; 0 (0)               ; 1 (1)                     ; 0           ; 0            ; 0       ; 0         ; 0    ; 0            ; |RISCV_Processor|regFile:RF|reg_N:reg22|dffg:\G_NBit_Reg:4:RegI                                                           ; dffg            ; work         ;
;          |dffg:\G_NBit_Reg:5:RegI|               ; 0 (0)               ; 1 (1)                     ; 0           ; 0            ; 0       ; 0         ; 0    ; 0            ; |RISCV_Processor|regFile:RF|reg_N:reg22|dffg:\G_NBit_Reg:5:RegI                                                           ; dffg            ; work         ;
;          |dffg:\G_NBit_Reg:6:RegI|               ; 0 (0)               ; 1 (1)                     ; 0           ; 0            ; 0       ; 0         ; 0    ; 0            ; |RISCV_Processor|regFile:RF|reg_N:reg22|dffg:\G_NBit_Reg:6:RegI                                                           ; dffg            ; work         ;
;          |dffg:\G_NBit_Reg:7:RegI|               ; 0 (0)               ; 1 (1)                     ; 0           ; 0            ; 0       ; 0         ; 0    ; 0            ; |RISCV_Processor|regFile:RF|reg_N:reg22|dffg:\G_NBit_Reg:7:RegI                                                           ; dffg            ; work         ;
;          |dffg:\G_NBit_Reg:8:RegI|               ; 0 (0)               ; 1 (1)                     ; 0           ; 0            ; 0       ; 0         ; 0    ; 0            ; |RISCV_Processor|regFile:RF|reg_N:reg22|dffg:\G_NBit_Reg:8:RegI                                                           ; dffg            ; work         ;
;          |dffg:\G_NBit_Reg:9:RegI|               ; 0 (0)               ; 1 (1)                     ; 0           ; 0            ; 0       ; 0         ; 0    ; 0            ; |RISCV_Processor|regFile:RF|reg_N:reg22|dffg:\G_NBit_Reg:9:RegI                                                           ; dffg            ; work         ;
;       |reg_N:reg23|                              ; 0 (0)               ; 32 (0)                    ; 0           ; 0            ; 0       ; 0         ; 0    ; 0            ; |RISCV_Processor|regFile:RF|reg_N:reg23                                                                                   ; reg_N           ; work         ;
;          |dffg:\G_NBit_Reg:0:RegI|               ; 0 (0)               ; 1 (1)                     ; 0           ; 0            ; 0       ; 0         ; 0    ; 0            ; |RISCV_Processor|regFile:RF|reg_N:reg23|dffg:\G_NBit_Reg:0:RegI                                                           ; dffg            ; work         ;
;          |dffg:\G_NBit_Reg:10:RegI|              ; 0 (0)               ; 1 (1)                     ; 0           ; 0            ; 0       ; 0         ; 0    ; 0            ; |RISCV_Processor|regFile:RF|reg_N:reg23|dffg:\G_NBit_Reg:10:RegI                                                          ; dffg            ; work         ;
;          |dffg:\G_NBit_Reg:11:RegI|              ; 0 (0)               ; 1 (1)                     ; 0           ; 0            ; 0       ; 0         ; 0    ; 0            ; |RISCV_Processor|regFile:RF|reg_N:reg23|dffg:\G_NBit_Reg:11:RegI                                                          ; dffg            ; work         ;
;          |dffg:\G_NBit_Reg:12:RegI|              ; 0 (0)               ; 1 (1)                     ; 0           ; 0            ; 0       ; 0         ; 0    ; 0            ; |RISCV_Processor|regFile:RF|reg_N:reg23|dffg:\G_NBit_Reg:12:RegI                                                          ; dffg            ; work         ;
;          |dffg:\G_NBit_Reg:13:RegI|              ; 0 (0)               ; 1 (1)                     ; 0           ; 0            ; 0       ; 0         ; 0    ; 0            ; |RISCV_Processor|regFile:RF|reg_N:reg23|dffg:\G_NBit_Reg:13:RegI                                                          ; dffg            ; work         ;
;          |dffg:\G_NBit_Reg:14:RegI|              ; 0 (0)               ; 1 (1)                     ; 0           ; 0            ; 0       ; 0         ; 0    ; 0            ; |RISCV_Processor|regFile:RF|reg_N:reg23|dffg:\G_NBit_Reg:14:RegI                                                          ; dffg            ; work         ;
;          |dffg:\G_NBit_Reg:15:RegI|              ; 0 (0)               ; 1 (1)                     ; 0           ; 0            ; 0       ; 0         ; 0    ; 0            ; |RISCV_Processor|regFile:RF|reg_N:reg23|dffg:\G_NBit_Reg:15:RegI                                                          ; dffg            ; work         ;
;          |dffg:\G_NBit_Reg:16:RegI|              ; 0 (0)               ; 1 (1)                     ; 0           ; 0            ; 0       ; 0         ; 0    ; 0            ; |RISCV_Processor|regFile:RF|reg_N:reg23|dffg:\G_NBit_Reg:16:RegI                                                          ; dffg            ; work         ;
;          |dffg:\G_NBit_Reg:17:RegI|              ; 0 (0)               ; 1 (1)                     ; 0           ; 0            ; 0       ; 0         ; 0    ; 0            ; |RISCV_Processor|regFile:RF|reg_N:reg23|dffg:\G_NBit_Reg:17:RegI                                                          ; dffg            ; work         ;
;          |dffg:\G_NBit_Reg:18:RegI|              ; 0 (0)               ; 1 (1)                     ; 0           ; 0            ; 0       ; 0         ; 0    ; 0            ; |RISCV_Processor|regFile:RF|reg_N:reg23|dffg:\G_NBit_Reg:18:RegI                                                          ; dffg            ; work         ;
;          |dffg:\G_NBit_Reg:19:RegI|              ; 0 (0)               ; 1 (1)                     ; 0           ; 0            ; 0       ; 0         ; 0    ; 0            ; |RISCV_Processor|regFile:RF|reg_N:reg23|dffg:\G_NBit_Reg:19:RegI                                                          ; dffg            ; work         ;
;          |dffg:\G_NBit_Reg:1:RegI|               ; 0 (0)               ; 1 (1)                     ; 0           ; 0            ; 0       ; 0         ; 0    ; 0            ; |RISCV_Processor|regFile:RF|reg_N:reg23|dffg:\G_NBit_Reg:1:RegI                                                           ; dffg            ; work         ;
;          |dffg:\G_NBit_Reg:20:RegI|              ; 0 (0)               ; 1 (1)                     ; 0           ; 0            ; 0       ; 0         ; 0    ; 0            ; |RISCV_Processor|regFile:RF|reg_N:reg23|dffg:\G_NBit_Reg:20:RegI                                                          ; dffg            ; work         ;
;          |dffg:\G_NBit_Reg:21:RegI|              ; 0 (0)               ; 1 (1)                     ; 0           ; 0            ; 0       ; 0         ; 0    ; 0            ; |RISCV_Processor|regFile:RF|reg_N:reg23|dffg:\G_NBit_Reg:21:RegI                                                          ; dffg            ; work         ;
;          |dffg:\G_NBit_Reg:22:RegI|              ; 0 (0)               ; 1 (1)                     ; 0           ; 0            ; 0       ; 0         ; 0    ; 0            ; |RISCV_Processor|regFile:RF|reg_N:reg23|dffg:\G_NBit_Reg:22:RegI                                                          ; dffg            ; work         ;
;          |dffg:\G_NBit_Reg:23:RegI|              ; 0 (0)               ; 1 (1)                     ; 0           ; 0            ; 0       ; 0         ; 0    ; 0            ; |RISCV_Processor|regFile:RF|reg_N:reg23|dffg:\G_NBit_Reg:23:RegI                                                          ; dffg            ; work         ;
;          |dffg:\G_NBit_Reg:24:RegI|              ; 0 (0)               ; 1 (1)                     ; 0           ; 0            ; 0       ; 0         ; 0    ; 0            ; |RISCV_Processor|regFile:RF|reg_N:reg23|dffg:\G_NBit_Reg:24:RegI                                                          ; dffg            ; work         ;
;          |dffg:\G_NBit_Reg:25:RegI|              ; 0 (0)               ; 1 (1)                     ; 0           ; 0            ; 0       ; 0         ; 0    ; 0            ; |RISCV_Processor|regFile:RF|reg_N:reg23|dffg:\G_NBit_Reg:25:RegI                                                          ; dffg            ; work         ;
;          |dffg:\G_NBit_Reg:26:RegI|              ; 0 (0)               ; 1 (1)                     ; 0           ; 0            ; 0       ; 0         ; 0    ; 0            ; |RISCV_Processor|regFile:RF|reg_N:reg23|dffg:\G_NBit_Reg:26:RegI                                                          ; dffg            ; work         ;
;          |dffg:\G_NBit_Reg:27:RegI|              ; 0 (0)               ; 1 (1)                     ; 0           ; 0            ; 0       ; 0         ; 0    ; 0            ; |RISCV_Processor|regFile:RF|reg_N:reg23|dffg:\G_NBit_Reg:27:RegI                                                          ; dffg            ; work         ;
;          |dffg:\G_NBit_Reg:28:RegI|              ; 0 (0)               ; 1 (1)                     ; 0           ; 0            ; 0       ; 0         ; 0    ; 0            ; |RISCV_Processor|regFile:RF|reg_N:reg23|dffg:\G_NBit_Reg:28:RegI                                                          ; dffg            ; work         ;
;          |dffg:\G_NBit_Reg:29:RegI|              ; 0 (0)               ; 1 (1)                     ; 0           ; 0            ; 0       ; 0         ; 0    ; 0            ; |RISCV_Processor|regFile:RF|reg_N:reg23|dffg:\G_NBit_Reg:29:RegI                                                          ; dffg            ; work         ;
;          |dffg:\G_NBit_Reg:2:RegI|               ; 0 (0)               ; 1 (1)                     ; 0           ; 0            ; 0       ; 0         ; 0    ; 0            ; |RISCV_Processor|regFile:RF|reg_N:reg23|dffg:\G_NBit_Reg:2:RegI                                                           ; dffg            ; work         ;
;          |dffg:\G_NBit_Reg:30:RegI|              ; 0 (0)               ; 1 (1)                     ; 0           ; 0            ; 0       ; 0         ; 0    ; 0            ; |RISCV_Processor|regFile:RF|reg_N:reg23|dffg:\G_NBit_Reg:30:RegI                                                          ; dffg            ; work         ;
;          |dffg:\G_NBit_Reg:31:RegI|              ; 0 (0)               ; 1 (1)                     ; 0           ; 0            ; 0       ; 0         ; 0    ; 0            ; |RISCV_Processor|regFile:RF|reg_N:reg23|dffg:\G_NBit_Reg:31:RegI                                                          ; dffg            ; work         ;
;          |dffg:\G_NBit_Reg:3:RegI|               ; 0 (0)               ; 1 (1)                     ; 0           ; 0            ; 0       ; 0         ; 0    ; 0            ; |RISCV_Processor|regFile:RF|reg_N:reg23|dffg:\G_NBit_Reg:3:RegI                                                           ; dffg            ; work         ;
;          |dffg:\G_NBit_Reg:4:RegI|               ; 0 (0)               ; 1 (1)                     ; 0           ; 0            ; 0       ; 0         ; 0    ; 0            ; |RISCV_Processor|regFile:RF|reg_N:reg23|dffg:\G_NBit_Reg:4:RegI                                                           ; dffg            ; work         ;
;          |dffg:\G_NBit_Reg:5:RegI|               ; 0 (0)               ; 1 (1)                     ; 0           ; 0            ; 0       ; 0         ; 0    ; 0            ; |RISCV_Processor|regFile:RF|reg_N:reg23|dffg:\G_NBit_Reg:5:RegI                                                           ; dffg            ; work         ;
;          |dffg:\G_NBit_Reg:6:RegI|               ; 0 (0)               ; 1 (1)                     ; 0           ; 0            ; 0       ; 0         ; 0    ; 0            ; |RISCV_Processor|regFile:RF|reg_N:reg23|dffg:\G_NBit_Reg:6:RegI                                                           ; dffg            ; work         ;
;          |dffg:\G_NBit_Reg:7:RegI|               ; 0 (0)               ; 1 (1)                     ; 0           ; 0            ; 0       ; 0         ; 0    ; 0            ; |RISCV_Processor|regFile:RF|reg_N:reg23|dffg:\G_NBit_Reg:7:RegI                                                           ; dffg            ; work         ;
;          |dffg:\G_NBit_Reg:8:RegI|               ; 0 (0)               ; 1 (1)                     ; 0           ; 0            ; 0       ; 0         ; 0    ; 0            ; |RISCV_Processor|regFile:RF|reg_N:reg23|dffg:\G_NBit_Reg:8:RegI                                                           ; dffg            ; work         ;
;          |dffg:\G_NBit_Reg:9:RegI|               ; 0 (0)               ; 1 (1)                     ; 0           ; 0            ; 0       ; 0         ; 0    ; 0            ; |RISCV_Processor|regFile:RF|reg_N:reg23|dffg:\G_NBit_Reg:9:RegI                                                           ; dffg            ; work         ;
;       |reg_N:reg24|                              ; 0 (0)               ; 32 (0)                    ; 0           ; 0            ; 0       ; 0         ; 0    ; 0            ; |RISCV_Processor|regFile:RF|reg_N:reg24                                                                                   ; reg_N           ; work         ;
;          |dffg:\G_NBit_Reg:0:RegI|               ; 0 (0)               ; 1 (1)                     ; 0           ; 0            ; 0       ; 0         ; 0    ; 0            ; |RISCV_Processor|regFile:RF|reg_N:reg24|dffg:\G_NBit_Reg:0:RegI                                                           ; dffg            ; work         ;
;          |dffg:\G_NBit_Reg:10:RegI|              ; 0 (0)               ; 1 (1)                     ; 0           ; 0            ; 0       ; 0         ; 0    ; 0            ; |RISCV_Processor|regFile:RF|reg_N:reg24|dffg:\G_NBit_Reg:10:RegI                                                          ; dffg            ; work         ;
;          |dffg:\G_NBit_Reg:11:RegI|              ; 0 (0)               ; 1 (1)                     ; 0           ; 0            ; 0       ; 0         ; 0    ; 0            ; |RISCV_Processor|regFile:RF|reg_N:reg24|dffg:\G_NBit_Reg:11:RegI                                                          ; dffg            ; work         ;
;          |dffg:\G_NBit_Reg:12:RegI|              ; 0 (0)               ; 1 (1)                     ; 0           ; 0            ; 0       ; 0         ; 0    ; 0            ; |RISCV_Processor|regFile:RF|reg_N:reg24|dffg:\G_NBit_Reg:12:RegI                                                          ; dffg            ; work         ;
;          |dffg:\G_NBit_Reg:13:RegI|              ; 0 (0)               ; 1 (1)                     ; 0           ; 0            ; 0       ; 0         ; 0    ; 0            ; |RISCV_Processor|regFile:RF|reg_N:reg24|dffg:\G_NBit_Reg:13:RegI                                                          ; dffg            ; work         ;
;          |dffg:\G_NBit_Reg:14:RegI|              ; 0 (0)               ; 1 (1)                     ; 0           ; 0            ; 0       ; 0         ; 0    ; 0            ; |RISCV_Processor|regFile:RF|reg_N:reg24|dffg:\G_NBit_Reg:14:RegI                                                          ; dffg            ; work         ;
;          |dffg:\G_NBit_Reg:15:RegI|              ; 0 (0)               ; 1 (1)                     ; 0           ; 0            ; 0       ; 0         ; 0    ; 0            ; |RISCV_Processor|regFile:RF|reg_N:reg24|dffg:\G_NBit_Reg:15:RegI                                                          ; dffg            ; work         ;
;          |dffg:\G_NBit_Reg:16:RegI|              ; 0 (0)               ; 1 (1)                     ; 0           ; 0            ; 0       ; 0         ; 0    ; 0            ; |RISCV_Processor|regFile:RF|reg_N:reg24|dffg:\G_NBit_Reg:16:RegI                                                          ; dffg            ; work         ;
;          |dffg:\G_NBit_Reg:17:RegI|              ; 0 (0)               ; 1 (1)                     ; 0           ; 0            ; 0       ; 0         ; 0    ; 0            ; |RISCV_Processor|regFile:RF|reg_N:reg24|dffg:\G_NBit_Reg:17:RegI                                                          ; dffg            ; work         ;
;          |dffg:\G_NBit_Reg:18:RegI|              ; 0 (0)               ; 1 (1)                     ; 0           ; 0            ; 0       ; 0         ; 0    ; 0            ; |RISCV_Processor|regFile:RF|reg_N:reg24|dffg:\G_NBit_Reg:18:RegI                                                          ; dffg            ; work         ;
;          |dffg:\G_NBit_Reg:19:RegI|              ; 0 (0)               ; 1 (1)                     ; 0           ; 0            ; 0       ; 0         ; 0    ; 0            ; |RISCV_Processor|regFile:RF|reg_N:reg24|dffg:\G_NBit_Reg:19:RegI                                                          ; dffg            ; work         ;
;          |dffg:\G_NBit_Reg:1:RegI|               ; 0 (0)               ; 1 (1)                     ; 0           ; 0            ; 0       ; 0         ; 0    ; 0            ; |RISCV_Processor|regFile:RF|reg_N:reg24|dffg:\G_NBit_Reg:1:RegI                                                           ; dffg            ; work         ;
;          |dffg:\G_NBit_Reg:20:RegI|              ; 0 (0)               ; 1 (1)                     ; 0           ; 0            ; 0       ; 0         ; 0    ; 0            ; |RISCV_Processor|regFile:RF|reg_N:reg24|dffg:\G_NBit_Reg:20:RegI                                                          ; dffg            ; work         ;
;          |dffg:\G_NBit_Reg:21:RegI|              ; 0 (0)               ; 1 (1)                     ; 0           ; 0            ; 0       ; 0         ; 0    ; 0            ; |RISCV_Processor|regFile:RF|reg_N:reg24|dffg:\G_NBit_Reg:21:RegI                                                          ; dffg            ; work         ;
;          |dffg:\G_NBit_Reg:22:RegI|              ; 0 (0)               ; 1 (1)                     ; 0           ; 0            ; 0       ; 0         ; 0    ; 0            ; |RISCV_Processor|regFile:RF|reg_N:reg24|dffg:\G_NBit_Reg:22:RegI                                                          ; dffg            ; work         ;
;          |dffg:\G_NBit_Reg:23:RegI|              ; 0 (0)               ; 1 (1)                     ; 0           ; 0            ; 0       ; 0         ; 0    ; 0            ; |RISCV_Processor|regFile:RF|reg_N:reg24|dffg:\G_NBit_Reg:23:RegI                                                          ; dffg            ; work         ;
;          |dffg:\G_NBit_Reg:24:RegI|              ; 0 (0)               ; 1 (1)                     ; 0           ; 0            ; 0       ; 0         ; 0    ; 0            ; |RISCV_Processor|regFile:RF|reg_N:reg24|dffg:\G_NBit_Reg:24:RegI                                                          ; dffg            ; work         ;
;          |dffg:\G_NBit_Reg:25:RegI|              ; 0 (0)               ; 1 (1)                     ; 0           ; 0            ; 0       ; 0         ; 0    ; 0            ; |RISCV_Processor|regFile:RF|reg_N:reg24|dffg:\G_NBit_Reg:25:RegI                                                          ; dffg            ; work         ;
;          |dffg:\G_NBit_Reg:26:RegI|              ; 0 (0)               ; 1 (1)                     ; 0           ; 0            ; 0       ; 0         ; 0    ; 0            ; |RISCV_Processor|regFile:RF|reg_N:reg24|dffg:\G_NBit_Reg:26:RegI                                                          ; dffg            ; work         ;
;          |dffg:\G_NBit_Reg:27:RegI|              ; 0 (0)               ; 1 (1)                     ; 0           ; 0            ; 0       ; 0         ; 0    ; 0            ; |RISCV_Processor|regFile:RF|reg_N:reg24|dffg:\G_NBit_Reg:27:RegI                                                          ; dffg            ; work         ;
;          |dffg:\G_NBit_Reg:28:RegI|              ; 0 (0)               ; 1 (1)                     ; 0           ; 0            ; 0       ; 0         ; 0    ; 0            ; |RISCV_Processor|regFile:RF|reg_N:reg24|dffg:\G_NBit_Reg:28:RegI                                                          ; dffg            ; work         ;
;          |dffg:\G_NBit_Reg:29:RegI|              ; 0 (0)               ; 1 (1)                     ; 0           ; 0            ; 0       ; 0         ; 0    ; 0            ; |RISCV_Processor|regFile:RF|reg_N:reg24|dffg:\G_NBit_Reg:29:RegI                                                          ; dffg            ; work         ;
;          |dffg:\G_NBit_Reg:2:RegI|               ; 0 (0)               ; 1 (1)                     ; 0           ; 0            ; 0       ; 0         ; 0    ; 0            ; |RISCV_Processor|regFile:RF|reg_N:reg24|dffg:\G_NBit_Reg:2:RegI                                                           ; dffg            ; work         ;
;          |dffg:\G_NBit_Reg:30:RegI|              ; 0 (0)               ; 1 (1)                     ; 0           ; 0            ; 0       ; 0         ; 0    ; 0            ; |RISCV_Processor|regFile:RF|reg_N:reg24|dffg:\G_NBit_Reg:30:RegI                                                          ; dffg            ; work         ;
;          |dffg:\G_NBit_Reg:31:RegI|              ; 0 (0)               ; 1 (1)                     ; 0           ; 0            ; 0       ; 0         ; 0    ; 0            ; |RISCV_Processor|regFile:RF|reg_N:reg24|dffg:\G_NBit_Reg:31:RegI                                                          ; dffg            ; work         ;
;          |dffg:\G_NBit_Reg:3:RegI|               ; 0 (0)               ; 1 (1)                     ; 0           ; 0            ; 0       ; 0         ; 0    ; 0            ; |RISCV_Processor|regFile:RF|reg_N:reg24|dffg:\G_NBit_Reg:3:RegI                                                           ; dffg            ; work         ;
;          |dffg:\G_NBit_Reg:4:RegI|               ; 0 (0)               ; 1 (1)                     ; 0           ; 0            ; 0       ; 0         ; 0    ; 0            ; |RISCV_Processor|regFile:RF|reg_N:reg24|dffg:\G_NBit_Reg:4:RegI                                                           ; dffg            ; work         ;
;          |dffg:\G_NBit_Reg:5:RegI|               ; 0 (0)               ; 1 (1)                     ; 0           ; 0            ; 0       ; 0         ; 0    ; 0            ; |RISCV_Processor|regFile:RF|reg_N:reg24|dffg:\G_NBit_Reg:5:RegI                                                           ; dffg            ; work         ;
;          |dffg:\G_NBit_Reg:6:RegI|               ; 0 (0)               ; 1 (1)                     ; 0           ; 0            ; 0       ; 0         ; 0    ; 0            ; |RISCV_Processor|regFile:RF|reg_N:reg24|dffg:\G_NBit_Reg:6:RegI                                                           ; dffg            ; work         ;
;          |dffg:\G_NBit_Reg:7:RegI|               ; 0 (0)               ; 1 (1)                     ; 0           ; 0            ; 0       ; 0         ; 0    ; 0            ; |RISCV_Processor|regFile:RF|reg_N:reg24|dffg:\G_NBit_Reg:7:RegI                                                           ; dffg            ; work         ;
;          |dffg:\G_NBit_Reg:8:RegI|               ; 0 (0)               ; 1 (1)                     ; 0           ; 0            ; 0       ; 0         ; 0    ; 0            ; |RISCV_Processor|regFile:RF|reg_N:reg24|dffg:\G_NBit_Reg:8:RegI                                                           ; dffg            ; work         ;
;          |dffg:\G_NBit_Reg:9:RegI|               ; 0 (0)               ; 1 (1)                     ; 0           ; 0            ; 0       ; 0         ; 0    ; 0            ; |RISCV_Processor|regFile:RF|reg_N:reg24|dffg:\G_NBit_Reg:9:RegI                                                           ; dffg            ; work         ;
;       |reg_N:reg25|                              ; 0 (0)               ; 32 (0)                    ; 0           ; 0            ; 0       ; 0         ; 0    ; 0            ; |RISCV_Processor|regFile:RF|reg_N:reg25                                                                                   ; reg_N           ; work         ;
;          |dffg:\G_NBit_Reg:0:RegI|               ; 0 (0)               ; 1 (1)                     ; 0           ; 0            ; 0       ; 0         ; 0    ; 0            ; |RISCV_Processor|regFile:RF|reg_N:reg25|dffg:\G_NBit_Reg:0:RegI                                                           ; dffg            ; work         ;
;          |dffg:\G_NBit_Reg:10:RegI|              ; 0 (0)               ; 1 (1)                     ; 0           ; 0            ; 0       ; 0         ; 0    ; 0            ; |RISCV_Processor|regFile:RF|reg_N:reg25|dffg:\G_NBit_Reg:10:RegI                                                          ; dffg            ; work         ;
;          |dffg:\G_NBit_Reg:11:RegI|              ; 0 (0)               ; 1 (1)                     ; 0           ; 0            ; 0       ; 0         ; 0    ; 0            ; |RISCV_Processor|regFile:RF|reg_N:reg25|dffg:\G_NBit_Reg:11:RegI                                                          ; dffg            ; work         ;
;          |dffg:\G_NBit_Reg:12:RegI|              ; 0 (0)               ; 1 (1)                     ; 0           ; 0            ; 0       ; 0         ; 0    ; 0            ; |RISCV_Processor|regFile:RF|reg_N:reg25|dffg:\G_NBit_Reg:12:RegI                                                          ; dffg            ; work         ;
;          |dffg:\G_NBit_Reg:13:RegI|              ; 0 (0)               ; 1 (1)                     ; 0           ; 0            ; 0       ; 0         ; 0    ; 0            ; |RISCV_Processor|regFile:RF|reg_N:reg25|dffg:\G_NBit_Reg:13:RegI                                                          ; dffg            ; work         ;
;          |dffg:\G_NBit_Reg:14:RegI|              ; 0 (0)               ; 1 (1)                     ; 0           ; 0            ; 0       ; 0         ; 0    ; 0            ; |RISCV_Processor|regFile:RF|reg_N:reg25|dffg:\G_NBit_Reg:14:RegI                                                          ; dffg            ; work         ;
;          |dffg:\G_NBit_Reg:15:RegI|              ; 0 (0)               ; 1 (1)                     ; 0           ; 0            ; 0       ; 0         ; 0    ; 0            ; |RISCV_Processor|regFile:RF|reg_N:reg25|dffg:\G_NBit_Reg:15:RegI                                                          ; dffg            ; work         ;
;          |dffg:\G_NBit_Reg:16:RegI|              ; 0 (0)               ; 1 (1)                     ; 0           ; 0            ; 0       ; 0         ; 0    ; 0            ; |RISCV_Processor|regFile:RF|reg_N:reg25|dffg:\G_NBit_Reg:16:RegI                                                          ; dffg            ; work         ;
;          |dffg:\G_NBit_Reg:17:RegI|              ; 0 (0)               ; 1 (1)                     ; 0           ; 0            ; 0       ; 0         ; 0    ; 0            ; |RISCV_Processor|regFile:RF|reg_N:reg25|dffg:\G_NBit_Reg:17:RegI                                                          ; dffg            ; work         ;
;          |dffg:\G_NBit_Reg:18:RegI|              ; 0 (0)               ; 1 (1)                     ; 0           ; 0            ; 0       ; 0         ; 0    ; 0            ; |RISCV_Processor|regFile:RF|reg_N:reg25|dffg:\G_NBit_Reg:18:RegI                                                          ; dffg            ; work         ;
;          |dffg:\G_NBit_Reg:19:RegI|              ; 0 (0)               ; 1 (1)                     ; 0           ; 0            ; 0       ; 0         ; 0    ; 0            ; |RISCV_Processor|regFile:RF|reg_N:reg25|dffg:\G_NBit_Reg:19:RegI                                                          ; dffg            ; work         ;
;          |dffg:\G_NBit_Reg:1:RegI|               ; 0 (0)               ; 1 (1)                     ; 0           ; 0            ; 0       ; 0         ; 0    ; 0            ; |RISCV_Processor|regFile:RF|reg_N:reg25|dffg:\G_NBit_Reg:1:RegI                                                           ; dffg            ; work         ;
;          |dffg:\G_NBit_Reg:20:RegI|              ; 0 (0)               ; 1 (1)                     ; 0           ; 0            ; 0       ; 0         ; 0    ; 0            ; |RISCV_Processor|regFile:RF|reg_N:reg25|dffg:\G_NBit_Reg:20:RegI                                                          ; dffg            ; work         ;
;          |dffg:\G_NBit_Reg:21:RegI|              ; 0 (0)               ; 1 (1)                     ; 0           ; 0            ; 0       ; 0         ; 0    ; 0            ; |RISCV_Processor|regFile:RF|reg_N:reg25|dffg:\G_NBit_Reg:21:RegI                                                          ; dffg            ; work         ;
;          |dffg:\G_NBit_Reg:22:RegI|              ; 0 (0)               ; 1 (1)                     ; 0           ; 0            ; 0       ; 0         ; 0    ; 0            ; |RISCV_Processor|regFile:RF|reg_N:reg25|dffg:\G_NBit_Reg:22:RegI                                                          ; dffg            ; work         ;
;          |dffg:\G_NBit_Reg:23:RegI|              ; 0 (0)               ; 1 (1)                     ; 0           ; 0            ; 0       ; 0         ; 0    ; 0            ; |RISCV_Processor|regFile:RF|reg_N:reg25|dffg:\G_NBit_Reg:23:RegI                                                          ; dffg            ; work         ;
;          |dffg:\G_NBit_Reg:24:RegI|              ; 0 (0)               ; 1 (1)                     ; 0           ; 0            ; 0       ; 0         ; 0    ; 0            ; |RISCV_Processor|regFile:RF|reg_N:reg25|dffg:\G_NBit_Reg:24:RegI                                                          ; dffg            ; work         ;
;          |dffg:\G_NBit_Reg:25:RegI|              ; 0 (0)               ; 1 (1)                     ; 0           ; 0            ; 0       ; 0         ; 0    ; 0            ; |RISCV_Processor|regFile:RF|reg_N:reg25|dffg:\G_NBit_Reg:25:RegI                                                          ; dffg            ; work         ;
;          |dffg:\G_NBit_Reg:26:RegI|              ; 0 (0)               ; 1 (1)                     ; 0           ; 0            ; 0       ; 0         ; 0    ; 0            ; |RISCV_Processor|regFile:RF|reg_N:reg25|dffg:\G_NBit_Reg:26:RegI                                                          ; dffg            ; work         ;
;          |dffg:\G_NBit_Reg:27:RegI|              ; 0 (0)               ; 1 (1)                     ; 0           ; 0            ; 0       ; 0         ; 0    ; 0            ; |RISCV_Processor|regFile:RF|reg_N:reg25|dffg:\G_NBit_Reg:27:RegI                                                          ; dffg            ; work         ;
;          |dffg:\G_NBit_Reg:28:RegI|              ; 0 (0)               ; 1 (1)                     ; 0           ; 0            ; 0       ; 0         ; 0    ; 0            ; |RISCV_Processor|regFile:RF|reg_N:reg25|dffg:\G_NBit_Reg:28:RegI                                                          ; dffg            ; work         ;
;          |dffg:\G_NBit_Reg:29:RegI|              ; 0 (0)               ; 1 (1)                     ; 0           ; 0            ; 0       ; 0         ; 0    ; 0            ; |RISCV_Processor|regFile:RF|reg_N:reg25|dffg:\G_NBit_Reg:29:RegI                                                          ; dffg            ; work         ;
;          |dffg:\G_NBit_Reg:2:RegI|               ; 0 (0)               ; 1 (1)                     ; 0           ; 0            ; 0       ; 0         ; 0    ; 0            ; |RISCV_Processor|regFile:RF|reg_N:reg25|dffg:\G_NBit_Reg:2:RegI                                                           ; dffg            ; work         ;
;          |dffg:\G_NBit_Reg:30:RegI|              ; 0 (0)               ; 1 (1)                     ; 0           ; 0            ; 0       ; 0         ; 0    ; 0            ; |RISCV_Processor|regFile:RF|reg_N:reg25|dffg:\G_NBit_Reg:30:RegI                                                          ; dffg            ; work         ;
;          |dffg:\G_NBit_Reg:31:RegI|              ; 0 (0)               ; 1 (1)                     ; 0           ; 0            ; 0       ; 0         ; 0    ; 0            ; |RISCV_Processor|regFile:RF|reg_N:reg25|dffg:\G_NBit_Reg:31:RegI                                                          ; dffg            ; work         ;
;          |dffg:\G_NBit_Reg:3:RegI|               ; 0 (0)               ; 1 (1)                     ; 0           ; 0            ; 0       ; 0         ; 0    ; 0            ; |RISCV_Processor|regFile:RF|reg_N:reg25|dffg:\G_NBit_Reg:3:RegI                                                           ; dffg            ; work         ;
;          |dffg:\G_NBit_Reg:4:RegI|               ; 0 (0)               ; 1 (1)                     ; 0           ; 0            ; 0       ; 0         ; 0    ; 0            ; |RISCV_Processor|regFile:RF|reg_N:reg25|dffg:\G_NBit_Reg:4:RegI                                                           ; dffg            ; work         ;
;          |dffg:\G_NBit_Reg:5:RegI|               ; 0 (0)               ; 1 (1)                     ; 0           ; 0            ; 0       ; 0         ; 0    ; 0            ; |RISCV_Processor|regFile:RF|reg_N:reg25|dffg:\G_NBit_Reg:5:RegI                                                           ; dffg            ; work         ;
;          |dffg:\G_NBit_Reg:6:RegI|               ; 0 (0)               ; 1 (1)                     ; 0           ; 0            ; 0       ; 0         ; 0    ; 0            ; |RISCV_Processor|regFile:RF|reg_N:reg25|dffg:\G_NBit_Reg:6:RegI                                                           ; dffg            ; work         ;
;          |dffg:\G_NBit_Reg:7:RegI|               ; 0 (0)               ; 1 (1)                     ; 0           ; 0            ; 0       ; 0         ; 0    ; 0            ; |RISCV_Processor|regFile:RF|reg_N:reg25|dffg:\G_NBit_Reg:7:RegI                                                           ; dffg            ; work         ;
;          |dffg:\G_NBit_Reg:8:RegI|               ; 0 (0)               ; 1 (1)                     ; 0           ; 0            ; 0       ; 0         ; 0    ; 0            ; |RISCV_Processor|regFile:RF|reg_N:reg25|dffg:\G_NBit_Reg:8:RegI                                                           ; dffg            ; work         ;
;          |dffg:\G_NBit_Reg:9:RegI|               ; 0 (0)               ; 1 (1)                     ; 0           ; 0            ; 0       ; 0         ; 0    ; 0            ; |RISCV_Processor|regFile:RF|reg_N:reg25|dffg:\G_NBit_Reg:9:RegI                                                           ; dffg            ; work         ;
;       |reg_N:reg26|                              ; 0 (0)               ; 32 (0)                    ; 0           ; 0            ; 0       ; 0         ; 0    ; 0            ; |RISCV_Processor|regFile:RF|reg_N:reg26                                                                                   ; reg_N           ; work         ;
;          |dffg:\G_NBit_Reg:0:RegI|               ; 0 (0)               ; 1 (1)                     ; 0           ; 0            ; 0       ; 0         ; 0    ; 0            ; |RISCV_Processor|regFile:RF|reg_N:reg26|dffg:\G_NBit_Reg:0:RegI                                                           ; dffg            ; work         ;
;          |dffg:\G_NBit_Reg:10:RegI|              ; 0 (0)               ; 1 (1)                     ; 0           ; 0            ; 0       ; 0         ; 0    ; 0            ; |RISCV_Processor|regFile:RF|reg_N:reg26|dffg:\G_NBit_Reg:10:RegI                                                          ; dffg            ; work         ;
;          |dffg:\G_NBit_Reg:11:RegI|              ; 0 (0)               ; 1 (1)                     ; 0           ; 0            ; 0       ; 0         ; 0    ; 0            ; |RISCV_Processor|regFile:RF|reg_N:reg26|dffg:\G_NBit_Reg:11:RegI                                                          ; dffg            ; work         ;
;          |dffg:\G_NBit_Reg:12:RegI|              ; 0 (0)               ; 1 (1)                     ; 0           ; 0            ; 0       ; 0         ; 0    ; 0            ; |RISCV_Processor|regFile:RF|reg_N:reg26|dffg:\G_NBit_Reg:12:RegI                                                          ; dffg            ; work         ;
;          |dffg:\G_NBit_Reg:13:RegI|              ; 0 (0)               ; 1 (1)                     ; 0           ; 0            ; 0       ; 0         ; 0    ; 0            ; |RISCV_Processor|regFile:RF|reg_N:reg26|dffg:\G_NBit_Reg:13:RegI                                                          ; dffg            ; work         ;
;          |dffg:\G_NBit_Reg:14:RegI|              ; 0 (0)               ; 1 (1)                     ; 0           ; 0            ; 0       ; 0         ; 0    ; 0            ; |RISCV_Processor|regFile:RF|reg_N:reg26|dffg:\G_NBit_Reg:14:RegI                                                          ; dffg            ; work         ;
;          |dffg:\G_NBit_Reg:15:RegI|              ; 0 (0)               ; 1 (1)                     ; 0           ; 0            ; 0       ; 0         ; 0    ; 0            ; |RISCV_Processor|regFile:RF|reg_N:reg26|dffg:\G_NBit_Reg:15:RegI                                                          ; dffg            ; work         ;
;          |dffg:\G_NBit_Reg:16:RegI|              ; 0 (0)               ; 1 (1)                     ; 0           ; 0            ; 0       ; 0         ; 0    ; 0            ; |RISCV_Processor|regFile:RF|reg_N:reg26|dffg:\G_NBit_Reg:16:RegI                                                          ; dffg            ; work         ;
;          |dffg:\G_NBit_Reg:17:RegI|              ; 0 (0)               ; 1 (1)                     ; 0           ; 0            ; 0       ; 0         ; 0    ; 0            ; |RISCV_Processor|regFile:RF|reg_N:reg26|dffg:\G_NBit_Reg:17:RegI                                                          ; dffg            ; work         ;
;          |dffg:\G_NBit_Reg:18:RegI|              ; 0 (0)               ; 1 (1)                     ; 0           ; 0            ; 0       ; 0         ; 0    ; 0            ; |RISCV_Processor|regFile:RF|reg_N:reg26|dffg:\G_NBit_Reg:18:RegI                                                          ; dffg            ; work         ;
;          |dffg:\G_NBit_Reg:19:RegI|              ; 0 (0)               ; 1 (1)                     ; 0           ; 0            ; 0       ; 0         ; 0    ; 0            ; |RISCV_Processor|regFile:RF|reg_N:reg26|dffg:\G_NBit_Reg:19:RegI                                                          ; dffg            ; work         ;
;          |dffg:\G_NBit_Reg:1:RegI|               ; 0 (0)               ; 1 (1)                     ; 0           ; 0            ; 0       ; 0         ; 0    ; 0            ; |RISCV_Processor|regFile:RF|reg_N:reg26|dffg:\G_NBit_Reg:1:RegI                                                           ; dffg            ; work         ;
;          |dffg:\G_NBit_Reg:20:RegI|              ; 0 (0)               ; 1 (1)                     ; 0           ; 0            ; 0       ; 0         ; 0    ; 0            ; |RISCV_Processor|regFile:RF|reg_N:reg26|dffg:\G_NBit_Reg:20:RegI                                                          ; dffg            ; work         ;
;          |dffg:\G_NBit_Reg:21:RegI|              ; 0 (0)               ; 1 (1)                     ; 0           ; 0            ; 0       ; 0         ; 0    ; 0            ; |RISCV_Processor|regFile:RF|reg_N:reg26|dffg:\G_NBit_Reg:21:RegI                                                          ; dffg            ; work         ;
;          |dffg:\G_NBit_Reg:22:RegI|              ; 0 (0)               ; 1 (1)                     ; 0           ; 0            ; 0       ; 0         ; 0    ; 0            ; |RISCV_Processor|regFile:RF|reg_N:reg26|dffg:\G_NBit_Reg:22:RegI                                                          ; dffg            ; work         ;
;          |dffg:\G_NBit_Reg:23:RegI|              ; 0 (0)               ; 1 (1)                     ; 0           ; 0            ; 0       ; 0         ; 0    ; 0            ; |RISCV_Processor|regFile:RF|reg_N:reg26|dffg:\G_NBit_Reg:23:RegI                                                          ; dffg            ; work         ;
;          |dffg:\G_NBit_Reg:24:RegI|              ; 0 (0)               ; 1 (1)                     ; 0           ; 0            ; 0       ; 0         ; 0    ; 0            ; |RISCV_Processor|regFile:RF|reg_N:reg26|dffg:\G_NBit_Reg:24:RegI                                                          ; dffg            ; work         ;
;          |dffg:\G_NBit_Reg:25:RegI|              ; 0 (0)               ; 1 (1)                     ; 0           ; 0            ; 0       ; 0         ; 0    ; 0            ; |RISCV_Processor|regFile:RF|reg_N:reg26|dffg:\G_NBit_Reg:25:RegI                                                          ; dffg            ; work         ;
;          |dffg:\G_NBit_Reg:26:RegI|              ; 0 (0)               ; 1 (1)                     ; 0           ; 0            ; 0       ; 0         ; 0    ; 0            ; |RISCV_Processor|regFile:RF|reg_N:reg26|dffg:\G_NBit_Reg:26:RegI                                                          ; dffg            ; work         ;
;          |dffg:\G_NBit_Reg:27:RegI|              ; 0 (0)               ; 1 (1)                     ; 0           ; 0            ; 0       ; 0         ; 0    ; 0            ; |RISCV_Processor|regFile:RF|reg_N:reg26|dffg:\G_NBit_Reg:27:RegI                                                          ; dffg            ; work         ;
;          |dffg:\G_NBit_Reg:28:RegI|              ; 0 (0)               ; 1 (1)                     ; 0           ; 0            ; 0       ; 0         ; 0    ; 0            ; |RISCV_Processor|regFile:RF|reg_N:reg26|dffg:\G_NBit_Reg:28:RegI                                                          ; dffg            ; work         ;
;          |dffg:\G_NBit_Reg:29:RegI|              ; 0 (0)               ; 1 (1)                     ; 0           ; 0            ; 0       ; 0         ; 0    ; 0            ; |RISCV_Processor|regFile:RF|reg_N:reg26|dffg:\G_NBit_Reg:29:RegI                                                          ; dffg            ; work         ;
;          |dffg:\G_NBit_Reg:2:RegI|               ; 0 (0)               ; 1 (1)                     ; 0           ; 0            ; 0       ; 0         ; 0    ; 0            ; |RISCV_Processor|regFile:RF|reg_N:reg26|dffg:\G_NBit_Reg:2:RegI                                                           ; dffg            ; work         ;
;          |dffg:\G_NBit_Reg:30:RegI|              ; 0 (0)               ; 1 (1)                     ; 0           ; 0            ; 0       ; 0         ; 0    ; 0            ; |RISCV_Processor|regFile:RF|reg_N:reg26|dffg:\G_NBit_Reg:30:RegI                                                          ; dffg            ; work         ;
;          |dffg:\G_NBit_Reg:31:RegI|              ; 0 (0)               ; 1 (1)                     ; 0           ; 0            ; 0       ; 0         ; 0    ; 0            ; |RISCV_Processor|regFile:RF|reg_N:reg26|dffg:\G_NBit_Reg:31:RegI                                                          ; dffg            ; work         ;
;          |dffg:\G_NBit_Reg:3:RegI|               ; 0 (0)               ; 1 (1)                     ; 0           ; 0            ; 0       ; 0         ; 0    ; 0            ; |RISCV_Processor|regFile:RF|reg_N:reg26|dffg:\G_NBit_Reg:3:RegI                                                           ; dffg            ; work         ;
;          |dffg:\G_NBit_Reg:4:RegI|               ; 0 (0)               ; 1 (1)                     ; 0           ; 0            ; 0       ; 0         ; 0    ; 0            ; |RISCV_Processor|regFile:RF|reg_N:reg26|dffg:\G_NBit_Reg:4:RegI                                                           ; dffg            ; work         ;
;          |dffg:\G_NBit_Reg:5:RegI|               ; 0 (0)               ; 1 (1)                     ; 0           ; 0            ; 0       ; 0         ; 0    ; 0            ; |RISCV_Processor|regFile:RF|reg_N:reg26|dffg:\G_NBit_Reg:5:RegI                                                           ; dffg            ; work         ;
;          |dffg:\G_NBit_Reg:6:RegI|               ; 0 (0)               ; 1 (1)                     ; 0           ; 0            ; 0       ; 0         ; 0    ; 0            ; |RISCV_Processor|regFile:RF|reg_N:reg26|dffg:\G_NBit_Reg:6:RegI                                                           ; dffg            ; work         ;
;          |dffg:\G_NBit_Reg:7:RegI|               ; 0 (0)               ; 1 (1)                     ; 0           ; 0            ; 0       ; 0         ; 0    ; 0            ; |RISCV_Processor|regFile:RF|reg_N:reg26|dffg:\G_NBit_Reg:7:RegI                                                           ; dffg            ; work         ;
;          |dffg:\G_NBit_Reg:8:RegI|               ; 0 (0)               ; 1 (1)                     ; 0           ; 0            ; 0       ; 0         ; 0    ; 0            ; |RISCV_Processor|regFile:RF|reg_N:reg26|dffg:\G_NBit_Reg:8:RegI                                                           ; dffg            ; work         ;
;          |dffg:\G_NBit_Reg:9:RegI|               ; 0 (0)               ; 1 (1)                     ; 0           ; 0            ; 0       ; 0         ; 0    ; 0            ; |RISCV_Processor|regFile:RF|reg_N:reg26|dffg:\G_NBit_Reg:9:RegI                                                           ; dffg            ; work         ;
;       |reg_N:reg27|                              ; 0 (0)               ; 32 (0)                    ; 0           ; 0            ; 0       ; 0         ; 0    ; 0            ; |RISCV_Processor|regFile:RF|reg_N:reg27                                                                                   ; reg_N           ; work         ;
;          |dffg:\G_NBit_Reg:0:RegI|               ; 0 (0)               ; 1 (1)                     ; 0           ; 0            ; 0       ; 0         ; 0    ; 0            ; |RISCV_Processor|regFile:RF|reg_N:reg27|dffg:\G_NBit_Reg:0:RegI                                                           ; dffg            ; work         ;
;          |dffg:\G_NBit_Reg:10:RegI|              ; 0 (0)               ; 1 (1)                     ; 0           ; 0            ; 0       ; 0         ; 0    ; 0            ; |RISCV_Processor|regFile:RF|reg_N:reg27|dffg:\G_NBit_Reg:10:RegI                                                          ; dffg            ; work         ;
;          |dffg:\G_NBit_Reg:11:RegI|              ; 0 (0)               ; 1 (1)                     ; 0           ; 0            ; 0       ; 0         ; 0    ; 0            ; |RISCV_Processor|regFile:RF|reg_N:reg27|dffg:\G_NBit_Reg:11:RegI                                                          ; dffg            ; work         ;
;          |dffg:\G_NBit_Reg:12:RegI|              ; 0 (0)               ; 1 (1)                     ; 0           ; 0            ; 0       ; 0         ; 0    ; 0            ; |RISCV_Processor|regFile:RF|reg_N:reg27|dffg:\G_NBit_Reg:12:RegI                                                          ; dffg            ; work         ;
;          |dffg:\G_NBit_Reg:13:RegI|              ; 0 (0)               ; 1 (1)                     ; 0           ; 0            ; 0       ; 0         ; 0    ; 0            ; |RISCV_Processor|regFile:RF|reg_N:reg27|dffg:\G_NBit_Reg:13:RegI                                                          ; dffg            ; work         ;
;          |dffg:\G_NBit_Reg:14:RegI|              ; 0 (0)               ; 1 (1)                     ; 0           ; 0            ; 0       ; 0         ; 0    ; 0            ; |RISCV_Processor|regFile:RF|reg_N:reg27|dffg:\G_NBit_Reg:14:RegI                                                          ; dffg            ; work         ;
;          |dffg:\G_NBit_Reg:15:RegI|              ; 0 (0)               ; 1 (1)                     ; 0           ; 0            ; 0       ; 0         ; 0    ; 0            ; |RISCV_Processor|regFile:RF|reg_N:reg27|dffg:\G_NBit_Reg:15:RegI                                                          ; dffg            ; work         ;
;          |dffg:\G_NBit_Reg:16:RegI|              ; 0 (0)               ; 1 (1)                     ; 0           ; 0            ; 0       ; 0         ; 0    ; 0            ; |RISCV_Processor|regFile:RF|reg_N:reg27|dffg:\G_NBit_Reg:16:RegI                                                          ; dffg            ; work         ;
;          |dffg:\G_NBit_Reg:17:RegI|              ; 0 (0)               ; 1 (1)                     ; 0           ; 0            ; 0       ; 0         ; 0    ; 0            ; |RISCV_Processor|regFile:RF|reg_N:reg27|dffg:\G_NBit_Reg:17:RegI                                                          ; dffg            ; work         ;
;          |dffg:\G_NBit_Reg:18:RegI|              ; 0 (0)               ; 1 (1)                     ; 0           ; 0            ; 0       ; 0         ; 0    ; 0            ; |RISCV_Processor|regFile:RF|reg_N:reg27|dffg:\G_NBit_Reg:18:RegI                                                          ; dffg            ; work         ;
;          |dffg:\G_NBit_Reg:19:RegI|              ; 0 (0)               ; 1 (1)                     ; 0           ; 0            ; 0       ; 0         ; 0    ; 0            ; |RISCV_Processor|regFile:RF|reg_N:reg27|dffg:\G_NBit_Reg:19:RegI                                                          ; dffg            ; work         ;
;          |dffg:\G_NBit_Reg:1:RegI|               ; 0 (0)               ; 1 (1)                     ; 0           ; 0            ; 0       ; 0         ; 0    ; 0            ; |RISCV_Processor|regFile:RF|reg_N:reg27|dffg:\G_NBit_Reg:1:RegI                                                           ; dffg            ; work         ;
;          |dffg:\G_NBit_Reg:20:RegI|              ; 0 (0)               ; 1 (1)                     ; 0           ; 0            ; 0       ; 0         ; 0    ; 0            ; |RISCV_Processor|regFile:RF|reg_N:reg27|dffg:\G_NBit_Reg:20:RegI                                                          ; dffg            ; work         ;
;          |dffg:\G_NBit_Reg:21:RegI|              ; 0 (0)               ; 1 (1)                     ; 0           ; 0            ; 0       ; 0         ; 0    ; 0            ; |RISCV_Processor|regFile:RF|reg_N:reg27|dffg:\G_NBit_Reg:21:RegI                                                          ; dffg            ; work         ;
;          |dffg:\G_NBit_Reg:22:RegI|              ; 0 (0)               ; 1 (1)                     ; 0           ; 0            ; 0       ; 0         ; 0    ; 0            ; |RISCV_Processor|regFile:RF|reg_N:reg27|dffg:\G_NBit_Reg:22:RegI                                                          ; dffg            ; work         ;
;          |dffg:\G_NBit_Reg:23:RegI|              ; 0 (0)               ; 1 (1)                     ; 0           ; 0            ; 0       ; 0         ; 0    ; 0            ; |RISCV_Processor|regFile:RF|reg_N:reg27|dffg:\G_NBit_Reg:23:RegI                                                          ; dffg            ; work         ;
;          |dffg:\G_NBit_Reg:24:RegI|              ; 0 (0)               ; 1 (1)                     ; 0           ; 0            ; 0       ; 0         ; 0    ; 0            ; |RISCV_Processor|regFile:RF|reg_N:reg27|dffg:\G_NBit_Reg:24:RegI                                                          ; dffg            ; work         ;
;          |dffg:\G_NBit_Reg:25:RegI|              ; 0 (0)               ; 1 (1)                     ; 0           ; 0            ; 0       ; 0         ; 0    ; 0            ; |RISCV_Processor|regFile:RF|reg_N:reg27|dffg:\G_NBit_Reg:25:RegI                                                          ; dffg            ; work         ;
;          |dffg:\G_NBit_Reg:26:RegI|              ; 0 (0)               ; 1 (1)                     ; 0           ; 0            ; 0       ; 0         ; 0    ; 0            ; |RISCV_Processor|regFile:RF|reg_N:reg27|dffg:\G_NBit_Reg:26:RegI                                                          ; dffg            ; work         ;
;          |dffg:\G_NBit_Reg:27:RegI|              ; 0 (0)               ; 1 (1)                     ; 0           ; 0            ; 0       ; 0         ; 0    ; 0            ; |RISCV_Processor|regFile:RF|reg_N:reg27|dffg:\G_NBit_Reg:27:RegI                                                          ; dffg            ; work         ;
;          |dffg:\G_NBit_Reg:28:RegI|              ; 0 (0)               ; 1 (1)                     ; 0           ; 0            ; 0       ; 0         ; 0    ; 0            ; |RISCV_Processor|regFile:RF|reg_N:reg27|dffg:\G_NBit_Reg:28:RegI                                                          ; dffg            ; work         ;
;          |dffg:\G_NBit_Reg:29:RegI|              ; 0 (0)               ; 1 (1)                     ; 0           ; 0            ; 0       ; 0         ; 0    ; 0            ; |RISCV_Processor|regFile:RF|reg_N:reg27|dffg:\G_NBit_Reg:29:RegI                                                          ; dffg            ; work         ;
;          |dffg:\G_NBit_Reg:2:RegI|               ; 0 (0)               ; 1 (1)                     ; 0           ; 0            ; 0       ; 0         ; 0    ; 0            ; |RISCV_Processor|regFile:RF|reg_N:reg27|dffg:\G_NBit_Reg:2:RegI                                                           ; dffg            ; work         ;
;          |dffg:\G_NBit_Reg:30:RegI|              ; 0 (0)               ; 1 (1)                     ; 0           ; 0            ; 0       ; 0         ; 0    ; 0            ; |RISCV_Processor|regFile:RF|reg_N:reg27|dffg:\G_NBit_Reg:30:RegI                                                          ; dffg            ; work         ;
;          |dffg:\G_NBit_Reg:31:RegI|              ; 0 (0)               ; 1 (1)                     ; 0           ; 0            ; 0       ; 0         ; 0    ; 0            ; |RISCV_Processor|regFile:RF|reg_N:reg27|dffg:\G_NBit_Reg:31:RegI                                                          ; dffg            ; work         ;
;          |dffg:\G_NBit_Reg:3:RegI|               ; 0 (0)               ; 1 (1)                     ; 0           ; 0            ; 0       ; 0         ; 0    ; 0            ; |RISCV_Processor|regFile:RF|reg_N:reg27|dffg:\G_NBit_Reg:3:RegI                                                           ; dffg            ; work         ;
;          |dffg:\G_NBit_Reg:4:RegI|               ; 0 (0)               ; 1 (1)                     ; 0           ; 0            ; 0       ; 0         ; 0    ; 0            ; |RISCV_Processor|regFile:RF|reg_N:reg27|dffg:\G_NBit_Reg:4:RegI                                                           ; dffg            ; work         ;
;          |dffg:\G_NBit_Reg:5:RegI|               ; 0 (0)               ; 1 (1)                     ; 0           ; 0            ; 0       ; 0         ; 0    ; 0            ; |RISCV_Processor|regFile:RF|reg_N:reg27|dffg:\G_NBit_Reg:5:RegI                                                           ; dffg            ; work         ;
;          |dffg:\G_NBit_Reg:6:RegI|               ; 0 (0)               ; 1 (1)                     ; 0           ; 0            ; 0       ; 0         ; 0    ; 0            ; |RISCV_Processor|regFile:RF|reg_N:reg27|dffg:\G_NBit_Reg:6:RegI                                                           ; dffg            ; work         ;
;          |dffg:\G_NBit_Reg:7:RegI|               ; 0 (0)               ; 1 (1)                     ; 0           ; 0            ; 0       ; 0         ; 0    ; 0            ; |RISCV_Processor|regFile:RF|reg_N:reg27|dffg:\G_NBit_Reg:7:RegI                                                           ; dffg            ; work         ;
;          |dffg:\G_NBit_Reg:8:RegI|               ; 0 (0)               ; 1 (1)                     ; 0           ; 0            ; 0       ; 0         ; 0    ; 0            ; |RISCV_Processor|regFile:RF|reg_N:reg27|dffg:\G_NBit_Reg:8:RegI                                                           ; dffg            ; work         ;
;          |dffg:\G_NBit_Reg:9:RegI|               ; 0 (0)               ; 1 (1)                     ; 0           ; 0            ; 0       ; 0         ; 0    ; 0            ; |RISCV_Processor|regFile:RF|reg_N:reg27|dffg:\G_NBit_Reg:9:RegI                                                           ; dffg            ; work         ;
;       |reg_N:reg28|                              ; 0 (0)               ; 32 (0)                    ; 0           ; 0            ; 0       ; 0         ; 0    ; 0            ; |RISCV_Processor|regFile:RF|reg_N:reg28                                                                                   ; reg_N           ; work         ;
;          |dffg:\G_NBit_Reg:0:RegI|               ; 0 (0)               ; 1 (1)                     ; 0           ; 0            ; 0       ; 0         ; 0    ; 0            ; |RISCV_Processor|regFile:RF|reg_N:reg28|dffg:\G_NBit_Reg:0:RegI                                                           ; dffg            ; work         ;
;          |dffg:\G_NBit_Reg:10:RegI|              ; 0 (0)               ; 1 (1)                     ; 0           ; 0            ; 0       ; 0         ; 0    ; 0            ; |RISCV_Processor|regFile:RF|reg_N:reg28|dffg:\G_NBit_Reg:10:RegI                                                          ; dffg            ; work         ;
;          |dffg:\G_NBit_Reg:11:RegI|              ; 0 (0)               ; 1 (1)                     ; 0           ; 0            ; 0       ; 0         ; 0    ; 0            ; |RISCV_Processor|regFile:RF|reg_N:reg28|dffg:\G_NBit_Reg:11:RegI                                                          ; dffg            ; work         ;
;          |dffg:\G_NBit_Reg:12:RegI|              ; 0 (0)               ; 1 (1)                     ; 0           ; 0            ; 0       ; 0         ; 0    ; 0            ; |RISCV_Processor|regFile:RF|reg_N:reg28|dffg:\G_NBit_Reg:12:RegI                                                          ; dffg            ; work         ;
;          |dffg:\G_NBit_Reg:13:RegI|              ; 0 (0)               ; 1 (1)                     ; 0           ; 0            ; 0       ; 0         ; 0    ; 0            ; |RISCV_Processor|regFile:RF|reg_N:reg28|dffg:\G_NBit_Reg:13:RegI                                                          ; dffg            ; work         ;
;          |dffg:\G_NBit_Reg:14:RegI|              ; 0 (0)               ; 1 (1)                     ; 0           ; 0            ; 0       ; 0         ; 0    ; 0            ; |RISCV_Processor|regFile:RF|reg_N:reg28|dffg:\G_NBit_Reg:14:RegI                                                          ; dffg            ; work         ;
;          |dffg:\G_NBit_Reg:15:RegI|              ; 0 (0)               ; 1 (1)                     ; 0           ; 0            ; 0       ; 0         ; 0    ; 0            ; |RISCV_Processor|regFile:RF|reg_N:reg28|dffg:\G_NBit_Reg:15:RegI                                                          ; dffg            ; work         ;
;          |dffg:\G_NBit_Reg:16:RegI|              ; 0 (0)               ; 1 (1)                     ; 0           ; 0            ; 0       ; 0         ; 0    ; 0            ; |RISCV_Processor|regFile:RF|reg_N:reg28|dffg:\G_NBit_Reg:16:RegI                                                          ; dffg            ; work         ;
;          |dffg:\G_NBit_Reg:17:RegI|              ; 0 (0)               ; 1 (1)                     ; 0           ; 0            ; 0       ; 0         ; 0    ; 0            ; |RISCV_Processor|regFile:RF|reg_N:reg28|dffg:\G_NBit_Reg:17:RegI                                                          ; dffg            ; work         ;
;          |dffg:\G_NBit_Reg:18:RegI|              ; 0 (0)               ; 1 (1)                     ; 0           ; 0            ; 0       ; 0         ; 0    ; 0            ; |RISCV_Processor|regFile:RF|reg_N:reg28|dffg:\G_NBit_Reg:18:RegI                                                          ; dffg            ; work         ;
;          |dffg:\G_NBit_Reg:19:RegI|              ; 0 (0)               ; 1 (1)                     ; 0           ; 0            ; 0       ; 0         ; 0    ; 0            ; |RISCV_Processor|regFile:RF|reg_N:reg28|dffg:\G_NBit_Reg:19:RegI                                                          ; dffg            ; work         ;
;          |dffg:\G_NBit_Reg:1:RegI|               ; 0 (0)               ; 1 (1)                     ; 0           ; 0            ; 0       ; 0         ; 0    ; 0            ; |RISCV_Processor|regFile:RF|reg_N:reg28|dffg:\G_NBit_Reg:1:RegI                                                           ; dffg            ; work         ;
;          |dffg:\G_NBit_Reg:20:RegI|              ; 0 (0)               ; 1 (1)                     ; 0           ; 0            ; 0       ; 0         ; 0    ; 0            ; |RISCV_Processor|regFile:RF|reg_N:reg28|dffg:\G_NBit_Reg:20:RegI                                                          ; dffg            ; work         ;
;          |dffg:\G_NBit_Reg:21:RegI|              ; 0 (0)               ; 1 (1)                     ; 0           ; 0            ; 0       ; 0         ; 0    ; 0            ; |RISCV_Processor|regFile:RF|reg_N:reg28|dffg:\G_NBit_Reg:21:RegI                                                          ; dffg            ; work         ;
;          |dffg:\G_NBit_Reg:22:RegI|              ; 0 (0)               ; 1 (1)                     ; 0           ; 0            ; 0       ; 0         ; 0    ; 0            ; |RISCV_Processor|regFile:RF|reg_N:reg28|dffg:\G_NBit_Reg:22:RegI                                                          ; dffg            ; work         ;
;          |dffg:\G_NBit_Reg:23:RegI|              ; 0 (0)               ; 1 (1)                     ; 0           ; 0            ; 0       ; 0         ; 0    ; 0            ; |RISCV_Processor|regFile:RF|reg_N:reg28|dffg:\G_NBit_Reg:23:RegI                                                          ; dffg            ; work         ;
;          |dffg:\G_NBit_Reg:24:RegI|              ; 0 (0)               ; 1 (1)                     ; 0           ; 0            ; 0       ; 0         ; 0    ; 0            ; |RISCV_Processor|regFile:RF|reg_N:reg28|dffg:\G_NBit_Reg:24:RegI                                                          ; dffg            ; work         ;
;          |dffg:\G_NBit_Reg:25:RegI|              ; 0 (0)               ; 1 (1)                     ; 0           ; 0            ; 0       ; 0         ; 0    ; 0            ; |RISCV_Processor|regFile:RF|reg_N:reg28|dffg:\G_NBit_Reg:25:RegI                                                          ; dffg            ; work         ;
;          |dffg:\G_NBit_Reg:26:RegI|              ; 0 (0)               ; 1 (1)                     ; 0           ; 0            ; 0       ; 0         ; 0    ; 0            ; |RISCV_Processor|regFile:RF|reg_N:reg28|dffg:\G_NBit_Reg:26:RegI                                                          ; dffg            ; work         ;
;          |dffg:\G_NBit_Reg:27:RegI|              ; 0 (0)               ; 1 (1)                     ; 0           ; 0            ; 0       ; 0         ; 0    ; 0            ; |RISCV_Processor|regFile:RF|reg_N:reg28|dffg:\G_NBit_Reg:27:RegI                                                          ; dffg            ; work         ;
;          |dffg:\G_NBit_Reg:28:RegI|              ; 0 (0)               ; 1 (1)                     ; 0           ; 0            ; 0       ; 0         ; 0    ; 0            ; |RISCV_Processor|regFile:RF|reg_N:reg28|dffg:\G_NBit_Reg:28:RegI                                                          ; dffg            ; work         ;
;          |dffg:\G_NBit_Reg:29:RegI|              ; 0 (0)               ; 1 (1)                     ; 0           ; 0            ; 0       ; 0         ; 0    ; 0            ; |RISCV_Processor|regFile:RF|reg_N:reg28|dffg:\G_NBit_Reg:29:RegI                                                          ; dffg            ; work         ;
;          |dffg:\G_NBit_Reg:2:RegI|               ; 0 (0)               ; 1 (1)                     ; 0           ; 0            ; 0       ; 0         ; 0    ; 0            ; |RISCV_Processor|regFile:RF|reg_N:reg28|dffg:\G_NBit_Reg:2:RegI                                                           ; dffg            ; work         ;
;          |dffg:\G_NBit_Reg:30:RegI|              ; 0 (0)               ; 1 (1)                     ; 0           ; 0            ; 0       ; 0         ; 0    ; 0            ; |RISCV_Processor|regFile:RF|reg_N:reg28|dffg:\G_NBit_Reg:30:RegI                                                          ; dffg            ; work         ;
;          |dffg:\G_NBit_Reg:31:RegI|              ; 0 (0)               ; 1 (1)                     ; 0           ; 0            ; 0       ; 0         ; 0    ; 0            ; |RISCV_Processor|regFile:RF|reg_N:reg28|dffg:\G_NBit_Reg:31:RegI                                                          ; dffg            ; work         ;
;          |dffg:\G_NBit_Reg:3:RegI|               ; 0 (0)               ; 1 (1)                     ; 0           ; 0            ; 0       ; 0         ; 0    ; 0            ; |RISCV_Processor|regFile:RF|reg_N:reg28|dffg:\G_NBit_Reg:3:RegI                                                           ; dffg            ; work         ;
;          |dffg:\G_NBit_Reg:4:RegI|               ; 0 (0)               ; 1 (1)                     ; 0           ; 0            ; 0       ; 0         ; 0    ; 0            ; |RISCV_Processor|regFile:RF|reg_N:reg28|dffg:\G_NBit_Reg:4:RegI                                                           ; dffg            ; work         ;
;          |dffg:\G_NBit_Reg:5:RegI|               ; 0 (0)               ; 1 (1)                     ; 0           ; 0            ; 0       ; 0         ; 0    ; 0            ; |RISCV_Processor|regFile:RF|reg_N:reg28|dffg:\G_NBit_Reg:5:RegI                                                           ; dffg            ; work         ;
;          |dffg:\G_NBit_Reg:6:RegI|               ; 0 (0)               ; 1 (1)                     ; 0           ; 0            ; 0       ; 0         ; 0    ; 0            ; |RISCV_Processor|regFile:RF|reg_N:reg28|dffg:\G_NBit_Reg:6:RegI                                                           ; dffg            ; work         ;
;          |dffg:\G_NBit_Reg:7:RegI|               ; 0 (0)               ; 1 (1)                     ; 0           ; 0            ; 0       ; 0         ; 0    ; 0            ; |RISCV_Processor|regFile:RF|reg_N:reg28|dffg:\G_NBit_Reg:7:RegI                                                           ; dffg            ; work         ;
;          |dffg:\G_NBit_Reg:8:RegI|               ; 0 (0)               ; 1 (1)                     ; 0           ; 0            ; 0       ; 0         ; 0    ; 0            ; |RISCV_Processor|regFile:RF|reg_N:reg28|dffg:\G_NBit_Reg:8:RegI                                                           ; dffg            ; work         ;
;          |dffg:\G_NBit_Reg:9:RegI|               ; 0 (0)               ; 1 (1)                     ; 0           ; 0            ; 0       ; 0         ; 0    ; 0            ; |RISCV_Processor|regFile:RF|reg_N:reg28|dffg:\G_NBit_Reg:9:RegI                                                           ; dffg            ; work         ;
;       |reg_N:reg29|                              ; 0 (0)               ; 32 (0)                    ; 0           ; 0            ; 0       ; 0         ; 0    ; 0            ; |RISCV_Processor|regFile:RF|reg_N:reg29                                                                                   ; reg_N           ; work         ;
;          |dffg:\G_NBit_Reg:0:RegI|               ; 0 (0)               ; 1 (1)                     ; 0           ; 0            ; 0       ; 0         ; 0    ; 0            ; |RISCV_Processor|regFile:RF|reg_N:reg29|dffg:\G_NBit_Reg:0:RegI                                                           ; dffg            ; work         ;
;          |dffg:\G_NBit_Reg:10:RegI|              ; 0 (0)               ; 1 (1)                     ; 0           ; 0            ; 0       ; 0         ; 0    ; 0            ; |RISCV_Processor|regFile:RF|reg_N:reg29|dffg:\G_NBit_Reg:10:RegI                                                          ; dffg            ; work         ;
;          |dffg:\G_NBit_Reg:11:RegI|              ; 0 (0)               ; 1 (1)                     ; 0           ; 0            ; 0       ; 0         ; 0    ; 0            ; |RISCV_Processor|regFile:RF|reg_N:reg29|dffg:\G_NBit_Reg:11:RegI                                                          ; dffg            ; work         ;
;          |dffg:\G_NBit_Reg:12:RegI|              ; 0 (0)               ; 1 (1)                     ; 0           ; 0            ; 0       ; 0         ; 0    ; 0            ; |RISCV_Processor|regFile:RF|reg_N:reg29|dffg:\G_NBit_Reg:12:RegI                                                          ; dffg            ; work         ;
;          |dffg:\G_NBit_Reg:13:RegI|              ; 0 (0)               ; 1 (1)                     ; 0           ; 0            ; 0       ; 0         ; 0    ; 0            ; |RISCV_Processor|regFile:RF|reg_N:reg29|dffg:\G_NBit_Reg:13:RegI                                                          ; dffg            ; work         ;
;          |dffg:\G_NBit_Reg:14:RegI|              ; 0 (0)               ; 1 (1)                     ; 0           ; 0            ; 0       ; 0         ; 0    ; 0            ; |RISCV_Processor|regFile:RF|reg_N:reg29|dffg:\G_NBit_Reg:14:RegI                                                          ; dffg            ; work         ;
;          |dffg:\G_NBit_Reg:15:RegI|              ; 0 (0)               ; 1 (1)                     ; 0           ; 0            ; 0       ; 0         ; 0    ; 0            ; |RISCV_Processor|regFile:RF|reg_N:reg29|dffg:\G_NBit_Reg:15:RegI                                                          ; dffg            ; work         ;
;          |dffg:\G_NBit_Reg:16:RegI|              ; 0 (0)               ; 1 (1)                     ; 0           ; 0            ; 0       ; 0         ; 0    ; 0            ; |RISCV_Processor|regFile:RF|reg_N:reg29|dffg:\G_NBit_Reg:16:RegI                                                          ; dffg            ; work         ;
;          |dffg:\G_NBit_Reg:17:RegI|              ; 0 (0)               ; 1 (1)                     ; 0           ; 0            ; 0       ; 0         ; 0    ; 0            ; |RISCV_Processor|regFile:RF|reg_N:reg29|dffg:\G_NBit_Reg:17:RegI                                                          ; dffg            ; work         ;
;          |dffg:\G_NBit_Reg:18:RegI|              ; 0 (0)               ; 1 (1)                     ; 0           ; 0            ; 0       ; 0         ; 0    ; 0            ; |RISCV_Processor|regFile:RF|reg_N:reg29|dffg:\G_NBit_Reg:18:RegI                                                          ; dffg            ; work         ;
;          |dffg:\G_NBit_Reg:19:RegI|              ; 0 (0)               ; 1 (1)                     ; 0           ; 0            ; 0       ; 0         ; 0    ; 0            ; |RISCV_Processor|regFile:RF|reg_N:reg29|dffg:\G_NBit_Reg:19:RegI                                                          ; dffg            ; work         ;
;          |dffg:\G_NBit_Reg:1:RegI|               ; 0 (0)               ; 1 (1)                     ; 0           ; 0            ; 0       ; 0         ; 0    ; 0            ; |RISCV_Processor|regFile:RF|reg_N:reg29|dffg:\G_NBit_Reg:1:RegI                                                           ; dffg            ; work         ;
;          |dffg:\G_NBit_Reg:20:RegI|              ; 0 (0)               ; 1 (1)                     ; 0           ; 0            ; 0       ; 0         ; 0    ; 0            ; |RISCV_Processor|regFile:RF|reg_N:reg29|dffg:\G_NBit_Reg:20:RegI                                                          ; dffg            ; work         ;
;          |dffg:\G_NBit_Reg:21:RegI|              ; 0 (0)               ; 1 (1)                     ; 0           ; 0            ; 0       ; 0         ; 0    ; 0            ; |RISCV_Processor|regFile:RF|reg_N:reg29|dffg:\G_NBit_Reg:21:RegI                                                          ; dffg            ; work         ;
;          |dffg:\G_NBit_Reg:22:RegI|              ; 0 (0)               ; 1 (1)                     ; 0           ; 0            ; 0       ; 0         ; 0    ; 0            ; |RISCV_Processor|regFile:RF|reg_N:reg29|dffg:\G_NBit_Reg:22:RegI                                                          ; dffg            ; work         ;
;          |dffg:\G_NBit_Reg:23:RegI|              ; 0 (0)               ; 1 (1)                     ; 0           ; 0            ; 0       ; 0         ; 0    ; 0            ; |RISCV_Processor|regFile:RF|reg_N:reg29|dffg:\G_NBit_Reg:23:RegI                                                          ; dffg            ; work         ;
;          |dffg:\G_NBit_Reg:24:RegI|              ; 0 (0)               ; 1 (1)                     ; 0           ; 0            ; 0       ; 0         ; 0    ; 0            ; |RISCV_Processor|regFile:RF|reg_N:reg29|dffg:\G_NBit_Reg:24:RegI                                                          ; dffg            ; work         ;
;          |dffg:\G_NBit_Reg:25:RegI|              ; 0 (0)               ; 1 (1)                     ; 0           ; 0            ; 0       ; 0         ; 0    ; 0            ; |RISCV_Processor|regFile:RF|reg_N:reg29|dffg:\G_NBit_Reg:25:RegI                                                          ; dffg            ; work         ;
;          |dffg:\G_NBit_Reg:26:RegI|              ; 0 (0)               ; 1 (1)                     ; 0           ; 0            ; 0       ; 0         ; 0    ; 0            ; |RISCV_Processor|regFile:RF|reg_N:reg29|dffg:\G_NBit_Reg:26:RegI                                                          ; dffg            ; work         ;
;          |dffg:\G_NBit_Reg:27:RegI|              ; 0 (0)               ; 1 (1)                     ; 0           ; 0            ; 0       ; 0         ; 0    ; 0            ; |RISCV_Processor|regFile:RF|reg_N:reg29|dffg:\G_NBit_Reg:27:RegI                                                          ; dffg            ; work         ;
;          |dffg:\G_NBit_Reg:28:RegI|              ; 0 (0)               ; 1 (1)                     ; 0           ; 0            ; 0       ; 0         ; 0    ; 0            ; |RISCV_Processor|regFile:RF|reg_N:reg29|dffg:\G_NBit_Reg:28:RegI                                                          ; dffg            ; work         ;
;          |dffg:\G_NBit_Reg:29:RegI|              ; 0 (0)               ; 1 (1)                     ; 0           ; 0            ; 0       ; 0         ; 0    ; 0            ; |RISCV_Processor|regFile:RF|reg_N:reg29|dffg:\G_NBit_Reg:29:RegI                                                          ; dffg            ; work         ;
;          |dffg:\G_NBit_Reg:2:RegI|               ; 0 (0)               ; 1 (1)                     ; 0           ; 0            ; 0       ; 0         ; 0    ; 0            ; |RISCV_Processor|regFile:RF|reg_N:reg29|dffg:\G_NBit_Reg:2:RegI                                                           ; dffg            ; work         ;
;          |dffg:\G_NBit_Reg:30:RegI|              ; 0 (0)               ; 1 (1)                     ; 0           ; 0            ; 0       ; 0         ; 0    ; 0            ; |RISCV_Processor|regFile:RF|reg_N:reg29|dffg:\G_NBit_Reg:30:RegI                                                          ; dffg            ; work         ;
;          |dffg:\G_NBit_Reg:31:RegI|              ; 0 (0)               ; 1 (1)                     ; 0           ; 0            ; 0       ; 0         ; 0    ; 0            ; |RISCV_Processor|regFile:RF|reg_N:reg29|dffg:\G_NBit_Reg:31:RegI                                                          ; dffg            ; work         ;
;          |dffg:\G_NBit_Reg:3:RegI|               ; 0 (0)               ; 1 (1)                     ; 0           ; 0            ; 0       ; 0         ; 0    ; 0            ; |RISCV_Processor|regFile:RF|reg_N:reg29|dffg:\G_NBit_Reg:3:RegI                                                           ; dffg            ; work         ;
;          |dffg:\G_NBit_Reg:4:RegI|               ; 0 (0)               ; 1 (1)                     ; 0           ; 0            ; 0       ; 0         ; 0    ; 0            ; |RISCV_Processor|regFile:RF|reg_N:reg29|dffg:\G_NBit_Reg:4:RegI                                                           ; dffg            ; work         ;
;          |dffg:\G_NBit_Reg:5:RegI|               ; 0 (0)               ; 1 (1)                     ; 0           ; 0            ; 0       ; 0         ; 0    ; 0            ; |RISCV_Processor|regFile:RF|reg_N:reg29|dffg:\G_NBit_Reg:5:RegI                                                           ; dffg            ; work         ;
;          |dffg:\G_NBit_Reg:6:RegI|               ; 0 (0)               ; 1 (1)                     ; 0           ; 0            ; 0       ; 0         ; 0    ; 0            ; |RISCV_Processor|regFile:RF|reg_N:reg29|dffg:\G_NBit_Reg:6:RegI                                                           ; dffg            ; work         ;
;          |dffg:\G_NBit_Reg:7:RegI|               ; 0 (0)               ; 1 (1)                     ; 0           ; 0            ; 0       ; 0         ; 0    ; 0            ; |RISCV_Processor|regFile:RF|reg_N:reg29|dffg:\G_NBit_Reg:7:RegI                                                           ; dffg            ; work         ;
;          |dffg:\G_NBit_Reg:8:RegI|               ; 0 (0)               ; 1 (1)                     ; 0           ; 0            ; 0       ; 0         ; 0    ; 0            ; |RISCV_Processor|regFile:RF|reg_N:reg29|dffg:\G_NBit_Reg:8:RegI                                                           ; dffg            ; work         ;
;          |dffg:\G_NBit_Reg:9:RegI|               ; 0 (0)               ; 1 (1)                     ; 0           ; 0            ; 0       ; 0         ; 0    ; 0            ; |RISCV_Processor|regFile:RF|reg_N:reg29|dffg:\G_NBit_Reg:9:RegI                                                           ; dffg            ; work         ;
;       |reg_N:reg2|                               ; 0 (0)               ; 32 (0)                    ; 0           ; 0            ; 0       ; 0         ; 0    ; 0            ; |RISCV_Processor|regFile:RF|reg_N:reg2                                                                                    ; reg_N           ; work         ;
;          |dffg:\G_NBit_Reg:0:RegI|               ; 0 (0)               ; 1 (1)                     ; 0           ; 0            ; 0       ; 0         ; 0    ; 0            ; |RISCV_Processor|regFile:RF|reg_N:reg2|dffg:\G_NBit_Reg:0:RegI                                                            ; dffg            ; work         ;
;          |dffg:\G_NBit_Reg:10:RegI|              ; 0 (0)               ; 1 (1)                     ; 0           ; 0            ; 0       ; 0         ; 0    ; 0            ; |RISCV_Processor|regFile:RF|reg_N:reg2|dffg:\G_NBit_Reg:10:RegI                                                           ; dffg            ; work         ;
;          |dffg:\G_NBit_Reg:11:RegI|              ; 0 (0)               ; 1 (1)                     ; 0           ; 0            ; 0       ; 0         ; 0    ; 0            ; |RISCV_Processor|regFile:RF|reg_N:reg2|dffg:\G_NBit_Reg:11:RegI                                                           ; dffg            ; work         ;
;          |dffg:\G_NBit_Reg:12:RegI|              ; 0 (0)               ; 1 (1)                     ; 0           ; 0            ; 0       ; 0         ; 0    ; 0            ; |RISCV_Processor|regFile:RF|reg_N:reg2|dffg:\G_NBit_Reg:12:RegI                                                           ; dffg            ; work         ;
;          |dffg:\G_NBit_Reg:13:RegI|              ; 0 (0)               ; 1 (1)                     ; 0           ; 0            ; 0       ; 0         ; 0    ; 0            ; |RISCV_Processor|regFile:RF|reg_N:reg2|dffg:\G_NBit_Reg:13:RegI                                                           ; dffg            ; work         ;
;          |dffg:\G_NBit_Reg:14:RegI|              ; 0 (0)               ; 1 (1)                     ; 0           ; 0            ; 0       ; 0         ; 0    ; 0            ; |RISCV_Processor|regFile:RF|reg_N:reg2|dffg:\G_NBit_Reg:14:RegI                                                           ; dffg            ; work         ;
;          |dffg:\G_NBit_Reg:15:RegI|              ; 0 (0)               ; 1 (1)                     ; 0           ; 0            ; 0       ; 0         ; 0    ; 0            ; |RISCV_Processor|regFile:RF|reg_N:reg2|dffg:\G_NBit_Reg:15:RegI                                                           ; dffg            ; work         ;
;          |dffg:\G_NBit_Reg:16:RegI|              ; 0 (0)               ; 1 (1)                     ; 0           ; 0            ; 0       ; 0         ; 0    ; 0            ; |RISCV_Processor|regFile:RF|reg_N:reg2|dffg:\G_NBit_Reg:16:RegI                                                           ; dffg            ; work         ;
;          |dffg:\G_NBit_Reg:17:RegI|              ; 0 (0)               ; 1 (1)                     ; 0           ; 0            ; 0       ; 0         ; 0    ; 0            ; |RISCV_Processor|regFile:RF|reg_N:reg2|dffg:\G_NBit_Reg:17:RegI                                                           ; dffg            ; work         ;
;          |dffg:\G_NBit_Reg:18:RegI|              ; 0 (0)               ; 1 (1)                     ; 0           ; 0            ; 0       ; 0         ; 0    ; 0            ; |RISCV_Processor|regFile:RF|reg_N:reg2|dffg:\G_NBit_Reg:18:RegI                                                           ; dffg            ; work         ;
;          |dffg:\G_NBit_Reg:19:RegI|              ; 0 (0)               ; 1 (1)                     ; 0           ; 0            ; 0       ; 0         ; 0    ; 0            ; |RISCV_Processor|regFile:RF|reg_N:reg2|dffg:\G_NBit_Reg:19:RegI                                                           ; dffg            ; work         ;
;          |dffg:\G_NBit_Reg:1:RegI|               ; 0 (0)               ; 1 (1)                     ; 0           ; 0            ; 0       ; 0         ; 0    ; 0            ; |RISCV_Processor|regFile:RF|reg_N:reg2|dffg:\G_NBit_Reg:1:RegI                                                            ; dffg            ; work         ;
;          |dffg:\G_NBit_Reg:20:RegI|              ; 0 (0)               ; 1 (1)                     ; 0           ; 0            ; 0       ; 0         ; 0    ; 0            ; |RISCV_Processor|regFile:RF|reg_N:reg2|dffg:\G_NBit_Reg:20:RegI                                                           ; dffg            ; work         ;
;          |dffg:\G_NBit_Reg:21:RegI|              ; 0 (0)               ; 1 (1)                     ; 0           ; 0            ; 0       ; 0         ; 0    ; 0            ; |RISCV_Processor|regFile:RF|reg_N:reg2|dffg:\G_NBit_Reg:21:RegI                                                           ; dffg            ; work         ;
;          |dffg:\G_NBit_Reg:22:RegI|              ; 0 (0)               ; 1 (1)                     ; 0           ; 0            ; 0       ; 0         ; 0    ; 0            ; |RISCV_Processor|regFile:RF|reg_N:reg2|dffg:\G_NBit_Reg:22:RegI                                                           ; dffg            ; work         ;
;          |dffg:\G_NBit_Reg:23:RegI|              ; 0 (0)               ; 1 (1)                     ; 0           ; 0            ; 0       ; 0         ; 0    ; 0            ; |RISCV_Processor|regFile:RF|reg_N:reg2|dffg:\G_NBit_Reg:23:RegI                                                           ; dffg            ; work         ;
;          |dffg:\G_NBit_Reg:24:RegI|              ; 0 (0)               ; 1 (1)                     ; 0           ; 0            ; 0       ; 0         ; 0    ; 0            ; |RISCV_Processor|regFile:RF|reg_N:reg2|dffg:\G_NBit_Reg:24:RegI                                                           ; dffg            ; work         ;
;          |dffg:\G_NBit_Reg:25:RegI|              ; 0 (0)               ; 1 (1)                     ; 0           ; 0            ; 0       ; 0         ; 0    ; 0            ; |RISCV_Processor|regFile:RF|reg_N:reg2|dffg:\G_NBit_Reg:25:RegI                                                           ; dffg            ; work         ;
;          |dffg:\G_NBit_Reg:26:RegI|              ; 0 (0)               ; 1 (1)                     ; 0           ; 0            ; 0       ; 0         ; 0    ; 0            ; |RISCV_Processor|regFile:RF|reg_N:reg2|dffg:\G_NBit_Reg:26:RegI                                                           ; dffg            ; work         ;
;          |dffg:\G_NBit_Reg:27:RegI|              ; 0 (0)               ; 1 (1)                     ; 0           ; 0            ; 0       ; 0         ; 0    ; 0            ; |RISCV_Processor|regFile:RF|reg_N:reg2|dffg:\G_NBit_Reg:27:RegI                                                           ; dffg            ; work         ;
;          |dffg:\G_NBit_Reg:28:RegI|              ; 0 (0)               ; 1 (1)                     ; 0           ; 0            ; 0       ; 0         ; 0    ; 0            ; |RISCV_Processor|regFile:RF|reg_N:reg2|dffg:\G_NBit_Reg:28:RegI                                                           ; dffg            ; work         ;
;          |dffg:\G_NBit_Reg:29:RegI|              ; 0 (0)               ; 1 (1)                     ; 0           ; 0            ; 0       ; 0         ; 0    ; 0            ; |RISCV_Processor|regFile:RF|reg_N:reg2|dffg:\G_NBit_Reg:29:RegI                                                           ; dffg            ; work         ;
;          |dffg:\G_NBit_Reg:2:RegI|               ; 0 (0)               ; 1 (1)                     ; 0           ; 0            ; 0       ; 0         ; 0    ; 0            ; |RISCV_Processor|regFile:RF|reg_N:reg2|dffg:\G_NBit_Reg:2:RegI                                                            ; dffg            ; work         ;
;          |dffg:\G_NBit_Reg:30:RegI|              ; 0 (0)               ; 1 (1)                     ; 0           ; 0            ; 0       ; 0         ; 0    ; 0            ; |RISCV_Processor|regFile:RF|reg_N:reg2|dffg:\G_NBit_Reg:30:RegI                                                           ; dffg            ; work         ;
;          |dffg:\G_NBit_Reg:31:RegI|              ; 0 (0)               ; 1 (1)                     ; 0           ; 0            ; 0       ; 0         ; 0    ; 0            ; |RISCV_Processor|regFile:RF|reg_N:reg2|dffg:\G_NBit_Reg:31:RegI                                                           ; dffg            ; work         ;
;          |dffg:\G_NBit_Reg:3:RegI|               ; 0 (0)               ; 1 (1)                     ; 0           ; 0            ; 0       ; 0         ; 0    ; 0            ; |RISCV_Processor|regFile:RF|reg_N:reg2|dffg:\G_NBit_Reg:3:RegI                                                            ; dffg            ; work         ;
;          |dffg:\G_NBit_Reg:4:RegI|               ; 0 (0)               ; 1 (1)                     ; 0           ; 0            ; 0       ; 0         ; 0    ; 0            ; |RISCV_Processor|regFile:RF|reg_N:reg2|dffg:\G_NBit_Reg:4:RegI                                                            ; dffg            ; work         ;
;          |dffg:\G_NBit_Reg:5:RegI|               ; 0 (0)               ; 1 (1)                     ; 0           ; 0            ; 0       ; 0         ; 0    ; 0            ; |RISCV_Processor|regFile:RF|reg_N:reg2|dffg:\G_NBit_Reg:5:RegI                                                            ; dffg            ; work         ;
;          |dffg:\G_NBit_Reg:6:RegI|               ; 0 (0)               ; 1 (1)                     ; 0           ; 0            ; 0       ; 0         ; 0    ; 0            ; |RISCV_Processor|regFile:RF|reg_N:reg2|dffg:\G_NBit_Reg:6:RegI                                                            ; dffg            ; work         ;
;          |dffg:\G_NBit_Reg:7:RegI|               ; 0 (0)               ; 1 (1)                     ; 0           ; 0            ; 0       ; 0         ; 0    ; 0            ; |RISCV_Processor|regFile:RF|reg_N:reg2|dffg:\G_NBit_Reg:7:RegI                                                            ; dffg            ; work         ;
;          |dffg:\G_NBit_Reg:8:RegI|               ; 0 (0)               ; 1 (1)                     ; 0           ; 0            ; 0       ; 0         ; 0    ; 0            ; |RISCV_Processor|regFile:RF|reg_N:reg2|dffg:\G_NBit_Reg:8:RegI                                                            ; dffg            ; work         ;
;          |dffg:\G_NBit_Reg:9:RegI|               ; 0 (0)               ; 1 (1)                     ; 0           ; 0            ; 0       ; 0         ; 0    ; 0            ; |RISCV_Processor|regFile:RF|reg_N:reg2|dffg:\G_NBit_Reg:9:RegI                                                            ; dffg            ; work         ;
;       |reg_N:reg30|                              ; 0 (0)               ; 32 (0)                    ; 0           ; 0            ; 0       ; 0         ; 0    ; 0            ; |RISCV_Processor|regFile:RF|reg_N:reg30                                                                                   ; reg_N           ; work         ;
;          |dffg:\G_NBit_Reg:0:RegI|               ; 0 (0)               ; 1 (1)                     ; 0           ; 0            ; 0       ; 0         ; 0    ; 0            ; |RISCV_Processor|regFile:RF|reg_N:reg30|dffg:\G_NBit_Reg:0:RegI                                                           ; dffg            ; work         ;
;          |dffg:\G_NBit_Reg:10:RegI|              ; 0 (0)               ; 1 (1)                     ; 0           ; 0            ; 0       ; 0         ; 0    ; 0            ; |RISCV_Processor|regFile:RF|reg_N:reg30|dffg:\G_NBit_Reg:10:RegI                                                          ; dffg            ; work         ;
;          |dffg:\G_NBit_Reg:11:RegI|              ; 0 (0)               ; 1 (1)                     ; 0           ; 0            ; 0       ; 0         ; 0    ; 0            ; |RISCV_Processor|regFile:RF|reg_N:reg30|dffg:\G_NBit_Reg:11:RegI                                                          ; dffg            ; work         ;
;          |dffg:\G_NBit_Reg:12:RegI|              ; 0 (0)               ; 1 (1)                     ; 0           ; 0            ; 0       ; 0         ; 0    ; 0            ; |RISCV_Processor|regFile:RF|reg_N:reg30|dffg:\G_NBit_Reg:12:RegI                                                          ; dffg            ; work         ;
;          |dffg:\G_NBit_Reg:13:RegI|              ; 0 (0)               ; 1 (1)                     ; 0           ; 0            ; 0       ; 0         ; 0    ; 0            ; |RISCV_Processor|regFile:RF|reg_N:reg30|dffg:\G_NBit_Reg:13:RegI                                                          ; dffg            ; work         ;
;          |dffg:\G_NBit_Reg:14:RegI|              ; 0 (0)               ; 1 (1)                     ; 0           ; 0            ; 0       ; 0         ; 0    ; 0            ; |RISCV_Processor|regFile:RF|reg_N:reg30|dffg:\G_NBit_Reg:14:RegI                                                          ; dffg            ; work         ;
;          |dffg:\G_NBit_Reg:15:RegI|              ; 0 (0)               ; 1 (1)                     ; 0           ; 0            ; 0       ; 0         ; 0    ; 0            ; |RISCV_Processor|regFile:RF|reg_N:reg30|dffg:\G_NBit_Reg:15:RegI                                                          ; dffg            ; work         ;
;          |dffg:\G_NBit_Reg:16:RegI|              ; 0 (0)               ; 1 (1)                     ; 0           ; 0            ; 0       ; 0         ; 0    ; 0            ; |RISCV_Processor|regFile:RF|reg_N:reg30|dffg:\G_NBit_Reg:16:RegI                                                          ; dffg            ; work         ;
;          |dffg:\G_NBit_Reg:17:RegI|              ; 0 (0)               ; 1 (1)                     ; 0           ; 0            ; 0       ; 0         ; 0    ; 0            ; |RISCV_Processor|regFile:RF|reg_N:reg30|dffg:\G_NBit_Reg:17:RegI                                                          ; dffg            ; work         ;
;          |dffg:\G_NBit_Reg:18:RegI|              ; 0 (0)               ; 1 (1)                     ; 0           ; 0            ; 0       ; 0         ; 0    ; 0            ; |RISCV_Processor|regFile:RF|reg_N:reg30|dffg:\G_NBit_Reg:18:RegI                                                          ; dffg            ; work         ;
;          |dffg:\G_NBit_Reg:19:RegI|              ; 0 (0)               ; 1 (1)                     ; 0           ; 0            ; 0       ; 0         ; 0    ; 0            ; |RISCV_Processor|regFile:RF|reg_N:reg30|dffg:\G_NBit_Reg:19:RegI                                                          ; dffg            ; work         ;
;          |dffg:\G_NBit_Reg:1:RegI|               ; 0 (0)               ; 1 (1)                     ; 0           ; 0            ; 0       ; 0         ; 0    ; 0            ; |RISCV_Processor|regFile:RF|reg_N:reg30|dffg:\G_NBit_Reg:1:RegI                                                           ; dffg            ; work         ;
;          |dffg:\G_NBit_Reg:20:RegI|              ; 0 (0)               ; 1 (1)                     ; 0           ; 0            ; 0       ; 0         ; 0    ; 0            ; |RISCV_Processor|regFile:RF|reg_N:reg30|dffg:\G_NBit_Reg:20:RegI                                                          ; dffg            ; work         ;
;          |dffg:\G_NBit_Reg:21:RegI|              ; 0 (0)               ; 1 (1)                     ; 0           ; 0            ; 0       ; 0         ; 0    ; 0            ; |RISCV_Processor|regFile:RF|reg_N:reg30|dffg:\G_NBit_Reg:21:RegI                                                          ; dffg            ; work         ;
;          |dffg:\G_NBit_Reg:22:RegI|              ; 0 (0)               ; 1 (1)                     ; 0           ; 0            ; 0       ; 0         ; 0    ; 0            ; |RISCV_Processor|regFile:RF|reg_N:reg30|dffg:\G_NBit_Reg:22:RegI                                                          ; dffg            ; work         ;
;          |dffg:\G_NBit_Reg:23:RegI|              ; 0 (0)               ; 1 (1)                     ; 0           ; 0            ; 0       ; 0         ; 0    ; 0            ; |RISCV_Processor|regFile:RF|reg_N:reg30|dffg:\G_NBit_Reg:23:RegI                                                          ; dffg            ; work         ;
;          |dffg:\G_NBit_Reg:24:RegI|              ; 0 (0)               ; 1 (1)                     ; 0           ; 0            ; 0       ; 0         ; 0    ; 0            ; |RISCV_Processor|regFile:RF|reg_N:reg30|dffg:\G_NBit_Reg:24:RegI                                                          ; dffg            ; work         ;
;          |dffg:\G_NBit_Reg:25:RegI|              ; 0 (0)               ; 1 (1)                     ; 0           ; 0            ; 0       ; 0         ; 0    ; 0            ; |RISCV_Processor|regFile:RF|reg_N:reg30|dffg:\G_NBit_Reg:25:RegI                                                          ; dffg            ; work         ;
;          |dffg:\G_NBit_Reg:26:RegI|              ; 0 (0)               ; 1 (1)                     ; 0           ; 0            ; 0       ; 0         ; 0    ; 0            ; |RISCV_Processor|regFile:RF|reg_N:reg30|dffg:\G_NBit_Reg:26:RegI                                                          ; dffg            ; work         ;
;          |dffg:\G_NBit_Reg:27:RegI|              ; 0 (0)               ; 1 (1)                     ; 0           ; 0            ; 0       ; 0         ; 0    ; 0            ; |RISCV_Processor|regFile:RF|reg_N:reg30|dffg:\G_NBit_Reg:27:RegI                                                          ; dffg            ; work         ;
;          |dffg:\G_NBit_Reg:28:RegI|              ; 0 (0)               ; 1 (1)                     ; 0           ; 0            ; 0       ; 0         ; 0    ; 0            ; |RISCV_Processor|regFile:RF|reg_N:reg30|dffg:\G_NBit_Reg:28:RegI                                                          ; dffg            ; work         ;
;          |dffg:\G_NBit_Reg:29:RegI|              ; 0 (0)               ; 1 (1)                     ; 0           ; 0            ; 0       ; 0         ; 0    ; 0            ; |RISCV_Processor|regFile:RF|reg_N:reg30|dffg:\G_NBit_Reg:29:RegI                                                          ; dffg            ; work         ;
;          |dffg:\G_NBit_Reg:2:RegI|               ; 0 (0)               ; 1 (1)                     ; 0           ; 0            ; 0       ; 0         ; 0    ; 0            ; |RISCV_Processor|regFile:RF|reg_N:reg30|dffg:\G_NBit_Reg:2:RegI                                                           ; dffg            ; work         ;
;          |dffg:\G_NBit_Reg:30:RegI|              ; 0 (0)               ; 1 (1)                     ; 0           ; 0            ; 0       ; 0         ; 0    ; 0            ; |RISCV_Processor|regFile:RF|reg_N:reg30|dffg:\G_NBit_Reg:30:RegI                                                          ; dffg            ; work         ;
;          |dffg:\G_NBit_Reg:31:RegI|              ; 0 (0)               ; 1 (1)                     ; 0           ; 0            ; 0       ; 0         ; 0    ; 0            ; |RISCV_Processor|regFile:RF|reg_N:reg30|dffg:\G_NBit_Reg:31:RegI                                                          ; dffg            ; work         ;
;          |dffg:\G_NBit_Reg:3:RegI|               ; 0 (0)               ; 1 (1)                     ; 0           ; 0            ; 0       ; 0         ; 0    ; 0            ; |RISCV_Processor|regFile:RF|reg_N:reg30|dffg:\G_NBit_Reg:3:RegI                                                           ; dffg            ; work         ;
;          |dffg:\G_NBit_Reg:4:RegI|               ; 0 (0)               ; 1 (1)                     ; 0           ; 0            ; 0       ; 0         ; 0    ; 0            ; |RISCV_Processor|regFile:RF|reg_N:reg30|dffg:\G_NBit_Reg:4:RegI                                                           ; dffg            ; work         ;
;          |dffg:\G_NBit_Reg:5:RegI|               ; 0 (0)               ; 1 (1)                     ; 0           ; 0            ; 0       ; 0         ; 0    ; 0            ; |RISCV_Processor|regFile:RF|reg_N:reg30|dffg:\G_NBit_Reg:5:RegI                                                           ; dffg            ; work         ;
;          |dffg:\G_NBit_Reg:6:RegI|               ; 0 (0)               ; 1 (1)                     ; 0           ; 0            ; 0       ; 0         ; 0    ; 0            ; |RISCV_Processor|regFile:RF|reg_N:reg30|dffg:\G_NBit_Reg:6:RegI                                                           ; dffg            ; work         ;
;          |dffg:\G_NBit_Reg:7:RegI|               ; 0 (0)               ; 1 (1)                     ; 0           ; 0            ; 0       ; 0         ; 0    ; 0            ; |RISCV_Processor|regFile:RF|reg_N:reg30|dffg:\G_NBit_Reg:7:RegI                                                           ; dffg            ; work         ;
;          |dffg:\G_NBit_Reg:8:RegI|               ; 0 (0)               ; 1 (1)                     ; 0           ; 0            ; 0       ; 0         ; 0    ; 0            ; |RISCV_Processor|regFile:RF|reg_N:reg30|dffg:\G_NBit_Reg:8:RegI                                                           ; dffg            ; work         ;
;          |dffg:\G_NBit_Reg:9:RegI|               ; 0 (0)               ; 1 (1)                     ; 0           ; 0            ; 0       ; 0         ; 0    ; 0            ; |RISCV_Processor|regFile:RF|reg_N:reg30|dffg:\G_NBit_Reg:9:RegI                                                           ; dffg            ; work         ;
;       |reg_N:reg31|                              ; 0 (0)               ; 32 (0)                    ; 0           ; 0            ; 0       ; 0         ; 0    ; 0            ; |RISCV_Processor|regFile:RF|reg_N:reg31                                                                                   ; reg_N           ; work         ;
;          |dffg:\G_NBit_Reg:0:RegI|               ; 0 (0)               ; 1 (1)                     ; 0           ; 0            ; 0       ; 0         ; 0    ; 0            ; |RISCV_Processor|regFile:RF|reg_N:reg31|dffg:\G_NBit_Reg:0:RegI                                                           ; dffg            ; work         ;
;          |dffg:\G_NBit_Reg:10:RegI|              ; 0 (0)               ; 1 (1)                     ; 0           ; 0            ; 0       ; 0         ; 0    ; 0            ; |RISCV_Processor|regFile:RF|reg_N:reg31|dffg:\G_NBit_Reg:10:RegI                                                          ; dffg            ; work         ;
;          |dffg:\G_NBit_Reg:11:RegI|              ; 0 (0)               ; 1 (1)                     ; 0           ; 0            ; 0       ; 0         ; 0    ; 0            ; |RISCV_Processor|regFile:RF|reg_N:reg31|dffg:\G_NBit_Reg:11:RegI                                                          ; dffg            ; work         ;
;          |dffg:\G_NBit_Reg:12:RegI|              ; 0 (0)               ; 1 (1)                     ; 0           ; 0            ; 0       ; 0         ; 0    ; 0            ; |RISCV_Processor|regFile:RF|reg_N:reg31|dffg:\G_NBit_Reg:12:RegI                                                          ; dffg            ; work         ;
;          |dffg:\G_NBit_Reg:13:RegI|              ; 0 (0)               ; 1 (1)                     ; 0           ; 0            ; 0       ; 0         ; 0    ; 0            ; |RISCV_Processor|regFile:RF|reg_N:reg31|dffg:\G_NBit_Reg:13:RegI                                                          ; dffg            ; work         ;
;          |dffg:\G_NBit_Reg:14:RegI|              ; 0 (0)               ; 1 (1)                     ; 0           ; 0            ; 0       ; 0         ; 0    ; 0            ; |RISCV_Processor|regFile:RF|reg_N:reg31|dffg:\G_NBit_Reg:14:RegI                                                          ; dffg            ; work         ;
;          |dffg:\G_NBit_Reg:15:RegI|              ; 0 (0)               ; 1 (1)                     ; 0           ; 0            ; 0       ; 0         ; 0    ; 0            ; |RISCV_Processor|regFile:RF|reg_N:reg31|dffg:\G_NBit_Reg:15:RegI                                                          ; dffg            ; work         ;
;          |dffg:\G_NBit_Reg:16:RegI|              ; 0 (0)               ; 1 (1)                     ; 0           ; 0            ; 0       ; 0         ; 0    ; 0            ; |RISCV_Processor|regFile:RF|reg_N:reg31|dffg:\G_NBit_Reg:16:RegI                                                          ; dffg            ; work         ;
;          |dffg:\G_NBit_Reg:17:RegI|              ; 0 (0)               ; 1 (1)                     ; 0           ; 0            ; 0       ; 0         ; 0    ; 0            ; |RISCV_Processor|regFile:RF|reg_N:reg31|dffg:\G_NBit_Reg:17:RegI                                                          ; dffg            ; work         ;
;          |dffg:\G_NBit_Reg:18:RegI|              ; 0 (0)               ; 1 (1)                     ; 0           ; 0            ; 0       ; 0         ; 0    ; 0            ; |RISCV_Processor|regFile:RF|reg_N:reg31|dffg:\G_NBit_Reg:18:RegI                                                          ; dffg            ; work         ;
;          |dffg:\G_NBit_Reg:19:RegI|              ; 0 (0)               ; 1 (1)                     ; 0           ; 0            ; 0       ; 0         ; 0    ; 0            ; |RISCV_Processor|regFile:RF|reg_N:reg31|dffg:\G_NBit_Reg:19:RegI                                                          ; dffg            ; work         ;
;          |dffg:\G_NBit_Reg:1:RegI|               ; 0 (0)               ; 1 (1)                     ; 0           ; 0            ; 0       ; 0         ; 0    ; 0            ; |RISCV_Processor|regFile:RF|reg_N:reg31|dffg:\G_NBit_Reg:1:RegI                                                           ; dffg            ; work         ;
;          |dffg:\G_NBit_Reg:20:RegI|              ; 0 (0)               ; 1 (1)                     ; 0           ; 0            ; 0       ; 0         ; 0    ; 0            ; |RISCV_Processor|regFile:RF|reg_N:reg31|dffg:\G_NBit_Reg:20:RegI                                                          ; dffg            ; work         ;
;          |dffg:\G_NBit_Reg:21:RegI|              ; 0 (0)               ; 1 (1)                     ; 0           ; 0            ; 0       ; 0         ; 0    ; 0            ; |RISCV_Processor|regFile:RF|reg_N:reg31|dffg:\G_NBit_Reg:21:RegI                                                          ; dffg            ; work         ;
;          |dffg:\G_NBit_Reg:22:RegI|              ; 0 (0)               ; 1 (1)                     ; 0           ; 0            ; 0       ; 0         ; 0    ; 0            ; |RISCV_Processor|regFile:RF|reg_N:reg31|dffg:\G_NBit_Reg:22:RegI                                                          ; dffg            ; work         ;
;          |dffg:\G_NBit_Reg:23:RegI|              ; 0 (0)               ; 1 (1)                     ; 0           ; 0            ; 0       ; 0         ; 0    ; 0            ; |RISCV_Processor|regFile:RF|reg_N:reg31|dffg:\G_NBit_Reg:23:RegI                                                          ; dffg            ; work         ;
;          |dffg:\G_NBit_Reg:24:RegI|              ; 0 (0)               ; 1 (1)                     ; 0           ; 0            ; 0       ; 0         ; 0    ; 0            ; |RISCV_Processor|regFile:RF|reg_N:reg31|dffg:\G_NBit_Reg:24:RegI                                                          ; dffg            ; work         ;
;          |dffg:\G_NBit_Reg:25:RegI|              ; 0 (0)               ; 1 (1)                     ; 0           ; 0            ; 0       ; 0         ; 0    ; 0            ; |RISCV_Processor|regFile:RF|reg_N:reg31|dffg:\G_NBit_Reg:25:RegI                                                          ; dffg            ; work         ;
;          |dffg:\G_NBit_Reg:26:RegI|              ; 0 (0)               ; 1 (1)                     ; 0           ; 0            ; 0       ; 0         ; 0    ; 0            ; |RISCV_Processor|regFile:RF|reg_N:reg31|dffg:\G_NBit_Reg:26:RegI                                                          ; dffg            ; work         ;
;          |dffg:\G_NBit_Reg:27:RegI|              ; 0 (0)               ; 1 (1)                     ; 0           ; 0            ; 0       ; 0         ; 0    ; 0            ; |RISCV_Processor|regFile:RF|reg_N:reg31|dffg:\G_NBit_Reg:27:RegI                                                          ; dffg            ; work         ;
;          |dffg:\G_NBit_Reg:28:RegI|              ; 0 (0)               ; 1 (1)                     ; 0           ; 0            ; 0       ; 0         ; 0    ; 0            ; |RISCV_Processor|regFile:RF|reg_N:reg31|dffg:\G_NBit_Reg:28:RegI                                                          ; dffg            ; work         ;
;          |dffg:\G_NBit_Reg:29:RegI|              ; 0 (0)               ; 1 (1)                     ; 0           ; 0            ; 0       ; 0         ; 0    ; 0            ; |RISCV_Processor|regFile:RF|reg_N:reg31|dffg:\G_NBit_Reg:29:RegI                                                          ; dffg            ; work         ;
;          |dffg:\G_NBit_Reg:2:RegI|               ; 0 (0)               ; 1 (1)                     ; 0           ; 0            ; 0       ; 0         ; 0    ; 0            ; |RISCV_Processor|regFile:RF|reg_N:reg31|dffg:\G_NBit_Reg:2:RegI                                                           ; dffg            ; work         ;
;          |dffg:\G_NBit_Reg:30:RegI|              ; 0 (0)               ; 1 (1)                     ; 0           ; 0            ; 0       ; 0         ; 0    ; 0            ; |RISCV_Processor|regFile:RF|reg_N:reg31|dffg:\G_NBit_Reg:30:RegI                                                          ; dffg            ; work         ;
;          |dffg:\G_NBit_Reg:31:RegI|              ; 0 (0)               ; 1 (1)                     ; 0           ; 0            ; 0       ; 0         ; 0    ; 0            ; |RISCV_Processor|regFile:RF|reg_N:reg31|dffg:\G_NBit_Reg:31:RegI                                                          ; dffg            ; work         ;
;          |dffg:\G_NBit_Reg:3:RegI|               ; 0 (0)               ; 1 (1)                     ; 0           ; 0            ; 0       ; 0         ; 0    ; 0            ; |RISCV_Processor|regFile:RF|reg_N:reg31|dffg:\G_NBit_Reg:3:RegI                                                           ; dffg            ; work         ;
;          |dffg:\G_NBit_Reg:4:RegI|               ; 0 (0)               ; 1 (1)                     ; 0           ; 0            ; 0       ; 0         ; 0    ; 0            ; |RISCV_Processor|regFile:RF|reg_N:reg31|dffg:\G_NBit_Reg:4:RegI                                                           ; dffg            ; work         ;
;          |dffg:\G_NBit_Reg:5:RegI|               ; 0 (0)               ; 1 (1)                     ; 0           ; 0            ; 0       ; 0         ; 0    ; 0            ; |RISCV_Processor|regFile:RF|reg_N:reg31|dffg:\G_NBit_Reg:5:RegI                                                           ; dffg            ; work         ;
;          |dffg:\G_NBit_Reg:6:RegI|               ; 0 (0)               ; 1 (1)                     ; 0           ; 0            ; 0       ; 0         ; 0    ; 0            ; |RISCV_Processor|regFile:RF|reg_N:reg31|dffg:\G_NBit_Reg:6:RegI                                                           ; dffg            ; work         ;
;          |dffg:\G_NBit_Reg:7:RegI|               ; 0 (0)               ; 1 (1)                     ; 0           ; 0            ; 0       ; 0         ; 0    ; 0            ; |RISCV_Processor|regFile:RF|reg_N:reg31|dffg:\G_NBit_Reg:7:RegI                                                           ; dffg            ; work         ;
;          |dffg:\G_NBit_Reg:8:RegI|               ; 0 (0)               ; 1 (1)                     ; 0           ; 0            ; 0       ; 0         ; 0    ; 0            ; |RISCV_Processor|regFile:RF|reg_N:reg31|dffg:\G_NBit_Reg:8:RegI                                                           ; dffg            ; work         ;
;          |dffg:\G_NBit_Reg:9:RegI|               ; 0 (0)               ; 1 (1)                     ; 0           ; 0            ; 0       ; 0         ; 0    ; 0            ; |RISCV_Processor|regFile:RF|reg_N:reg31|dffg:\G_NBit_Reg:9:RegI                                                           ; dffg            ; work         ;
;       |reg_N:reg3|                               ; 0 (0)               ; 32 (0)                    ; 0           ; 0            ; 0       ; 0         ; 0    ; 0            ; |RISCV_Processor|regFile:RF|reg_N:reg3                                                                                    ; reg_N           ; work         ;
;          |dffg:\G_NBit_Reg:0:RegI|               ; 0 (0)               ; 1 (1)                     ; 0           ; 0            ; 0       ; 0         ; 0    ; 0            ; |RISCV_Processor|regFile:RF|reg_N:reg3|dffg:\G_NBit_Reg:0:RegI                                                            ; dffg            ; work         ;
;          |dffg:\G_NBit_Reg:10:RegI|              ; 0 (0)               ; 1 (1)                     ; 0           ; 0            ; 0       ; 0         ; 0    ; 0            ; |RISCV_Processor|regFile:RF|reg_N:reg3|dffg:\G_NBit_Reg:10:RegI                                                           ; dffg            ; work         ;
;          |dffg:\G_NBit_Reg:11:RegI|              ; 0 (0)               ; 1 (1)                     ; 0           ; 0            ; 0       ; 0         ; 0    ; 0            ; |RISCV_Processor|regFile:RF|reg_N:reg3|dffg:\G_NBit_Reg:11:RegI                                                           ; dffg            ; work         ;
;          |dffg:\G_NBit_Reg:12:RegI|              ; 0 (0)               ; 1 (1)                     ; 0           ; 0            ; 0       ; 0         ; 0    ; 0            ; |RISCV_Processor|regFile:RF|reg_N:reg3|dffg:\G_NBit_Reg:12:RegI                                                           ; dffg            ; work         ;
;          |dffg:\G_NBit_Reg:13:RegI|              ; 0 (0)               ; 1 (1)                     ; 0           ; 0            ; 0       ; 0         ; 0    ; 0            ; |RISCV_Processor|regFile:RF|reg_N:reg3|dffg:\G_NBit_Reg:13:RegI                                                           ; dffg            ; work         ;
;          |dffg:\G_NBit_Reg:14:RegI|              ; 0 (0)               ; 1 (1)                     ; 0           ; 0            ; 0       ; 0         ; 0    ; 0            ; |RISCV_Processor|regFile:RF|reg_N:reg3|dffg:\G_NBit_Reg:14:RegI                                                           ; dffg            ; work         ;
;          |dffg:\G_NBit_Reg:15:RegI|              ; 0 (0)               ; 1 (1)                     ; 0           ; 0            ; 0       ; 0         ; 0    ; 0            ; |RISCV_Processor|regFile:RF|reg_N:reg3|dffg:\G_NBit_Reg:15:RegI                                                           ; dffg            ; work         ;
;          |dffg:\G_NBit_Reg:16:RegI|              ; 0 (0)               ; 1 (1)                     ; 0           ; 0            ; 0       ; 0         ; 0    ; 0            ; |RISCV_Processor|regFile:RF|reg_N:reg3|dffg:\G_NBit_Reg:16:RegI                                                           ; dffg            ; work         ;
;          |dffg:\G_NBit_Reg:17:RegI|              ; 0 (0)               ; 1 (1)                     ; 0           ; 0            ; 0       ; 0         ; 0    ; 0            ; |RISCV_Processor|regFile:RF|reg_N:reg3|dffg:\G_NBit_Reg:17:RegI                                                           ; dffg            ; work         ;
;          |dffg:\G_NBit_Reg:18:RegI|              ; 0 (0)               ; 1 (1)                     ; 0           ; 0            ; 0       ; 0         ; 0    ; 0            ; |RISCV_Processor|regFile:RF|reg_N:reg3|dffg:\G_NBit_Reg:18:RegI                                                           ; dffg            ; work         ;
;          |dffg:\G_NBit_Reg:19:RegI|              ; 0 (0)               ; 1 (1)                     ; 0           ; 0            ; 0       ; 0         ; 0    ; 0            ; |RISCV_Processor|regFile:RF|reg_N:reg3|dffg:\G_NBit_Reg:19:RegI                                                           ; dffg            ; work         ;
;          |dffg:\G_NBit_Reg:1:RegI|               ; 0 (0)               ; 1 (1)                     ; 0           ; 0            ; 0       ; 0         ; 0    ; 0            ; |RISCV_Processor|regFile:RF|reg_N:reg3|dffg:\G_NBit_Reg:1:RegI                                                            ; dffg            ; work         ;
;          |dffg:\G_NBit_Reg:20:RegI|              ; 0 (0)               ; 1 (1)                     ; 0           ; 0            ; 0       ; 0         ; 0    ; 0            ; |RISCV_Processor|regFile:RF|reg_N:reg3|dffg:\G_NBit_Reg:20:RegI                                                           ; dffg            ; work         ;
;          |dffg:\G_NBit_Reg:21:RegI|              ; 0 (0)               ; 1 (1)                     ; 0           ; 0            ; 0       ; 0         ; 0    ; 0            ; |RISCV_Processor|regFile:RF|reg_N:reg3|dffg:\G_NBit_Reg:21:RegI                                                           ; dffg            ; work         ;
;          |dffg:\G_NBit_Reg:22:RegI|              ; 0 (0)               ; 1 (1)                     ; 0           ; 0            ; 0       ; 0         ; 0    ; 0            ; |RISCV_Processor|regFile:RF|reg_N:reg3|dffg:\G_NBit_Reg:22:RegI                                                           ; dffg            ; work         ;
;          |dffg:\G_NBit_Reg:23:RegI|              ; 0 (0)               ; 1 (1)                     ; 0           ; 0            ; 0       ; 0         ; 0    ; 0            ; |RISCV_Processor|regFile:RF|reg_N:reg3|dffg:\G_NBit_Reg:23:RegI                                                           ; dffg            ; work         ;
;          |dffg:\G_NBit_Reg:24:RegI|              ; 0 (0)               ; 1 (1)                     ; 0           ; 0            ; 0       ; 0         ; 0    ; 0            ; |RISCV_Processor|regFile:RF|reg_N:reg3|dffg:\G_NBit_Reg:24:RegI                                                           ; dffg            ; work         ;
;          |dffg:\G_NBit_Reg:25:RegI|              ; 0 (0)               ; 1 (1)                     ; 0           ; 0            ; 0       ; 0         ; 0    ; 0            ; |RISCV_Processor|regFile:RF|reg_N:reg3|dffg:\G_NBit_Reg:25:RegI                                                           ; dffg            ; work         ;
;          |dffg:\G_NBit_Reg:26:RegI|              ; 0 (0)               ; 1 (1)                     ; 0           ; 0            ; 0       ; 0         ; 0    ; 0            ; |RISCV_Processor|regFile:RF|reg_N:reg3|dffg:\G_NBit_Reg:26:RegI                                                           ; dffg            ; work         ;
;          |dffg:\G_NBit_Reg:27:RegI|              ; 0 (0)               ; 1 (1)                     ; 0           ; 0            ; 0       ; 0         ; 0    ; 0            ; |RISCV_Processor|regFile:RF|reg_N:reg3|dffg:\G_NBit_Reg:27:RegI                                                           ; dffg            ; work         ;
;          |dffg:\G_NBit_Reg:28:RegI|              ; 0 (0)               ; 1 (1)                     ; 0           ; 0            ; 0       ; 0         ; 0    ; 0            ; |RISCV_Processor|regFile:RF|reg_N:reg3|dffg:\G_NBit_Reg:28:RegI                                                           ; dffg            ; work         ;
;          |dffg:\G_NBit_Reg:29:RegI|              ; 0 (0)               ; 1 (1)                     ; 0           ; 0            ; 0       ; 0         ; 0    ; 0            ; |RISCV_Processor|regFile:RF|reg_N:reg3|dffg:\G_NBit_Reg:29:RegI                                                           ; dffg            ; work         ;
;          |dffg:\G_NBit_Reg:2:RegI|               ; 0 (0)               ; 1 (1)                     ; 0           ; 0            ; 0       ; 0         ; 0    ; 0            ; |RISCV_Processor|regFile:RF|reg_N:reg3|dffg:\G_NBit_Reg:2:RegI                                                            ; dffg            ; work         ;
;          |dffg:\G_NBit_Reg:30:RegI|              ; 0 (0)               ; 1 (1)                     ; 0           ; 0            ; 0       ; 0         ; 0    ; 0            ; |RISCV_Processor|regFile:RF|reg_N:reg3|dffg:\G_NBit_Reg:30:RegI                                                           ; dffg            ; work         ;
;          |dffg:\G_NBit_Reg:31:RegI|              ; 0 (0)               ; 1 (1)                     ; 0           ; 0            ; 0       ; 0         ; 0    ; 0            ; |RISCV_Processor|regFile:RF|reg_N:reg3|dffg:\G_NBit_Reg:31:RegI                                                           ; dffg            ; work         ;
;          |dffg:\G_NBit_Reg:3:RegI|               ; 0 (0)               ; 1 (1)                     ; 0           ; 0            ; 0       ; 0         ; 0    ; 0            ; |RISCV_Processor|regFile:RF|reg_N:reg3|dffg:\G_NBit_Reg:3:RegI                                                            ; dffg            ; work         ;
;          |dffg:\G_NBit_Reg:4:RegI|               ; 0 (0)               ; 1 (1)                     ; 0           ; 0            ; 0       ; 0         ; 0    ; 0            ; |RISCV_Processor|regFile:RF|reg_N:reg3|dffg:\G_NBit_Reg:4:RegI                                                            ; dffg            ; work         ;
;          |dffg:\G_NBit_Reg:5:RegI|               ; 0 (0)               ; 1 (1)                     ; 0           ; 0            ; 0       ; 0         ; 0    ; 0            ; |RISCV_Processor|regFile:RF|reg_N:reg3|dffg:\G_NBit_Reg:5:RegI                                                            ; dffg            ; work         ;
;          |dffg:\G_NBit_Reg:6:RegI|               ; 0 (0)               ; 1 (1)                     ; 0           ; 0            ; 0       ; 0         ; 0    ; 0            ; |RISCV_Processor|regFile:RF|reg_N:reg3|dffg:\G_NBit_Reg:6:RegI                                                            ; dffg            ; work         ;
;          |dffg:\G_NBit_Reg:7:RegI|               ; 0 (0)               ; 1 (1)                     ; 0           ; 0            ; 0       ; 0         ; 0    ; 0            ; |RISCV_Processor|regFile:RF|reg_N:reg3|dffg:\G_NBit_Reg:7:RegI                                                            ; dffg            ; work         ;
;          |dffg:\G_NBit_Reg:8:RegI|               ; 0 (0)               ; 1 (1)                     ; 0           ; 0            ; 0       ; 0         ; 0    ; 0            ; |RISCV_Processor|regFile:RF|reg_N:reg3|dffg:\G_NBit_Reg:8:RegI                                                            ; dffg            ; work         ;
;          |dffg:\G_NBit_Reg:9:RegI|               ; 0 (0)               ; 1 (1)                     ; 0           ; 0            ; 0       ; 0         ; 0    ; 0            ; |RISCV_Processor|regFile:RF|reg_N:reg3|dffg:\G_NBit_Reg:9:RegI                                                            ; dffg            ; work         ;
;       |reg_N:reg4|                               ; 0 (0)               ; 32 (0)                    ; 0           ; 0            ; 0       ; 0         ; 0    ; 0            ; |RISCV_Processor|regFile:RF|reg_N:reg4                                                                                    ; reg_N           ; work         ;
;          |dffg:\G_NBit_Reg:0:RegI|               ; 0 (0)               ; 1 (1)                     ; 0           ; 0            ; 0       ; 0         ; 0    ; 0            ; |RISCV_Processor|regFile:RF|reg_N:reg4|dffg:\G_NBit_Reg:0:RegI                                                            ; dffg            ; work         ;
;          |dffg:\G_NBit_Reg:10:RegI|              ; 0 (0)               ; 1 (1)                     ; 0           ; 0            ; 0       ; 0         ; 0    ; 0            ; |RISCV_Processor|regFile:RF|reg_N:reg4|dffg:\G_NBit_Reg:10:RegI                                                           ; dffg            ; work         ;
;          |dffg:\G_NBit_Reg:11:RegI|              ; 0 (0)               ; 1 (1)                     ; 0           ; 0            ; 0       ; 0         ; 0    ; 0            ; |RISCV_Processor|regFile:RF|reg_N:reg4|dffg:\G_NBit_Reg:11:RegI                                                           ; dffg            ; work         ;
;          |dffg:\G_NBit_Reg:12:RegI|              ; 0 (0)               ; 1 (1)                     ; 0           ; 0            ; 0       ; 0         ; 0    ; 0            ; |RISCV_Processor|regFile:RF|reg_N:reg4|dffg:\G_NBit_Reg:12:RegI                                                           ; dffg            ; work         ;
;          |dffg:\G_NBit_Reg:13:RegI|              ; 0 (0)               ; 1 (1)                     ; 0           ; 0            ; 0       ; 0         ; 0    ; 0            ; |RISCV_Processor|regFile:RF|reg_N:reg4|dffg:\G_NBit_Reg:13:RegI                                                           ; dffg            ; work         ;
;          |dffg:\G_NBit_Reg:14:RegI|              ; 0 (0)               ; 1 (1)                     ; 0           ; 0            ; 0       ; 0         ; 0    ; 0            ; |RISCV_Processor|regFile:RF|reg_N:reg4|dffg:\G_NBit_Reg:14:RegI                                                           ; dffg            ; work         ;
;          |dffg:\G_NBit_Reg:15:RegI|              ; 0 (0)               ; 1 (1)                     ; 0           ; 0            ; 0       ; 0         ; 0    ; 0            ; |RISCV_Processor|regFile:RF|reg_N:reg4|dffg:\G_NBit_Reg:15:RegI                                                           ; dffg            ; work         ;
;          |dffg:\G_NBit_Reg:16:RegI|              ; 0 (0)               ; 1 (1)                     ; 0           ; 0            ; 0       ; 0         ; 0    ; 0            ; |RISCV_Processor|regFile:RF|reg_N:reg4|dffg:\G_NBit_Reg:16:RegI                                                           ; dffg            ; work         ;
;          |dffg:\G_NBit_Reg:17:RegI|              ; 0 (0)               ; 1 (1)                     ; 0           ; 0            ; 0       ; 0         ; 0    ; 0            ; |RISCV_Processor|regFile:RF|reg_N:reg4|dffg:\G_NBit_Reg:17:RegI                                                           ; dffg            ; work         ;
;          |dffg:\G_NBit_Reg:18:RegI|              ; 0 (0)               ; 1 (1)                     ; 0           ; 0            ; 0       ; 0         ; 0    ; 0            ; |RISCV_Processor|regFile:RF|reg_N:reg4|dffg:\G_NBit_Reg:18:RegI                                                           ; dffg            ; work         ;
;          |dffg:\G_NBit_Reg:19:RegI|              ; 0 (0)               ; 1 (1)                     ; 0           ; 0            ; 0       ; 0         ; 0    ; 0            ; |RISCV_Processor|regFile:RF|reg_N:reg4|dffg:\G_NBit_Reg:19:RegI                                                           ; dffg            ; work         ;
;          |dffg:\G_NBit_Reg:1:RegI|               ; 0 (0)               ; 1 (1)                     ; 0           ; 0            ; 0       ; 0         ; 0    ; 0            ; |RISCV_Processor|regFile:RF|reg_N:reg4|dffg:\G_NBit_Reg:1:RegI                                                            ; dffg            ; work         ;
;          |dffg:\G_NBit_Reg:20:RegI|              ; 0 (0)               ; 1 (1)                     ; 0           ; 0            ; 0       ; 0         ; 0    ; 0            ; |RISCV_Processor|regFile:RF|reg_N:reg4|dffg:\G_NBit_Reg:20:RegI                                                           ; dffg            ; work         ;
;          |dffg:\G_NBit_Reg:21:RegI|              ; 0 (0)               ; 1 (1)                     ; 0           ; 0            ; 0       ; 0         ; 0    ; 0            ; |RISCV_Processor|regFile:RF|reg_N:reg4|dffg:\G_NBit_Reg:21:RegI                                                           ; dffg            ; work         ;
;          |dffg:\G_NBit_Reg:22:RegI|              ; 0 (0)               ; 1 (1)                     ; 0           ; 0            ; 0       ; 0         ; 0    ; 0            ; |RISCV_Processor|regFile:RF|reg_N:reg4|dffg:\G_NBit_Reg:22:RegI                                                           ; dffg            ; work         ;
;          |dffg:\G_NBit_Reg:23:RegI|              ; 0 (0)               ; 1 (1)                     ; 0           ; 0            ; 0       ; 0         ; 0    ; 0            ; |RISCV_Processor|regFile:RF|reg_N:reg4|dffg:\G_NBit_Reg:23:RegI                                                           ; dffg            ; work         ;
;          |dffg:\G_NBit_Reg:24:RegI|              ; 0 (0)               ; 1 (1)                     ; 0           ; 0            ; 0       ; 0         ; 0    ; 0            ; |RISCV_Processor|regFile:RF|reg_N:reg4|dffg:\G_NBit_Reg:24:RegI                                                           ; dffg            ; work         ;
;          |dffg:\G_NBit_Reg:25:RegI|              ; 0 (0)               ; 1 (1)                     ; 0           ; 0            ; 0       ; 0         ; 0    ; 0            ; |RISCV_Processor|regFile:RF|reg_N:reg4|dffg:\G_NBit_Reg:25:RegI                                                           ; dffg            ; work         ;
;          |dffg:\G_NBit_Reg:26:RegI|              ; 0 (0)               ; 1 (1)                     ; 0           ; 0            ; 0       ; 0         ; 0    ; 0            ; |RISCV_Processor|regFile:RF|reg_N:reg4|dffg:\G_NBit_Reg:26:RegI                                                           ; dffg            ; work         ;
;          |dffg:\G_NBit_Reg:27:RegI|              ; 0 (0)               ; 1 (1)                     ; 0           ; 0            ; 0       ; 0         ; 0    ; 0            ; |RISCV_Processor|regFile:RF|reg_N:reg4|dffg:\G_NBit_Reg:27:RegI                                                           ; dffg            ; work         ;
;          |dffg:\G_NBit_Reg:28:RegI|              ; 0 (0)               ; 1 (1)                     ; 0           ; 0            ; 0       ; 0         ; 0    ; 0            ; |RISCV_Processor|regFile:RF|reg_N:reg4|dffg:\G_NBit_Reg:28:RegI                                                           ; dffg            ; work         ;
;          |dffg:\G_NBit_Reg:29:RegI|              ; 0 (0)               ; 1 (1)                     ; 0           ; 0            ; 0       ; 0         ; 0    ; 0            ; |RISCV_Processor|regFile:RF|reg_N:reg4|dffg:\G_NBit_Reg:29:RegI                                                           ; dffg            ; work         ;
;          |dffg:\G_NBit_Reg:2:RegI|               ; 0 (0)               ; 1 (1)                     ; 0           ; 0            ; 0       ; 0         ; 0    ; 0            ; |RISCV_Processor|regFile:RF|reg_N:reg4|dffg:\G_NBit_Reg:2:RegI                                                            ; dffg            ; work         ;
;          |dffg:\G_NBit_Reg:30:RegI|              ; 0 (0)               ; 1 (1)                     ; 0           ; 0            ; 0       ; 0         ; 0    ; 0            ; |RISCV_Processor|regFile:RF|reg_N:reg4|dffg:\G_NBit_Reg:30:RegI                                                           ; dffg            ; work         ;
;          |dffg:\G_NBit_Reg:31:RegI|              ; 0 (0)               ; 1 (1)                     ; 0           ; 0            ; 0       ; 0         ; 0    ; 0            ; |RISCV_Processor|regFile:RF|reg_N:reg4|dffg:\G_NBit_Reg:31:RegI                                                           ; dffg            ; work         ;
;          |dffg:\G_NBit_Reg:3:RegI|               ; 0 (0)               ; 1 (1)                     ; 0           ; 0            ; 0       ; 0         ; 0    ; 0            ; |RISCV_Processor|regFile:RF|reg_N:reg4|dffg:\G_NBit_Reg:3:RegI                                                            ; dffg            ; work         ;
;          |dffg:\G_NBit_Reg:4:RegI|               ; 0 (0)               ; 1 (1)                     ; 0           ; 0            ; 0       ; 0         ; 0    ; 0            ; |RISCV_Processor|regFile:RF|reg_N:reg4|dffg:\G_NBit_Reg:4:RegI                                                            ; dffg            ; work         ;
;          |dffg:\G_NBit_Reg:5:RegI|               ; 0 (0)               ; 1 (1)                     ; 0           ; 0            ; 0       ; 0         ; 0    ; 0            ; |RISCV_Processor|regFile:RF|reg_N:reg4|dffg:\G_NBit_Reg:5:RegI                                                            ; dffg            ; work         ;
;          |dffg:\G_NBit_Reg:6:RegI|               ; 0 (0)               ; 1 (1)                     ; 0           ; 0            ; 0       ; 0         ; 0    ; 0            ; |RISCV_Processor|regFile:RF|reg_N:reg4|dffg:\G_NBit_Reg:6:RegI                                                            ; dffg            ; work         ;
;          |dffg:\G_NBit_Reg:7:RegI|               ; 0 (0)               ; 1 (1)                     ; 0           ; 0            ; 0       ; 0         ; 0    ; 0            ; |RISCV_Processor|regFile:RF|reg_N:reg4|dffg:\G_NBit_Reg:7:RegI                                                            ; dffg            ; work         ;
;          |dffg:\G_NBit_Reg:8:RegI|               ; 0 (0)               ; 1 (1)                     ; 0           ; 0            ; 0       ; 0         ; 0    ; 0            ; |RISCV_Processor|regFile:RF|reg_N:reg4|dffg:\G_NBit_Reg:8:RegI                                                            ; dffg            ; work         ;
;          |dffg:\G_NBit_Reg:9:RegI|               ; 0 (0)               ; 1 (1)                     ; 0           ; 0            ; 0       ; 0         ; 0    ; 0            ; |RISCV_Processor|regFile:RF|reg_N:reg4|dffg:\G_NBit_Reg:9:RegI                                                            ; dffg            ; work         ;
;       |reg_N:reg5|                               ; 0 (0)               ; 32 (0)                    ; 0           ; 0            ; 0       ; 0         ; 0    ; 0            ; |RISCV_Processor|regFile:RF|reg_N:reg5                                                                                    ; reg_N           ; work         ;
;          |dffg:\G_NBit_Reg:0:RegI|               ; 0 (0)               ; 1 (1)                     ; 0           ; 0            ; 0       ; 0         ; 0    ; 0            ; |RISCV_Processor|regFile:RF|reg_N:reg5|dffg:\G_NBit_Reg:0:RegI                                                            ; dffg            ; work         ;
;          |dffg:\G_NBit_Reg:10:RegI|              ; 0 (0)               ; 1 (1)                     ; 0           ; 0            ; 0       ; 0         ; 0    ; 0            ; |RISCV_Processor|regFile:RF|reg_N:reg5|dffg:\G_NBit_Reg:10:RegI                                                           ; dffg            ; work         ;
;          |dffg:\G_NBit_Reg:11:RegI|              ; 0 (0)               ; 1 (1)                     ; 0           ; 0            ; 0       ; 0         ; 0    ; 0            ; |RISCV_Processor|regFile:RF|reg_N:reg5|dffg:\G_NBit_Reg:11:RegI                                                           ; dffg            ; work         ;
;          |dffg:\G_NBit_Reg:12:RegI|              ; 0 (0)               ; 1 (1)                     ; 0           ; 0            ; 0       ; 0         ; 0    ; 0            ; |RISCV_Processor|regFile:RF|reg_N:reg5|dffg:\G_NBit_Reg:12:RegI                                                           ; dffg            ; work         ;
;          |dffg:\G_NBit_Reg:13:RegI|              ; 0 (0)               ; 1 (1)                     ; 0           ; 0            ; 0       ; 0         ; 0    ; 0            ; |RISCV_Processor|regFile:RF|reg_N:reg5|dffg:\G_NBit_Reg:13:RegI                                                           ; dffg            ; work         ;
;          |dffg:\G_NBit_Reg:14:RegI|              ; 0 (0)               ; 1 (1)                     ; 0           ; 0            ; 0       ; 0         ; 0    ; 0            ; |RISCV_Processor|regFile:RF|reg_N:reg5|dffg:\G_NBit_Reg:14:RegI                                                           ; dffg            ; work         ;
;          |dffg:\G_NBit_Reg:15:RegI|              ; 0 (0)               ; 1 (1)                     ; 0           ; 0            ; 0       ; 0         ; 0    ; 0            ; |RISCV_Processor|regFile:RF|reg_N:reg5|dffg:\G_NBit_Reg:15:RegI                                                           ; dffg            ; work         ;
;          |dffg:\G_NBit_Reg:16:RegI|              ; 0 (0)               ; 1 (1)                     ; 0           ; 0            ; 0       ; 0         ; 0    ; 0            ; |RISCV_Processor|regFile:RF|reg_N:reg5|dffg:\G_NBit_Reg:16:RegI                                                           ; dffg            ; work         ;
;          |dffg:\G_NBit_Reg:17:RegI|              ; 0 (0)               ; 1 (1)                     ; 0           ; 0            ; 0       ; 0         ; 0    ; 0            ; |RISCV_Processor|regFile:RF|reg_N:reg5|dffg:\G_NBit_Reg:17:RegI                                                           ; dffg            ; work         ;
;          |dffg:\G_NBit_Reg:18:RegI|              ; 0 (0)               ; 1 (1)                     ; 0           ; 0            ; 0       ; 0         ; 0    ; 0            ; |RISCV_Processor|regFile:RF|reg_N:reg5|dffg:\G_NBit_Reg:18:RegI                                                           ; dffg            ; work         ;
;          |dffg:\G_NBit_Reg:19:RegI|              ; 0 (0)               ; 1 (1)                     ; 0           ; 0            ; 0       ; 0         ; 0    ; 0            ; |RISCV_Processor|regFile:RF|reg_N:reg5|dffg:\G_NBit_Reg:19:RegI                                                           ; dffg            ; work         ;
;          |dffg:\G_NBit_Reg:1:RegI|               ; 0 (0)               ; 1 (1)                     ; 0           ; 0            ; 0       ; 0         ; 0    ; 0            ; |RISCV_Processor|regFile:RF|reg_N:reg5|dffg:\G_NBit_Reg:1:RegI                                                            ; dffg            ; work         ;
;          |dffg:\G_NBit_Reg:20:RegI|              ; 0 (0)               ; 1 (1)                     ; 0           ; 0            ; 0       ; 0         ; 0    ; 0            ; |RISCV_Processor|regFile:RF|reg_N:reg5|dffg:\G_NBit_Reg:20:RegI                                                           ; dffg            ; work         ;
;          |dffg:\G_NBit_Reg:21:RegI|              ; 0 (0)               ; 1 (1)                     ; 0           ; 0            ; 0       ; 0         ; 0    ; 0            ; |RISCV_Processor|regFile:RF|reg_N:reg5|dffg:\G_NBit_Reg:21:RegI                                                           ; dffg            ; work         ;
;          |dffg:\G_NBit_Reg:22:RegI|              ; 0 (0)               ; 1 (1)                     ; 0           ; 0            ; 0       ; 0         ; 0    ; 0            ; |RISCV_Processor|regFile:RF|reg_N:reg5|dffg:\G_NBit_Reg:22:RegI                                                           ; dffg            ; work         ;
;          |dffg:\G_NBit_Reg:23:RegI|              ; 0 (0)               ; 1 (1)                     ; 0           ; 0            ; 0       ; 0         ; 0    ; 0            ; |RISCV_Processor|regFile:RF|reg_N:reg5|dffg:\G_NBit_Reg:23:RegI                                                           ; dffg            ; work         ;
;          |dffg:\G_NBit_Reg:24:RegI|              ; 0 (0)               ; 1 (1)                     ; 0           ; 0            ; 0       ; 0         ; 0    ; 0            ; |RISCV_Processor|regFile:RF|reg_N:reg5|dffg:\G_NBit_Reg:24:RegI                                                           ; dffg            ; work         ;
;          |dffg:\G_NBit_Reg:25:RegI|              ; 0 (0)               ; 1 (1)                     ; 0           ; 0            ; 0       ; 0         ; 0    ; 0            ; |RISCV_Processor|regFile:RF|reg_N:reg5|dffg:\G_NBit_Reg:25:RegI                                                           ; dffg            ; work         ;
;          |dffg:\G_NBit_Reg:26:RegI|              ; 0 (0)               ; 1 (1)                     ; 0           ; 0            ; 0       ; 0         ; 0    ; 0            ; |RISCV_Processor|regFile:RF|reg_N:reg5|dffg:\G_NBit_Reg:26:RegI                                                           ; dffg            ; work         ;
;          |dffg:\G_NBit_Reg:27:RegI|              ; 0 (0)               ; 1 (1)                     ; 0           ; 0            ; 0       ; 0         ; 0    ; 0            ; |RISCV_Processor|regFile:RF|reg_N:reg5|dffg:\G_NBit_Reg:27:RegI                                                           ; dffg            ; work         ;
;          |dffg:\G_NBit_Reg:28:RegI|              ; 0 (0)               ; 1 (1)                     ; 0           ; 0            ; 0       ; 0         ; 0    ; 0            ; |RISCV_Processor|regFile:RF|reg_N:reg5|dffg:\G_NBit_Reg:28:RegI                                                           ; dffg            ; work         ;
;          |dffg:\G_NBit_Reg:29:RegI|              ; 0 (0)               ; 1 (1)                     ; 0           ; 0            ; 0       ; 0         ; 0    ; 0            ; |RISCV_Processor|regFile:RF|reg_N:reg5|dffg:\G_NBit_Reg:29:RegI                                                           ; dffg            ; work         ;
;          |dffg:\G_NBit_Reg:2:RegI|               ; 0 (0)               ; 1 (1)                     ; 0           ; 0            ; 0       ; 0         ; 0    ; 0            ; |RISCV_Processor|regFile:RF|reg_N:reg5|dffg:\G_NBit_Reg:2:RegI                                                            ; dffg            ; work         ;
;          |dffg:\G_NBit_Reg:30:RegI|              ; 0 (0)               ; 1 (1)                     ; 0           ; 0            ; 0       ; 0         ; 0    ; 0            ; |RISCV_Processor|regFile:RF|reg_N:reg5|dffg:\G_NBit_Reg:30:RegI                                                           ; dffg            ; work         ;
;          |dffg:\G_NBit_Reg:31:RegI|              ; 0 (0)               ; 1 (1)                     ; 0           ; 0            ; 0       ; 0         ; 0    ; 0            ; |RISCV_Processor|regFile:RF|reg_N:reg5|dffg:\G_NBit_Reg:31:RegI                                                           ; dffg            ; work         ;
;          |dffg:\G_NBit_Reg:3:RegI|               ; 0 (0)               ; 1 (1)                     ; 0           ; 0            ; 0       ; 0         ; 0    ; 0            ; |RISCV_Processor|regFile:RF|reg_N:reg5|dffg:\G_NBit_Reg:3:RegI                                                            ; dffg            ; work         ;
;          |dffg:\G_NBit_Reg:4:RegI|               ; 0 (0)               ; 1 (1)                     ; 0           ; 0            ; 0       ; 0         ; 0    ; 0            ; |RISCV_Processor|regFile:RF|reg_N:reg5|dffg:\G_NBit_Reg:4:RegI                                                            ; dffg            ; work         ;
;          |dffg:\G_NBit_Reg:5:RegI|               ; 0 (0)               ; 1 (1)                     ; 0           ; 0            ; 0       ; 0         ; 0    ; 0            ; |RISCV_Processor|regFile:RF|reg_N:reg5|dffg:\G_NBit_Reg:5:RegI                                                            ; dffg            ; work         ;
;          |dffg:\G_NBit_Reg:6:RegI|               ; 0 (0)               ; 1 (1)                     ; 0           ; 0            ; 0       ; 0         ; 0    ; 0            ; |RISCV_Processor|regFile:RF|reg_N:reg5|dffg:\G_NBit_Reg:6:RegI                                                            ; dffg            ; work         ;
;          |dffg:\G_NBit_Reg:7:RegI|               ; 0 (0)               ; 1 (1)                     ; 0           ; 0            ; 0       ; 0         ; 0    ; 0            ; |RISCV_Processor|regFile:RF|reg_N:reg5|dffg:\G_NBit_Reg:7:RegI                                                            ; dffg            ; work         ;
;          |dffg:\G_NBit_Reg:8:RegI|               ; 0 (0)               ; 1 (1)                     ; 0           ; 0            ; 0       ; 0         ; 0    ; 0            ; |RISCV_Processor|regFile:RF|reg_N:reg5|dffg:\G_NBit_Reg:8:RegI                                                            ; dffg            ; work         ;
;          |dffg:\G_NBit_Reg:9:RegI|               ; 0 (0)               ; 1 (1)                     ; 0           ; 0            ; 0       ; 0         ; 0    ; 0            ; |RISCV_Processor|regFile:RF|reg_N:reg5|dffg:\G_NBit_Reg:9:RegI                                                            ; dffg            ; work         ;
;       |reg_N:reg6|                               ; 0 (0)               ; 32 (0)                    ; 0           ; 0            ; 0       ; 0         ; 0    ; 0            ; |RISCV_Processor|regFile:RF|reg_N:reg6                                                                                    ; reg_N           ; work         ;
;          |dffg:\G_NBit_Reg:0:RegI|               ; 0 (0)               ; 1 (1)                     ; 0           ; 0            ; 0       ; 0         ; 0    ; 0            ; |RISCV_Processor|regFile:RF|reg_N:reg6|dffg:\G_NBit_Reg:0:RegI                                                            ; dffg            ; work         ;
;          |dffg:\G_NBit_Reg:10:RegI|              ; 0 (0)               ; 1 (1)                     ; 0           ; 0            ; 0       ; 0         ; 0    ; 0            ; |RISCV_Processor|regFile:RF|reg_N:reg6|dffg:\G_NBit_Reg:10:RegI                                                           ; dffg            ; work         ;
;          |dffg:\G_NBit_Reg:11:RegI|              ; 0 (0)               ; 1 (1)                     ; 0           ; 0            ; 0       ; 0         ; 0    ; 0            ; |RISCV_Processor|regFile:RF|reg_N:reg6|dffg:\G_NBit_Reg:11:RegI                                                           ; dffg            ; work         ;
;          |dffg:\G_NBit_Reg:12:RegI|              ; 0 (0)               ; 1 (1)                     ; 0           ; 0            ; 0       ; 0         ; 0    ; 0            ; |RISCV_Processor|regFile:RF|reg_N:reg6|dffg:\G_NBit_Reg:12:RegI                                                           ; dffg            ; work         ;
;          |dffg:\G_NBit_Reg:13:RegI|              ; 0 (0)               ; 1 (1)                     ; 0           ; 0            ; 0       ; 0         ; 0    ; 0            ; |RISCV_Processor|regFile:RF|reg_N:reg6|dffg:\G_NBit_Reg:13:RegI                                                           ; dffg            ; work         ;
;          |dffg:\G_NBit_Reg:14:RegI|              ; 0 (0)               ; 1 (1)                     ; 0           ; 0            ; 0       ; 0         ; 0    ; 0            ; |RISCV_Processor|regFile:RF|reg_N:reg6|dffg:\G_NBit_Reg:14:RegI                                                           ; dffg            ; work         ;
;          |dffg:\G_NBit_Reg:15:RegI|              ; 0 (0)               ; 1 (1)                     ; 0           ; 0            ; 0       ; 0         ; 0    ; 0            ; |RISCV_Processor|regFile:RF|reg_N:reg6|dffg:\G_NBit_Reg:15:RegI                                                           ; dffg            ; work         ;
;          |dffg:\G_NBit_Reg:16:RegI|              ; 0 (0)               ; 1 (1)                     ; 0           ; 0            ; 0       ; 0         ; 0    ; 0            ; |RISCV_Processor|regFile:RF|reg_N:reg6|dffg:\G_NBit_Reg:16:RegI                                                           ; dffg            ; work         ;
;          |dffg:\G_NBit_Reg:17:RegI|              ; 0 (0)               ; 1 (1)                     ; 0           ; 0            ; 0       ; 0         ; 0    ; 0            ; |RISCV_Processor|regFile:RF|reg_N:reg6|dffg:\G_NBit_Reg:17:RegI                                                           ; dffg            ; work         ;
;          |dffg:\G_NBit_Reg:18:RegI|              ; 0 (0)               ; 1 (1)                     ; 0           ; 0            ; 0       ; 0         ; 0    ; 0            ; |RISCV_Processor|regFile:RF|reg_N:reg6|dffg:\G_NBit_Reg:18:RegI                                                           ; dffg            ; work         ;
;          |dffg:\G_NBit_Reg:19:RegI|              ; 0 (0)               ; 1 (1)                     ; 0           ; 0            ; 0       ; 0         ; 0    ; 0            ; |RISCV_Processor|regFile:RF|reg_N:reg6|dffg:\G_NBit_Reg:19:RegI                                                           ; dffg            ; work         ;
;          |dffg:\G_NBit_Reg:1:RegI|               ; 0 (0)               ; 1 (1)                     ; 0           ; 0            ; 0       ; 0         ; 0    ; 0            ; |RISCV_Processor|regFile:RF|reg_N:reg6|dffg:\G_NBit_Reg:1:RegI                                                            ; dffg            ; work         ;
;          |dffg:\G_NBit_Reg:20:RegI|              ; 0 (0)               ; 1 (1)                     ; 0           ; 0            ; 0       ; 0         ; 0    ; 0            ; |RISCV_Processor|regFile:RF|reg_N:reg6|dffg:\G_NBit_Reg:20:RegI                                                           ; dffg            ; work         ;
;          |dffg:\G_NBit_Reg:21:RegI|              ; 0 (0)               ; 1 (1)                     ; 0           ; 0            ; 0       ; 0         ; 0    ; 0            ; |RISCV_Processor|regFile:RF|reg_N:reg6|dffg:\G_NBit_Reg:21:RegI                                                           ; dffg            ; work         ;
;          |dffg:\G_NBit_Reg:22:RegI|              ; 0 (0)               ; 1 (1)                     ; 0           ; 0            ; 0       ; 0         ; 0    ; 0            ; |RISCV_Processor|regFile:RF|reg_N:reg6|dffg:\G_NBit_Reg:22:RegI                                                           ; dffg            ; work         ;
;          |dffg:\G_NBit_Reg:23:RegI|              ; 0 (0)               ; 1 (1)                     ; 0           ; 0            ; 0       ; 0         ; 0    ; 0            ; |RISCV_Processor|regFile:RF|reg_N:reg6|dffg:\G_NBit_Reg:23:RegI                                                           ; dffg            ; work         ;
;          |dffg:\G_NBit_Reg:24:RegI|              ; 0 (0)               ; 1 (1)                     ; 0           ; 0            ; 0       ; 0         ; 0    ; 0            ; |RISCV_Processor|regFile:RF|reg_N:reg6|dffg:\G_NBit_Reg:24:RegI                                                           ; dffg            ; work         ;
;          |dffg:\G_NBit_Reg:25:RegI|              ; 0 (0)               ; 1 (1)                     ; 0           ; 0            ; 0       ; 0         ; 0    ; 0            ; |RISCV_Processor|regFile:RF|reg_N:reg6|dffg:\G_NBit_Reg:25:RegI                                                           ; dffg            ; work         ;
;          |dffg:\G_NBit_Reg:26:RegI|              ; 0 (0)               ; 1 (1)                     ; 0           ; 0            ; 0       ; 0         ; 0    ; 0            ; |RISCV_Processor|regFile:RF|reg_N:reg6|dffg:\G_NBit_Reg:26:RegI                                                           ; dffg            ; work         ;
;          |dffg:\G_NBit_Reg:27:RegI|              ; 0 (0)               ; 1 (1)                     ; 0           ; 0            ; 0       ; 0         ; 0    ; 0            ; |RISCV_Processor|regFile:RF|reg_N:reg6|dffg:\G_NBit_Reg:27:RegI                                                           ; dffg            ; work         ;
;          |dffg:\G_NBit_Reg:28:RegI|              ; 0 (0)               ; 1 (1)                     ; 0           ; 0            ; 0       ; 0         ; 0    ; 0            ; |RISCV_Processor|regFile:RF|reg_N:reg6|dffg:\G_NBit_Reg:28:RegI                                                           ; dffg            ; work         ;
;          |dffg:\G_NBit_Reg:29:RegI|              ; 0 (0)               ; 1 (1)                     ; 0           ; 0            ; 0       ; 0         ; 0    ; 0            ; |RISCV_Processor|regFile:RF|reg_N:reg6|dffg:\G_NBit_Reg:29:RegI                                                           ; dffg            ; work         ;
;          |dffg:\G_NBit_Reg:2:RegI|               ; 0 (0)               ; 1 (1)                     ; 0           ; 0            ; 0       ; 0         ; 0    ; 0            ; |RISCV_Processor|regFile:RF|reg_N:reg6|dffg:\G_NBit_Reg:2:RegI                                                            ; dffg            ; work         ;
;          |dffg:\G_NBit_Reg:30:RegI|              ; 0 (0)               ; 1 (1)                     ; 0           ; 0            ; 0       ; 0         ; 0    ; 0            ; |RISCV_Processor|regFile:RF|reg_N:reg6|dffg:\G_NBit_Reg:30:RegI                                                           ; dffg            ; work         ;
;          |dffg:\G_NBit_Reg:31:RegI|              ; 0 (0)               ; 1 (1)                     ; 0           ; 0            ; 0       ; 0         ; 0    ; 0            ; |RISCV_Processor|regFile:RF|reg_N:reg6|dffg:\G_NBit_Reg:31:RegI                                                           ; dffg            ; work         ;
;          |dffg:\G_NBit_Reg:3:RegI|               ; 0 (0)               ; 1 (1)                     ; 0           ; 0            ; 0       ; 0         ; 0    ; 0            ; |RISCV_Processor|regFile:RF|reg_N:reg6|dffg:\G_NBit_Reg:3:RegI                                                            ; dffg            ; work         ;
;          |dffg:\G_NBit_Reg:4:RegI|               ; 0 (0)               ; 1 (1)                     ; 0           ; 0            ; 0       ; 0         ; 0    ; 0            ; |RISCV_Processor|regFile:RF|reg_N:reg6|dffg:\G_NBit_Reg:4:RegI                                                            ; dffg            ; work         ;
;          |dffg:\G_NBit_Reg:5:RegI|               ; 0 (0)               ; 1 (1)                     ; 0           ; 0            ; 0       ; 0         ; 0    ; 0            ; |RISCV_Processor|regFile:RF|reg_N:reg6|dffg:\G_NBit_Reg:5:RegI                                                            ; dffg            ; work         ;
;          |dffg:\G_NBit_Reg:6:RegI|               ; 0 (0)               ; 1 (1)                     ; 0           ; 0            ; 0       ; 0         ; 0    ; 0            ; |RISCV_Processor|regFile:RF|reg_N:reg6|dffg:\G_NBit_Reg:6:RegI                                                            ; dffg            ; work         ;
;          |dffg:\G_NBit_Reg:7:RegI|               ; 0 (0)               ; 1 (1)                     ; 0           ; 0            ; 0       ; 0         ; 0    ; 0            ; |RISCV_Processor|regFile:RF|reg_N:reg6|dffg:\G_NBit_Reg:7:RegI                                                            ; dffg            ; work         ;
;          |dffg:\G_NBit_Reg:8:RegI|               ; 0 (0)               ; 1 (1)                     ; 0           ; 0            ; 0       ; 0         ; 0    ; 0            ; |RISCV_Processor|regFile:RF|reg_N:reg6|dffg:\G_NBit_Reg:8:RegI                                                            ; dffg            ; work         ;
;          |dffg:\G_NBit_Reg:9:RegI|               ; 0 (0)               ; 1 (1)                     ; 0           ; 0            ; 0       ; 0         ; 0    ; 0            ; |RISCV_Processor|regFile:RF|reg_N:reg6|dffg:\G_NBit_Reg:9:RegI                                                            ; dffg            ; work         ;
;       |reg_N:reg7|                               ; 0 (0)               ; 32 (0)                    ; 0           ; 0            ; 0       ; 0         ; 0    ; 0            ; |RISCV_Processor|regFile:RF|reg_N:reg7                                                                                    ; reg_N           ; work         ;
;          |dffg:\G_NBit_Reg:0:RegI|               ; 0 (0)               ; 1 (1)                     ; 0           ; 0            ; 0       ; 0         ; 0    ; 0            ; |RISCV_Processor|regFile:RF|reg_N:reg7|dffg:\G_NBit_Reg:0:RegI                                                            ; dffg            ; work         ;
;          |dffg:\G_NBit_Reg:10:RegI|              ; 0 (0)               ; 1 (1)                     ; 0           ; 0            ; 0       ; 0         ; 0    ; 0            ; |RISCV_Processor|regFile:RF|reg_N:reg7|dffg:\G_NBit_Reg:10:RegI                                                           ; dffg            ; work         ;
;          |dffg:\G_NBit_Reg:11:RegI|              ; 0 (0)               ; 1 (1)                     ; 0           ; 0            ; 0       ; 0         ; 0    ; 0            ; |RISCV_Processor|regFile:RF|reg_N:reg7|dffg:\G_NBit_Reg:11:RegI                                                           ; dffg            ; work         ;
;          |dffg:\G_NBit_Reg:12:RegI|              ; 0 (0)               ; 1 (1)                     ; 0           ; 0            ; 0       ; 0         ; 0    ; 0            ; |RISCV_Processor|regFile:RF|reg_N:reg7|dffg:\G_NBit_Reg:12:RegI                                                           ; dffg            ; work         ;
;          |dffg:\G_NBit_Reg:13:RegI|              ; 0 (0)               ; 1 (1)                     ; 0           ; 0            ; 0       ; 0         ; 0    ; 0            ; |RISCV_Processor|regFile:RF|reg_N:reg7|dffg:\G_NBit_Reg:13:RegI                                                           ; dffg            ; work         ;
;          |dffg:\G_NBit_Reg:14:RegI|              ; 0 (0)               ; 1 (1)                     ; 0           ; 0            ; 0       ; 0         ; 0    ; 0            ; |RISCV_Processor|regFile:RF|reg_N:reg7|dffg:\G_NBit_Reg:14:RegI                                                           ; dffg            ; work         ;
;          |dffg:\G_NBit_Reg:15:RegI|              ; 0 (0)               ; 1 (1)                     ; 0           ; 0            ; 0       ; 0         ; 0    ; 0            ; |RISCV_Processor|regFile:RF|reg_N:reg7|dffg:\G_NBit_Reg:15:RegI                                                           ; dffg            ; work         ;
;          |dffg:\G_NBit_Reg:16:RegI|              ; 0 (0)               ; 1 (1)                     ; 0           ; 0            ; 0       ; 0         ; 0    ; 0            ; |RISCV_Processor|regFile:RF|reg_N:reg7|dffg:\G_NBit_Reg:16:RegI                                                           ; dffg            ; work         ;
;          |dffg:\G_NBit_Reg:17:RegI|              ; 0 (0)               ; 1 (1)                     ; 0           ; 0            ; 0       ; 0         ; 0    ; 0            ; |RISCV_Processor|regFile:RF|reg_N:reg7|dffg:\G_NBit_Reg:17:RegI                                                           ; dffg            ; work         ;
;          |dffg:\G_NBit_Reg:18:RegI|              ; 0 (0)               ; 1 (1)                     ; 0           ; 0            ; 0       ; 0         ; 0    ; 0            ; |RISCV_Processor|regFile:RF|reg_N:reg7|dffg:\G_NBit_Reg:18:RegI                                                           ; dffg            ; work         ;
;          |dffg:\G_NBit_Reg:19:RegI|              ; 0 (0)               ; 1 (1)                     ; 0           ; 0            ; 0       ; 0         ; 0    ; 0            ; |RISCV_Processor|regFile:RF|reg_N:reg7|dffg:\G_NBit_Reg:19:RegI                                                           ; dffg            ; work         ;
;          |dffg:\G_NBit_Reg:1:RegI|               ; 0 (0)               ; 1 (1)                     ; 0           ; 0            ; 0       ; 0         ; 0    ; 0            ; |RISCV_Processor|regFile:RF|reg_N:reg7|dffg:\G_NBit_Reg:1:RegI                                                            ; dffg            ; work         ;
;          |dffg:\G_NBit_Reg:20:RegI|              ; 0 (0)               ; 1 (1)                     ; 0           ; 0            ; 0       ; 0         ; 0    ; 0            ; |RISCV_Processor|regFile:RF|reg_N:reg7|dffg:\G_NBit_Reg:20:RegI                                                           ; dffg            ; work         ;
;          |dffg:\G_NBit_Reg:21:RegI|              ; 0 (0)               ; 1 (1)                     ; 0           ; 0            ; 0       ; 0         ; 0    ; 0            ; |RISCV_Processor|regFile:RF|reg_N:reg7|dffg:\G_NBit_Reg:21:RegI                                                           ; dffg            ; work         ;
;          |dffg:\G_NBit_Reg:22:RegI|              ; 0 (0)               ; 1 (1)                     ; 0           ; 0            ; 0       ; 0         ; 0    ; 0            ; |RISCV_Processor|regFile:RF|reg_N:reg7|dffg:\G_NBit_Reg:22:RegI                                                           ; dffg            ; work         ;
;          |dffg:\G_NBit_Reg:23:RegI|              ; 0 (0)               ; 1 (1)                     ; 0           ; 0            ; 0       ; 0         ; 0    ; 0            ; |RISCV_Processor|regFile:RF|reg_N:reg7|dffg:\G_NBit_Reg:23:RegI                                                           ; dffg            ; work         ;
;          |dffg:\G_NBit_Reg:24:RegI|              ; 0 (0)               ; 1 (1)                     ; 0           ; 0            ; 0       ; 0         ; 0    ; 0            ; |RISCV_Processor|regFile:RF|reg_N:reg7|dffg:\G_NBit_Reg:24:RegI                                                           ; dffg            ; work         ;
;          |dffg:\G_NBit_Reg:25:RegI|              ; 0 (0)               ; 1 (1)                     ; 0           ; 0            ; 0       ; 0         ; 0    ; 0            ; |RISCV_Processor|regFile:RF|reg_N:reg7|dffg:\G_NBit_Reg:25:RegI                                                           ; dffg            ; work         ;
;          |dffg:\G_NBit_Reg:26:RegI|              ; 0 (0)               ; 1 (1)                     ; 0           ; 0            ; 0       ; 0         ; 0    ; 0            ; |RISCV_Processor|regFile:RF|reg_N:reg7|dffg:\G_NBit_Reg:26:RegI                                                           ; dffg            ; work         ;
;          |dffg:\G_NBit_Reg:27:RegI|              ; 0 (0)               ; 1 (1)                     ; 0           ; 0            ; 0       ; 0         ; 0    ; 0            ; |RISCV_Processor|regFile:RF|reg_N:reg7|dffg:\G_NBit_Reg:27:RegI                                                           ; dffg            ; work         ;
;          |dffg:\G_NBit_Reg:28:RegI|              ; 0 (0)               ; 1 (1)                     ; 0           ; 0            ; 0       ; 0         ; 0    ; 0            ; |RISCV_Processor|regFile:RF|reg_N:reg7|dffg:\G_NBit_Reg:28:RegI                                                           ; dffg            ; work         ;
;          |dffg:\G_NBit_Reg:29:RegI|              ; 0 (0)               ; 1 (1)                     ; 0           ; 0            ; 0       ; 0         ; 0    ; 0            ; |RISCV_Processor|regFile:RF|reg_N:reg7|dffg:\G_NBit_Reg:29:RegI                                                           ; dffg            ; work         ;
;          |dffg:\G_NBit_Reg:2:RegI|               ; 0 (0)               ; 1 (1)                     ; 0           ; 0            ; 0       ; 0         ; 0    ; 0            ; |RISCV_Processor|regFile:RF|reg_N:reg7|dffg:\G_NBit_Reg:2:RegI                                                            ; dffg            ; work         ;
;          |dffg:\G_NBit_Reg:30:RegI|              ; 0 (0)               ; 1 (1)                     ; 0           ; 0            ; 0       ; 0         ; 0    ; 0            ; |RISCV_Processor|regFile:RF|reg_N:reg7|dffg:\G_NBit_Reg:30:RegI                                                           ; dffg            ; work         ;
;          |dffg:\G_NBit_Reg:31:RegI|              ; 0 (0)               ; 1 (1)                     ; 0           ; 0            ; 0       ; 0         ; 0    ; 0            ; |RISCV_Processor|regFile:RF|reg_N:reg7|dffg:\G_NBit_Reg:31:RegI                                                           ; dffg            ; work         ;
;          |dffg:\G_NBit_Reg:3:RegI|               ; 0 (0)               ; 1 (1)                     ; 0           ; 0            ; 0       ; 0         ; 0    ; 0            ; |RISCV_Processor|regFile:RF|reg_N:reg7|dffg:\G_NBit_Reg:3:RegI                                                            ; dffg            ; work         ;
;          |dffg:\G_NBit_Reg:4:RegI|               ; 0 (0)               ; 1 (1)                     ; 0           ; 0            ; 0       ; 0         ; 0    ; 0            ; |RISCV_Processor|regFile:RF|reg_N:reg7|dffg:\G_NBit_Reg:4:RegI                                                            ; dffg            ; work         ;
;          |dffg:\G_NBit_Reg:5:RegI|               ; 0 (0)               ; 1 (1)                     ; 0           ; 0            ; 0       ; 0         ; 0    ; 0            ; |RISCV_Processor|regFile:RF|reg_N:reg7|dffg:\G_NBit_Reg:5:RegI                                                            ; dffg            ; work         ;
;          |dffg:\G_NBit_Reg:6:RegI|               ; 0 (0)               ; 1 (1)                     ; 0           ; 0            ; 0       ; 0         ; 0    ; 0            ; |RISCV_Processor|regFile:RF|reg_N:reg7|dffg:\G_NBit_Reg:6:RegI                                                            ; dffg            ; work         ;
;          |dffg:\G_NBit_Reg:7:RegI|               ; 0 (0)               ; 1 (1)                     ; 0           ; 0            ; 0       ; 0         ; 0    ; 0            ; |RISCV_Processor|regFile:RF|reg_N:reg7|dffg:\G_NBit_Reg:7:RegI                                                            ; dffg            ; work         ;
;          |dffg:\G_NBit_Reg:8:RegI|               ; 0 (0)               ; 1 (1)                     ; 0           ; 0            ; 0       ; 0         ; 0    ; 0            ; |RISCV_Processor|regFile:RF|reg_N:reg7|dffg:\G_NBit_Reg:8:RegI                                                            ; dffg            ; work         ;
;          |dffg:\G_NBit_Reg:9:RegI|               ; 0 (0)               ; 1 (1)                     ; 0           ; 0            ; 0       ; 0         ; 0    ; 0            ; |RISCV_Processor|regFile:RF|reg_N:reg7|dffg:\G_NBit_Reg:9:RegI                                                            ; dffg            ; work         ;
;       |reg_N:reg8|                               ; 0 (0)               ; 32 (0)                    ; 0           ; 0            ; 0       ; 0         ; 0    ; 0            ; |RISCV_Processor|regFile:RF|reg_N:reg8                                                                                    ; reg_N           ; work         ;
;          |dffg:\G_NBit_Reg:0:RegI|               ; 0 (0)               ; 1 (1)                     ; 0           ; 0            ; 0       ; 0         ; 0    ; 0            ; |RISCV_Processor|regFile:RF|reg_N:reg8|dffg:\G_NBit_Reg:0:RegI                                                            ; dffg            ; work         ;
;          |dffg:\G_NBit_Reg:10:RegI|              ; 0 (0)               ; 1 (1)                     ; 0           ; 0            ; 0       ; 0         ; 0    ; 0            ; |RISCV_Processor|regFile:RF|reg_N:reg8|dffg:\G_NBit_Reg:10:RegI                                                           ; dffg            ; work         ;
;          |dffg:\G_NBit_Reg:11:RegI|              ; 0 (0)               ; 1 (1)                     ; 0           ; 0            ; 0       ; 0         ; 0    ; 0            ; |RISCV_Processor|regFile:RF|reg_N:reg8|dffg:\G_NBit_Reg:11:RegI                                                           ; dffg            ; work         ;
;          |dffg:\G_NBit_Reg:12:RegI|              ; 0 (0)               ; 1 (1)                     ; 0           ; 0            ; 0       ; 0         ; 0    ; 0            ; |RISCV_Processor|regFile:RF|reg_N:reg8|dffg:\G_NBit_Reg:12:RegI                                                           ; dffg            ; work         ;
;          |dffg:\G_NBit_Reg:13:RegI|              ; 0 (0)               ; 1 (1)                     ; 0           ; 0            ; 0       ; 0         ; 0    ; 0            ; |RISCV_Processor|regFile:RF|reg_N:reg8|dffg:\G_NBit_Reg:13:RegI                                                           ; dffg            ; work         ;
;          |dffg:\G_NBit_Reg:14:RegI|              ; 0 (0)               ; 1 (1)                     ; 0           ; 0            ; 0       ; 0         ; 0    ; 0            ; |RISCV_Processor|regFile:RF|reg_N:reg8|dffg:\G_NBit_Reg:14:RegI                                                           ; dffg            ; work         ;
;          |dffg:\G_NBit_Reg:15:RegI|              ; 0 (0)               ; 1 (1)                     ; 0           ; 0            ; 0       ; 0         ; 0    ; 0            ; |RISCV_Processor|regFile:RF|reg_N:reg8|dffg:\G_NBit_Reg:15:RegI                                                           ; dffg            ; work         ;
;          |dffg:\G_NBit_Reg:16:RegI|              ; 0 (0)               ; 1 (1)                     ; 0           ; 0            ; 0       ; 0         ; 0    ; 0            ; |RISCV_Processor|regFile:RF|reg_N:reg8|dffg:\G_NBit_Reg:16:RegI                                                           ; dffg            ; work         ;
;          |dffg:\G_NBit_Reg:17:RegI|              ; 0 (0)               ; 1 (1)                     ; 0           ; 0            ; 0       ; 0         ; 0    ; 0            ; |RISCV_Processor|regFile:RF|reg_N:reg8|dffg:\G_NBit_Reg:17:RegI                                                           ; dffg            ; work         ;
;          |dffg:\G_NBit_Reg:18:RegI|              ; 0 (0)               ; 1 (1)                     ; 0           ; 0            ; 0       ; 0         ; 0    ; 0            ; |RISCV_Processor|regFile:RF|reg_N:reg8|dffg:\G_NBit_Reg:18:RegI                                                           ; dffg            ; work         ;
;          |dffg:\G_NBit_Reg:19:RegI|              ; 0 (0)               ; 1 (1)                     ; 0           ; 0            ; 0       ; 0         ; 0    ; 0            ; |RISCV_Processor|regFile:RF|reg_N:reg8|dffg:\G_NBit_Reg:19:RegI                                                           ; dffg            ; work         ;
;          |dffg:\G_NBit_Reg:1:RegI|               ; 0 (0)               ; 1 (1)                     ; 0           ; 0            ; 0       ; 0         ; 0    ; 0            ; |RISCV_Processor|regFile:RF|reg_N:reg8|dffg:\G_NBit_Reg:1:RegI                                                            ; dffg            ; work         ;
;          |dffg:\G_NBit_Reg:20:RegI|              ; 0 (0)               ; 1 (1)                     ; 0           ; 0            ; 0       ; 0         ; 0    ; 0            ; |RISCV_Processor|regFile:RF|reg_N:reg8|dffg:\G_NBit_Reg:20:RegI                                                           ; dffg            ; work         ;
;          |dffg:\G_NBit_Reg:21:RegI|              ; 0 (0)               ; 1 (1)                     ; 0           ; 0            ; 0       ; 0         ; 0    ; 0            ; |RISCV_Processor|regFile:RF|reg_N:reg8|dffg:\G_NBit_Reg:21:RegI                                                           ; dffg            ; work         ;
;          |dffg:\G_NBit_Reg:22:RegI|              ; 0 (0)               ; 1 (1)                     ; 0           ; 0            ; 0       ; 0         ; 0    ; 0            ; |RISCV_Processor|regFile:RF|reg_N:reg8|dffg:\G_NBit_Reg:22:RegI                                                           ; dffg            ; work         ;
;          |dffg:\G_NBit_Reg:23:RegI|              ; 0 (0)               ; 1 (1)                     ; 0           ; 0            ; 0       ; 0         ; 0    ; 0            ; |RISCV_Processor|regFile:RF|reg_N:reg8|dffg:\G_NBit_Reg:23:RegI                                                           ; dffg            ; work         ;
;          |dffg:\G_NBit_Reg:24:RegI|              ; 0 (0)               ; 1 (1)                     ; 0           ; 0            ; 0       ; 0         ; 0    ; 0            ; |RISCV_Processor|regFile:RF|reg_N:reg8|dffg:\G_NBit_Reg:24:RegI                                                           ; dffg            ; work         ;
;          |dffg:\G_NBit_Reg:25:RegI|              ; 0 (0)               ; 1 (1)                     ; 0           ; 0            ; 0       ; 0         ; 0    ; 0            ; |RISCV_Processor|regFile:RF|reg_N:reg8|dffg:\G_NBit_Reg:25:RegI                                                           ; dffg            ; work         ;
;          |dffg:\G_NBit_Reg:26:RegI|              ; 0 (0)               ; 1 (1)                     ; 0           ; 0            ; 0       ; 0         ; 0    ; 0            ; |RISCV_Processor|regFile:RF|reg_N:reg8|dffg:\G_NBit_Reg:26:RegI                                                           ; dffg            ; work         ;
;          |dffg:\G_NBit_Reg:27:RegI|              ; 0 (0)               ; 1 (1)                     ; 0           ; 0            ; 0       ; 0         ; 0    ; 0            ; |RISCV_Processor|regFile:RF|reg_N:reg8|dffg:\G_NBit_Reg:27:RegI                                                           ; dffg            ; work         ;
;          |dffg:\G_NBit_Reg:28:RegI|              ; 0 (0)               ; 1 (1)                     ; 0           ; 0            ; 0       ; 0         ; 0    ; 0            ; |RISCV_Processor|regFile:RF|reg_N:reg8|dffg:\G_NBit_Reg:28:RegI                                                           ; dffg            ; work         ;
;          |dffg:\G_NBit_Reg:29:RegI|              ; 0 (0)               ; 1 (1)                     ; 0           ; 0            ; 0       ; 0         ; 0    ; 0            ; |RISCV_Processor|regFile:RF|reg_N:reg8|dffg:\G_NBit_Reg:29:RegI                                                           ; dffg            ; work         ;
;          |dffg:\G_NBit_Reg:2:RegI|               ; 0 (0)               ; 1 (1)                     ; 0           ; 0            ; 0       ; 0         ; 0    ; 0            ; |RISCV_Processor|regFile:RF|reg_N:reg8|dffg:\G_NBit_Reg:2:RegI                                                            ; dffg            ; work         ;
;          |dffg:\G_NBit_Reg:30:RegI|              ; 0 (0)               ; 1 (1)                     ; 0           ; 0            ; 0       ; 0         ; 0    ; 0            ; |RISCV_Processor|regFile:RF|reg_N:reg8|dffg:\G_NBit_Reg:30:RegI                                                           ; dffg            ; work         ;
;          |dffg:\G_NBit_Reg:31:RegI|              ; 0 (0)               ; 1 (1)                     ; 0           ; 0            ; 0       ; 0         ; 0    ; 0            ; |RISCV_Processor|regFile:RF|reg_N:reg8|dffg:\G_NBit_Reg:31:RegI                                                           ; dffg            ; work         ;
;          |dffg:\G_NBit_Reg:3:RegI|               ; 0 (0)               ; 1 (1)                     ; 0           ; 0            ; 0       ; 0         ; 0    ; 0            ; |RISCV_Processor|regFile:RF|reg_N:reg8|dffg:\G_NBit_Reg:3:RegI                                                            ; dffg            ; work         ;
;          |dffg:\G_NBit_Reg:4:RegI|               ; 0 (0)               ; 1 (1)                     ; 0           ; 0            ; 0       ; 0         ; 0    ; 0            ; |RISCV_Processor|regFile:RF|reg_N:reg8|dffg:\G_NBit_Reg:4:RegI                                                            ; dffg            ; work         ;
;          |dffg:\G_NBit_Reg:5:RegI|               ; 0 (0)               ; 1 (1)                     ; 0           ; 0            ; 0       ; 0         ; 0    ; 0            ; |RISCV_Processor|regFile:RF|reg_N:reg8|dffg:\G_NBit_Reg:5:RegI                                                            ; dffg            ; work         ;
;          |dffg:\G_NBit_Reg:6:RegI|               ; 0 (0)               ; 1 (1)                     ; 0           ; 0            ; 0       ; 0         ; 0    ; 0            ; |RISCV_Processor|regFile:RF|reg_N:reg8|dffg:\G_NBit_Reg:6:RegI                                                            ; dffg            ; work         ;
;          |dffg:\G_NBit_Reg:7:RegI|               ; 0 (0)               ; 1 (1)                     ; 0           ; 0            ; 0       ; 0         ; 0    ; 0            ; |RISCV_Processor|regFile:RF|reg_N:reg8|dffg:\G_NBit_Reg:7:RegI                                                            ; dffg            ; work         ;
;          |dffg:\G_NBit_Reg:8:RegI|               ; 0 (0)               ; 1 (1)                     ; 0           ; 0            ; 0       ; 0         ; 0    ; 0            ; |RISCV_Processor|regFile:RF|reg_N:reg8|dffg:\G_NBit_Reg:8:RegI                                                            ; dffg            ; work         ;
;          |dffg:\G_NBit_Reg:9:RegI|               ; 0 (0)               ; 1 (1)                     ; 0           ; 0            ; 0       ; 0         ; 0    ; 0            ; |RISCV_Processor|regFile:RF|reg_N:reg8|dffg:\G_NBit_Reg:9:RegI                                                            ; dffg            ; work         ;
;       |reg_N:reg9|                               ; 0 (0)               ; 32 (0)                    ; 0           ; 0            ; 0       ; 0         ; 0    ; 0            ; |RISCV_Processor|regFile:RF|reg_N:reg9                                                                                    ; reg_N           ; work         ;
;          |dffg:\G_NBit_Reg:0:RegI|               ; 0 (0)               ; 1 (1)                     ; 0           ; 0            ; 0       ; 0         ; 0    ; 0            ; |RISCV_Processor|regFile:RF|reg_N:reg9|dffg:\G_NBit_Reg:0:RegI                                                            ; dffg            ; work         ;
;          |dffg:\G_NBit_Reg:10:RegI|              ; 0 (0)               ; 1 (1)                     ; 0           ; 0            ; 0       ; 0         ; 0    ; 0            ; |RISCV_Processor|regFile:RF|reg_N:reg9|dffg:\G_NBit_Reg:10:RegI                                                           ; dffg            ; work         ;
;          |dffg:\G_NBit_Reg:11:RegI|              ; 0 (0)               ; 1 (1)                     ; 0           ; 0            ; 0       ; 0         ; 0    ; 0            ; |RISCV_Processor|regFile:RF|reg_N:reg9|dffg:\G_NBit_Reg:11:RegI                                                           ; dffg            ; work         ;
;          |dffg:\G_NBit_Reg:12:RegI|              ; 0 (0)               ; 1 (1)                     ; 0           ; 0            ; 0       ; 0         ; 0    ; 0            ; |RISCV_Processor|regFile:RF|reg_N:reg9|dffg:\G_NBit_Reg:12:RegI                                                           ; dffg            ; work         ;
;          |dffg:\G_NBit_Reg:13:RegI|              ; 0 (0)               ; 1 (1)                     ; 0           ; 0            ; 0       ; 0         ; 0    ; 0            ; |RISCV_Processor|regFile:RF|reg_N:reg9|dffg:\G_NBit_Reg:13:RegI                                                           ; dffg            ; work         ;
;          |dffg:\G_NBit_Reg:14:RegI|              ; 0 (0)               ; 1 (1)                     ; 0           ; 0            ; 0       ; 0         ; 0    ; 0            ; |RISCV_Processor|regFile:RF|reg_N:reg9|dffg:\G_NBit_Reg:14:RegI                                                           ; dffg            ; work         ;
;          |dffg:\G_NBit_Reg:15:RegI|              ; 0 (0)               ; 1 (1)                     ; 0           ; 0            ; 0       ; 0         ; 0    ; 0            ; |RISCV_Processor|regFile:RF|reg_N:reg9|dffg:\G_NBit_Reg:15:RegI                                                           ; dffg            ; work         ;
;          |dffg:\G_NBit_Reg:16:RegI|              ; 0 (0)               ; 1 (1)                     ; 0           ; 0            ; 0       ; 0         ; 0    ; 0            ; |RISCV_Processor|regFile:RF|reg_N:reg9|dffg:\G_NBit_Reg:16:RegI                                                           ; dffg            ; work         ;
;          |dffg:\G_NBit_Reg:17:RegI|              ; 0 (0)               ; 1 (1)                     ; 0           ; 0            ; 0       ; 0         ; 0    ; 0            ; |RISCV_Processor|regFile:RF|reg_N:reg9|dffg:\G_NBit_Reg:17:RegI                                                           ; dffg            ; work         ;
;          |dffg:\G_NBit_Reg:18:RegI|              ; 0 (0)               ; 1 (1)                     ; 0           ; 0            ; 0       ; 0         ; 0    ; 0            ; |RISCV_Processor|regFile:RF|reg_N:reg9|dffg:\G_NBit_Reg:18:RegI                                                           ; dffg            ; work         ;
;          |dffg:\G_NBit_Reg:19:RegI|              ; 0 (0)               ; 1 (1)                     ; 0           ; 0            ; 0       ; 0         ; 0    ; 0            ; |RISCV_Processor|regFile:RF|reg_N:reg9|dffg:\G_NBit_Reg:19:RegI                                                           ; dffg            ; work         ;
;          |dffg:\G_NBit_Reg:1:RegI|               ; 0 (0)               ; 1 (1)                     ; 0           ; 0            ; 0       ; 0         ; 0    ; 0            ; |RISCV_Processor|regFile:RF|reg_N:reg9|dffg:\G_NBit_Reg:1:RegI                                                            ; dffg            ; work         ;
;          |dffg:\G_NBit_Reg:20:RegI|              ; 0 (0)               ; 1 (1)                     ; 0           ; 0            ; 0       ; 0         ; 0    ; 0            ; |RISCV_Processor|regFile:RF|reg_N:reg9|dffg:\G_NBit_Reg:20:RegI                                                           ; dffg            ; work         ;
;          |dffg:\G_NBit_Reg:21:RegI|              ; 0 (0)               ; 1 (1)                     ; 0           ; 0            ; 0       ; 0         ; 0    ; 0            ; |RISCV_Processor|regFile:RF|reg_N:reg9|dffg:\G_NBit_Reg:21:RegI                                                           ; dffg            ; work         ;
;          |dffg:\G_NBit_Reg:22:RegI|              ; 0 (0)               ; 1 (1)                     ; 0           ; 0            ; 0       ; 0         ; 0    ; 0            ; |RISCV_Processor|regFile:RF|reg_N:reg9|dffg:\G_NBit_Reg:22:RegI                                                           ; dffg            ; work         ;
;          |dffg:\G_NBit_Reg:23:RegI|              ; 0 (0)               ; 1 (1)                     ; 0           ; 0            ; 0       ; 0         ; 0    ; 0            ; |RISCV_Processor|regFile:RF|reg_N:reg9|dffg:\G_NBit_Reg:23:RegI                                                           ; dffg            ; work         ;
;          |dffg:\G_NBit_Reg:24:RegI|              ; 0 (0)               ; 1 (1)                     ; 0           ; 0            ; 0       ; 0         ; 0    ; 0            ; |RISCV_Processor|regFile:RF|reg_N:reg9|dffg:\G_NBit_Reg:24:RegI                                                           ; dffg            ; work         ;
;          |dffg:\G_NBit_Reg:25:RegI|              ; 0 (0)               ; 1 (1)                     ; 0           ; 0            ; 0       ; 0         ; 0    ; 0            ; |RISCV_Processor|regFile:RF|reg_N:reg9|dffg:\G_NBit_Reg:25:RegI                                                           ; dffg            ; work         ;
;          |dffg:\G_NBit_Reg:26:RegI|              ; 0 (0)               ; 1 (1)                     ; 0           ; 0            ; 0       ; 0         ; 0    ; 0            ; |RISCV_Processor|regFile:RF|reg_N:reg9|dffg:\G_NBit_Reg:26:RegI                                                           ; dffg            ; work         ;
;          |dffg:\G_NBit_Reg:27:RegI|              ; 0 (0)               ; 1 (1)                     ; 0           ; 0            ; 0       ; 0         ; 0    ; 0            ; |RISCV_Processor|regFile:RF|reg_N:reg9|dffg:\G_NBit_Reg:27:RegI                                                           ; dffg            ; work         ;
;          |dffg:\G_NBit_Reg:28:RegI|              ; 0 (0)               ; 1 (1)                     ; 0           ; 0            ; 0       ; 0         ; 0    ; 0            ; |RISCV_Processor|regFile:RF|reg_N:reg9|dffg:\G_NBit_Reg:28:RegI                                                           ; dffg            ; work         ;
;          |dffg:\G_NBit_Reg:29:RegI|              ; 0 (0)               ; 1 (1)                     ; 0           ; 0            ; 0       ; 0         ; 0    ; 0            ; |RISCV_Processor|regFile:RF|reg_N:reg9|dffg:\G_NBit_Reg:29:RegI                                                           ; dffg            ; work         ;
;          |dffg:\G_NBit_Reg:2:RegI|               ; 0 (0)               ; 1 (1)                     ; 0           ; 0            ; 0       ; 0         ; 0    ; 0            ; |RISCV_Processor|regFile:RF|reg_N:reg9|dffg:\G_NBit_Reg:2:RegI                                                            ; dffg            ; work         ;
;          |dffg:\G_NBit_Reg:30:RegI|              ; 0 (0)               ; 1 (1)                     ; 0           ; 0            ; 0       ; 0         ; 0    ; 0            ; |RISCV_Processor|regFile:RF|reg_N:reg9|dffg:\G_NBit_Reg:30:RegI                                                           ; dffg            ; work         ;
;          |dffg:\G_NBit_Reg:31:RegI|              ; 0 (0)               ; 1 (1)                     ; 0           ; 0            ; 0       ; 0         ; 0    ; 0            ; |RISCV_Processor|regFile:RF|reg_N:reg9|dffg:\G_NBit_Reg:31:RegI                                                           ; dffg            ; work         ;
;          |dffg:\G_NBit_Reg:3:RegI|               ; 0 (0)               ; 1 (1)                     ; 0           ; 0            ; 0       ; 0         ; 0    ; 0            ; |RISCV_Processor|regFile:RF|reg_N:reg9|dffg:\G_NBit_Reg:3:RegI                                                            ; dffg            ; work         ;
;          |dffg:\G_NBit_Reg:4:RegI|               ; 0 (0)               ; 1 (1)                     ; 0           ; 0            ; 0       ; 0         ; 0    ; 0            ; |RISCV_Processor|regFile:RF|reg_N:reg9|dffg:\G_NBit_Reg:4:RegI                                                            ; dffg            ; work         ;
;          |dffg:\G_NBit_Reg:5:RegI|               ; 0 (0)               ; 1 (1)                     ; 0           ; 0            ; 0       ; 0         ; 0    ; 0            ; |RISCV_Processor|regFile:RF|reg_N:reg9|dffg:\G_NBit_Reg:5:RegI                                                            ; dffg            ; work         ;
;          |dffg:\G_NBit_Reg:6:RegI|               ; 0 (0)               ; 1 (1)                     ; 0           ; 0            ; 0       ; 0         ; 0    ; 0            ; |RISCV_Processor|regFile:RF|reg_N:reg9|dffg:\G_NBit_Reg:6:RegI                                                            ; dffg            ; work         ;
;          |dffg:\G_NBit_Reg:7:RegI|               ; 0 (0)               ; 1 (1)                     ; 0           ; 0            ; 0       ; 0         ; 0    ; 0            ; |RISCV_Processor|regFile:RF|reg_N:reg9|dffg:\G_NBit_Reg:7:RegI                                                            ; dffg            ; work         ;
;          |dffg:\G_NBit_Reg:8:RegI|               ; 0 (0)               ; 1 (1)                     ; 0           ; 0            ; 0       ; 0         ; 0    ; 0            ; |RISCV_Processor|regFile:RF|reg_N:reg9|dffg:\G_NBit_Reg:8:RegI                                                            ; dffg            ; work         ;
;          |dffg:\G_NBit_Reg:9:RegI|               ; 0 (0)               ; 1 (1)                     ; 0           ; 0            ; 0       ; 0         ; 0    ; 0            ; |RISCV_Processor|regFile:RF|reg_N:reg9|dffg:\G_NBit_Reg:9:RegI                                                            ; dffg            ; work         ;
+--------------------------------------------------+---------------------+---------------------------+-------------+--------------+---------+-----------+------+--------------+---------------------------------------------------------------------------------------------------------------------------+-----------------+--------------+
Note: For table entries with two numbers listed, the numbers in parentheses indicate the number of resources of the given type used by the specific entity alone. The numbers listed outside of parentheses indicate the total resources of the given type used by the specific entity and all of its sub-entities in the hierarchy.


+------------------------------------------------------+
; General Register Statistics                          ;
+----------------------------------------------+-------+
; Statistic                                    ; Value ;
+----------------------------------------------+-------+
; Total registers                              ; 66938 ;
; Number of registers using Synchronous Clear  ; 32    ;
; Number of registers using Synchronous Load   ; 62    ;
; Number of registers using Asynchronous Clear ; 1402  ;
; Number of registers using Asynchronous Load  ; 0     ;
; Number of registers using Clock Enable       ; 66624 ;
; Number of registers using Preset             ; 0     ;
+----------------------------------------------+-------+


+---------------------------------------------------------------------------------------------------------------------------------------------------------------------------------------------------------------------------------------------+
; Multiplexer Restructuring Statistics (Restructuring Performed)                                                                                                                                                                              ;
+--------------------+-----------+---------------+----------------------+------------------------+------------+-------------------------------------------------------------------------------------------------------------------------------+
; Multiplexer Inputs ; Bus Width ; Baseline Area ; Area if Restructured ; Saving if Restructured ; Registered ; Example Multiplexer Output                                                                                                    ;
+--------------------+-----------+---------------+----------------------+------------------------+------------+-------------------------------------------------------------------------------------------------------------------------------+
; 3:1                ; 8 bits    ; 16 LEs        ; 8 LEs                ; 8 LEs                  ; Yes        ; |RISCV_Processor|MEM_WB:MEM_WB_REG|reg_N:MEM_DATA_REG|dffg:\G_NBit_Reg:10:RegI|s_Q                                            ;
; 3:1                ; 64 bits   ; 128 LEs       ; 64 LEs               ; 64 LEs                 ; Yes        ; |RISCV_Processor|IF_ID:IF_ID_REG|reg_N:INST_REG|dffg:\G_NBit_Reg:20:RegI|s_Q                                                  ;
; 3:1                ; 30 bits   ; 60 LEs        ; 60 LEs               ; 0 LEs                  ; Yes        ; |RISCV_Processor|pcLogic:PC_LOGIC|reg_N:PC_Register|dffg:\G_NBit_Reg:15:RegI|s_Q                                              ;
; 6:1                ; 11 bits   ; 44 LEs        ; 33 LEs               ; 11 LEs                 ; Yes        ; |RISCV_Processor|ID_EX:ID_EX_REG|reg_N:IMM_REG|dffg:\G_NBit_Reg:4:RegI|s_Q                                                    ;
; 5:1                ; 8 bits    ; 24 LEs        ; 24 LEs               ; 0 LEs                  ; Yes        ; |RISCV_Processor|ID_EX:ID_EX_REG|reg_N:IMM_REG|dffg:\G_NBit_Reg:13:RegI|s_Q                                                   ;
; 5:1                ; 11 bits   ; 33 LEs        ; 33 LEs               ; 0 LEs                  ; Yes        ; |RISCV_Processor|ID_EX:ID_EX_REG|reg_N:IMM_REG|dffg:\G_NBit_Reg:29:RegI|s_Q                                                   ;
; 8:1                ; 5 bits    ; 25 LEs        ; 10 LEs               ; 15 LEs                 ; Yes        ; |RISCV_Processor|ID_EX:ID_EX_REG|reg_N:RD_REG|dffg:\G_NBit_Reg:1:RegI|s_Q                                                     ;
; 34:1               ; 32 bits   ; 704 LEs       ; 704 LEs              ; 0 LEs                  ; Yes        ; |RISCV_Processor|ID_EX:ID_EX_REG|reg_N:RS2_DATA_REG|dffg:\G_NBit_Reg:25:RegI|s_Q                                              ;
; 34:1               ; 32 bits   ; 704 LEs       ; 704 LEs              ; 0 LEs                  ; Yes        ; |RISCV_Processor|ID_EX:ID_EX_REG|reg_N:RS1_DATA_REG|dffg:\G_NBit_Reg:18:RegI|s_Q                                              ;
; 155:1              ; 2 bits    ; 206 LEs       ; 84 LEs               ; 122 LEs                ; Yes        ; |RISCV_Processor|ID_EX:ID_EX_REG|reg_N:ALUOP_REG|dffg:\G_NBit_Reg:3:RegI|s_Q                                                  ;
; 3:1                ; 31 bits   ; 62 LEs        ; 62 LEs               ; 0 LEs                  ; No         ; |RISCV_Processor|alu:ALU_UNIT|barrelShifter:SHIFT_UNIT|shiftBinary:shift1|mux2t1:\gen_mux_inputs:23:mux_inst|org2:or_gate|o_F ;
; 3:1                ; 8 bits    ; 16 LEs        ; 16 LEs               ; 0 LEs                  ; No         ; |RISCV_Processor|alu:ALU_UNIT|barrelShifter:SHIFT_UNIT|shiftBinary:shift8|mux2t1:\gen_mux_inputs:7:mux_inst|org2:or_gate|o_F  ;
; 3:1                ; 24 bits   ; 48 LEs        ; 48 LEs               ; 0 LEs                  ; No         ; |RISCV_Processor|alu:ALU_UNIT|barrelShifter:SHIFT_UNIT|shiftBinary:shift8|mux2t1:\gen_mux_inputs:21:mux_inst|org2:or_gate|o_F ;
; 3:1                ; 4 bits    ; 8 LEs         ; 8 LEs                ; 0 LEs                  ; No         ; |RISCV_Processor|alu:ALU_UNIT|barrelShifter:SHIFT_UNIT|shiftBinary:shift4|mux2t1:\gen_mux_inputs:3:mux_inst|org2:or_gate|o_F  ;
; 3:1                ; 28 bits   ; 56 LEs        ; 56 LEs               ; 0 LEs                  ; No         ; |RISCV_Processor|alu:ALU_UNIT|barrelShifter:SHIFT_UNIT|shiftBinary:shift4|mux2t1:\gen_mux_inputs:17:mux_inst|org2:or_gate|o_F ;
; 3:1                ; 2 bits    ; 4 LEs         ; 4 LEs                ; 0 LEs                  ; No         ; |RISCV_Processor|alu:ALU_UNIT|barrelShifter:SHIFT_UNIT|shiftBinary:shift2|mux2t1:\gen_mux_inputs:0:mux_inst|org2:or_gate|o_F  ;
; 3:1                ; 30 bits   ; 60 LEs        ; 60 LEs               ; 0 LEs                  ; No         ; |RISCV_Processor|alu:ALU_UNIT|barrelShifter:SHIFT_UNIT|shiftBinary:shift2|mux2t1:\gen_mux_inputs:20:mux_inst|org2:or_gate|o_F ;
; 4:1                ; 5 bits    ; 10 LEs        ; 10 LEs               ; 0 LEs                  ; No         ; |RISCV_Processor|Decode:DECODER|Mux14                                                                                         ;
; 3:1                ; 25 bits   ; 50 LEs        ; 25 LEs               ; 25 LEs                 ; No         ; |RISCV_Processor|Decode:DECODER|Mux19                                                                                         ;
; 3:1                ; 32 bits   ; 64 LEs        ; 64 LEs               ; 0 LEs                  ; No         ; |RISCV_Processor|s_JALR_IN[26]                                                                                                ;
; 3:1                ; 32 bits   ; 64 LEs        ; 64 LEs               ; 0 LEs                  ; No         ; |RISCV_Processor|s_ALU_Op2[24]                                                                                                ;
; 4:1                ; 2 bits    ; 4 LEs         ; 4 LEs                ; 0 LEs                  ; No         ; |RISCV_Processor|s_ALU_Op1[0]                                                                                                 ;
; 6:1                ; 11 bits   ; 44 LEs        ; 22 LEs               ; 22 LEs                 ; No         ; |RISCV_Processor|Decode:DECODER|Mux34                                                                                         ;
; 5:1                ; 8 bits    ; 24 LEs        ; 8 LEs                ; 16 LEs                 ; No         ; |RISCV_Processor|Decode:DECODER|Mux6                                                                                          ;
; 5:1                ; 30 bits   ; 90 LEs        ; 90 LEs               ; 0 LEs                  ; No         ; |RISCV_Processor|s_ALU_Op1[13]                                                                                                ;
; 13:1               ; 15 bits   ; 120 LEs       ; 90 LEs               ; 30 LEs                 ; No         ; |RISCV_Processor|alu:ALU_UNIT|Mux17                                                                                           ;
; 13:1               ; 16 bits   ; 128 LEs       ; 96 LEs               ; 32 LEs                 ; No         ; |RISCV_Processor|alu:ALU_UNIT|Mux1                                                                                            ;
; 8:1                ; 8 bits    ; 40 LEs        ; 16 LEs               ; 24 LEs                 ; No         ; |RISCV_Processor|Decode:DECODER|Mux53                                                                                         ;
; 10:1               ; 12 bits   ; 72 LEs        ; 24 LEs               ; 48 LEs                 ; No         ; |RISCV_Processor|Decode:DECODER|Mux48                                                                                         ;
; 10:1               ; 7 bits    ; 42 LEs        ; 14 LEs               ; 28 LEs                 ; No         ; |RISCV_Processor|Decode:DECODER|Mux24                                                                                         ;
+--------------------+-----------+---------------+----------------------+------------------------+------------+-------------------------------------------------------------------------------------------------------------------------------+


+---------------------------------------------------------------------------------+
; Parameter Settings for User Entity Instance: Top-level Entity: |RISCV_Processor ;
+----------------+-------+--------------------------------------------------------+
; Parameter Name ; Value ; Type                                                   ;
+----------------+-------+--------------------------------------------------------+
; N              ; 32    ; Signed Integer                                         ;
+----------------+-------+--------------------------------------------------------+
Note: In order to hide this table in the UI and the text report file, please set the "Show Parameter Settings in Synthesis Report" option in "Analysis and Synthesis Settings -> More Settings" to "Off".


+-------------------------------------------------------+
; Parameter Settings for User Entity Instance: mem:IMem ;
+----------------+-------+------------------------------+
; Parameter Name ; Value ; Type                         ;
+----------------+-------+------------------------------+
; data_width     ; 32    ; Signed Integer               ;
; addr_width     ; 10    ; Signed Integer               ;
+----------------+-------+------------------------------+
Note: In order to hide this table in the UI and the text report file, please set the "Show Parameter Settings in Synthesis Report" option in "Analysis and Synthesis Settings -> More Settings" to "Off".


+-------------------------------------------------------+
; Parameter Settings for User Entity Instance: mem:DMem ;
+----------------+-------+------------------------------+
; Parameter Name ; Value ; Type                         ;
+----------------+-------+------------------------------+
; data_width     ; 32    ; Signed Integer               ;
; addr_width     ; 10    ; Signed Integer               ;
+----------------+-------+------------------------------+
Note: In order to hide this table in the UI and the text report file, please set the "Show Parameter Settings in Synthesis Report" option in "Analysis and Synthesis Settings -> More Settings" to "Off".


+---------------------------------------------------------------------------------+
; Parameter Settings for User Entity Instance: pcLogic:PC_LOGIC|reg_N:PC_Register ;
+----------------+-------+--------------------------------------------------------+
; Parameter Name ; Value ; Type                                                   ;
+----------------+-------+--------------------------------------------------------+
; n              ; 32    ; Signed Integer                                         ;
+----------------+-------+--------------------------------------------------------+
Note: In order to hide this table in the UI and the text report file, please set the "Show Parameter Settings in Synthesis Report" option in "Analysis and Synthesis Settings -> More Settings" to "Off".


+---------------------------------------------------------------------------------+
; Parameter Settings for User Entity Instance: pcLogic:PC_LOGIC|adder_N:PC_Plus_4 ;
+----------------+-------+--------------------------------------------------------+
; Parameter Name ; Value ; Type                                                   ;
+----------------+-------+--------------------------------------------------------+
; N              ; 32    ; Signed Integer                                         ;
+----------------+-------+--------------------------------------------------------+
Note: In order to hide this table in the UI and the text report file, please set the "Show Parameter Settings in Synthesis Report" option in "Analysis and Synthesis Settings -> More Settings" to "Off".


+-----------------------------------------------------------------------------------+
; Parameter Settings for User Entity Instance: pcLogic:PC_LOGIC|adder_N:PC_Plus_imm ;
+----------------+-------+----------------------------------------------------------+
; Parameter Name ; Value ; Type                                                     ;
+----------------+-------+----------------------------------------------------------+
; N              ; 32    ; Signed Integer                                           ;
+----------------+-------+----------------------------------------------------------+
Note: In order to hide this table in the UI and the text report file, please set the "Show Parameter Settings in Synthesis Report" option in "Analysis and Synthesis Settings -> More Settings" to "Off".


+------------------------------------------------------------------------------------+
; Parameter Settings for User Entity Instance: pcLogic:PC_LOGIC|adder_N:rs1_Plus_imm ;
+----------------+-------+-----------------------------------------------------------+
; Parameter Name ; Value ; Type                                                      ;
+----------------+-------+-----------------------------------------------------------+
; N              ; 32    ; Signed Integer                                            ;
+----------------+-------+-----------------------------------------------------------+
Note: In order to hide this table in the UI and the text report file, please set the "Show Parameter Settings in Synthesis Report" option in "Analysis and Synthesis Settings -> More Settings" to "Off".


+--------------------------------------------------------------------------------------------+
; Parameter Settings for User Entity Instance: pcLogic:PC_LOGIC|adder_N:JALR_Adjust_Subtract ;
+----------------+-------+-------------------------------------------------------------------+
; Parameter Name ; Value ; Type                                                              ;
+----------------+-------+-------------------------------------------------------------------+
; N              ; 32    ; Signed Integer                                                    ;
+----------------+-------+-------------------------------------------------------------------+
Note: In order to hide this table in the UI and the text report file, please set the "Show Parameter Settings in Synthesis Report" option in "Analysis and Synthesis Settings -> More Settings" to "Off".


+--------------------------------------------------------------------------------------+
; Parameter Settings for User Entity Instance: pcLogic:PC_LOGIC|mux4t1_N:PC_Select_Mux ;
+----------------+-------+-------------------------------------------------------------+
; Parameter Name ; Value ; Type                                                        ;
+----------------+-------+-------------------------------------------------------------+
; n              ; 32    ; Signed Integer                                              ;
+----------------+-------+-------------------------------------------------------------+
Note: In order to hide this table in the UI and the text report file, please set the "Show Parameter Settings in Synthesis Report" option in "Analysis and Synthesis Settings -> More Settings" to "Off".


+---------------------------------------------------------------------------+
; Parameter Settings for User Entity Instance: IF_ID:IF_ID_REG|reg_N:PC_REG ;
+----------------+-------+--------------------------------------------------+
; Parameter Name ; Value ; Type                                             ;
+----------------+-------+--------------------------------------------------+
; n              ; 32    ; Signed Integer                                   ;
+----------------+-------+--------------------------------------------------+
Note: In order to hide this table in the UI and the text report file, please set the "Show Parameter Settings in Synthesis Report" option in "Analysis and Synthesis Settings -> More Settings" to "Off".


+-----------------------------------------------------------------------------+
; Parameter Settings for User Entity Instance: IF_ID:IF_ID_REG|reg_N:INST_REG ;
+----------------+-------+----------------------------------------------------+
; Parameter Name ; Value ; Type                                               ;
+----------------+-------+----------------------------------------------------+
; n              ; 32    ; Signed Integer                                     ;
+----------------+-------+----------------------------------------------------+
Note: In order to hide this table in the UI and the text report file, please set the "Show Parameter Settings in Synthesis Report" option in "Analysis and Synthesis Settings -> More Settings" to "Off".


+--------------------------------------------------------------------+
; Parameter Settings for User Entity Instance: regFile:RF|reg_N:reg1 ;
+----------------+-------+-------------------------------------------+
; Parameter Name ; Value ; Type                                      ;
+----------------+-------+-------------------------------------------+
; n              ; 32    ; Signed Integer                            ;
+----------------+-------+-------------------------------------------+
Note: In order to hide this table in the UI and the text report file, please set the "Show Parameter Settings in Synthesis Report" option in "Analysis and Synthesis Settings -> More Settings" to "Off".


+--------------------------------------------------------------------+
; Parameter Settings for User Entity Instance: regFile:RF|reg_N:reg2 ;
+----------------+-------+-------------------------------------------+
; Parameter Name ; Value ; Type                                      ;
+----------------+-------+-------------------------------------------+
; n              ; 32    ; Signed Integer                            ;
+----------------+-------+-------------------------------------------+
Note: In order to hide this table in the UI and the text report file, please set the "Show Parameter Settings in Synthesis Report" option in "Analysis and Synthesis Settings -> More Settings" to "Off".


+--------------------------------------------------------------------+
; Parameter Settings for User Entity Instance: regFile:RF|reg_N:reg3 ;
+----------------+-------+-------------------------------------------+
; Parameter Name ; Value ; Type                                      ;
+----------------+-------+-------------------------------------------+
; n              ; 32    ; Signed Integer                            ;
+----------------+-------+-------------------------------------------+
Note: In order to hide this table in the UI and the text report file, please set the "Show Parameter Settings in Synthesis Report" option in "Analysis and Synthesis Settings -> More Settings" to "Off".


+--------------------------------------------------------------------+
; Parameter Settings for User Entity Instance: regFile:RF|reg_N:reg4 ;
+----------------+-------+-------------------------------------------+
; Parameter Name ; Value ; Type                                      ;
+----------------+-------+-------------------------------------------+
; n              ; 32    ; Signed Integer                            ;
+----------------+-------+-------------------------------------------+
Note: In order to hide this table in the UI and the text report file, please set the "Show Parameter Settings in Synthesis Report" option in "Analysis and Synthesis Settings -> More Settings" to "Off".


+--------------------------------------------------------------------+
; Parameter Settings for User Entity Instance: regFile:RF|reg_N:reg5 ;
+----------------+-------+-------------------------------------------+
; Parameter Name ; Value ; Type                                      ;
+----------------+-------+-------------------------------------------+
; n              ; 32    ; Signed Integer                            ;
+----------------+-------+-------------------------------------------+
Note: In order to hide this table in the UI and the text report file, please set the "Show Parameter Settings in Synthesis Report" option in "Analysis and Synthesis Settings -> More Settings" to "Off".


+--------------------------------------------------------------------+
; Parameter Settings for User Entity Instance: regFile:RF|reg_N:reg6 ;
+----------------+-------+-------------------------------------------+
; Parameter Name ; Value ; Type                                      ;
+----------------+-------+-------------------------------------------+
; n              ; 32    ; Signed Integer                            ;
+----------------+-------+-------------------------------------------+
Note: In order to hide this table in the UI and the text report file, please set the "Show Parameter Settings in Synthesis Report" option in "Analysis and Synthesis Settings -> More Settings" to "Off".


+--------------------------------------------------------------------+
; Parameter Settings for User Entity Instance: regFile:RF|reg_N:reg7 ;
+----------------+-------+-------------------------------------------+
; Parameter Name ; Value ; Type                                      ;
+----------------+-------+-------------------------------------------+
; n              ; 32    ; Signed Integer                            ;
+----------------+-------+-------------------------------------------+
Note: In order to hide this table in the UI and the text report file, please set the "Show Parameter Settings in Synthesis Report" option in "Analysis and Synthesis Settings -> More Settings" to "Off".


+--------------------------------------------------------------------+
; Parameter Settings for User Entity Instance: regFile:RF|reg_N:reg8 ;
+----------------+-------+-------------------------------------------+
; Parameter Name ; Value ; Type                                      ;
+----------------+-------+-------------------------------------------+
; n              ; 32    ; Signed Integer                            ;
+----------------+-------+-------------------------------------------+
Note: In order to hide this table in the UI and the text report file, please set the "Show Parameter Settings in Synthesis Report" option in "Analysis and Synthesis Settings -> More Settings" to "Off".


+--------------------------------------------------------------------+
; Parameter Settings for User Entity Instance: regFile:RF|reg_N:reg9 ;
+----------------+-------+-------------------------------------------+
; Parameter Name ; Value ; Type                                      ;
+----------------+-------+-------------------------------------------+
; n              ; 32    ; Signed Integer                            ;
+----------------+-------+-------------------------------------------+
Note: In order to hide this table in the UI and the text report file, please set the "Show Parameter Settings in Synthesis Report" option in "Analysis and Synthesis Settings -> More Settings" to "Off".


+---------------------------------------------------------------------+
; Parameter Settings for User Entity Instance: regFile:RF|reg_N:reg10 ;
+----------------+-------+--------------------------------------------+
; Parameter Name ; Value ; Type                                       ;
+----------------+-------+--------------------------------------------+
; n              ; 32    ; Signed Integer                             ;
+----------------+-------+--------------------------------------------+
Note: In order to hide this table in the UI and the text report file, please set the "Show Parameter Settings in Synthesis Report" option in "Analysis and Synthesis Settings -> More Settings" to "Off".


+---------------------------------------------------------------------+
; Parameter Settings for User Entity Instance: regFile:RF|reg_N:reg11 ;
+----------------+-------+--------------------------------------------+
; Parameter Name ; Value ; Type                                       ;
+----------------+-------+--------------------------------------------+
; n              ; 32    ; Signed Integer                             ;
+----------------+-------+--------------------------------------------+
Note: In order to hide this table in the UI and the text report file, please set the "Show Parameter Settings in Synthesis Report" option in "Analysis and Synthesis Settings -> More Settings" to "Off".


+---------------------------------------------------------------------+
; Parameter Settings for User Entity Instance: regFile:RF|reg_N:reg12 ;
+----------------+-------+--------------------------------------------+
; Parameter Name ; Value ; Type                                       ;
+----------------+-------+--------------------------------------------+
; n              ; 32    ; Signed Integer                             ;
+----------------+-------+--------------------------------------------+
Note: In order to hide this table in the UI and the text report file, please set the "Show Parameter Settings in Synthesis Report" option in "Analysis and Synthesis Settings -> More Settings" to "Off".


+---------------------------------------------------------------------+
; Parameter Settings for User Entity Instance: regFile:RF|reg_N:reg13 ;
+----------------+-------+--------------------------------------------+
; Parameter Name ; Value ; Type                                       ;
+----------------+-------+--------------------------------------------+
; n              ; 32    ; Signed Integer                             ;
+----------------+-------+--------------------------------------------+
Note: In order to hide this table in the UI and the text report file, please set the "Show Parameter Settings in Synthesis Report" option in "Analysis and Synthesis Settings -> More Settings" to "Off".


+---------------------------------------------------------------------+
; Parameter Settings for User Entity Instance: regFile:RF|reg_N:reg14 ;
+----------------+-------+--------------------------------------------+
; Parameter Name ; Value ; Type                                       ;
+----------------+-------+--------------------------------------------+
; n              ; 32    ; Signed Integer                             ;
+----------------+-------+--------------------------------------------+
Note: In order to hide this table in the UI and the text report file, please set the "Show Parameter Settings in Synthesis Report" option in "Analysis and Synthesis Settings -> More Settings" to "Off".


+---------------------------------------------------------------------+
; Parameter Settings for User Entity Instance: regFile:RF|reg_N:reg15 ;
+----------------+-------+--------------------------------------------+
; Parameter Name ; Value ; Type                                       ;
+----------------+-------+--------------------------------------------+
; n              ; 32    ; Signed Integer                             ;
+----------------+-------+--------------------------------------------+
Note: In order to hide this table in the UI and the text report file, please set the "Show Parameter Settings in Synthesis Report" option in "Analysis and Synthesis Settings -> More Settings" to "Off".


+---------------------------------------------------------------------+
; Parameter Settings for User Entity Instance: regFile:RF|reg_N:reg16 ;
+----------------+-------+--------------------------------------------+
; Parameter Name ; Value ; Type                                       ;
+----------------+-------+--------------------------------------------+
; n              ; 32    ; Signed Integer                             ;
+----------------+-------+--------------------------------------------+
Note: In order to hide this table in the UI and the text report file, please set the "Show Parameter Settings in Synthesis Report" option in "Analysis and Synthesis Settings -> More Settings" to "Off".


+---------------------------------------------------------------------+
; Parameter Settings for User Entity Instance: regFile:RF|reg_N:reg17 ;
+----------------+-------+--------------------------------------------+
; Parameter Name ; Value ; Type                                       ;
+----------------+-------+--------------------------------------------+
; n              ; 32    ; Signed Integer                             ;
+----------------+-------+--------------------------------------------+
Note: In order to hide this table in the UI and the text report file, please set the "Show Parameter Settings in Synthesis Report" option in "Analysis and Synthesis Settings -> More Settings" to "Off".


+---------------------------------------------------------------------+
; Parameter Settings for User Entity Instance: regFile:RF|reg_N:reg18 ;
+----------------+-------+--------------------------------------------+
; Parameter Name ; Value ; Type                                       ;
+----------------+-------+--------------------------------------------+
; n              ; 32    ; Signed Integer                             ;
+----------------+-------+--------------------------------------------+
Note: In order to hide this table in the UI and the text report file, please set the "Show Parameter Settings in Synthesis Report" option in "Analysis and Synthesis Settings -> More Settings" to "Off".


+---------------------------------------------------------------------+
; Parameter Settings for User Entity Instance: regFile:RF|reg_N:reg19 ;
+----------------+-------+--------------------------------------------+
; Parameter Name ; Value ; Type                                       ;
+----------------+-------+--------------------------------------------+
; n              ; 32    ; Signed Integer                             ;
+----------------+-------+--------------------------------------------+
Note: In order to hide this table in the UI and the text report file, please set the "Show Parameter Settings in Synthesis Report" option in "Analysis and Synthesis Settings -> More Settings" to "Off".


+---------------------------------------------------------------------+
; Parameter Settings for User Entity Instance: regFile:RF|reg_N:reg20 ;
+----------------+-------+--------------------------------------------+
; Parameter Name ; Value ; Type                                       ;
+----------------+-------+--------------------------------------------+
; n              ; 32    ; Signed Integer                             ;
+----------------+-------+--------------------------------------------+
Note: In order to hide this table in the UI and the text report file, please set the "Show Parameter Settings in Synthesis Report" option in "Analysis and Synthesis Settings -> More Settings" to "Off".


+---------------------------------------------------------------------+
; Parameter Settings for User Entity Instance: regFile:RF|reg_N:reg21 ;
+----------------+-------+--------------------------------------------+
; Parameter Name ; Value ; Type                                       ;
+----------------+-------+--------------------------------------------+
; n              ; 32    ; Signed Integer                             ;
+----------------+-------+--------------------------------------------+
Note: In order to hide this table in the UI and the text report file, please set the "Show Parameter Settings in Synthesis Report" option in "Analysis and Synthesis Settings -> More Settings" to "Off".


+---------------------------------------------------------------------+
; Parameter Settings for User Entity Instance: regFile:RF|reg_N:reg22 ;
+----------------+-------+--------------------------------------------+
; Parameter Name ; Value ; Type                                       ;
+----------------+-------+--------------------------------------------+
; n              ; 32    ; Signed Integer                             ;
+----------------+-------+--------------------------------------------+
Note: In order to hide this table in the UI and the text report file, please set the "Show Parameter Settings in Synthesis Report" option in "Analysis and Synthesis Settings -> More Settings" to "Off".


+---------------------------------------------------------------------+
; Parameter Settings for User Entity Instance: regFile:RF|reg_N:reg23 ;
+----------------+-------+--------------------------------------------+
; Parameter Name ; Value ; Type                                       ;
+----------------+-------+--------------------------------------------+
; n              ; 32    ; Signed Integer                             ;
+----------------+-------+--------------------------------------------+
Note: In order to hide this table in the UI and the text report file, please set the "Show Parameter Settings in Synthesis Report" option in "Analysis and Synthesis Settings -> More Settings" to "Off".


+---------------------------------------------------------------------+
; Parameter Settings for User Entity Instance: regFile:RF|reg_N:reg24 ;
+----------------+-------+--------------------------------------------+
; Parameter Name ; Value ; Type                                       ;
+----------------+-------+--------------------------------------------+
; n              ; 32    ; Signed Integer                             ;
+----------------+-------+--------------------------------------------+
Note: In order to hide this table in the UI and the text report file, please set the "Show Parameter Settings in Synthesis Report" option in "Analysis and Synthesis Settings -> More Settings" to "Off".


+---------------------------------------------------------------------+
; Parameter Settings for User Entity Instance: regFile:RF|reg_N:reg25 ;
+----------------+-------+--------------------------------------------+
; Parameter Name ; Value ; Type                                       ;
+----------------+-------+--------------------------------------------+
; n              ; 32    ; Signed Integer                             ;
+----------------+-------+--------------------------------------------+
Note: In order to hide this table in the UI and the text report file, please set the "Show Parameter Settings in Synthesis Report" option in "Analysis and Synthesis Settings -> More Settings" to "Off".


+---------------------------------------------------------------------+
; Parameter Settings for User Entity Instance: regFile:RF|reg_N:reg26 ;
+----------------+-------+--------------------------------------------+
; Parameter Name ; Value ; Type                                       ;
+----------------+-------+--------------------------------------------+
; n              ; 32    ; Signed Integer                             ;
+----------------+-------+--------------------------------------------+
Note: In order to hide this table in the UI and the text report file, please set the "Show Parameter Settings in Synthesis Report" option in "Analysis and Synthesis Settings -> More Settings" to "Off".


+---------------------------------------------------------------------+
; Parameter Settings for User Entity Instance: regFile:RF|reg_N:reg27 ;
+----------------+-------+--------------------------------------------+
; Parameter Name ; Value ; Type                                       ;
+----------------+-------+--------------------------------------------+
; n              ; 32    ; Signed Integer                             ;
+----------------+-------+--------------------------------------------+
Note: In order to hide this table in the UI and the text report file, please set the "Show Parameter Settings in Synthesis Report" option in "Analysis and Synthesis Settings -> More Settings" to "Off".


+---------------------------------------------------------------------+
; Parameter Settings for User Entity Instance: regFile:RF|reg_N:reg28 ;
+----------------+-------+--------------------------------------------+
; Parameter Name ; Value ; Type                                       ;
+----------------+-------+--------------------------------------------+
; n              ; 32    ; Signed Integer                             ;
+----------------+-------+--------------------------------------------+
Note: In order to hide this table in the UI and the text report file, please set the "Show Parameter Settings in Synthesis Report" option in "Analysis and Synthesis Settings -> More Settings" to "Off".


+---------------------------------------------------------------------+
; Parameter Settings for User Entity Instance: regFile:RF|reg_N:reg29 ;
+----------------+-------+--------------------------------------------+
; Parameter Name ; Value ; Type                                       ;
+----------------+-------+--------------------------------------------+
; n              ; 32    ; Signed Integer                             ;
+----------------+-------+--------------------------------------------+
Note: In order to hide this table in the UI and the text report file, please set the "Show Parameter Settings in Synthesis Report" option in "Analysis and Synthesis Settings -> More Settings" to "Off".


+---------------------------------------------------------------------+
; Parameter Settings for User Entity Instance: regFile:RF|reg_N:reg30 ;
+----------------+-------+--------------------------------------------+
; Parameter Name ; Value ; Type                                       ;
+----------------+-------+--------------------------------------------+
; n              ; 32    ; Signed Integer                             ;
+----------------+-------+--------------------------------------------+
Note: In order to hide this table in the UI and the text report file, please set the "Show Parameter Settings in Synthesis Report" option in "Analysis and Synthesis Settings -> More Settings" to "Off".


+---------------------------------------------------------------------+
; Parameter Settings for User Entity Instance: regFile:RF|reg_N:reg31 ;
+----------------+-------+--------------------------------------------+
; Parameter Name ; Value ; Type                                       ;
+----------------+-------+--------------------------------------------+
; n              ; 32    ; Signed Integer                             ;
+----------------+-------+--------------------------------------------+
Note: In order to hide this table in the UI and the text report file, please set the "Show Parameter Settings in Synthesis Report" option in "Analysis and Synthesis Settings -> More Settings" to "Off".


+---------------------------------------------------------------------------+
; Parameter Settings for User Entity Instance: regFile:RF|mux32t1_N:mux_rs1 ;
+----------------+-------+--------------------------------------------------+
; Parameter Name ; Value ; Type                                             ;
+----------------+-------+--------------------------------------------------+
; n              ; 32    ; Signed Integer                                   ;
+----------------+-------+--------------------------------------------------+
Note: In order to hide this table in the UI and the text report file, please set the "Show Parameter Settings in Synthesis Report" option in "Analysis and Synthesis Settings -> More Settings" to "Off".


+---------------------------------------------------------------------------+
; Parameter Settings for User Entity Instance: regFile:RF|mux32t1_N:mux_rs2 ;
+----------------+-------+--------------------------------------------------+
; Parameter Name ; Value ; Type                                             ;
+----------------+-------+--------------------------------------------------+
; n              ; 32    ; Signed Integer                                   ;
+----------------+-------+--------------------------------------------------+
Note: In order to hide this table in the UI and the text report file, please set the "Show Parameter Settings in Synthesis Report" option in "Analysis and Synthesis Settings -> More Settings" to "Off".


+---------------------------------------------------------------------------------+
; Parameter Settings for User Entity Instance: ID_EX:ID_EX_REG|reg_N:RS1_DATA_REG ;
+----------------+-------+--------------------------------------------------------+
; Parameter Name ; Value ; Type                                                   ;
+----------------+-------+--------------------------------------------------------+
; n              ; 32    ; Signed Integer                                         ;
+----------------+-------+--------------------------------------------------------+
Note: In order to hide this table in the UI and the text report file, please set the "Show Parameter Settings in Synthesis Report" option in "Analysis and Synthesis Settings -> More Settings" to "Off".


+---------------------------------------------------------------------------------+
; Parameter Settings for User Entity Instance: ID_EX:ID_EX_REG|reg_N:RS2_DATA_REG ;
+----------------+-------+--------------------------------------------------------+
; Parameter Name ; Value ; Type                                                   ;
+----------------+-------+--------------------------------------------------------+
; n              ; 32    ; Signed Integer                                         ;
+----------------+-------+--------------------------------------------------------+
Note: In order to hide this table in the UI and the text report file, please set the "Show Parameter Settings in Synthesis Report" option in "Analysis and Synthesis Settings -> More Settings" to "Off".


+----------------------------------------------------------------------------+
; Parameter Settings for User Entity Instance: ID_EX:ID_EX_REG|reg_N:RS1_REG ;
+----------------+-------+---------------------------------------------------+
; Parameter Name ; Value ; Type                                              ;
+----------------+-------+---------------------------------------------------+
; n              ; 5     ; Signed Integer                                    ;
+----------------+-------+---------------------------------------------------+
Note: In order to hide this table in the UI and the text report file, please set the "Show Parameter Settings in Synthesis Report" option in "Analysis and Synthesis Settings -> More Settings" to "Off".


+----------------------------------------------------------------------------+
; Parameter Settings for User Entity Instance: ID_EX:ID_EX_REG|reg_N:RS2_REG ;
+----------------+-------+---------------------------------------------------+
; Parameter Name ; Value ; Type                                              ;
+----------------+-------+---------------------------------------------------+
; n              ; 5     ; Signed Integer                                    ;
+----------------+-------+---------------------------------------------------+
Note: In order to hide this table in the UI and the text report file, please set the "Show Parameter Settings in Synthesis Report" option in "Analysis and Synthesis Settings -> More Settings" to "Off".


+---------------------------------------------------------------------------+
; Parameter Settings for User Entity Instance: ID_EX:ID_EX_REG|reg_N:RD_REG ;
+----------------+-------+--------------------------------------------------+
; Parameter Name ; Value ; Type                                             ;
+----------------+-------+--------------------------------------------------+
; n              ; 5     ; Signed Integer                                   ;
+----------------+-------+--------------------------------------------------+
Note: In order to hide this table in the UI and the text report file, please set the "Show Parameter Settings in Synthesis Report" option in "Analysis and Synthesis Settings -> More Settings" to "Off".


+----------------------------------------------------------------------------+
; Parameter Settings for User Entity Instance: ID_EX:ID_EX_REG|reg_N:IMM_REG ;
+----------------+-------+---------------------------------------------------+
; Parameter Name ; Value ; Type                                              ;
+----------------+-------+---------------------------------------------------+
; n              ; 32    ; Signed Integer                                    ;
+----------------+-------+---------------------------------------------------+
Note: In order to hide this table in the UI and the text report file, please set the "Show Parameter Settings in Synthesis Report" option in "Analysis and Synthesis Settings -> More Settings" to "Off".


+---------------------------------------------------------------------------+
; Parameter Settings for User Entity Instance: ID_EX:ID_EX_REG|reg_N:PC_REG ;
+----------------+-------+--------------------------------------------------+
; Parameter Name ; Value ; Type                                             ;
+----------------+-------+--------------------------------------------------+
; n              ; 32    ; Signed Integer                                   ;
+----------------+-------+--------------------------------------------------+
Note: In order to hide this table in the UI and the text report file, please set the "Show Parameter Settings in Synthesis Report" option in "Analysis and Synthesis Settings -> More Settings" to "Off".


+------------------------------------------------------------------------------+
; Parameter Settings for User Entity Instance: ID_EX:ID_EX_REG|reg_N:ALUOP_REG ;
+----------------+-------+-----------------------------------------------------+
; Parameter Name ; Value ; Type                                                ;
+----------------+-------+-----------------------------------------------------+
; n              ; 4     ; Signed Integer                                      ;
+----------------+-------+-----------------------------------------------------+
Note: In order to hide this table in the UI and the text report file, please set the "Show Parameter Settings in Synthesis Report" option in "Analysis and Synthesis Settings -> More Settings" to "Off".


+------------------------------------------------------------------------------+
; Parameter Settings for User Entity Instance: ID_EX:ID_EX_REG|reg_N:FUNC3_REG ;
+----------------+-------+-----------------------------------------------------+
; Parameter Name ; Value ; Type                                                ;
+----------------+-------+-----------------------------------------------------+
; n              ; 3     ; Signed Integer                                      ;
+----------------+-------+-----------------------------------------------------+
Note: In order to hide this table in the UI and the text report file, please set the "Show Parameter Settings in Synthesis Report" option in "Analysis and Synthesis Settings -> More Settings" to "Off".


+------------------------------------------------------------------------------+
; Parameter Settings for User Entity Instance: ID_EX:ID_EX_REG|reg_N:FUNC7_REG ;
+----------------+-------+-----------------------------------------------------+
; Parameter Name ; Value ; Type                                                ;
+----------------+-------+-----------------------------------------------------+
; n              ; 7     ; Signed Integer                                      ;
+----------------+-------+-----------------------------------------------------+
Note: In order to hide this table in the UI and the text report file, please set the "Show Parameter Settings in Synthesis Report" option in "Analysis and Synthesis Settings -> More Settings" to "Off".


+-------------------------------------------------------------------------------+
; Parameter Settings for User Entity Instance: ID_EX:ID_EX_REG|reg_N:OPCODE_REG ;
+----------------+-------+------------------------------------------------------+
; Parameter Name ; Value ; Type                                                 ;
+----------------+-------+------------------------------------------------------+
; n              ; 7     ; Signed Integer                                       ;
+----------------+-------+------------------------------------------------------+
Note: In order to hide this table in the UI and the text report file, please set the "Show Parameter Settings in Synthesis Report" option in "Analysis and Synthesis Settings -> More Settings" to "Off".


+-----------------------------------------------------------+
; Parameter Settings for User Entity Instance: alu:ALU_UNIT ;
+----------------+-------+----------------------------------+
; Parameter Name ; Value ; Type                             ;
+----------------+-------+----------------------------------+
; n              ; 32    ; Signed Integer                   ;
+----------------+-------+----------------------------------+
Note: In order to hide this table in the UI and the text report file, please set the "Show Parameter Settings in Synthesis Report" option in "Analysis and Synthesis Settings -> More Settings" to "Off".


+-----------------------------------------------------------------------------------+
; Parameter Settings for User Entity Instance: alu:ALU_UNIT|addiSubi_N:ADD_SUB_UNIT ;
+----------------+-------+----------------------------------------------------------+
; Parameter Name ; Value ; Type                                                     ;
+----------------+-------+----------------------------------------------------------+
; n              ; 32    ; Signed Integer                                           ;
+----------------+-------+----------------------------------------------------------+
Note: In order to hide this table in the UI and the text report file, please set the "Show Parameter Settings in Synthesis Report" option in "Analysis and Synthesis Settings -> More Settings" to "Off".


+-----------------------------------------------------------------------------------------------------------+
; Parameter Settings for User Entity Instance: alu:ALU_UNIT|addiSubi_N:ADD_SUB_UNIT|mux2t1_N:MUX2to1_ALUSrc ;
+----------------+-------+----------------------------------------------------------------------------------+
; Parameter Name ; Value ; Type                                                                             ;
+----------------+-------+----------------------------------------------------------------------------------+
; N              ; 32    ; Signed Integer                                                                   ;
+----------------+-------+----------------------------------------------------------------------------------+
Note: In order to hide this table in the UI and the text report file, please set the "Show Parameter Settings in Synthesis Report" option in "Analysis and Synthesis Settings -> More Settings" to "Off".


+--------------------------------------------------------------------------------------------------------+
; Parameter Settings for User Entity Instance: alu:ALU_UNIT|addiSubi_N:ADD_SUB_UNIT|onesComp_N:ones_comp ;
+----------------+-------+-------------------------------------------------------------------------------+
; Parameter Name ; Value ; Type                                                                          ;
+----------------+-------+-------------------------------------------------------------------------------+
; N              ; 32    ; Signed Integer                                                                ;
+----------------+-------+-------------------------------------------------------------------------------+
Note: In order to hide this table in the UI and the text report file, please set the "Show Parameter Settings in Synthesis Report" option in "Analysis and Synthesis Settings -> More Settings" to "Off".


+-----------------------------------------------------------------------------------------------------------+
; Parameter Settings for User Entity Instance: alu:ALU_UNIT|addiSubi_N:ADD_SUB_UNIT|mux2t1_N:MUX2to1_AddSub ;
+----------------+-------+----------------------------------------------------------------------------------+
; Parameter Name ; Value ; Type                                                                             ;
+----------------+-------+----------------------------------------------------------------------------------+
; N              ; 32    ; Signed Integer                                                                   ;
+----------------+-------+----------------------------------------------------------------------------------+
Note: In order to hide this table in the UI and the text report file, please set the "Show Parameter Settings in Synthesis Report" option in "Analysis and Synthesis Settings -> More Settings" to "Off".


+-------------------------------------------------------------------------------------------------+
; Parameter Settings for User Entity Instance: alu:ALU_UNIT|addiSubi_N:ADD_SUB_UNIT|adder_N:adder ;
+----------------+-------+------------------------------------------------------------------------+
; Parameter Name ; Value ; Type                                                                   ;
+----------------+-------+------------------------------------------------------------------------+
; N              ; 32    ; Signed Integer                                                         ;
+----------------+-------+------------------------------------------------------------------------+
Note: In order to hide this table in the UI and the text report file, please set the "Show Parameter Settings in Synthesis Report" option in "Analysis and Synthesis Settings -> More Settings" to "Off".


+----------------------------------------------------------------------------+
; Parameter Settings for User Entity Instance: alu:ALU_UNIT|andg2_N:AND_UNIT ;
+----------------+-------+---------------------------------------------------+
; Parameter Name ; Value ; Type                                              ;
+----------------+-------+---------------------------------------------------+
; n              ; 32    ; Signed Integer                                    ;
+----------------+-------+---------------------------------------------------+
Note: In order to hide this table in the UI and the text report file, please set the "Show Parameter Settings in Synthesis Report" option in "Analysis and Synthesis Settings -> More Settings" to "Off".


+--------------------------------------------------------------------------+
; Parameter Settings for User Entity Instance: alu:ALU_UNIT|org2_N:OR_UNIT ;
+----------------+-------+-------------------------------------------------+
; Parameter Name ; Value ; Type                                            ;
+----------------+-------+-------------------------------------------------+
; n              ; 32    ; Signed Integer                                  ;
+----------------+-------+-------------------------------------------------+
Note: In order to hide this table in the UI and the text report file, please set the "Show Parameter Settings in Synthesis Report" option in "Analysis and Synthesis Settings -> More Settings" to "Off".


+----------------------------------------------------------------------------+
; Parameter Settings for User Entity Instance: alu:ALU_UNIT|xorg2_N:XOR_UNIT ;
+----------------+-------+---------------------------------------------------+
; Parameter Name ; Value ; Type                                              ;
+----------------+-------+---------------------------------------------------+
; n              ; 32    ; Signed Integer                                    ;
+----------------+-------+---------------------------------------------------+
Note: In order to hide this table in the UI and the text report file, please set the "Show Parameter Settings in Synthesis Report" option in "Analysis and Synthesis Settings -> More Settings" to "Off".


+---------------------------------------------------------------------------+
; Parameter Settings for User Entity Instance: alu:ALU_UNIT|invg_N:NOR_UNIT ;
+----------------+-------+--------------------------------------------------+
; Parameter Name ; Value ; Type                                             ;
+----------------+-------+--------------------------------------------------+
; n              ; 32    ; Signed Integer                                   ;
+----------------+-------+--------------------------------------------------+
Note: In order to hide this table in the UI and the text report file, please set the "Show Parameter Settings in Synthesis Report" option in "Analysis and Synthesis Settings -> More Settings" to "Off".


+--------------------------------------------------------------------------+
; Parameter Settings for User Entity Instance: alu:ALU_UNIT|slt_N:SLT_UNIT ;
+----------------+-------+-------------------------------------------------+
; Parameter Name ; Value ; Type                                            ;
+----------------+-------+-------------------------------------------------+
; n              ; 32    ; Signed Integer                                  ;
+----------------+-------+-------------------------------------------------+
Note: In order to hide this table in the UI and the text report file, please set the "Show Parameter Settings in Synthesis Report" option in "Analysis and Synthesis Settings -> More Settings" to "Off".


+-------------------------------------------------------------------------------------------------------+
; Parameter Settings for User Entity Instance: alu:ALU_UNIT|barrelShifter:SHIFT_UNIT|shiftBinary:shift1 ;
+----------------+-------+------------------------------------------------------------------------------+
; Parameter Name ; Value ; Type                                                                         ;
+----------------+-------+------------------------------------------------------------------------------+
; n              ; 1     ; Signed Integer                                                               ;
+----------------+-------+------------------------------------------------------------------------------+
Note: In order to hide this table in the UI and the text report file, please set the "Show Parameter Settings in Synthesis Report" option in "Analysis and Synthesis Settings -> More Settings" to "Off".


+-------------------------------------------------------------------------------------------------------+
; Parameter Settings for User Entity Instance: alu:ALU_UNIT|barrelShifter:SHIFT_UNIT|shiftBinary:shift2 ;
+----------------+-------+------------------------------------------------------------------------------+
; Parameter Name ; Value ; Type                                                                         ;
+----------------+-------+------------------------------------------------------------------------------+
; n              ; 2     ; Signed Integer                                                               ;
+----------------+-------+------------------------------------------------------------------------------+
Note: In order to hide this table in the UI and the text report file, please set the "Show Parameter Settings in Synthesis Report" option in "Analysis and Synthesis Settings -> More Settings" to "Off".


+-------------------------------------------------------------------------------------------------------+
; Parameter Settings for User Entity Instance: alu:ALU_UNIT|barrelShifter:SHIFT_UNIT|shiftBinary:shift4 ;
+----------------+-------+------------------------------------------------------------------------------+
; Parameter Name ; Value ; Type                                                                         ;
+----------------+-------+------------------------------------------------------------------------------+
; n              ; 4     ; Signed Integer                                                               ;
+----------------+-------+------------------------------------------------------------------------------+
Note: In order to hide this table in the UI and the text report file, please set the "Show Parameter Settings in Synthesis Report" option in "Analysis and Synthesis Settings -> More Settings" to "Off".


+-------------------------------------------------------------------------------------------------------+
; Parameter Settings for User Entity Instance: alu:ALU_UNIT|barrelShifter:SHIFT_UNIT|shiftBinary:shift8 ;
+----------------+-------+------------------------------------------------------------------------------+
; Parameter Name ; Value ; Type                                                                         ;
+----------------+-------+------------------------------------------------------------------------------+
; n              ; 8     ; Signed Integer                                                               ;
+----------------+-------+------------------------------------------------------------------------------+
Note: In order to hide this table in the UI and the text report file, please set the "Show Parameter Settings in Synthesis Report" option in "Analysis and Synthesis Settings -> More Settings" to "Off".


+--------------------------------------------------------------------------------------------------------+
; Parameter Settings for User Entity Instance: alu:ALU_UNIT|barrelShifter:SHIFT_UNIT|shiftBinary:shift16 ;
+----------------+-------+-------------------------------------------------------------------------------+
; Parameter Name ; Value ; Type                                                                          ;
+----------------+-------+-------------------------------------------------------------------------------+
; n              ; 16    ; Signed Integer                                                                ;
+----------------+-------+-------------------------------------------------------------------------------+
Note: In order to hide this table in the UI and the text report file, please set the "Show Parameter Settings in Synthesis Report" option in "Analysis and Synthesis Settings -> More Settings" to "Off".


+-------------------------------------------------------------------------------------+
; Parameter Settings for User Entity Instance: EX_MEM:EX_MEM_REG|reg_N:ALU_RESULT_REG ;
+----------------+-------+------------------------------------------------------------+
; Parameter Name ; Value ; Type                                                       ;
+----------------+-------+------------------------------------------------------------+
; n              ; 32    ; Signed Integer                                             ;
+----------------+-------+------------------------------------------------------------+
Note: In order to hide this table in the UI and the text report file, please set the "Show Parameter Settings in Synthesis Report" option in "Analysis and Synthesis Settings -> More Settings" to "Off".


+-----------------------------------------------------------------------------------+
; Parameter Settings for User Entity Instance: EX_MEM:EX_MEM_REG|reg_N:RS2_DATA_REG ;
+----------------+-------+----------------------------------------------------------+
; Parameter Name ; Value ; Type                                                     ;
+----------------+-------+----------------------------------------------------------+
; n              ; 32    ; Signed Integer                                           ;
+----------------+-------+----------------------------------------------------------+
Note: In order to hide this table in the UI and the text report file, please set the "Show Parameter Settings in Synthesis Report" option in "Analysis and Synthesis Settings -> More Settings" to "Off".


+-----------------------------------------------------------------------------+
; Parameter Settings for User Entity Instance: EX_MEM:EX_MEM_REG|reg_N:RD_REG ;
+----------------+-------+----------------------------------------------------+
; Parameter Name ; Value ; Type                                               ;
+----------------+-------+----------------------------------------------------+
; n              ; 5     ; Signed Integer                                     ;
+----------------+-------+----------------------------------------------------+
Note: In order to hide this table in the UI and the text report file, please set the "Show Parameter Settings in Synthesis Report" option in "Analysis and Synthesis Settings -> More Settings" to "Off".


+--------------------------------------------------------------------------------+
; Parameter Settings for User Entity Instance: EX_MEM:EX_MEM_REG|reg_N:FUNC3_REG ;
+----------------+-------+-------------------------------------------------------+
; Parameter Name ; Value ; Type                                                  ;
+----------------+-------+-------------------------------------------------------+
; n              ; 3     ; Signed Integer                                        ;
+----------------+-------+-------------------------------------------------------+
Note: In order to hide this table in the UI and the text report file, please set the "Show Parameter Settings in Synthesis Report" option in "Analysis and Synthesis Settings -> More Settings" to "Off".


+--------------------------------------------------------------------------------+
; Parameter Settings for User Entity Instance: EX_MEM:EX_MEM_REG|reg_N:FUNC7_REG ;
+----------------+-------+-------------------------------------------------------+
; Parameter Name ; Value ; Type                                                  ;
+----------------+-------+-------------------------------------------------------+
; n              ; 7     ; Signed Integer                                        ;
+----------------+-------+-------------------------------------------------------+
Note: In order to hide this table in the UI and the text report file, please set the "Show Parameter Settings in Synthesis Report" option in "Analysis and Synthesis Settings -> More Settings" to "Off".


+---------------------------------------------------------------------------------+
; Parameter Settings for User Entity Instance: EX_MEM:EX_MEM_REG|reg_N:OPCODE_REG ;
+----------------+-------+--------------------------------------------------------+
; Parameter Name ; Value ; Type                                                   ;
+----------------+-------+--------------------------------------------------------+
; n              ; 7     ; Signed Integer                                         ;
+----------------+-------+--------------------------------------------------------+
Note: In order to hide this table in the UI and the text report file, please set the "Show Parameter Settings in Synthesis Report" option in "Analysis and Synthesis Settings -> More Settings" to "Off".


+-----------------------------------------------------------------------------------+
; Parameter Settings for User Entity Instance: MEM_WB:MEM_WB_REG|reg_N:MEM_DATA_REG ;
+----------------+-------+----------------------------------------------------------+
; Parameter Name ; Value ; Type                                                     ;
+----------------+-------+----------------------------------------------------------+
; n              ; 32    ; Signed Integer                                           ;
+----------------+-------+----------------------------------------------------------+
Note: In order to hide this table in the UI and the text report file, please set the "Show Parameter Settings in Synthesis Report" option in "Analysis and Synthesis Settings -> More Settings" to "Off".


+-------------------------------------------------------------------------------------+
; Parameter Settings for User Entity Instance: MEM_WB:MEM_WB_REG|reg_N:ALU_RESULT_REG ;
+----------------+-------+------------------------------------------------------------+
; Parameter Name ; Value ; Type                                                       ;
+----------------+-------+------------------------------------------------------------+
; n              ; 32    ; Signed Integer                                             ;
+----------------+-------+------------------------------------------------------------+
Note: In order to hide this table in the UI and the text report file, please set the "Show Parameter Settings in Synthesis Report" option in "Analysis and Synthesis Settings -> More Settings" to "Off".


+-----------------------------------------------------------------------------+
; Parameter Settings for User Entity Instance: MEM_WB:MEM_WB_REG|reg_N:RD_REG ;
+----------------+-------+----------------------------------------------------+
; Parameter Name ; Value ; Type                                               ;
+----------------+-------+----------------------------------------------------+
; n              ; 5     ; Signed Integer                                     ;
+----------------+-------+----------------------------------------------------+
Note: In order to hide this table in the UI and the text report file, please set the "Show Parameter Settings in Synthesis Report" option in "Analysis and Synthesis Settings -> More Settings" to "Off".


+--------------------------------------------------------------------------------+
; Parameter Settings for User Entity Instance: MEM_WB:MEM_WB_REG|reg_N:FUNC3_REG ;
+----------------+-------+-------------------------------------------------------+
; Parameter Name ; Value ; Type                                                  ;
+----------------+-------+-------------------------------------------------------+
; n              ; 3     ; Signed Integer                                        ;
+----------------+-------+-------------------------------------------------------+
Note: In order to hide this table in the UI and the text report file, please set the "Show Parameter Settings in Synthesis Report" option in "Analysis and Synthesis Settings -> More Settings" to "Off".


+--------------------------------------------------------------------------------+
; Parameter Settings for User Entity Instance: MEM_WB:MEM_WB_REG|reg_N:FUNC7_REG ;
+----------------+-------+-------------------------------------------------------+
; Parameter Name ; Value ; Type                                                  ;
+----------------+-------+-------------------------------------------------------+
; n              ; 7     ; Signed Integer                                        ;
+----------------+-------+-------------------------------------------------------+
Note: In order to hide this table in the UI and the text report file, please set the "Show Parameter Settings in Synthesis Report" option in "Analysis and Synthesis Settings -> More Settings" to "Off".


+---------------------------------------------------------------------------------+
; Parameter Settings for User Entity Instance: MEM_WB:MEM_WB_REG|reg_N:OPCODE_REG ;
+----------------+-------+--------------------------------------------------------+
; Parameter Name ; Value ; Type                                                   ;
+----------------+-------+--------------------------------------------------------+
; n              ; 7     ; Signed Integer                                         ;
+----------------+-------+--------------------------------------------------------+
Note: In order to hide this table in the UI and the text report file, please set the "Show Parameter Settings in Synthesis Report" option in "Analysis and Synthesis Settings -> More Settings" to "Off".


+--------------------------------------------------------------------------------------------------------------------+
; Port Connectivity Checks: "MEM_WB:MEM_WB_REG"                                                                      ;
+----------+--------+----------+-------------------------------------------------------------------------------------+
; Port     ; Type   ; Severity ; Details                                                                             ;
+----------+--------+----------+-------------------------------------------------------------------------------------+
; o_func3  ; Output ; Info     ; Connected to dangling logic. Logic that only feeds a dangling port will be removed. ;
; o_func7  ; Output ; Info     ; Connected to dangling logic. Logic that only feeds a dangling port will be removed. ;
; o_opcode ; Output ; Info     ; Connected to dangling logic. Logic that only feeds a dangling port will be removed. ;
+----------+--------+----------+-------------------------------------------------------------------------------------+


+--------------------------------------------------------------------------------------------------------------------+
; Port Connectivity Checks: "EX_MEM:EX_MEM_REG"                                                                      ;
+----------+--------+----------+-------------------------------------------------------------------------------------+
; Port     ; Type   ; Severity ; Details                                                                             ;
+----------+--------+----------+-------------------------------------------------------------------------------------+
; o_branch ; Output ; Info     ; Connected to dangling logic. Logic that only feeds a dangling port will be removed. ;
+----------+--------+----------+-------------------------------------------------------------------------------------+


+------------------------------------------------------------------------------------------------------------------+
; Port Connectivity Checks: "alu:ALU_UNIT|addiSubi_N:ADD_SUB_UNIT"                                                 ;
+--------+--------+----------+-------------------------------------------------------------------------------------+
; Port   ; Type   ; Severity ; Details                                                                             ;
+--------+--------+----------+-------------------------------------------------------------------------------------+
; o_cout ; Output ; Info     ; Connected to dangling logic. Logic that only feeds a dangling port will be removed. ;
+--------+--------+----------+-------------------------------------------------------------------------------------+


+----------------------------------------------------------------------------------------------------------------------+
; Port Connectivity Checks: "ID_EX:ID_EX_REG"                                                                          ;
+------------+--------+----------+-------------------------------------------------------------------------------------+
; Port       ; Type   ; Severity ; Details                                                                             ;
+------------+--------+----------+-------------------------------------------------------------------------------------+
; o_upperimm ; Output ; Info     ; Connected to dangling logic. Logic that only feeds a dangling port will be removed. ;
+------------+--------+----------+-------------------------------------------------------------------------------------+


+----------------------------------------------------------+
; Port Connectivity Checks: "regFile:RF|mux32t1_N:mux_rs2" ;
+------+-------+----------+--------------------------------+
; Port ; Type  ; Severity ; Details                        ;
+------+-------+----------+--------------------------------+
; i_d0 ; Input ; Info     ; Stuck at GND                   ;
+------+-------+----------+--------------------------------+


+----------------------------------------------------------+
; Port Connectivity Checks: "regFile:RF|mux32t1_N:mux_rs1" ;
+------+-------+----------+--------------------------------+
; Port ; Type  ; Severity ; Details                        ;
+------+-------+----------+--------------------------------+
; i_d0 ; Input ; Info     ; Stuck at GND                   ;
+------+-------+----------+--------------------------------+


+----------------------------------------------------+
; Port Connectivity Checks: "regFile:RF|reg_N:reg31" ;
+---------+-------+----------+-----------------------+
; Port    ; Type  ; Severity ; Details               ;
+---------+-------+----------+-----------------------+
; i_flush ; Input ; Info     ; Stuck at GND          ;
+---------+-------+----------+-----------------------+


+----------------------------------------------------+
; Port Connectivity Checks: "regFile:RF|reg_N:reg30" ;
+---------+-------+----------+-----------------------+
; Port    ; Type  ; Severity ; Details               ;
+---------+-------+----------+-----------------------+
; i_flush ; Input ; Info     ; Stuck at GND          ;
+---------+-------+----------+-----------------------+


+----------------------------------------------------+
; Port Connectivity Checks: "regFile:RF|reg_N:reg29" ;
+---------+-------+----------+-----------------------+
; Port    ; Type  ; Severity ; Details               ;
+---------+-------+----------+-----------------------+
; i_flush ; Input ; Info     ; Stuck at GND          ;
+---------+-------+----------+-----------------------+


+----------------------------------------------------+
; Port Connectivity Checks: "regFile:RF|reg_N:reg28" ;
+---------+-------+----------+-----------------------+
; Port    ; Type  ; Severity ; Details               ;
+---------+-------+----------+-----------------------+
; i_flush ; Input ; Info     ; Stuck at GND          ;
+---------+-------+----------+-----------------------+


+----------------------------------------------------+
; Port Connectivity Checks: "regFile:RF|reg_N:reg27" ;
+---------+-------+----------+-----------------------+
; Port    ; Type  ; Severity ; Details               ;
+---------+-------+----------+-----------------------+
; i_flush ; Input ; Info     ; Stuck at GND          ;
+---------+-------+----------+-----------------------+


+----------------------------------------------------+
; Port Connectivity Checks: "regFile:RF|reg_N:reg26" ;
+---------+-------+----------+-----------------------+
; Port    ; Type  ; Severity ; Details               ;
+---------+-------+----------+-----------------------+
; i_flush ; Input ; Info     ; Stuck at GND          ;
+---------+-------+----------+-----------------------+


+----------------------------------------------------+
; Port Connectivity Checks: "regFile:RF|reg_N:reg25" ;
+---------+-------+----------+-----------------------+
; Port    ; Type  ; Severity ; Details               ;
+---------+-------+----------+-----------------------+
; i_flush ; Input ; Info     ; Stuck at GND          ;
+---------+-------+----------+-----------------------+


+----------------------------------------------------+
; Port Connectivity Checks: "regFile:RF|reg_N:reg24" ;
+---------+-------+----------+-----------------------+
; Port    ; Type  ; Severity ; Details               ;
+---------+-------+----------+-----------------------+
; i_flush ; Input ; Info     ; Stuck at GND          ;
+---------+-------+----------+-----------------------+


+----------------------------------------------------+
; Port Connectivity Checks: "regFile:RF|reg_N:reg23" ;
+---------+-------+----------+-----------------------+
; Port    ; Type  ; Severity ; Details               ;
+---------+-------+----------+-----------------------+
; i_flush ; Input ; Info     ; Stuck at GND          ;
+---------+-------+----------+-----------------------+


+----------------------------------------------------+
; Port Connectivity Checks: "regFile:RF|reg_N:reg22" ;
+---------+-------+----------+-----------------------+
; Port    ; Type  ; Severity ; Details               ;
+---------+-------+----------+-----------------------+
; i_flush ; Input ; Info     ; Stuck at GND          ;
+---------+-------+----------+-----------------------+


+----------------------------------------------------+
; Port Connectivity Checks: "regFile:RF|reg_N:reg21" ;
+---------+-------+----------+-----------------------+
; Port    ; Type  ; Severity ; Details               ;
+---------+-------+----------+-----------------------+
; i_flush ; Input ; Info     ; Stuck at GND          ;
+---------+-------+----------+-----------------------+


+----------------------------------------------------+
; Port Connectivity Checks: "regFile:RF|reg_N:reg20" ;
+---------+-------+----------+-----------------------+
; Port    ; Type  ; Severity ; Details               ;
+---------+-------+----------+-----------------------+
; i_flush ; Input ; Info     ; Stuck at GND          ;
+---------+-------+----------+-----------------------+


+----------------------------------------------------+
; Port Connectivity Checks: "regFile:RF|reg_N:reg19" ;
+---------+-------+----------+-----------------------+
; Port    ; Type  ; Severity ; Details               ;
+---------+-------+----------+-----------------------+
; i_flush ; Input ; Info     ; Stuck at GND          ;
+---------+-------+----------+-----------------------+


+----------------------------------------------------+
; Port Connectivity Checks: "regFile:RF|reg_N:reg18" ;
+---------+-------+----------+-----------------------+
; Port    ; Type  ; Severity ; Details               ;
+---------+-------+----------+-----------------------+
; i_flush ; Input ; Info     ; Stuck at GND          ;
+---------+-------+----------+-----------------------+


+----------------------------------------------------+
; Port Connectivity Checks: "regFile:RF|reg_N:reg17" ;
+---------+-------+----------+-----------------------+
; Port    ; Type  ; Severity ; Details               ;
+---------+-------+----------+-----------------------+
; i_flush ; Input ; Info     ; Stuck at GND          ;
+---------+-------+----------+-----------------------+


+----------------------------------------------------+
; Port Connectivity Checks: "regFile:RF|reg_N:reg16" ;
+---------+-------+----------+-----------------------+
; Port    ; Type  ; Severity ; Details               ;
+---------+-------+----------+-----------------------+
; i_flush ; Input ; Info     ; Stuck at GND          ;
+---------+-------+----------+-----------------------+


+----------------------------------------------------+
; Port Connectivity Checks: "regFile:RF|reg_N:reg15" ;
+---------+-------+----------+-----------------------+
; Port    ; Type  ; Severity ; Details               ;
+---------+-------+----------+-----------------------+
; i_flush ; Input ; Info     ; Stuck at GND          ;
+---------+-------+----------+-----------------------+


+----------------------------------------------------+
; Port Connectivity Checks: "regFile:RF|reg_N:reg14" ;
+---------+-------+----------+-----------------------+
; Port    ; Type  ; Severity ; Details               ;
+---------+-------+----------+-----------------------+
; i_flush ; Input ; Info     ; Stuck at GND          ;
+---------+-------+----------+-----------------------+


+----------------------------------------------------+
; Port Connectivity Checks: "regFile:RF|reg_N:reg13" ;
+---------+-------+----------+-----------------------+
; Port    ; Type  ; Severity ; Details               ;
+---------+-------+----------+-----------------------+
; i_flush ; Input ; Info     ; Stuck at GND          ;
+---------+-------+----------+-----------------------+


+----------------------------------------------------+
; Port Connectivity Checks: "regFile:RF|reg_N:reg12" ;
+---------+-------+----------+-----------------------+
; Port    ; Type  ; Severity ; Details               ;
+---------+-------+----------+-----------------------+
; i_flush ; Input ; Info     ; Stuck at GND          ;
+---------+-------+----------+-----------------------+


+----------------------------------------------------+
; Port Connectivity Checks: "regFile:RF|reg_N:reg11" ;
+---------+-------+----------+-----------------------+
; Port    ; Type  ; Severity ; Details               ;
+---------+-------+----------+-----------------------+
; i_flush ; Input ; Info     ; Stuck at GND          ;
+---------+-------+----------+-----------------------+


+----------------------------------------------------+
; Port Connectivity Checks: "regFile:RF|reg_N:reg10" ;
+---------+-------+----------+-----------------------+
; Port    ; Type  ; Severity ; Details               ;
+---------+-------+----------+-----------------------+
; i_flush ; Input ; Info     ; Stuck at GND          ;
+---------+-------+----------+-----------------------+


+---------------------------------------------------+
; Port Connectivity Checks: "regFile:RF|reg_N:reg9" ;
+---------+-------+----------+----------------------+
; Port    ; Type  ; Severity ; Details              ;
+---------+-------+----------+----------------------+
; i_flush ; Input ; Info     ; Stuck at GND         ;
+---------+-------+----------+----------------------+


+---------------------------------------------------+
; Port Connectivity Checks: "regFile:RF|reg_N:reg8" ;
+---------+-------+----------+----------------------+
; Port    ; Type  ; Severity ; Details              ;
+---------+-------+----------+----------------------+
; i_flush ; Input ; Info     ; Stuck at GND         ;
+---------+-------+----------+----------------------+


+---------------------------------------------------+
; Port Connectivity Checks: "regFile:RF|reg_N:reg7" ;
+---------+-------+----------+----------------------+
; Port    ; Type  ; Severity ; Details              ;
+---------+-------+----------+----------------------+
; i_flush ; Input ; Info     ; Stuck at GND         ;
+---------+-------+----------+----------------------+


+---------------------------------------------------+
; Port Connectivity Checks: "regFile:RF|reg_N:reg6" ;
+---------+-------+----------+----------------------+
; Port    ; Type  ; Severity ; Details              ;
+---------+-------+----------+----------------------+
; i_flush ; Input ; Info     ; Stuck at GND         ;
+---------+-------+----------+----------------------+


+---------------------------------------------------+
; Port Connectivity Checks: "regFile:RF|reg_N:reg5" ;
+---------+-------+----------+----------------------+
; Port    ; Type  ; Severity ; Details              ;
+---------+-------+----------+----------------------+
; i_flush ; Input ; Info     ; Stuck at GND         ;
+---------+-------+----------+----------------------+


+---------------------------------------------------+
; Port Connectivity Checks: "regFile:RF|reg_N:reg4" ;
+---------+-------+----------+----------------------+
; Port    ; Type  ; Severity ; Details              ;
+---------+-------+----------+----------------------+
; i_flush ; Input ; Info     ; Stuck at GND         ;
+---------+-------+----------+----------------------+


+---------------------------------------------------+
; Port Connectivity Checks: "regFile:RF|reg_N:reg3" ;
+---------+-------+----------+----------------------+
; Port    ; Type  ; Severity ; Details              ;
+---------+-------+----------+----------------------+
; i_flush ; Input ; Info     ; Stuck at GND         ;
+---------+-------+----------+----------------------+


+---------------------------------------------------+
; Port Connectivity Checks: "regFile:RF|reg_N:reg2" ;
+---------+-------+----------+----------------------+
; Port    ; Type  ; Severity ; Details              ;
+---------+-------+----------+----------------------+
; i_flush ; Input ; Info     ; Stuck at GND         ;
+---------+-------+----------+----------------------+


+---------------------------------------------------+
; Port Connectivity Checks: "regFile:RF|reg_N:reg1" ;
+---------+-------+----------+----------------------+
; Port    ; Type  ; Severity ; Details              ;
+---------+-------+----------+----------------------+
; i_flush ; Input ; Info     ; Stuck at GND         ;
+---------+-------+----------+----------------------+


+--------------------------------------------------------------------------------------------------------------------+
; Port Connectivity Checks: "regFile:RF|decoder5t32:decoder_inst"                                                    ;
+----------+--------+----------+-------------------------------------------------------------------------------------+
; Port     ; Type   ; Severity ; Details                                                                             ;
+----------+--------+----------+-------------------------------------------------------------------------------------+
; o_out[0] ; Output ; Info     ; Connected to dangling logic. Logic that only feeds a dangling port will be removed. ;
+----------+--------+----------+-------------------------------------------------------------------------------------+


+---------------------------------------------------------------------------------------------------------------------+
; Port Connectivity Checks: "Control:CTRL"                                                                            ;
+-----------+--------+----------+-------------------------------------------------------------------------------------+
; Port      ; Type   ; Severity ; Details                                                                             ;
+-----------+--------+----------+-------------------------------------------------------------------------------------+
; o_immtype ; Output ; Info     ; Connected to dangling logic. Logic that only feeds a dangling port will be removed. ;
+-----------+--------+----------+-------------------------------------------------------------------------------------+


+-----------------------------------------------------------------------------------------------------------------------+
; Port Connectivity Checks: "pcLogic:PC_LOGIC|adder_N:JALR_Adjust_Subtract"                                             ;
+-------------+--------+----------+-------------------------------------------------------------------------------------+
; Port        ; Type   ; Severity ; Details                                                                             ;
+-------------+--------+----------+-------------------------------------------------------------------------------------+
; i_a[0]      ; Input  ; Info     ; Stuck at GND                                                                        ;
; i_b[31..22] ; Input  ; Info     ; Stuck at VCC                                                                        ;
; i_b[21..0]  ; Input  ; Info     ; Stuck at GND                                                                        ;
; i_cin       ; Input  ; Info     ; Stuck at GND                                                                        ;
; o_cout      ; Output ; Info     ; Connected to dangling logic. Logic that only feeds a dangling port will be removed. ;
+-------------+--------+----------+-------------------------------------------------------------------------------------+


+------------------------------------------------------------------------------------------------------------------+
; Port Connectivity Checks: "pcLogic:PC_LOGIC|adder_N:rs1_Plus_imm"                                                ;
+--------+--------+----------+-------------------------------------------------------------------------------------+
; Port   ; Type   ; Severity ; Details                                                                             ;
+--------+--------+----------+-------------------------------------------------------------------------------------+
; i_cin  ; Input  ; Info     ; Stuck at GND                                                                        ;
; o_s[0] ; Output ; Info     ; Connected to dangling logic. Logic that only feeds a dangling port will be removed. ;
; o_cout ; Output ; Info     ; Connected to dangling logic. Logic that only feeds a dangling port will be removed. ;
+--------+--------+----------+-------------------------------------------------------------------------------------+


+------------------------------------------------------------------------------------------------------------------+
; Port Connectivity Checks: "pcLogic:PC_LOGIC|adder_N:PC_Plus_imm"                                                 ;
+--------+--------+----------+-------------------------------------------------------------------------------------+
; Port   ; Type   ; Severity ; Details                                                                             ;
+--------+--------+----------+-------------------------------------------------------------------------------------+
; i_cin  ; Input  ; Info     ; Stuck at GND                                                                        ;
; o_cout ; Output ; Info     ; Connected to dangling logic. Logic that only feeds a dangling port will be removed. ;
+--------+--------+----------+-------------------------------------------------------------------------------------+


+----------------------------------------------------------------------------------------------------------------------+
; Port Connectivity Checks: "pcLogic:PC_LOGIC|adder_N:PC_Plus_4"                                                       ;
+------------+--------+----------+-------------------------------------------------------------------------------------+
; Port       ; Type   ; Severity ; Details                                                                             ;
+------------+--------+----------+-------------------------------------------------------------------------------------+
; i_b[31..3] ; Input  ; Info     ; Stuck at GND                                                                        ;
; i_b[1..0]  ; Input  ; Info     ; Stuck at GND                                                                        ;
; i_b[2]     ; Input  ; Info     ; Stuck at VCC                                                                        ;
; i_cin      ; Input  ; Info     ; Stuck at GND                                                                        ;
; o_cout     ; Output ; Info     ; Connected to dangling logic. Logic that only feeds a dangling port will be removed. ;
+------------+--------+----------+-------------------------------------------------------------------------------------+


+----------------------------------------------------------------+
; Port Connectivity Checks: "pcLogic:PC_LOGIC|reg_N:PC_Register" ;
+---------+-------+----------+-----------------------------------+
; Port    ; Type  ; Severity ; Details                           ;
+---------+-------+----------+-----------------------------------+
; i_flush ; Input ; Info     ; Stuck at GND                      ;
+---------+-------+----------+-----------------------------------+


+-----------------------------------------------------+
; Post-Synthesis Netlist Statistics for Top Partition ;
+-----------------------+-----------------------------+
; Type                  ; Count                       ;
+-----------------------+-----------------------------+
; boundary_port         ; 99                          ;
; cycloneiii_ff         ; 66938                       ;
;     CLR               ; 282                         ;
;     CLR SCLR SLD      ; 32                          ;
;     ENA               ; 65536                       ;
;     ENA CLR           ; 1058                        ;
;     ENA CLR SLD       ; 30                          ;
; cycloneiii_lcell_comb ; 48928                       ;
;     arith             ; 100                         ;
;         2 data inputs ; 38                          ;
;         3 data inputs ; 62                          ;
;     normal            ; 48828                       ;
;         1 data inputs ; 2                           ;
;         2 data inputs ; 1324                        ;
;         3 data inputs ; 1392                        ;
;         4 data inputs ; 46110                       ;
;                       ;                             ;
; Max LUT depth         ; 46.00                       ;
; Average LUT depth     ; 9.04                        ;
+-----------------------+-----------------------------+


+-------------------------------+
; Elapsed Time Per Partition    ;
+----------------+--------------+
; Partition Name ; Elapsed Time ;
+----------------+--------------+
; Top            ; 00:02:09     ;
+----------------+--------------+


+-------------------------------+
; Analysis & Synthesis Messages ;
+-------------------------------+
Info: *******************************************************************
Info: Running Quartus Prime Analysis & Synthesis
    Info: Version 20.1.1 Build 720 11/11/2020 SJ Standard Edition
    Info: Copyright (C) 2020  Intel Corporation. All rights reserved.
    Info: Your use of Intel Corporation's design tools, logic functions 
    Info: and other software and tools, and any partner logic 
    Info: functions, and any output files from any of the foregoing 
    Info: (including device programming or simulation files), and any 
    Info: associated documentation or information are expressly subject 
    Info: to the terms and conditions of the Intel Program License 
    Info: Subscription Agreement, the Intel Quartus Prime License Agreement,
    Info: the Intel FPGA IP License Agreement, or other applicable license
    Info: agreement, including, without limitation, that your use is for
    Info: the sole purpose of programming logic devices manufactured by
    Info: Intel and sold by Intel or its authorized distributors.  Please
    Info: refer to the applicable agreement for further details, at
    Info: https://fpgasoftware.intel.com/eula.
    Info: Processing started: Sat Dec  6 21:57:20 2025
Info: Command: quartus_map --read_settings_files=on --write_settings_files=off toolflow -c toolflow
Warning (18236): Number of processors has not been specified which may cause overloading on shared machines.  Set the global assignment NUM_PARALLEL_PROCESSORS in your QSF to an appropriate value for best performance.
Info (20030): Parallel compilation is enabled and will use 4 of the 4 processors detected
Info (12021): Found 2 design units, including 0 entities, in source file /home/connorwm/cpre381/Proj2/Hardware Scheduled/cpre3810-toolflow/proj/src/RISCV_types.vhd
    Info (12022): Found design unit 1: RISCV_types File: /home/connorwm/cpre381/Proj2/Hardware Scheduled/cpre3810-toolflow/proj/src/RISCV_types.vhd Line: 15
    Info (12022): Found design unit 2: RISCV_types-body File: /home/connorwm/cpre381/Proj2/Hardware Scheduled/cpre3810-toolflow/proj/src/RISCV_types.vhd Line: 29
Info (12021): Found 2 design units, including 1 entities, in source file /home/connorwm/cpre381/Proj2/Hardware Scheduled/cpre3810-toolflow/proj/src/TopLevel/Control.vhd
    Info (12022): Found design unit 1: Control-dataflow File: /home/connorwm/cpre381/Proj2/Hardware Scheduled/cpre3810-toolflow/proj/src/TopLevel/Control.vhd Line: 26
    Info (12023): Found entity 1: Control File: /home/connorwm/cpre381/Proj2/Hardware Scheduled/cpre3810-toolflow/proj/src/TopLevel/Control.vhd Line: 5
Info (12021): Found 2 design units, including 1 entities, in source file /home/connorwm/cpre381/Proj2/Hardware Scheduled/cpre3810-toolflow/proj/src/TopLevel/Decode.vhd
    Info (12022): Found design unit 1: Decode-Dataflow File: /home/connorwm/cpre381/Proj2/Hardware Scheduled/cpre3810-toolflow/proj/src/TopLevel/Decode.vhd Line: 22
    Info (12023): Found entity 1: Decode File: /home/connorwm/cpre381/Proj2/Hardware Scheduled/cpre3810-toolflow/proj/src/TopLevel/Decode.vhd Line: 5
Info (12021): Found 2 design units, including 1 entities, in source file /home/connorwm/cpre381/Proj2/Hardware Scheduled/cpre3810-toolflow/proj/src/TopLevel/EX_MEM.vhd
    Info (12022): Found design unit 1: EX_MEM-structural File: /home/connorwm/cpre381/Proj2/Hardware Scheduled/cpre3810-toolflow/proj/src/TopLevel/EX_MEM.vhd Line: 59
    Info (12023): Found entity 1: EX_MEM File: /home/connorwm/cpre381/Proj2/Hardware Scheduled/cpre3810-toolflow/proj/src/TopLevel/EX_MEM.vhd Line: 19
Info (12021): Found 2 design units, including 1 entities, in source file /home/connorwm/cpre381/Proj2/Hardware Scheduled/cpre3810-toolflow/proj/src/TopLevel/ForwardUnit.vhd
    Info (12022): Found design unit 1: ForwardUnit-Dataflow File: /home/connorwm/cpre381/Proj2/Hardware Scheduled/cpre3810-toolflow/proj/src/TopLevel/ForwardUnit.vhd Line: 32
    Info (12023): Found entity 1: ForwardUnit File: /home/connorwm/cpre381/Proj2/Hardware Scheduled/cpre3810-toolflow/proj/src/TopLevel/ForwardUnit.vhd Line: 5
Info (12021): Found 2 design units, including 1 entities, in source file /home/connorwm/cpre381/Proj2/Hardware Scheduled/cpre3810-toolflow/proj/src/TopLevel/HazardDetection.vhd
    Info (12022): Found design unit 1: HazardDetection-dataflow File: /home/connorwm/cpre381/Proj2/Hardware Scheduled/cpre3810-toolflow/proj/src/TopLevel/HazardDetection.vhd Line: 34
    Info (12023): Found entity 1: HazardDetection File: /home/connorwm/cpre381/Proj2/Hardware Scheduled/cpre3810-toolflow/proj/src/TopLevel/HazardDetection.vhd Line: 5
Info (12021): Found 2 design units, including 1 entities, in source file /home/connorwm/cpre381/Proj2/Hardware Scheduled/cpre3810-toolflow/proj/src/TopLevel/ID_EX.vhd
    Info (12022): Found design unit 1: ID_EX-structural File: /home/connorwm/cpre381/Proj2/Hardware Scheduled/cpre3810-toolflow/proj/src/TopLevel/ID_EX.vhd Line: 79
    Info (12023): Found entity 1: ID_EX File: /home/connorwm/cpre381/Proj2/Hardware Scheduled/cpre3810-toolflow/proj/src/TopLevel/ID_EX.vhd Line: 19
Info (12021): Found 2 design units, including 1 entities, in source file /home/connorwm/cpre381/Proj2/Hardware Scheduled/cpre3810-toolflow/proj/src/TopLevel/IF_ID.vhd
    Info (12022): Found design unit 1: IF_ID-structural File: /home/connorwm/cpre381/Proj2/Hardware Scheduled/cpre3810-toolflow/proj/src/TopLevel/IF_ID.vhd Line: 37
    Info (12023): Found entity 1: IF_ID File: /home/connorwm/cpre381/Proj2/Hardware Scheduled/cpre3810-toolflow/proj/src/TopLevel/IF_ID.vhd Line: 19
Info (12021): Found 2 design units, including 1 entities, in source file /home/connorwm/cpre381/Proj2/Hardware Scheduled/cpre3810-toolflow/proj/src/TopLevel/MEM_WB.vhd
    Info (12022): Found design unit 1: MEM_WB-structural File: /home/connorwm/cpre381/Proj2/Hardware Scheduled/cpre3810-toolflow/proj/src/TopLevel/MEM_WB.vhd Line: 55
    Info (12023): Found entity 1: MEM_WB File: /home/connorwm/cpre381/Proj2/Hardware Scheduled/cpre3810-toolflow/proj/src/TopLevel/MEM_WB.vhd Line: 19
Info (12021): Found 2 design units, including 1 entities, in source file /home/connorwm/cpre381/Proj2/Hardware Scheduled/cpre3810-toolflow/proj/src/TopLevel/RISCV_Processor.vhd
    Info (12022): Found design unit 1: RISCV_Processor-structure File: /home/connorwm/cpre381/Proj2/Hardware Scheduled/cpre3810-toolflow/proj/src/TopLevel/RISCV_Processor.vhd Line: 37
    Info (12023): Found entity 1: RISCV_Processor File: /home/connorwm/cpre381/Proj2/Hardware Scheduled/cpre3810-toolflow/proj/src/TopLevel/RISCV_Processor.vhd Line: 25
Info (12021): Found 2 design units, including 1 entities, in source file /home/connorwm/cpre381/Proj2/Hardware Scheduled/cpre3810-toolflow/proj/src/TopLevel/adder.vhd
    Info (12022): Found design unit 1: adder-structure File: /home/connorwm/cpre381/Proj2/Hardware Scheduled/cpre3810-toolflow/proj/src/TopLevel/adder.vhd Line: 30
    Info (12023): Found entity 1: adder File: /home/connorwm/cpre381/Proj2/Hardware Scheduled/cpre3810-toolflow/proj/src/TopLevel/adder.vhd Line: 20
Info (12021): Found 2 design units, including 1 entities, in source file /home/connorwm/cpre381/Proj2/Hardware Scheduled/cpre3810-toolflow/proj/src/TopLevel/adder_N.vhd
    Info (12022): Found design unit 1: adder_N-structural File: /home/connorwm/cpre381/Proj2/Hardware Scheduled/cpre3810-toolflow/proj/src/TopLevel/adder_N.vhd Line: 32
    Info (12023): Found entity 1: adder_N File: /home/connorwm/cpre381/Proj2/Hardware Scheduled/cpre3810-toolflow/proj/src/TopLevel/adder_N.vhd Line: 21
Info (12021): Found 2 design units, including 1 entities, in source file /home/connorwm/cpre381/Proj2/Hardware Scheduled/cpre3810-toolflow/proj/src/TopLevel/addiSubi_N.vhd
    Info (12022): Found design unit 1: addiSubi_N-structural File: /home/connorwm/cpre381/Proj2/Hardware Scheduled/cpre3810-toolflow/proj/src/TopLevel/addiSubi_N.vhd Line: 32
    Info (12023): Found entity 1: addiSubi_N File: /home/connorwm/cpre381/Proj2/Hardware Scheduled/cpre3810-toolflow/proj/src/TopLevel/addiSubi_N.vhd Line: 21
Info (12021): Found 2 design units, including 1 entities, in source file /home/connorwm/cpre381/Proj2/Hardware Scheduled/cpre3810-toolflow/proj/src/TopLevel/alu.vhd
    Info (12022): Found design unit 1: alu-structural File: /home/connorwm/cpre381/Proj2/Hardware Scheduled/cpre3810-toolflow/proj/src/TopLevel/alu.vhd Line: 56
    Info (12023): Found entity 1: alu File: /home/connorwm/cpre381/Proj2/Hardware Scheduled/cpre3810-toolflow/proj/src/TopLevel/alu.vhd Line: 24
Info (12021): Found 2 design units, including 1 entities, in source file /home/connorwm/cpre381/Proj2/Hardware Scheduled/cpre3810-toolflow/proj/src/TopLevel/andg2.vhd
    Info (12022): Found design unit 1: andg2-dataflow File: /home/connorwm/cpre381/Proj2/Hardware Scheduled/cpre3810-toolflow/proj/src/TopLevel/andg2.vhd Line: 31
    Info (12023): Found entity 1: andg2 File: /home/connorwm/cpre381/Proj2/Hardware Scheduled/cpre3810-toolflow/proj/src/TopLevel/andg2.vhd Line: 23
Info (12021): Found 2 design units, including 1 entities, in source file /home/connorwm/cpre381/Proj2/Hardware Scheduled/cpre3810-toolflow/proj/src/TopLevel/andg2_N.vhd
    Info (12022): Found design unit 1: andg2_N-structure File: /home/connorwm/cpre381/Proj2/Hardware Scheduled/cpre3810-toolflow/proj/src/TopLevel/andg2_N.vhd Line: 30
    Info (12023): Found entity 1: andg2_N File: /home/connorwm/cpre381/Proj2/Hardware Scheduled/cpre3810-toolflow/proj/src/TopLevel/andg2_N.vhd Line: 21
Info (12021): Found 2 design units, including 1 entities, in source file /home/connorwm/cpre381/Proj2/Hardware Scheduled/cpre3810-toolflow/proj/src/TopLevel/barrelShifter.vhd
    Info (12022): Found design unit 1: barrelShifter-structure File: /home/connorwm/cpre381/Proj2/Hardware Scheduled/cpre3810-toolflow/proj/src/TopLevel/barrelShifter.vhd Line: 36
    Info (12023): Found entity 1: barrelShifter File: /home/connorwm/cpre381/Proj2/Hardware Scheduled/cpre3810-toolflow/proj/src/TopLevel/barrelShifter.vhd Line: 26
Info (12021): Found 2 design units, including 1 entities, in source file /home/connorwm/cpre381/Proj2/Hardware Scheduled/cpre3810-toolflow/proj/src/TopLevel/decoder5t32.vhd
    Info (12022): Found design unit 1: decoder5t32-dataflow File: /home/connorwm/cpre381/Proj2/Hardware Scheduled/cpre3810-toolflow/proj/src/TopLevel/decoder5t32.vhd Line: 28
    Info (12023): Found entity 1: decoder5t32 File: /home/connorwm/cpre381/Proj2/Hardware Scheduled/cpre3810-toolflow/proj/src/TopLevel/decoder5t32.vhd Line: 20
Info (12021): Found 2 design units, including 1 entities, in source file /home/connorwm/cpre381/Proj2/Hardware Scheduled/cpre3810-toolflow/proj/src/TopLevel/dffg.vhd
    Info (12022): Found design unit 1: dffg-mixed File: /home/connorwm/cpre381/Proj2/Hardware Scheduled/cpre3810-toolflow/proj/src/TopLevel/dffg.vhd Line: 35
    Info (12023): Found entity 1: dffg File: /home/connorwm/cpre381/Proj2/Hardware Scheduled/cpre3810-toolflow/proj/src/TopLevel/dffg.vhd Line: 23
Info (12021): Found 2 design units, including 1 entities, in source file /home/connorwm/cpre381/Proj2/Hardware Scheduled/cpre3810-toolflow/proj/src/TopLevel/extender.vhd
    Info (12022): Found design unit 1: extender-dataflow File: /home/connorwm/cpre381/Proj2/Hardware Scheduled/cpre3810-toolflow/proj/src/TopLevel/extender.vhd Line: 34
    Info (12023): Found entity 1: extender File: /home/connorwm/cpre381/Proj2/Hardware Scheduled/cpre3810-toolflow/proj/src/TopLevel/extender.vhd Line: 20
Info (12021): Found 2 design units, including 1 entities, in source file /home/connorwm/cpre381/Proj2/Hardware Scheduled/cpre3810-toolflow/proj/src/TopLevel/invg.vhd
    Info (12022): Found design unit 1: invg-dataflow File: /home/connorwm/cpre381/Proj2/Hardware Scheduled/cpre3810-toolflow/proj/src/TopLevel/invg.vhd Line: 30
    Info (12023): Found entity 1: invg File: /home/connorwm/cpre381/Proj2/Hardware Scheduled/cpre3810-toolflow/proj/src/TopLevel/invg.vhd Line: 23
Info (12021): Found 2 design units, including 1 entities, in source file /home/connorwm/cpre381/Proj2/Hardware Scheduled/cpre3810-toolflow/proj/src/TopLevel/invg_N.vhd
    Info (12022): Found design unit 1: invg_N-structure File: /home/connorwm/cpre381/Proj2/Hardware Scheduled/cpre3810-toolflow/proj/src/TopLevel/invg_N.vhd Line: 29
    Info (12023): Found entity 1: invg_N File: /home/connorwm/cpre381/Proj2/Hardware Scheduled/cpre3810-toolflow/proj/src/TopLevel/invg_N.vhd Line: 21
Info (12021): Found 2 design units, including 1 entities, in source file /home/connorwm/cpre381/Proj2/Hardware Scheduled/cpre3810-toolflow/proj/src/TopLevel/mem.vhd
    Info (12022): Found design unit 1: mem-rtl File: /home/connorwm/cpre381/Proj2/Hardware Scheduled/cpre3810-toolflow/proj/src/TopLevel/mem.vhd Line: 27
    Info (12023): Found entity 1: mem File: /home/connorwm/cpre381/Proj2/Hardware Scheduled/cpre3810-toolflow/proj/src/TopLevel/mem.vhd Line: 8
Info (12021): Found 2 design units, including 1 entities, in source file /home/connorwm/cpre381/Proj2/Hardware Scheduled/cpre3810-toolflow/proj/src/TopLevel/mux2t1.vhd
    Info (12022): Found design unit 1: mux2t1-structure File: /home/connorwm/cpre381/Proj2/Hardware Scheduled/cpre3810-toolflow/proj/src/TopLevel/mux2t1.vhd Line: 29
    Info (12023): Found entity 1: mux2t1 File: /home/connorwm/cpre381/Proj2/Hardware Scheduled/cpre3810-toolflow/proj/src/TopLevel/mux2t1.vhd Line: 20
Info (12021): Found 2 design units, including 1 entities, in source file /home/connorwm/cpre381/Proj2/Hardware Scheduled/cpre3810-toolflow/proj/src/TopLevel/mux2t1_N.vhd
    Info (12022): Found design unit 1: mux2t1_N-structural File: /home/connorwm/cpre381/Proj2/Hardware Scheduled/cpre3810-toolflow/proj/src/TopLevel/mux2t1_N.vhd Line: 30
    Info (12023): Found entity 1: mux2t1_N File: /home/connorwm/cpre381/Proj2/Hardware Scheduled/cpre3810-toolflow/proj/src/TopLevel/mux2t1_N.vhd Line: 21
Info (12021): Found 2 design units, including 1 entities, in source file /home/connorwm/cpre381/Proj2/Hardware Scheduled/cpre3810-toolflow/proj/src/TopLevel/mux32t1_N.vhd
    Info (12022): Found design unit 1: mux32t1_N-dataflow File: /home/connorwm/cpre381/Proj2/Hardware Scheduled/cpre3810-toolflow/proj/src/TopLevel/mux32t1_N.vhd Line: 61
    Info (12023): Found entity 1: mux32t1_N File: /home/connorwm/cpre381/Proj2/Hardware Scheduled/cpre3810-toolflow/proj/src/TopLevel/mux32t1_N.vhd Line: 20
Info (12021): Found 2 design units, including 1 entities, in source file /home/connorwm/cpre381/Proj2/Hardware Scheduled/cpre3810-toolflow/proj/src/TopLevel/mux4t1.vhd
    Info (12022): Found design unit 1: mux4t1-dataflow File: /home/connorwm/cpre381/Proj2/Hardware Scheduled/cpre3810-toolflow/proj/src/TopLevel/mux4t1.vhd Line: 31
    Info (12023): Found entity 1: mux4t1 File: /home/connorwm/cpre381/Proj2/Hardware Scheduled/cpre3810-toolflow/proj/src/TopLevel/mux4t1.vhd Line: 20
Info (12021): Found 2 design units, including 1 entities, in source file /home/connorwm/cpre381/Proj2/Hardware Scheduled/cpre3810-toolflow/proj/src/TopLevel/mux4t1_N.vhd
    Info (12022): Found design unit 1: mux4t1_N-structural File: /home/connorwm/cpre381/Proj2/Hardware Scheduled/cpre3810-toolflow/proj/src/TopLevel/mux4t1_N.vhd Line: 32
    Info (12023): Found entity 1: mux4t1_N File: /home/connorwm/cpre381/Proj2/Hardware Scheduled/cpre3810-toolflow/proj/src/TopLevel/mux4t1_N.vhd Line: 21
Info (12021): Found 2 design units, including 1 entities, in source file /home/connorwm/cpre381/Proj2/Hardware Scheduled/cpre3810-toolflow/proj/src/TopLevel/onesComp_N.vhd
    Info (12022): Found design unit 1: onesComp_N-structural File: /home/connorwm/cpre381/Proj2/Hardware Scheduled/cpre3810-toolflow/proj/src/TopLevel/onesComp_N.vhd Line: 28
    Info (12023): Found entity 1: onesComp_N File: /home/connorwm/cpre381/Proj2/Hardware Scheduled/cpre3810-toolflow/proj/src/TopLevel/onesComp_N.vhd Line: 21
Info (12021): Found 2 design units, including 1 entities, in source file /home/connorwm/cpre381/Proj2/Hardware Scheduled/cpre3810-toolflow/proj/src/TopLevel/org2.vhd
    Info (12022): Found design unit 1: org2-dataflow File: /home/connorwm/cpre381/Proj2/Hardware Scheduled/cpre3810-toolflow/proj/src/TopLevel/org2.vhd Line: 31
    Info (12023): Found entity 1: org2 File: /home/connorwm/cpre381/Proj2/Hardware Scheduled/cpre3810-toolflow/proj/src/TopLevel/org2.vhd Line: 23
Info (12021): Found 2 design units, including 1 entities, in source file /home/connorwm/cpre381/Proj2/Hardware Scheduled/cpre3810-toolflow/proj/src/TopLevel/org2_N.vhd
    Info (12022): Found design unit 1: org2_N-structure File: /home/connorwm/cpre381/Proj2/Hardware Scheduled/cpre3810-toolflow/proj/src/TopLevel/org2_N.vhd Line: 30
    Info (12023): Found entity 1: org2_N File: /home/connorwm/cpre381/Proj2/Hardware Scheduled/cpre3810-toolflow/proj/src/TopLevel/org2_N.vhd Line: 21
Info (12021): Found 2 design units, including 1 entities, in source file /home/connorwm/cpre381/Proj2/Hardware Scheduled/cpre3810-toolflow/proj/src/TopLevel/pcLogic.vhd
    Info (12022): Found design unit 1: pcLogic-structural File: /home/connorwm/cpre381/Proj2/Hardware Scheduled/cpre3810-toolflow/proj/src/TopLevel/pcLogic.vhd Line: 40
    Info (12023): Found entity 1: pcLogic File: /home/connorwm/cpre381/Proj2/Hardware Scheduled/cpre3810-toolflow/proj/src/TopLevel/pcLogic.vhd Line: 21
Info (12021): Found 2 design units, including 1 entities, in source file /home/connorwm/cpre381/Proj2/Hardware Scheduled/cpre3810-toolflow/proj/src/TopLevel/regFile.vhd
    Info (12022): Found design unit 1: regFile-structural File: /home/connorwm/cpre381/Proj2/Hardware Scheduled/cpre3810-toolflow/proj/src/TopLevel/regFile.vhd Line: 34
    Info (12023): Found entity 1: regFile File: /home/connorwm/cpre381/Proj2/Hardware Scheduled/cpre3810-toolflow/proj/src/TopLevel/regFile.vhd Line: 21
Info (12021): Found 2 design units, including 1 entities, in source file /home/connorwm/cpre381/Proj2/Hardware Scheduled/cpre3810-toolflow/proj/src/TopLevel/reg_N.vhd
    Info (12022): Found design unit 1: reg_N-structural File: /home/connorwm/cpre381/Proj2/Hardware Scheduled/cpre3810-toolflow/proj/src/TopLevel/reg_N.vhd Line: 32
    Info (12023): Found entity 1: reg_N File: /home/connorwm/cpre381/Proj2/Hardware Scheduled/cpre3810-toolflow/proj/src/TopLevel/reg_N.vhd Line: 21
Info (12021): Found 2 design units, including 1 entities, in source file /home/connorwm/cpre381/Proj2/Hardware Scheduled/cpre3810-toolflow/proj/src/TopLevel/shiftBinary.vhd
    Info (12022): Found design unit 1: shiftBinary-structure File: /home/connorwm/cpre381/Proj2/Hardware Scheduled/cpre3810-toolflow/proj/src/TopLevel/shiftBinary.vhd Line: 38
    Info (12023): Found entity 1: shiftBinary File: /home/connorwm/cpre381/Proj2/Hardware Scheduled/cpre3810-toolflow/proj/src/TopLevel/shiftBinary.vhd Line: 25
Info (12021): Found 2 design units, including 1 entities, in source file /home/connorwm/cpre381/Proj2/Hardware Scheduled/cpre3810-toolflow/proj/src/TopLevel/slt_N.vhd
    Info (12022): Found design unit 1: slt_N-dataflow File: /home/connorwm/cpre381/Proj2/Hardware Scheduled/cpre3810-toolflow/proj/src/TopLevel/slt_N.vhd Line: 32
    Info (12023): Found entity 1: slt_N File: /home/connorwm/cpre381/Proj2/Hardware Scheduled/cpre3810-toolflow/proj/src/TopLevel/slt_N.vhd Line: 22
Info (12021): Found 2 design units, including 1 entities, in source file /home/connorwm/cpre381/Proj2/Hardware Scheduled/cpre3810-toolflow/proj/src/TopLevel/xorg2.vhd
    Info (12022): Found design unit 1: xorg2-dataflow File: /home/connorwm/cpre381/Proj2/Hardware Scheduled/cpre3810-toolflow/proj/src/TopLevel/xorg2.vhd Line: 31
    Info (12023): Found entity 1: xorg2 File: /home/connorwm/cpre381/Proj2/Hardware Scheduled/cpre3810-toolflow/proj/src/TopLevel/xorg2.vhd Line: 23
Info (12021): Found 2 design units, including 1 entities, in source file /home/connorwm/cpre381/Proj2/Hardware Scheduled/cpre3810-toolflow/proj/src/TopLevel/xorg2_N.vhd
    Info (12022): Found design unit 1: xorg2_N-structure File: /home/connorwm/cpre381/Proj2/Hardware Scheduled/cpre3810-toolflow/proj/src/TopLevel/xorg2_N.vhd Line: 30
    Info (12023): Found entity 1: xorg2_N File: /home/connorwm/cpre381/Proj2/Hardware Scheduled/cpre3810-toolflow/proj/src/TopLevel/xorg2_N.vhd Line: 21
Info (12127): Elaborating entity "RISCV_Processor" for the top level hierarchy
Warning (10036): Verilog HDL or VHDL warning at RISCV_Processor.vhd(62): object "s_Ovfl" assigned a value but never read File: /home/connorwm/cpre381/Proj2/Hardware Scheduled/cpre3810-toolflow/proj/src/TopLevel/RISCV_Processor.vhd Line: 62
Warning (10036): Verilog HDL or VHDL warning at RISCV_Processor.vhd(412): object "s_ImmType" assigned a value but never read File: /home/connorwm/cpre381/Proj2/Hardware Scheduled/cpre3810-toolflow/proj/src/TopLevel/RISCV_Processor.vhd Line: 412
Warning (10036): Verilog HDL or VHDL warning at RISCV_Processor.vhd(466): object "s_IDEX_upperIMM" assigned a value but never read File: /home/connorwm/cpre381/Proj2/Hardware Scheduled/cpre3810-toolflow/proj/src/TopLevel/RISCV_Processor.vhd Line: 466
Warning (10036): Verilog HDL or VHDL warning at RISCV_Processor.vhd(483): object "s_EXMEM_Branch" assigned a value but never read File: /home/connorwm/cpre381/Proj2/Hardware Scheduled/cpre3810-toolflow/proj/src/TopLevel/RISCV_Processor.vhd Line: 483
Warning (10036): Verilog HDL or VHDL warning at RISCV_Processor.vhd(495): object "s_MEMWB_func3" assigned a value but never read File: /home/connorwm/cpre381/Proj2/Hardware Scheduled/cpre3810-toolflow/proj/src/TopLevel/RISCV_Processor.vhd Line: 495
Warning (10036): Verilog HDL or VHDL warning at RISCV_Processor.vhd(496): object "s_MEMWB_func7" assigned a value but never read File: /home/connorwm/cpre381/Proj2/Hardware Scheduled/cpre3810-toolflow/proj/src/TopLevel/RISCV_Processor.vhd Line: 496
Warning (10036): Verilog HDL or VHDL warning at RISCV_Processor.vhd(497): object "s_MEMWB_opcode" assigned a value but never read File: /home/connorwm/cpre381/Proj2/Hardware Scheduled/cpre3810-toolflow/proj/src/TopLevel/RISCV_Processor.vhd Line: 497
Info (12128): Elaborating entity "mem" for hierarchy "mem:IMem" File: /home/connorwm/cpre381/Proj2/Hardware Scheduled/cpre3810-toolflow/proj/src/TopLevel/RISCV_Processor.vhd Line: 529
Info (12128): Elaborating entity "pcLogic" for hierarchy "pcLogic:PC_LOGIC" File: /home/connorwm/cpre381/Proj2/Hardware Scheduled/cpre3810-toolflow/proj/src/TopLevel/RISCV_Processor.vhd Line: 565
Warning (10540): VHDL Signal Declaration warning at pcLogic.vhd(77): used explicit default value for signal "s_PC_BA" because signal was never assigned a value File: /home/connorwm/cpre381/Proj2/Hardware Scheduled/cpre3810-toolflow/proj/src/TopLevel/pcLogic.vhd Line: 77
Warning (10036): Verilog HDL or VHDL warning at pcLogic.vhd(80): object "s_unused_carry" assigned a value but never read File: /home/connorwm/cpre381/Proj2/Hardware Scheduled/cpre3810-toolflow/proj/src/TopLevel/pcLogic.vhd Line: 80
Info (12128): Elaborating entity "reg_N" for hierarchy "pcLogic:PC_LOGIC|reg_N:PC_Register" File: /home/connorwm/cpre381/Proj2/Hardware Scheduled/cpre3810-toolflow/proj/src/TopLevel/pcLogic.vhd Line: 86
Info (12128): Elaborating entity "dffg" for hierarchy "pcLogic:PC_LOGIC|reg_N:PC_Register|dffg:\G_NBit_Reg:0:RegI" File: /home/connorwm/cpre381/Proj2/Hardware Scheduled/cpre3810-toolflow/proj/src/TopLevel/reg_N.vhd Line: 47
Info (12128): Elaborating entity "adder_N" for hierarchy "pcLogic:PC_LOGIC|adder_N:PC_Plus_4" File: /home/connorwm/cpre381/Proj2/Hardware Scheduled/cpre3810-toolflow/proj/src/TopLevel/pcLogic.vhd Line: 98
Info (12128): Elaborating entity "adder" for hierarchy "pcLogic:PC_LOGIC|adder_N:PC_Plus_4|adder:\G_NBit_ADDER:0:ADDER_I" File: /home/connorwm/cpre381/Proj2/Hardware Scheduled/cpre3810-toolflow/proj/src/TopLevel/adder_N.vhd Line: 48
Info (12128): Elaborating entity "andg2" for hierarchy "pcLogic:PC_LOGIC|adder_N:PC_Plus_4|adder:\G_NBit_ADDER:0:ADDER_I|andg2:and_gate1" File: /home/connorwm/cpre381/Proj2/Hardware Scheduled/cpre3810-toolflow/proj/src/TopLevel/adder.vhd Line: 68
Info (12128): Elaborating entity "org2" for hierarchy "pcLogic:PC_LOGIC|adder_N:PC_Plus_4|adder:\G_NBit_ADDER:0:ADDER_I|org2:or_gate1" File: /home/connorwm/cpre381/Proj2/Hardware Scheduled/cpre3810-toolflow/proj/src/TopLevel/adder.vhd Line: 83
Info (12128): Elaborating entity "xorg2" for hierarchy "pcLogic:PC_LOGIC|adder_N:PC_Plus_4|adder:\G_NBit_ADDER:0:ADDER_I|xorg2:xor_gate1" File: /home/connorwm/cpre381/Proj2/Hardware Scheduled/cpre3810-toolflow/proj/src/TopLevel/adder.vhd Line: 97
Info (12128): Elaborating entity "mux4t1_N" for hierarchy "pcLogic:PC_LOGIC|mux4t1_N:PC_Select_Mux" File: /home/connorwm/cpre381/Proj2/Hardware Scheduled/cpre3810-toolflow/proj/src/TopLevel/pcLogic.vhd Line: 141
Info (12128): Elaborating entity "mux4t1" for hierarchy "pcLogic:PC_LOGIC|mux4t1_N:PC_Select_Mux|mux4t1:\G_NBit_MUX:0:MUXI" File: /home/connorwm/cpre381/Proj2/Hardware Scheduled/cpre3810-toolflow/proj/src/TopLevel/mux4t1_N.vhd Line: 47
Info (12128): Elaborating entity "IF_ID" for hierarchy "IF_ID:IF_ID_REG" File: /home/connorwm/cpre381/Proj2/Hardware Scheduled/cpre3810-toolflow/proj/src/TopLevel/RISCV_Processor.vhd Line: 579
Info (12128): Elaborating entity "Decode" for hierarchy "Decode:DECODER" File: /home/connorwm/cpre381/Proj2/Hardware Scheduled/cpre3810-toolflow/proj/src/TopLevel/RISCV_Processor.vhd Line: 593
Info (12128): Elaborating entity "Control" for hierarchy "Control:CTRL" File: /home/connorwm/cpre381/Proj2/Hardware Scheduled/cpre3810-toolflow/proj/src/TopLevel/RISCV_Processor.vhd Line: 610
Info (12128): Elaborating entity "HazardDetection" for hierarchy "HazardDetection:HAZARD_DETECTION" File: /home/connorwm/cpre381/Proj2/Hardware Scheduled/cpre3810-toolflow/proj/src/TopLevel/RISCV_Processor.vhd Line: 629
Info (12128): Elaborating entity "ForwardUnit" for hierarchy "ForwardUnit:FORWARD_UNIT" File: /home/connorwm/cpre381/Proj2/Hardware Scheduled/cpre3810-toolflow/proj/src/TopLevel/RISCV_Processor.vhd Line: 652
Info (12128): Elaborating entity "regFile" for hierarchy "regFile:RF" File: /home/connorwm/cpre381/Proj2/Hardware Scheduled/cpre3810-toolflow/proj/src/TopLevel/RISCV_Processor.vhd Line: 666
Warning (10036): Verilog HDL or VHDL warning at regFile.vhd(123): object "s_we0" assigned a value but never read File: /home/connorwm/cpre381/Proj2/Hardware Scheduled/cpre3810-toolflow/proj/src/TopLevel/regFile.vhd Line: 123
Info (12128): Elaborating entity "decoder5t32" for hierarchy "regFile:RF|decoder5t32:decoder_inst" File: /home/connorwm/cpre381/Proj2/Hardware Scheduled/cpre3810-toolflow/proj/src/TopLevel/regFile.vhd Line: 163
Info (12128): Elaborating entity "mux32t1_N" for hierarchy "regFile:RF|mux32t1_N:mux_rs1" File: /home/connorwm/cpre381/Proj2/Hardware Scheduled/cpre3810-toolflow/proj/src/TopLevel/regFile.vhd Line: 544
Info (12128): Elaborating entity "extender" for hierarchy "extender:IMM_EXT" File: /home/connorwm/cpre381/Proj2/Hardware Scheduled/cpre3810-toolflow/proj/src/TopLevel/RISCV_Processor.vhd Line: 679
Info (12128): Elaborating entity "ID_EX" for hierarchy "ID_EX:ID_EX_REG" File: /home/connorwm/cpre381/Proj2/Hardware Scheduled/cpre3810-toolflow/proj/src/TopLevel/RISCV_Processor.vhd Line: 691
Info (12128): Elaborating entity "reg_N" for hierarchy "ID_EX:ID_EX_REG|reg_N:RS1_REG" File: /home/connorwm/cpre381/Proj2/Hardware Scheduled/cpre3810-toolflow/proj/src/TopLevel/ID_EX.vhd Line: 132
Info (12128): Elaborating entity "reg_N" for hierarchy "ID_EX:ID_EX_REG|reg_N:ALUOP_REG" File: /home/connorwm/cpre381/Proj2/Hardware Scheduled/cpre3810-toolflow/proj/src/TopLevel/ID_EX.vhd Line: 191
Info (12128): Elaborating entity "reg_N" for hierarchy "ID_EX:ID_EX_REG|reg_N:FUNC3_REG" File: /home/connorwm/cpre381/Proj2/Hardware Scheduled/cpre3810-toolflow/proj/src/TopLevel/ID_EX.vhd Line: 202
Info (12128): Elaborating entity "reg_N" for hierarchy "ID_EX:ID_EX_REG|reg_N:FUNC7_REG" File: /home/connorwm/cpre381/Proj2/Hardware Scheduled/cpre3810-toolflow/proj/src/TopLevel/ID_EX.vhd Line: 213
Info (12128): Elaborating entity "alu" for hierarchy "alu:ALU_UNIT" File: /home/connorwm/cpre381/Proj2/Hardware Scheduled/cpre3810-toolflow/proj/src/TopLevel/RISCV_Processor.vhd Line: 769
Warning (10036): Verilog HDL or VHDL warning at alu.vhd(118): object "s_Cout" assigned a value but never read File: /home/connorwm/cpre381/Proj2/Hardware Scheduled/cpre3810-toolflow/proj/src/TopLevel/alu.vhd Line: 118
Warning (10540): VHDL Signal Declaration warning at alu.vhd(122): used explicit default value for signal "zero_vector" because signal was never assigned a value File: /home/connorwm/cpre381/Proj2/Hardware Scheduled/cpre3810-toolflow/proj/src/TopLevel/alu.vhd Line: 122
Info (12128): Elaborating entity "addiSubi_N" for hierarchy "alu:ALU_UNIT|addiSubi_N:ADD_SUB_UNIT" File: /home/connorwm/cpre381/Proj2/Hardware Scheduled/cpre3810-toolflow/proj/src/TopLevel/alu.vhd Line: 131
Info (12128): Elaborating entity "mux2t1_N" for hierarchy "alu:ALU_UNIT|addiSubi_N:ADD_SUB_UNIT|mux2t1_N:MUX2to1_ALUSrc" File: /home/connorwm/cpre381/Proj2/Hardware Scheduled/cpre3810-toolflow/proj/src/TopLevel/addiSubi_N.vhd Line: 62
Info (12128): Elaborating entity "mux2t1" for hierarchy "alu:ALU_UNIT|addiSubi_N:ADD_SUB_UNIT|mux2t1_N:MUX2to1_ALUSrc|mux2t1:\G_NBit_MUX:0:MUXI" File: /home/connorwm/cpre381/Proj2/Hardware Scheduled/cpre3810-toolflow/proj/src/TopLevel/mux2t1_N.vhd Line: 43
Info (12128): Elaborating entity "invg" for hierarchy "alu:ALU_UNIT|addiSubi_N:ADD_SUB_UNIT|mux2t1_N:MUX2to1_ALUSrc|mux2t1:\G_NBit_MUX:0:MUXI|invg:not_gate" File: /home/connorwm/cpre381/Proj2/Hardware Scheduled/cpre3810-toolflow/proj/src/TopLevel/mux2t1.vhd Line: 62
Info (12128): Elaborating entity "onesComp_N" for hierarchy "alu:ALU_UNIT|addiSubi_N:ADD_SUB_UNIT|onesComp_N:ones_comp" File: /home/connorwm/cpre381/Proj2/Hardware Scheduled/cpre3810-toolflow/proj/src/TopLevel/addiSubi_N.vhd Line: 71
Info (12128): Elaborating entity "andg2_N" for hierarchy "alu:ALU_UNIT|andg2_N:AND_UNIT" File: /home/connorwm/cpre381/Proj2/Hardware Scheduled/cpre3810-toolflow/proj/src/TopLevel/alu.vhd Line: 146
Info (12128): Elaborating entity "org2_N" for hierarchy "alu:ALU_UNIT|org2_N:OR_UNIT" File: /home/connorwm/cpre381/Proj2/Hardware Scheduled/cpre3810-toolflow/proj/src/TopLevel/alu.vhd Line: 154
Info (12128): Elaborating entity "xorg2_N" for hierarchy "alu:ALU_UNIT|xorg2_N:XOR_UNIT" File: /home/connorwm/cpre381/Proj2/Hardware Scheduled/cpre3810-toolflow/proj/src/TopLevel/alu.vhd Line: 162
Info (12128): Elaborating entity "invg_N" for hierarchy "alu:ALU_UNIT|invg_N:NOR_UNIT" File: /home/connorwm/cpre381/Proj2/Hardware Scheduled/cpre3810-toolflow/proj/src/TopLevel/alu.vhd Line: 170
Info (12128): Elaborating entity "slt_N" for hierarchy "alu:ALU_UNIT|slt_N:SLT_UNIT" File: /home/connorwm/cpre381/Proj2/Hardware Scheduled/cpre3810-toolflow/proj/src/TopLevel/alu.vhd Line: 180
Info (12128): Elaborating entity "barrelShifter" for hierarchy "alu:ALU_UNIT|barrelShifter:SHIFT_UNIT" File: /home/connorwm/cpre381/Proj2/Hardware Scheduled/cpre3810-toolflow/proj/src/TopLevel/alu.vhd Line: 200
Info (12128): Elaborating entity "shiftBinary" for hierarchy "alu:ALU_UNIT|barrelShifter:SHIFT_UNIT|shiftBinary:shift1" File: /home/connorwm/cpre381/Proj2/Hardware Scheduled/cpre3810-toolflow/proj/src/TopLevel/barrelShifter.vhd Line: 62
Info (12128): Elaborating entity "shiftBinary" for hierarchy "alu:ALU_UNIT|barrelShifter:SHIFT_UNIT|shiftBinary:shift2" File: /home/connorwm/cpre381/Proj2/Hardware Scheduled/cpre3810-toolflow/proj/src/TopLevel/barrelShifter.vhd Line: 73
Info (12128): Elaborating entity "shiftBinary" for hierarchy "alu:ALU_UNIT|barrelShifter:SHIFT_UNIT|shiftBinary:shift4" File: /home/connorwm/cpre381/Proj2/Hardware Scheduled/cpre3810-toolflow/proj/src/TopLevel/barrelShifter.vhd Line: 84
Info (12128): Elaborating entity "shiftBinary" for hierarchy "alu:ALU_UNIT|barrelShifter:SHIFT_UNIT|shiftBinary:shift8" File: /home/connorwm/cpre381/Proj2/Hardware Scheduled/cpre3810-toolflow/proj/src/TopLevel/barrelShifter.vhd Line: 95
Info (12128): Elaborating entity "shiftBinary" for hierarchy "alu:ALU_UNIT|barrelShifter:SHIFT_UNIT|shiftBinary:shift16" File: /home/connorwm/cpre381/Proj2/Hardware Scheduled/cpre3810-toolflow/proj/src/TopLevel/barrelShifter.vhd Line: 106
Info (12128): Elaborating entity "EX_MEM" for hierarchy "EX_MEM:EX_MEM_REG" File: /home/connorwm/cpre381/Proj2/Hardware Scheduled/cpre3810-toolflow/proj/src/TopLevel/RISCV_Processor.vhd Line: 861
Info (12128): Elaborating entity "MEM_WB" for hierarchy "MEM_WB:MEM_WB_REG" File: /home/connorwm/cpre381/Proj2/Hardware Scheduled/cpre3810-toolflow/proj/src/TopLevel/RISCV_Processor.vhd Line: 915
Info (276014): Found 2 instances of uninferred RAM logic
    Info (276007): RAM logic "mem:DMem|ram" is uninferred due to asynchronous read logic File: /home/connorwm/cpre381/Proj2/Hardware Scheduled/cpre3810-toolflow/proj/src/TopLevel/mem.vhd Line: 35
    Info (276007): RAM logic "mem:IMem|ram" is uninferred due to asynchronous read logic File: /home/connorwm/cpre381/Proj2/Hardware Scheduled/cpre3810-toolflow/proj/src/TopLevel/mem.vhd Line: 35
Warning (276002): Cannot convert all sets of registers into RAM megafunctions when creating nodes; therefore, the resulting number of registers remaining in design can cause longer compilation time or result in insufficient memory to complete Analysis and Synthesis
Info (286030): Timing-Driven Synthesis is running
Info (16010): Generating hard_block partition "hard_block:auto_generated_inst"
    Info (16011): Adding 0 node(s), including 0 DDIO, 0 PLL, 0 transceiver and 0 LCELL
Warning (21074): Design contains 22 input pin(s) that do not drive logic
    Warning (15610): No output dependent on input pin "iInstAddr[0]" File: /home/connorwm/cpre381/Proj2/Hardware Scheduled/cpre3810-toolflow/proj/src/TopLevel/RISCV_Processor.vhd Line: 30
    Warning (15610): No output dependent on input pin "iInstAddr[1]" File: /home/connorwm/cpre381/Proj2/Hardware Scheduled/cpre3810-toolflow/proj/src/TopLevel/RISCV_Processor.vhd Line: 30
    Warning (15610): No output dependent on input pin "iInstAddr[12]" File: /home/connorwm/cpre381/Proj2/Hardware Scheduled/cpre3810-toolflow/proj/src/TopLevel/RISCV_Processor.vhd Line: 30
    Warning (15610): No output dependent on input pin "iInstAddr[13]" File: /home/connorwm/cpre381/Proj2/Hardware Scheduled/cpre3810-toolflow/proj/src/TopLevel/RISCV_Processor.vhd Line: 30
    Warning (15610): No output dependent on input pin "iInstAddr[14]" File: /home/connorwm/cpre381/Proj2/Hardware Scheduled/cpre3810-toolflow/proj/src/TopLevel/RISCV_Processor.vhd Line: 30
    Warning (15610): No output dependent on input pin "iInstAddr[15]" File: /home/connorwm/cpre381/Proj2/Hardware Scheduled/cpre3810-toolflow/proj/src/TopLevel/RISCV_Processor.vhd Line: 30
    Warning (15610): No output dependent on input pin "iInstAddr[16]" File: /home/connorwm/cpre381/Proj2/Hardware Scheduled/cpre3810-toolflow/proj/src/TopLevel/RISCV_Processor.vhd Line: 30
    Warning (15610): No output dependent on input pin "iInstAddr[17]" File: /home/connorwm/cpre381/Proj2/Hardware Scheduled/cpre3810-toolflow/proj/src/TopLevel/RISCV_Processor.vhd Line: 30
    Warning (15610): No output dependent on input pin "iInstAddr[18]" File: /home/connorwm/cpre381/Proj2/Hardware Scheduled/cpre3810-toolflow/proj/src/TopLevel/RISCV_Processor.vhd Line: 30
    Warning (15610): No output dependent on input pin "iInstAddr[19]" File: /home/connorwm/cpre381/Proj2/Hardware Scheduled/cpre3810-toolflow/proj/src/TopLevel/RISCV_Processor.vhd Line: 30
    Warning (15610): No output dependent on input pin "iInstAddr[20]" File: /home/connorwm/cpre381/Proj2/Hardware Scheduled/cpre3810-toolflow/proj/src/TopLevel/RISCV_Processor.vhd Line: 30
    Warning (15610): No output dependent on input pin "iInstAddr[21]" File: /home/connorwm/cpre381/Proj2/Hardware Scheduled/cpre3810-toolflow/proj/src/TopLevel/RISCV_Processor.vhd Line: 30
    Warning (15610): No output dependent on input pin "iInstAddr[22]" File: /home/connorwm/cpre381/Proj2/Hardware Scheduled/cpre3810-toolflow/proj/src/TopLevel/RISCV_Processor.vhd Line: 30
    Warning (15610): No output dependent on input pin "iInstAddr[23]" File: /home/connorwm/cpre381/Proj2/Hardware Scheduled/cpre3810-toolflow/proj/src/TopLevel/RISCV_Processor.vhd Line: 30
    Warning (15610): No output dependent on input pin "iInstAddr[24]" File: /home/connorwm/cpre381/Proj2/Hardware Scheduled/cpre3810-toolflow/proj/src/TopLevel/RISCV_Processor.vhd Line: 30
    Warning (15610): No output dependent on input pin "iInstAddr[25]" File: /home/connorwm/cpre381/Proj2/Hardware Scheduled/cpre3810-toolflow/proj/src/TopLevel/RISCV_Processor.vhd Line: 30
    Warning (15610): No output dependent on input pin "iInstAddr[26]" File: /home/connorwm/cpre381/Proj2/Hardware Scheduled/cpre3810-toolflow/proj/src/TopLevel/RISCV_Processor.vhd Line: 30
    Warning (15610): No output dependent on input pin "iInstAddr[27]" File: /home/connorwm/cpre381/Proj2/Hardware Scheduled/cpre3810-toolflow/proj/src/TopLevel/RISCV_Processor.vhd Line: 30
    Warning (15610): No output dependent on input pin "iInstAddr[28]" File: /home/connorwm/cpre381/Proj2/Hardware Scheduled/cpre3810-toolflow/proj/src/TopLevel/RISCV_Processor.vhd Line: 30
    Warning (15610): No output dependent on input pin "iInstAddr[29]" File: /home/connorwm/cpre381/Proj2/Hardware Scheduled/cpre3810-toolflow/proj/src/TopLevel/RISCV_Processor.vhd Line: 30
    Warning (15610): No output dependent on input pin "iInstAddr[30]" File: /home/connorwm/cpre381/Proj2/Hardware Scheduled/cpre3810-toolflow/proj/src/TopLevel/RISCV_Processor.vhd Line: 30
    Warning (15610): No output dependent on input pin "iInstAddr[31]" File: /home/connorwm/cpre381/Proj2/Hardware Scheduled/cpre3810-toolflow/proj/src/TopLevel/RISCV_Processor.vhd Line: 30
Info (21057): Implemented 115704 device resources after synthesis - the final resource count might be different
    Info (21058): Implemented 67 input pins
    Info (21059): Implemented 32 output pins
    Info (21061): Implemented 115605 logic cells
Info: Quartus Prime Analysis & Synthesis was successful. 0 errors, 37 warnings
    Info: Peak virtual memory: 1158 megabytes
    Info: Processing ended: Sat Dec  6 21:59:53 2025
    Info: Elapsed time: 00:02:33
    Info: Total CPU time (on all processors): 00:02:33


