Timing Analyzer report for toolflow
Sat Dec  6 22:11:43 2025
Quartus Prime Version 20.1.1 Build 720 11/11/2020 SJ Standard Edition


---------------------
; Table of Contents ;
---------------------
  1. Legal Notice
  2. Timing Analyzer Summary
  3. Parallel Compilation
  4. SDC File List
  5. Clocks
  6. Slow 1200mV 85C Model Fmax Summary
  7. Timing Closure Recommendations
  8. Slow 1200mV 85C Model Setup Summary
  9. Slow 1200mV 85C Model Hold Summary
 10. Slow 1200mV 85C Model Recovery Summary
 11. Slow 1200mV 85C Model Removal Summary
 12. Slow 1200mV 85C Model Minimum Pulse Width Summary
 13. Slow 1200mV 85C Model Setup: 'iCLK'
 14. Slow 1200mV 85C Model Hold: 'iCLK'
 15. Slow 1200mV 85C Model Metastability Summary
 16. Slow 1200mV 0C Model Fmax Summary
 17. Slow 1200mV 0C Model Setup Summary
 18. Slow 1200mV 0C Model Hold Summary
 19. Slow 1200mV 0C Model Recovery Summary
 20. Slow 1200mV 0C Model Removal Summary
 21. Slow 1200mV 0C Model Minimum Pulse Width Summary
 22. Slow 1200mV 0C Model Setup: 'iCLK'
 23. Slow 1200mV 0C Model Hold: 'iCLK'
 24. Slow 1200mV 0C Model Metastability Summary
 25. Fast 1200mV 0C Model Setup Summary
 26. Fast 1200mV 0C Model Hold Summary
 27. Fast 1200mV 0C Model Recovery Summary
 28. Fast 1200mV 0C Model Removal Summary
 29. Fast 1200mV 0C Model Minimum Pulse Width Summary
 30. Fast 1200mV 0C Model Setup: 'iCLK'
 31. Fast 1200mV 0C Model Hold: 'iCLK'
 32. Fast 1200mV 0C Model Metastability Summary
 33. Multicorner Timing Analysis Summary
 34. Board Trace Model Assignments
 35. Input Transition Times
 36. Signal Integrity Metrics (Slow 1200mv 0c Model)
 37. Signal Integrity Metrics (Slow 1200mv 85c Model)
 38. Signal Integrity Metrics (Fast 1200mv 0c Model)
 39. Setup Transfers
 40. Hold Transfers
 41. Report TCCS
 42. Report RSKM
 43. Unconstrained Paths Summary
 44. Clock Status Summary
 45. Unconstrained Input Ports
 46. Unconstrained Output Ports
 47. Unconstrained Input Ports
 48. Unconstrained Output Ports
 49. Timing Analyzer Messages



----------------
; Legal Notice ;
----------------
Copyright (C) 2020  Intel Corporation. All rights reserved.
Your use of Intel Corporation's design tools, logic functions 
and other software and tools, and any partner logic 
functions, and any output files from any of the foregoing 
(including device programming or simulation files), and any 
associated documentation or information are expressly subject 
to the terms and conditions of the Intel Program License 
Subscription Agreement, the Intel Quartus Prime License Agreement,
the Intel FPGA IP License Agreement, or other applicable license
agreement, including, without limitation, that your use is for
the sole purpose of programming logic devices manufactured by
Intel and sold by Intel or its authorized distributors.  Please
refer to the applicable agreement for further details, at
https://fpgasoftware.intel.com/eula.



+---------------------------------------------------------------------------------+
; Timing Analyzer Summary                                                         ;
+-----------------------+---------------------------------------------------------+
; Quartus Prime Version ; Version 20.1.1 Build 720 11/11/2020 SJ Standard Edition ;
; Timing Analyzer       ; Legacy Timing Analyzer                                  ;
; Revision Name         ; toolflow                                                ;
; Device Family         ; Cyclone IV E                                            ;
; Device Name           ; EP4CE115F29C7                                           ;
; Timing Models         ; Final                                                   ;
; Delay Model           ; Combined                                                ;
; Rise/Fall Delays      ; Enabled                                                 ;
+-----------------------+---------------------------------------------------------+


+------------------------------------------+
; Parallel Compilation                     ;
+----------------------------+-------------+
; Processors                 ; Number      ;
+----------------------------+-------------+
; Number detected on machine ; 4           ;
; Maximum allowed            ; 4           ;
;                            ;             ;
; Average used               ; 1.62        ;
; Maximum used               ; 4           ;
;                            ;             ;
; Usage by Processor         ; % Time Used ;
;     Processor 1            ; 100.0%      ;
;     Processor 2            ;  32.0%      ;
;     Processor 3            ;  20.8%      ;
;     Processor 4            ;   9.4%      ;
+----------------------------+-------------+


+---------------------------------------------------+
; SDC File List                                     ;
+---------------+--------+--------------------------+
; SDC File Path ; Status ; Read at                  ;
+---------------+--------+--------------------------+
; toolflow.sdc  ; OK     ; Sat Dec  6 22:11:18 2025 ;
+---------------+--------+--------------------------+


+----------------------------------------------------------------------------------------------------------------------------------------------------------------------------------+
; Clocks                                                                                                                                                                           ;
+------------+------+--------+-----------+-------+--------+------------+-----------+-------------+-------+--------+-----------+------------+----------+--------+--------+----------+
; Clock Name ; Type ; Period ; Frequency ; Rise  ; Fall   ; Duty Cycle ; Divide by ; Multiply by ; Phase ; Offset ; Edge List ; Edge Shift ; Inverted ; Master ; Source ; Targets  ;
+------------+------+--------+-----------+-------+--------+------------+-----------+-------------+-------+--------+-----------+------------+----------+--------+--------+----------+
; iCLK       ; Base ; 20.000 ; 50.0 MHz  ; 0.000 ; 10.000 ;            ;           ;             ;       ;        ;           ;            ;          ;        ;        ; { iCLK } ;
+------------+------+--------+-----------+-------+--------+------------+-----------+-------------+-------+--------+-----------+------------+----------+--------+--------+----------+


+-------------------------------------------------+
; Slow 1200mV 85C Model Fmax Summary              ;
+-----------+-----------------+------------+------+
; Fmax      ; Restricted Fmax ; Clock Name ; Note ;
+-----------+-----------------+------------+------+
; 42.23 MHz ; 42.23 MHz       ; iCLK       ;      ;
+-----------+-----------------+------------+------+
This panel reports FMAX for every clock in the design, regardless of the user-specified clock periods.  FMAX is only computed for paths where the source and destination registers or ports are driven by the same clock.  Paths of different clocks, including generated clocks, are ignored.  For paths between a clock and its inversion, FMAX is computed as if the rising and falling edges are scaled along with FMAX, such that the duty cycle (in terms of a percentage) is maintained. Altera recommends that you always use clock constraints and other slack reports for sign-off analysis.


----------------------------------
; Timing Closure Recommendations ;
----------------------------------
HTML report is unavailable in plain text report export.


+-------------------------------------+
; Slow 1200mV 85C Model Setup Summary ;
+-------+--------+--------------------+
; Clock ; Slack  ; End Point TNS      ;
+-------+--------+--------------------+
; iCLK  ; -3.682 ; -635.265           ;
+-------+--------+--------------------+


+------------------------------------+
; Slow 1200mV 85C Model Hold Summary ;
+-------+-------+--------------------+
; Clock ; Slack ; End Point TNS      ;
+-------+-------+--------------------+
; iCLK  ; 0.391 ; 0.000              ;
+-------+-------+--------------------+


------------------------------------------
; Slow 1200mV 85C Model Recovery Summary ;
------------------------------------------
No paths to report.


-----------------------------------------
; Slow 1200mV 85C Model Removal Summary ;
-----------------------------------------
No paths to report.


+---------------------------------------------------+
; Slow 1200mV 85C Model Minimum Pulse Width Summary ;
+-------+-------+-----------------------------------+
; Clock ; Slack ; End Point TNS                     ;
+-------+-------+-----------------------------------+
; iCLK  ; 9.744 ; 0.000                             ;
+-------+-------+-----------------------------------+


+-------------------------------------------------------------------------------------------------------------------------------------------------------------------------------------------------------------+
; Slow 1200mV 85C Model Setup: 'iCLK'                                                                                                                                                                         ;
+--------+------------------------------------------------------------+-----------------------------------------------------------------+--------------+-------------+--------------+------------+------------+
; Slack  ; From Node                                                  ; To Node                                                         ; Launch Clock ; Latch Clock ; Relationship ; Clock Skew ; Data Delay ;
+--------+------------------------------------------------------------+-----------------------------------------------------------------+--------------+-------------+--------------+------------+------------+
; -3.682 ; EX_MEM:EX_MEM_REG|reg_N:RD_REG|dffg:\G_NBit_Reg:2:RegI|s_Q ; ID_EX:ID_EX_REG|reg_N:RS1_DATA_REG|dffg:\G_NBit_Reg:2:RegI|s_Q  ; iCLK         ; iCLK        ; 20.000       ; -0.124     ; 23.556     ;
; -3.599 ; EX_MEM:EX_MEM_REG|reg_N:RD_REG|dffg:\G_NBit_Reg:2:RegI|s_Q ; IF_ID:IF_ID_REG|reg_N:INST_REG|dffg:\G_NBit_Reg:11:RegI|s_Q     ; iCLK         ; iCLK        ; 20.000       ; 0.290      ; 23.887     ;
; -3.587 ; EX_MEM:EX_MEM_REG|reg_N:RD_REG|dffg:\G_NBit_Reg:1:RegI|s_Q ; ID_EX:ID_EX_REG|reg_N:RS1_DATA_REG|dffg:\G_NBit_Reg:2:RegI|s_Q  ; iCLK         ; iCLK        ; 20.000       ; -0.122     ; 23.463     ;
; -3.582 ; ID_EX:ID_EX_REG|reg_N:RS1_REG|dffg:\G_NBit_Reg:1:RegI|s_Q  ; ID_EX:ID_EX_REG|reg_N:RS1_DATA_REG|dffg:\G_NBit_Reg:2:RegI|s_Q  ; iCLK         ; iCLK        ; 20.000       ; -0.124     ; 23.456     ;
; -3.579 ; EX_MEM:EX_MEM_REG|reg_N:RD_REG|dffg:\G_NBit_Reg:2:RegI|s_Q ; IF_ID:IF_ID_REG|reg_N:INST_REG|dffg:\G_NBit_Reg:15:RegI|s_Q     ; iCLK         ; iCLK        ; 20.000       ; 0.296      ; 23.873     ;
; -3.579 ; EX_MEM:EX_MEM_REG|reg_N:RD_REG|dffg:\G_NBit_Reg:2:RegI|s_Q ; IF_ID:IF_ID_REG|reg_N:INST_REG|dffg:\G_NBit_Reg:17:RegI|s_Q     ; iCLK         ; iCLK        ; 20.000       ; 0.296      ; 23.873     ;
; -3.576 ; EX_MEM:EX_MEM_REG|reg_N:RD_REG|dffg:\G_NBit_Reg:3:RegI|s_Q ; ID_EX:ID_EX_REG|reg_N:RS1_DATA_REG|dffg:\G_NBit_Reg:2:RegI|s_Q  ; iCLK         ; iCLK        ; 20.000       ; -0.122     ; 23.452     ;
; -3.573 ; ID_EX:ID_EX_REG|reg_N:RS1_REG|dffg:\G_NBit_Reg:2:RegI|s_Q  ; ID_EX:ID_EX_REG|reg_N:RS1_DATA_REG|dffg:\G_NBit_Reg:2:RegI|s_Q  ; iCLK         ; iCLK        ; 20.000       ; -0.124     ; 23.447     ;
; -3.561 ; EX_MEM:EX_MEM_REG|reg_N:RD_REG|dffg:\G_NBit_Reg:2:RegI|s_Q ; IF_ID:IF_ID_REG|reg_N:INST_REG|dffg:\G_NBit_Reg:4:RegI|s_Q      ; iCLK         ; iCLK        ; 20.000       ; 0.317      ; 23.876     ;
; -3.561 ; EX_MEM:EX_MEM_REG|reg_N:RD_REG|dffg:\G_NBit_Reg:2:RegI|s_Q ; IF_ID:IF_ID_REG|reg_N:INST_REG|dffg:\G_NBit_Reg:10:RegI|s_Q     ; iCLK         ; iCLK        ; 20.000       ; 0.317      ; 23.876     ;
; -3.538 ; EX_MEM:EX_MEM_REG|reg_N:RD_REG|dffg:\G_NBit_Reg:2:RegI|s_Q ; ID_EX:ID_EX_REG|reg_N:RS1_DATA_REG|dffg:\G_NBit_Reg:29:RegI|s_Q ; iCLK         ; iCLK        ; 20.000       ; 0.286      ; 23.822     ;
; -3.530 ; MEM_WB:MEM_WB_REG|reg_N:RD_REG|dffg:\G_NBit_Reg:1:RegI|s_Q ; ID_EX:ID_EX_REG|reg_N:RS1_DATA_REG|dffg:\G_NBit_Reg:2:RegI|s_Q  ; iCLK         ; iCLK        ; 20.000       ; -0.124     ; 23.404     ;
; -3.509 ; ID_EX:ID_EX_REG|reg_N:RS1_REG|dffg:\G_NBit_Reg:0:RegI|s_Q  ; ID_EX:ID_EX_REG|reg_N:RS1_DATA_REG|dffg:\G_NBit_Reg:2:RegI|s_Q  ; iCLK         ; iCLK        ; 20.000       ; -0.139     ; 23.368     ;
; -3.507 ; MEM_WB:MEM_WB_REG|reg_N:RD_REG|dffg:\G_NBit_Reg:4:RegI|s_Q ; ID_EX:ID_EX_REG|reg_N:RS1_DATA_REG|dffg:\G_NBit_Reg:2:RegI|s_Q  ; iCLK         ; iCLK        ; 20.000       ; -0.122     ; 23.383     ;
; -3.504 ; EX_MEM:EX_MEM_REG|reg_N:RD_REG|dffg:\G_NBit_Reg:1:RegI|s_Q ; IF_ID:IF_ID_REG|reg_N:INST_REG|dffg:\G_NBit_Reg:11:RegI|s_Q     ; iCLK         ; iCLK        ; 20.000       ; 0.292      ; 23.794     ;
; -3.499 ; ID_EX:ID_EX_REG|reg_N:RS1_REG|dffg:\G_NBit_Reg:1:RegI|s_Q  ; IF_ID:IF_ID_REG|reg_N:INST_REG|dffg:\G_NBit_Reg:11:RegI|s_Q     ; iCLK         ; iCLK        ; 20.000       ; 0.290      ; 23.787     ;
; -3.493 ; EX_MEM:EX_MEM_REG|reg_N:RD_REG|dffg:\G_NBit_Reg:3:RegI|s_Q ; IF_ID:IF_ID_REG|reg_N:INST_REG|dffg:\G_NBit_Reg:11:RegI|s_Q     ; iCLK         ; iCLK        ; 20.000       ; 0.292      ; 23.783     ;
; -3.492 ; EX_MEM:EX_MEM_REG|reg_N:RD_REG|dffg:\G_NBit_Reg:2:RegI|s_Q ; IF_ID:IF_ID_REG|reg_N:INST_REG|dffg:\G_NBit_Reg:7:RegI|s_Q      ; iCLK         ; iCLK        ; 20.000       ; 0.341      ; 23.831     ;
; -3.490 ; ID_EX:ID_EX_REG|reg_N:RS1_REG|dffg:\G_NBit_Reg:2:RegI|s_Q  ; IF_ID:IF_ID_REG|reg_N:INST_REG|dffg:\G_NBit_Reg:11:RegI|s_Q     ; iCLK         ; iCLK        ; 20.000       ; 0.290      ; 23.778     ;
; -3.484 ; EX_MEM:EX_MEM_REG|reg_N:RD_REG|dffg:\G_NBit_Reg:1:RegI|s_Q ; IF_ID:IF_ID_REG|reg_N:INST_REG|dffg:\G_NBit_Reg:15:RegI|s_Q     ; iCLK         ; iCLK        ; 20.000       ; 0.298      ; 23.780     ;
; -3.484 ; EX_MEM:EX_MEM_REG|reg_N:RD_REG|dffg:\G_NBit_Reg:1:RegI|s_Q ; IF_ID:IF_ID_REG|reg_N:INST_REG|dffg:\G_NBit_Reg:17:RegI|s_Q     ; iCLK         ; iCLK        ; 20.000       ; 0.298      ; 23.780     ;
; -3.479 ; ID_EX:ID_EX_REG|reg_N:RS1_REG|dffg:\G_NBit_Reg:1:RegI|s_Q  ; IF_ID:IF_ID_REG|reg_N:INST_REG|dffg:\G_NBit_Reg:15:RegI|s_Q     ; iCLK         ; iCLK        ; 20.000       ; 0.296      ; 23.773     ;
; -3.479 ; ID_EX:ID_EX_REG|reg_N:RS1_REG|dffg:\G_NBit_Reg:1:RegI|s_Q  ; IF_ID:IF_ID_REG|reg_N:INST_REG|dffg:\G_NBit_Reg:17:RegI|s_Q     ; iCLK         ; iCLK        ; 20.000       ; 0.296      ; 23.773     ;
; -3.473 ; EX_MEM:EX_MEM_REG|reg_N:RD_REG|dffg:\G_NBit_Reg:3:RegI|s_Q ; IF_ID:IF_ID_REG|reg_N:INST_REG|dffg:\G_NBit_Reg:15:RegI|s_Q     ; iCLK         ; iCLK        ; 20.000       ; 0.298      ; 23.769     ;
; -3.473 ; EX_MEM:EX_MEM_REG|reg_N:RD_REG|dffg:\G_NBit_Reg:3:RegI|s_Q ; IF_ID:IF_ID_REG|reg_N:INST_REG|dffg:\G_NBit_Reg:17:RegI|s_Q     ; iCLK         ; iCLK        ; 20.000       ; 0.298      ; 23.769     ;
; -3.470 ; ID_EX:ID_EX_REG|reg_N:RS1_REG|dffg:\G_NBit_Reg:2:RegI|s_Q  ; IF_ID:IF_ID_REG|reg_N:INST_REG|dffg:\G_NBit_Reg:15:RegI|s_Q     ; iCLK         ; iCLK        ; 20.000       ; 0.296      ; 23.764     ;
; -3.470 ; ID_EX:ID_EX_REG|reg_N:RS1_REG|dffg:\G_NBit_Reg:2:RegI|s_Q  ; IF_ID:IF_ID_REG|reg_N:INST_REG|dffg:\G_NBit_Reg:17:RegI|s_Q     ; iCLK         ; iCLK        ; 20.000       ; 0.296      ; 23.764     ;
; -3.466 ; EX_MEM:EX_MEM_REG|reg_N:RD_REG|dffg:\G_NBit_Reg:1:RegI|s_Q ; IF_ID:IF_ID_REG|reg_N:INST_REG|dffg:\G_NBit_Reg:4:RegI|s_Q      ; iCLK         ; iCLK        ; 20.000       ; 0.319      ; 23.783     ;
; -3.466 ; EX_MEM:EX_MEM_REG|reg_N:RD_REG|dffg:\G_NBit_Reg:1:RegI|s_Q ; IF_ID:IF_ID_REG|reg_N:INST_REG|dffg:\G_NBit_Reg:10:RegI|s_Q     ; iCLK         ; iCLK        ; 20.000       ; 0.319      ; 23.783     ;
; -3.461 ; ID_EX:ID_EX_REG|reg_N:RS1_REG|dffg:\G_NBit_Reg:1:RegI|s_Q  ; IF_ID:IF_ID_REG|reg_N:INST_REG|dffg:\G_NBit_Reg:4:RegI|s_Q      ; iCLK         ; iCLK        ; 20.000       ; 0.317      ; 23.776     ;
; -3.461 ; ID_EX:ID_EX_REG|reg_N:RS1_REG|dffg:\G_NBit_Reg:1:RegI|s_Q  ; IF_ID:IF_ID_REG|reg_N:INST_REG|dffg:\G_NBit_Reg:10:RegI|s_Q     ; iCLK         ; iCLK        ; 20.000       ; 0.317      ; 23.776     ;
; -3.455 ; EX_MEM:EX_MEM_REG|reg_N:RD_REG|dffg:\G_NBit_Reg:3:RegI|s_Q ; IF_ID:IF_ID_REG|reg_N:INST_REG|dffg:\G_NBit_Reg:4:RegI|s_Q      ; iCLK         ; iCLK        ; 20.000       ; 0.319      ; 23.772     ;
; -3.455 ; EX_MEM:EX_MEM_REG|reg_N:RD_REG|dffg:\G_NBit_Reg:3:RegI|s_Q ; IF_ID:IF_ID_REG|reg_N:INST_REG|dffg:\G_NBit_Reg:10:RegI|s_Q     ; iCLK         ; iCLK        ; 20.000       ; 0.319      ; 23.772     ;
; -3.454 ; MEM_WB:MEM_WB_REG|reg_N:RD_REG|dffg:\G_NBit_Reg:3:RegI|s_Q ; ID_EX:ID_EX_REG|reg_N:RS1_DATA_REG|dffg:\G_NBit_Reg:2:RegI|s_Q  ; iCLK         ; iCLK        ; 20.000       ; -0.122     ; 23.330     ;
; -3.452 ; ID_EX:ID_EX_REG|reg_N:RS1_REG|dffg:\G_NBit_Reg:2:RegI|s_Q  ; IF_ID:IF_ID_REG|reg_N:INST_REG|dffg:\G_NBit_Reg:4:RegI|s_Q      ; iCLK         ; iCLK        ; 20.000       ; 0.317      ; 23.767     ;
; -3.452 ; ID_EX:ID_EX_REG|reg_N:RS1_REG|dffg:\G_NBit_Reg:2:RegI|s_Q  ; IF_ID:IF_ID_REG|reg_N:INST_REG|dffg:\G_NBit_Reg:10:RegI|s_Q     ; iCLK         ; iCLK        ; 20.000       ; 0.317      ; 23.767     ;
; -3.447 ; MEM_WB:MEM_WB_REG|reg_N:RD_REG|dffg:\G_NBit_Reg:1:RegI|s_Q ; IF_ID:IF_ID_REG|reg_N:INST_REG|dffg:\G_NBit_Reg:11:RegI|s_Q     ; iCLK         ; iCLK        ; 20.000       ; 0.290      ; 23.735     ;
; -3.443 ; EX_MEM:EX_MEM_REG|reg_N:RD_REG|dffg:\G_NBit_Reg:1:RegI|s_Q ; ID_EX:ID_EX_REG|reg_N:RS1_DATA_REG|dffg:\G_NBit_Reg:29:RegI|s_Q ; iCLK         ; iCLK        ; 20.000       ; 0.288      ; 23.729     ;
; -3.438 ; ID_EX:ID_EX_REG|reg_N:RS1_REG|dffg:\G_NBit_Reg:1:RegI|s_Q  ; ID_EX:ID_EX_REG|reg_N:RS1_DATA_REG|dffg:\G_NBit_Reg:29:RegI|s_Q ; iCLK         ; iCLK        ; 20.000       ; 0.286      ; 23.722     ;
; -3.434 ; ID_EX:ID_EX_REG|reg_N:RS1_REG|dffg:\G_NBit_Reg:3:RegI|s_Q  ; ID_EX:ID_EX_REG|reg_N:RS1_DATA_REG|dffg:\G_NBit_Reg:2:RegI|s_Q  ; iCLK         ; iCLK        ; 20.000       ; -0.086     ; 23.346     ;
; -3.432 ; EX_MEM:EX_MEM_REG|reg_N:RD_REG|dffg:\G_NBit_Reg:3:RegI|s_Q ; ID_EX:ID_EX_REG|reg_N:RS1_DATA_REG|dffg:\G_NBit_Reg:29:RegI|s_Q ; iCLK         ; iCLK        ; 20.000       ; 0.288      ; 23.718     ;
; -3.429 ; ID_EX:ID_EX_REG|reg_N:RS1_REG|dffg:\G_NBit_Reg:2:RegI|s_Q  ; ID_EX:ID_EX_REG|reg_N:RS1_DATA_REG|dffg:\G_NBit_Reg:29:RegI|s_Q ; iCLK         ; iCLK        ; 20.000       ; 0.286      ; 23.713     ;
; -3.427 ; MEM_WB:MEM_WB_REG|reg_N:RD_REG|dffg:\G_NBit_Reg:1:RegI|s_Q ; IF_ID:IF_ID_REG|reg_N:INST_REG|dffg:\G_NBit_Reg:15:RegI|s_Q     ; iCLK         ; iCLK        ; 20.000       ; 0.296      ; 23.721     ;
; -3.427 ; MEM_WB:MEM_WB_REG|reg_N:RD_REG|dffg:\G_NBit_Reg:1:RegI|s_Q ; IF_ID:IF_ID_REG|reg_N:INST_REG|dffg:\G_NBit_Reg:17:RegI|s_Q     ; iCLK         ; iCLK        ; 20.000       ; 0.296      ; 23.721     ;
; -3.426 ; ID_EX:ID_EX_REG|reg_N:RS1_REG|dffg:\G_NBit_Reg:0:RegI|s_Q  ; IF_ID:IF_ID_REG|reg_N:INST_REG|dffg:\G_NBit_Reg:11:RegI|s_Q     ; iCLK         ; iCLK        ; 20.000       ; 0.275      ; 23.699     ;
; -3.424 ; MEM_WB:MEM_WB_REG|reg_N:RD_REG|dffg:\G_NBit_Reg:4:RegI|s_Q ; IF_ID:IF_ID_REG|reg_N:INST_REG|dffg:\G_NBit_Reg:11:RegI|s_Q     ; iCLK         ; iCLK        ; 20.000       ; 0.292      ; 23.714     ;
; -3.409 ; MEM_WB:MEM_WB_REG|reg_N:RD_REG|dffg:\G_NBit_Reg:1:RegI|s_Q ; IF_ID:IF_ID_REG|reg_N:INST_REG|dffg:\G_NBit_Reg:4:RegI|s_Q      ; iCLK         ; iCLK        ; 20.000       ; 0.317      ; 23.724     ;
; -3.409 ; MEM_WB:MEM_WB_REG|reg_N:RD_REG|dffg:\G_NBit_Reg:1:RegI|s_Q ; IF_ID:IF_ID_REG|reg_N:INST_REG|dffg:\G_NBit_Reg:10:RegI|s_Q     ; iCLK         ; iCLK        ; 20.000       ; 0.317      ; 23.724     ;
; -3.406 ; ID_EX:ID_EX_REG|reg_N:RS1_REG|dffg:\G_NBit_Reg:0:RegI|s_Q  ; IF_ID:IF_ID_REG|reg_N:INST_REG|dffg:\G_NBit_Reg:15:RegI|s_Q     ; iCLK         ; iCLK        ; 20.000       ; 0.281      ; 23.685     ;
; -3.406 ; ID_EX:ID_EX_REG|reg_N:RS1_REG|dffg:\G_NBit_Reg:0:RegI|s_Q  ; IF_ID:IF_ID_REG|reg_N:INST_REG|dffg:\G_NBit_Reg:17:RegI|s_Q     ; iCLK         ; iCLK        ; 20.000       ; 0.281      ; 23.685     ;
; -3.405 ; EX_MEM:EX_MEM_REG|reg_N:RD_REG|dffg:\G_NBit_Reg:2:RegI|s_Q ; pcLogic:PC_LOGIC|reg_N:PC_Register|dffg:\G_NBit_Reg:6:RegI|s_Q  ; iCLK         ; iCLK        ; 20.000       ; 0.294      ; 23.697     ;
; -3.405 ; EX_MEM:EX_MEM_REG|reg_N:RD_REG|dffg:\G_NBit_Reg:2:RegI|s_Q ; pcLogic:PC_LOGIC|reg_N:PC_Register|dffg:\G_NBit_Reg:9:RegI|s_Q  ; iCLK         ; iCLK        ; 20.000       ; 0.294      ; 23.697     ;
; -3.405 ; EX_MEM:EX_MEM_REG|reg_N:RD_REG|dffg:\G_NBit_Reg:2:RegI|s_Q ; pcLogic:PC_LOGIC|reg_N:PC_Register|dffg:\G_NBit_Reg:7:RegI|s_Q  ; iCLK         ; iCLK        ; 20.000       ; 0.294      ; 23.697     ;
; -3.405 ; EX_MEM:EX_MEM_REG|reg_N:RD_REG|dffg:\G_NBit_Reg:2:RegI|s_Q ; pcLogic:PC_LOGIC|reg_N:PC_Register|dffg:\G_NBit_Reg:8:RegI|s_Q  ; iCLK         ; iCLK        ; 20.000       ; 0.294      ; 23.697     ;
; -3.405 ; EX_MEM:EX_MEM_REG|reg_N:RD_REG|dffg:\G_NBit_Reg:2:RegI|s_Q ; pcLogic:PC_LOGIC|reg_N:PC_Register|dffg:\G_NBit_Reg:10:RegI|s_Q ; iCLK         ; iCLK        ; 20.000       ; 0.294      ; 23.697     ;
; -3.404 ; MEM_WB:MEM_WB_REG|reg_N:RD_REG|dffg:\G_NBit_Reg:4:RegI|s_Q ; IF_ID:IF_ID_REG|reg_N:INST_REG|dffg:\G_NBit_Reg:15:RegI|s_Q     ; iCLK         ; iCLK        ; 20.000       ; 0.298      ; 23.700     ;
; -3.404 ; MEM_WB:MEM_WB_REG|reg_N:RD_REG|dffg:\G_NBit_Reg:4:RegI|s_Q ; IF_ID:IF_ID_REG|reg_N:INST_REG|dffg:\G_NBit_Reg:17:RegI|s_Q     ; iCLK         ; iCLK        ; 20.000       ; 0.298      ; 23.700     ;
; -3.398 ; EX_MEM:EX_MEM_REG|reg_N:RD_REG|dffg:\G_NBit_Reg:2:RegI|s_Q ; IF_ID:IF_ID_REG|reg_N:INST_REG|dffg:\G_NBit_Reg:16:RegI|s_Q     ; iCLK         ; iCLK        ; 20.000       ; 0.331      ; 23.727     ;
; -3.397 ; EX_MEM:EX_MEM_REG|reg_N:RD_REG|dffg:\G_NBit_Reg:2:RegI|s_Q ; pcLogic:PC_LOGIC|reg_N:PC_Register|dffg:\G_NBit_Reg:5:RegI|s_Q  ; iCLK         ; iCLK        ; 20.000       ; 0.325      ; 23.720     ;
; -3.397 ; EX_MEM:EX_MEM_REG|reg_N:RD_REG|dffg:\G_NBit_Reg:2:RegI|s_Q ; pcLogic:PC_LOGIC|reg_N:PC_Register|dffg:\G_NBit_Reg:4:RegI|s_Q  ; iCLK         ; iCLK        ; 20.000       ; 0.325      ; 23.720     ;
; -3.397 ; EX_MEM:EX_MEM_REG|reg_N:RD_REG|dffg:\G_NBit_Reg:1:RegI|s_Q ; IF_ID:IF_ID_REG|reg_N:INST_REG|dffg:\G_NBit_Reg:7:RegI|s_Q      ; iCLK         ; iCLK        ; 20.000       ; 0.343      ; 23.738     ;
; -3.392 ; ID_EX:ID_EX_REG|reg_N:RS1_REG|dffg:\G_NBit_Reg:1:RegI|s_Q  ; IF_ID:IF_ID_REG|reg_N:INST_REG|dffg:\G_NBit_Reg:7:RegI|s_Q      ; iCLK         ; iCLK        ; 20.000       ; 0.341      ; 23.731     ;
; -3.388 ; EX_MEM:EX_MEM_REG|reg_N:RD_REG|dffg:\G_NBit_Reg:2:RegI|s_Q ; IF_ID:IF_ID_REG|reg_N:INST_REG|dffg:\G_NBit_Reg:3:RegI|s_Q      ; iCLK         ; iCLK        ; 20.000       ; 0.347      ; 23.733     ;
; -3.388 ; ID_EX:ID_EX_REG|reg_N:RS1_REG|dffg:\G_NBit_Reg:0:RegI|s_Q  ; IF_ID:IF_ID_REG|reg_N:INST_REG|dffg:\G_NBit_Reg:4:RegI|s_Q      ; iCLK         ; iCLK        ; 20.000       ; 0.302      ; 23.688     ;
; -3.388 ; ID_EX:ID_EX_REG|reg_N:RS1_REG|dffg:\G_NBit_Reg:0:RegI|s_Q  ; IF_ID:IF_ID_REG|reg_N:INST_REG|dffg:\G_NBit_Reg:10:RegI|s_Q     ; iCLK         ; iCLK        ; 20.000       ; 0.302      ; 23.688     ;
; -3.386 ; EX_MEM:EX_MEM_REG|reg_N:RD_REG|dffg:\G_NBit_Reg:3:RegI|s_Q ; IF_ID:IF_ID_REG|reg_N:INST_REG|dffg:\G_NBit_Reg:7:RegI|s_Q      ; iCLK         ; iCLK        ; 20.000       ; 0.343      ; 23.727     ;
; -3.386 ; MEM_WB:MEM_WB_REG|reg_N:RD_REG|dffg:\G_NBit_Reg:1:RegI|s_Q ; ID_EX:ID_EX_REG|reg_N:RS1_DATA_REG|dffg:\G_NBit_Reg:29:RegI|s_Q ; iCLK         ; iCLK        ; 20.000       ; 0.286      ; 23.670     ;
; -3.386 ; MEM_WB:MEM_WB_REG|reg_N:RD_REG|dffg:\G_NBit_Reg:4:RegI|s_Q ; IF_ID:IF_ID_REG|reg_N:INST_REG|dffg:\G_NBit_Reg:4:RegI|s_Q      ; iCLK         ; iCLK        ; 20.000       ; 0.319      ; 23.703     ;
; -3.386 ; MEM_WB:MEM_WB_REG|reg_N:RD_REG|dffg:\G_NBit_Reg:4:RegI|s_Q ; IF_ID:IF_ID_REG|reg_N:INST_REG|dffg:\G_NBit_Reg:10:RegI|s_Q     ; iCLK         ; iCLK        ; 20.000       ; 0.319      ; 23.703     ;
; -3.383 ; ID_EX:ID_EX_REG|reg_N:RS1_REG|dffg:\G_NBit_Reg:2:RegI|s_Q  ; IF_ID:IF_ID_REG|reg_N:INST_REG|dffg:\G_NBit_Reg:7:RegI|s_Q      ; iCLK         ; iCLK        ; 20.000       ; 0.341      ; 23.722     ;
; -3.375 ; ID_EX:ID_EX_REG|reg_N:RS1_REG|dffg:\G_NBit_Reg:3:RegI|s_Q  ; IF_ID:IF_ID_REG|reg_N:INST_REG|dffg:\G_NBit_Reg:11:RegI|s_Q     ; iCLK         ; iCLK        ; 20.000       ; 0.304      ; 23.677     ;
; -3.371 ; MEM_WB:MEM_WB_REG|reg_N:RD_REG|dffg:\G_NBit_Reg:3:RegI|s_Q ; IF_ID:IF_ID_REG|reg_N:INST_REG|dffg:\G_NBit_Reg:11:RegI|s_Q     ; iCLK         ; iCLK        ; 20.000       ; 0.292      ; 23.661     ;
; -3.365 ; ID_EX:ID_EX_REG|reg_N:RS1_REG|dffg:\G_NBit_Reg:0:RegI|s_Q  ; ID_EX:ID_EX_REG|reg_N:RS1_DATA_REG|dffg:\G_NBit_Reg:29:RegI|s_Q ; iCLK         ; iCLK        ; 20.000       ; 0.271      ; 23.634     ;
; -3.363 ; MEM_WB:MEM_WB_REG|reg_N:RD_REG|dffg:\G_NBit_Reg:4:RegI|s_Q ; ID_EX:ID_EX_REG|reg_N:RS1_DATA_REG|dffg:\G_NBit_Reg:29:RegI|s_Q ; iCLK         ; iCLK        ; 20.000       ; 0.288      ; 23.649     ;
; -3.355 ; ID_EX:ID_EX_REG|reg_N:RS1_REG|dffg:\G_NBit_Reg:3:RegI|s_Q  ; IF_ID:IF_ID_REG|reg_N:INST_REG|dffg:\G_NBit_Reg:15:RegI|s_Q     ; iCLK         ; iCLK        ; 20.000       ; 0.310      ; 23.663     ;
; -3.355 ; ID_EX:ID_EX_REG|reg_N:RS1_REG|dffg:\G_NBit_Reg:3:RegI|s_Q  ; IF_ID:IF_ID_REG|reg_N:INST_REG|dffg:\G_NBit_Reg:17:RegI|s_Q     ; iCLK         ; iCLK        ; 20.000       ; 0.310      ; 23.663     ;
; -3.351 ; MEM_WB:MEM_WB_REG|reg_N:RD_REG|dffg:\G_NBit_Reg:3:RegI|s_Q ; IF_ID:IF_ID_REG|reg_N:INST_REG|dffg:\G_NBit_Reg:15:RegI|s_Q     ; iCLK         ; iCLK        ; 20.000       ; 0.298      ; 23.647     ;
; -3.351 ; MEM_WB:MEM_WB_REG|reg_N:RD_REG|dffg:\G_NBit_Reg:3:RegI|s_Q ; IF_ID:IF_ID_REG|reg_N:INST_REG|dffg:\G_NBit_Reg:17:RegI|s_Q     ; iCLK         ; iCLK        ; 20.000       ; 0.298      ; 23.647     ;
; -3.340 ; MEM_WB:MEM_WB_REG|reg_N:RD_REG|dffg:\G_NBit_Reg:1:RegI|s_Q ; IF_ID:IF_ID_REG|reg_N:INST_REG|dffg:\G_NBit_Reg:7:RegI|s_Q      ; iCLK         ; iCLK        ; 20.000       ; 0.341      ; 23.679     ;
; -3.338 ; ID_EX:ID_EX_REG|reg_N:RS1_REG|dffg:\G_NBit_Reg:3:RegI|s_Q  ; ID_EX:ID_EX_REG|reg_N:RS1_DATA_REG|dffg:\G_NBit_Reg:29:RegI|s_Q ; iCLK         ; iCLK        ; 20.000       ; 0.276      ; 23.612     ;
; -3.337 ; ID_EX:ID_EX_REG|reg_N:RS1_REG|dffg:\G_NBit_Reg:3:RegI|s_Q  ; IF_ID:IF_ID_REG|reg_N:INST_REG|dffg:\G_NBit_Reg:4:RegI|s_Q      ; iCLK         ; iCLK        ; 20.000       ; 0.331      ; 23.666     ;
; -3.337 ; ID_EX:ID_EX_REG|reg_N:RS1_REG|dffg:\G_NBit_Reg:3:RegI|s_Q  ; IF_ID:IF_ID_REG|reg_N:INST_REG|dffg:\G_NBit_Reg:10:RegI|s_Q     ; iCLK         ; iCLK        ; 20.000       ; 0.331      ; 23.666     ;
; -3.333 ; MEM_WB:MEM_WB_REG|reg_N:RD_REG|dffg:\G_NBit_Reg:3:RegI|s_Q ; IF_ID:IF_ID_REG|reg_N:INST_REG|dffg:\G_NBit_Reg:4:RegI|s_Q      ; iCLK         ; iCLK        ; 20.000       ; 0.319      ; 23.650     ;
; -3.333 ; MEM_WB:MEM_WB_REG|reg_N:RD_REG|dffg:\G_NBit_Reg:3:RegI|s_Q ; IF_ID:IF_ID_REG|reg_N:INST_REG|dffg:\G_NBit_Reg:10:RegI|s_Q     ; iCLK         ; iCLK        ; 20.000       ; 0.319      ; 23.650     ;
; -3.319 ; ID_EX:ID_EX_REG|reg_N:RS1_REG|dffg:\G_NBit_Reg:0:RegI|s_Q  ; IF_ID:IF_ID_REG|reg_N:INST_REG|dffg:\G_NBit_Reg:7:RegI|s_Q      ; iCLK         ; iCLK        ; 20.000       ; 0.326      ; 23.643     ;
; -3.317 ; MEM_WB:MEM_WB_REG|reg_N:RD_REG|dffg:\G_NBit_Reg:4:RegI|s_Q ; IF_ID:IF_ID_REG|reg_N:INST_REG|dffg:\G_NBit_Reg:7:RegI|s_Q      ; iCLK         ; iCLK        ; 20.000       ; 0.343      ; 23.658     ;
; -3.310 ; MEM_WB:MEM_WB_REG|reg_N:RD_REG|dffg:\G_NBit_Reg:3:RegI|s_Q ; ID_EX:ID_EX_REG|reg_N:RS1_DATA_REG|dffg:\G_NBit_Reg:29:RegI|s_Q ; iCLK         ; iCLK        ; 20.000       ; 0.288      ; 23.596     ;
; -3.310 ; EX_MEM:EX_MEM_REG|reg_N:RD_REG|dffg:\G_NBit_Reg:1:RegI|s_Q ; pcLogic:PC_LOGIC|reg_N:PC_Register|dffg:\G_NBit_Reg:6:RegI|s_Q  ; iCLK         ; iCLK        ; 20.000       ; 0.296      ; 23.604     ;
; -3.310 ; EX_MEM:EX_MEM_REG|reg_N:RD_REG|dffg:\G_NBit_Reg:1:RegI|s_Q ; pcLogic:PC_LOGIC|reg_N:PC_Register|dffg:\G_NBit_Reg:9:RegI|s_Q  ; iCLK         ; iCLK        ; 20.000       ; 0.296      ; 23.604     ;
; -3.310 ; EX_MEM:EX_MEM_REG|reg_N:RD_REG|dffg:\G_NBit_Reg:1:RegI|s_Q ; pcLogic:PC_LOGIC|reg_N:PC_Register|dffg:\G_NBit_Reg:7:RegI|s_Q  ; iCLK         ; iCLK        ; 20.000       ; 0.296      ; 23.604     ;
; -3.310 ; EX_MEM:EX_MEM_REG|reg_N:RD_REG|dffg:\G_NBit_Reg:1:RegI|s_Q ; pcLogic:PC_LOGIC|reg_N:PC_Register|dffg:\G_NBit_Reg:8:RegI|s_Q  ; iCLK         ; iCLK        ; 20.000       ; 0.296      ; 23.604     ;
; -3.310 ; EX_MEM:EX_MEM_REG|reg_N:RD_REG|dffg:\G_NBit_Reg:1:RegI|s_Q ; pcLogic:PC_LOGIC|reg_N:PC_Register|dffg:\G_NBit_Reg:10:RegI|s_Q ; iCLK         ; iCLK        ; 20.000       ; 0.296      ; 23.604     ;
; -3.309 ; ID_EX:ID_EX_REG|reg_N:RS2_REG|dffg:\G_NBit_Reg:1:RegI|s_Q  ; ID_EX:ID_EX_REG|reg_N:RS1_DATA_REG|dffg:\G_NBit_Reg:2:RegI|s_Q  ; iCLK         ; iCLK        ; 20.000       ; -0.124     ; 23.183     ;
; -3.305 ; ID_EX:ID_EX_REG|reg_N:RS1_REG|dffg:\G_NBit_Reg:1:RegI|s_Q  ; pcLogic:PC_LOGIC|reg_N:PC_Register|dffg:\G_NBit_Reg:6:RegI|s_Q  ; iCLK         ; iCLK        ; 20.000       ; 0.294      ; 23.597     ;
; -3.305 ; ID_EX:ID_EX_REG|reg_N:RS1_REG|dffg:\G_NBit_Reg:1:RegI|s_Q  ; pcLogic:PC_LOGIC|reg_N:PC_Register|dffg:\G_NBit_Reg:9:RegI|s_Q  ; iCLK         ; iCLK        ; 20.000       ; 0.294      ; 23.597     ;
; -3.305 ; ID_EX:ID_EX_REG|reg_N:RS1_REG|dffg:\G_NBit_Reg:1:RegI|s_Q  ; pcLogic:PC_LOGIC|reg_N:PC_Register|dffg:\G_NBit_Reg:7:RegI|s_Q  ; iCLK         ; iCLK        ; 20.000       ; 0.294      ; 23.597     ;
; -3.305 ; ID_EX:ID_EX_REG|reg_N:RS1_REG|dffg:\G_NBit_Reg:1:RegI|s_Q  ; pcLogic:PC_LOGIC|reg_N:PC_Register|dffg:\G_NBit_Reg:8:RegI|s_Q  ; iCLK         ; iCLK        ; 20.000       ; 0.294      ; 23.597     ;
; -3.305 ; ID_EX:ID_EX_REG|reg_N:RS1_REG|dffg:\G_NBit_Reg:1:RegI|s_Q  ; pcLogic:PC_LOGIC|reg_N:PC_Register|dffg:\G_NBit_Reg:10:RegI|s_Q ; iCLK         ; iCLK        ; 20.000       ; 0.294      ; 23.597     ;
; -3.303 ; EX_MEM:EX_MEM_REG|reg_N:RD_REG|dffg:\G_NBit_Reg:1:RegI|s_Q ; IF_ID:IF_ID_REG|reg_N:INST_REG|dffg:\G_NBit_Reg:16:RegI|s_Q     ; iCLK         ; iCLK        ; 20.000       ; 0.333      ; 23.634     ;
; -3.302 ; EX_MEM:EX_MEM_REG|reg_N:RD_REG|dffg:\G_NBit_Reg:1:RegI|s_Q ; pcLogic:PC_LOGIC|reg_N:PC_Register|dffg:\G_NBit_Reg:5:RegI|s_Q  ; iCLK         ; iCLK        ; 20.000       ; 0.327      ; 23.627     ;
+--------+------------------------------------------------------------+-----------------------------------------------------------------+--------------+-------------+--------------+------------+------------+


+-------------------------------------------------------------------------------------------------------------------------------------------------------------------------------------------------------------------------+
; Slow 1200mV 85C Model Hold: 'iCLK'                                                                                                                                                                                      ;
+-------+---------------------------------------------------------------------+---------------------------------------------------------------------+--------------+-------------+--------------+------------+------------+
; Slack ; From Node                                                           ; To Node                                                             ; Launch Clock ; Latch Clock ; Relationship ; Clock Skew ; Data Delay ;
+-------+---------------------------------------------------------------------+---------------------------------------------------------------------+--------------+-------------+--------------+------------+------------+
; 0.391 ; pcLogic:PC_LOGIC|reg_N:PC_Register|dffg:\G_NBit_Reg:2:RegI|s_Q      ; pcLogic:PC_LOGIC|reg_N:PC_Register|dffg:\G_NBit_Reg:2:RegI|s_Q      ; iCLK         ; iCLK        ; 0.000        ; 0.097      ; 0.674      ;
; 0.581 ; EX_MEM:EX_MEM_REG|dffg:HALT_REG|s_Q                                 ; MEM_WB:MEM_WB_REG|dffg:HALT_REG|s_Q                                 ; iCLK         ; iCLK        ; 0.000        ; 0.098      ; 0.865      ;
; 0.593 ; ID_EX:ID_EX_REG|dffg:MEMREG_REG|s_Q                                 ; EX_MEM:EX_MEM_REG|dffg:MEMREG_REG|s_Q                               ; iCLK         ; iCLK        ; 0.000        ; 0.098      ; 0.877      ;
; 0.627 ; EX_MEM:EX_MEM_REG|reg_N:RD_REG|dffg:\G_NBit_Reg:3:RegI|s_Q          ; MEM_WB:MEM_WB_REG|reg_N:RD_REG|dffg:\G_NBit_Reg:3:RegI|s_Q          ; iCLK         ; iCLK        ; 0.000        ; 0.081      ; 0.894      ;
; 0.652 ; EX_MEM:EX_MEM_REG|reg_N:RD_REG|dffg:\G_NBit_Reg:4:RegI|s_Q          ; MEM_WB:MEM_WB_REG|reg_N:RD_REG|dffg:\G_NBit_Reg:4:RegI|s_Q          ; iCLK         ; iCLK        ; 0.000        ; 0.081      ; 0.919      ;
; 0.674 ; ID_EX:ID_EX_REG|reg_N:RS2_DATA_REG|dffg:\G_NBit_Reg:12:RegI|s_Q     ; EX_MEM:EX_MEM_REG|reg_N:RS2_DATA_REG|dffg:\G_NBit_Reg:12:RegI|s_Q   ; iCLK         ; iCLK        ; 0.000        ; 0.099      ; 0.959      ;
; 0.712 ; IF_ID:IF_ID_REG|reg_N:PC_REG|dffg:\G_NBit_Reg:3:RegI|s_Q            ; ID_EX:ID_EX_REG|reg_N:PC_REG|dffg:\G_NBit_Reg:3:RegI|s_Q            ; iCLK         ; iCLK        ; 0.000        ; 0.080      ; 0.978      ;
; 0.726 ; IF_ID:IF_ID_REG|reg_N:INST_REG|dffg:\G_NBit_Reg:2:RegI|s_Q          ; ID_EX:ID_EX_REG|dffg:AUIPC_REG|s_Q                                  ; iCLK         ; iCLK        ; 0.000        ; 0.081      ; 0.993      ;
; 0.742 ; IF_ID:IF_ID_REG|reg_N:INST_REG|dffg:\G_NBit_Reg:2:RegI|s_Q          ; ID_EX:ID_EX_REG|reg_N:OPCODE_REG|dffg:\G_NBit_Reg:2:RegI|s_Q        ; iCLK         ; iCLK        ; 0.000        ; 0.081      ; 1.009      ;
; 0.750 ; IF_ID:IF_ID_REG|reg_N:PC_REG|dffg:\G_NBit_Reg:9:RegI|s_Q            ; ID_EX:ID_EX_REG|reg_N:PC_REG|dffg:\G_NBit_Reg:9:RegI|s_Q            ; iCLK         ; iCLK        ; 0.000        ; 0.082      ; 1.018      ;
; 0.910 ; IF_ID:IF_ID_REG|reg_N:PC_REG|dffg:\G_NBit_Reg:0:RegI|s_Q            ; ID_EX:ID_EX_REG|reg_N:PC_REG|dffg:\G_NBit_Reg:0:RegI|s_Q            ; iCLK         ; iCLK        ; 0.000        ; 0.082      ; 1.178      ;
; 0.937 ; IF_ID:IF_ID_REG|reg_N:PC_REG|dffg:\G_NBit_Reg:5:RegI|s_Q            ; ID_EX:ID_EX_REG|reg_N:PC_REG|dffg:\G_NBit_Reg:5:RegI|s_Q            ; iCLK         ; iCLK        ; 0.000        ; -0.300     ; 0.823      ;
; 0.957 ; pcLogic:PC_LOGIC|reg_N:PC_Register|dffg:\G_NBit_Reg:27:RegI|s_Q     ; pcLogic:PC_LOGIC|reg_N:PC_Register|dffg:\G_NBit_Reg:29:RegI|s_Q     ; iCLK         ; iCLK        ; 0.000        ; 0.100      ; 1.243      ;
; 0.966 ; ID_EX:ID_EX_REG|reg_N:RS2_DATA_REG|dffg:\G_NBit_Reg:11:RegI|s_Q     ; EX_MEM:EX_MEM_REG|reg_N:RS2_DATA_REG|dffg:\G_NBit_Reg:11:RegI|s_Q   ; iCLK         ; iCLK        ; 0.000        ; -0.333     ; 0.819      ;
; 0.967 ; EX_MEM:EX_MEM_REG|reg_N:RS2_DATA_REG|dffg:\G_NBit_Reg:14:RegI|s_Q   ; mem:DMem|ram~26329                                                  ; iCLK         ; iCLK        ; 0.000        ; 0.072      ; 1.225      ;
; 0.972 ; MEM_WB:MEM_WB_REG|reg_N:MEM_DATA_REG|dffg:\G_NBit_Reg:10:RegI|s_Q   ; ID_EX:ID_EX_REG|reg_N:RS2_DATA_REG|dffg:\G_NBit_Reg:10:RegI|s_Q     ; iCLK         ; iCLK        ; 0.000        ; 0.549      ; 1.707      ;
; 0.984 ; MEM_WB:MEM_WB_REG|reg_N:MEM_DATA_REG|dffg:\G_NBit_Reg:8:RegI|s_Q    ; ID_EX:ID_EX_REG|reg_N:RS2_DATA_REG|dffg:\G_NBit_Reg:8:RegI|s_Q      ; iCLK         ; iCLK        ; 0.000        ; 0.512      ; 1.682      ;
; 0.990 ; EX_MEM:EX_MEM_REG|reg_N:ALU_RESULT_REG|dffg:\G_NBit_Reg:13:RegI|s_Q ; MEM_WB:MEM_WB_REG|reg_N:ALU_RESULT_REG|dffg:\G_NBit_Reg:13:RegI|s_Q ; iCLK         ; iCLK        ; 0.000        ; 0.088      ; 1.264      ;
; 0.996 ; pcLogic:PC_LOGIC|reg_N:PC_Register|dffg:\G_NBit_Reg:15:RegI|s_Q     ; pcLogic:PC_LOGIC|reg_N:PC_Register|dffg:\G_NBit_Reg:15:RegI|s_Q     ; iCLK         ; iCLK        ; 0.000        ; 0.097      ; 1.279      ;
; 1.000 ; pcLogic:PC_LOGIC|reg_N:PC_Register|dffg:\G_NBit_Reg:17:RegI|s_Q     ; pcLogic:PC_LOGIC|reg_N:PC_Register|dffg:\G_NBit_Reg:17:RegI|s_Q     ; iCLK         ; iCLK        ; 0.000        ; 0.097      ; 1.283      ;
; 1.003 ; MEM_WB:MEM_WB_REG|dffg:MEMREG_REG|s_Q                               ; ID_EX:ID_EX_REG|reg_N:RS2_DATA_REG|dffg:\G_NBit_Reg:7:RegI|s_Q      ; iCLK         ; iCLK        ; 0.000        ; 0.545      ; 1.734      ;
; 1.004 ; pcLogic:PC_LOGIC|reg_N:PC_Register|dffg:\G_NBit_Reg:16:RegI|s_Q     ; pcLogic:PC_LOGIC|reg_N:PC_Register|dffg:\G_NBit_Reg:16:RegI|s_Q     ; iCLK         ; iCLK        ; 0.000        ; 0.097      ; 1.287      ;
; 1.004 ; ID_EX:ID_EX_REG|reg_N:RS2_DATA_REG|dffg:\G_NBit_Reg:30:RegI|s_Q     ; EX_MEM:EX_MEM_REG|reg_N:RS2_DATA_REG|dffg:\G_NBit_Reg:30:RegI|s_Q   ; iCLK         ; iCLK        ; 0.000        ; 0.086      ; 1.276      ;
; 1.011 ; pcLogic:PC_LOGIC|reg_N:PC_Register|dffg:\G_NBit_Reg:27:RegI|s_Q     ; pcLogic:PC_LOGIC|reg_N:PC_Register|dffg:\G_NBit_Reg:27:RegI|s_Q     ; iCLK         ; iCLK        ; 0.000        ; 0.096      ; 1.293      ;
; 1.013 ; pcLogic:PC_LOGIC|reg_N:PC_Register|dffg:\G_NBit_Reg:27:RegI|s_Q     ; pcLogic:PC_LOGIC|reg_N:PC_Register|dffg:\G_NBit_Reg:28:RegI|s_Q     ; iCLK         ; iCLK        ; 0.000        ; 0.096      ; 1.295      ;
; 1.014 ; pcLogic:PC_LOGIC|reg_N:PC_Register|dffg:\G_NBit_Reg:21:RegI|s_Q     ; pcLogic:PC_LOGIC|reg_N:PC_Register|dffg:\G_NBit_Reg:21:RegI|s_Q     ; iCLK         ; iCLK        ; 0.000        ; 0.097      ; 1.297      ;
; 1.015 ; ID_EX:ID_EX_REG|dffg:MEMWR_REG|s_Q                                  ; EX_MEM:EX_MEM_REG|dffg:MEMWR_REG|s_Q                                ; iCLK         ; iCLK        ; 0.000        ; -0.334     ; 0.867      ;
; 1.016 ; pcLogic:PC_LOGIC|reg_N:PC_Register|dffg:\G_NBit_Reg:21:RegI|s_Q     ; pcLogic:PC_LOGIC|reg_N:PC_Register|dffg:\G_NBit_Reg:23:RegI|s_Q     ; iCLK         ; iCLK        ; 0.000        ; 0.097      ; 1.299      ;
; 1.025 ; EX_MEM:EX_MEM_REG|reg_N:RD_REG|dffg:\G_NBit_Reg:2:RegI|s_Q          ; MEM_WB:MEM_WB_REG|reg_N:RD_REG|dffg:\G_NBit_Reg:2:RegI|s_Q          ; iCLK         ; iCLK        ; 0.000        ; 0.081      ; 1.292      ;
; 1.029 ; MEM_WB:MEM_WB_REG|reg_N:ALU_RESULT_REG|dffg:\G_NBit_Reg:15:RegI|s_Q ; ID_EX:ID_EX_REG|reg_N:RS2_DATA_REG|dffg:\G_NBit_Reg:15:RegI|s_Q     ; iCLK         ; iCLK        ; 0.000        ; 0.098      ; 1.313      ;
; 1.029 ; MEM_WB:MEM_WB_REG|reg_N:ALU_RESULT_REG|dffg:\G_NBit_Reg:12:RegI|s_Q ; ID_EX:ID_EX_REG|reg_N:RS2_DATA_REG|dffg:\G_NBit_Reg:12:RegI|s_Q     ; iCLK         ; iCLK        ; 0.000        ; 0.099      ; 1.314      ;
; 1.033 ; ID_EX:ID_EX_REG|reg_N:RS2_REG|dffg:\G_NBit_Reg:4:RegI|s_Q           ; EX_MEM:EX_MEM_REG|reg_N:RS2_DATA_REG|dffg:\G_NBit_Reg:0:RegI|s_Q    ; iCLK         ; iCLK        ; 0.000        ; 0.081      ; 1.300      ;
; 1.035 ; EX_MEM:EX_MEM_REG|dffg:MEMREG_REG|s_Q                               ; MEM_WB:MEM_WB_REG|dffg:MEMREG_REG|s_Q                               ; iCLK         ; iCLK        ; 0.000        ; -0.338     ; 0.883      ;
; 1.035 ; ID_EX:ID_EX_REG|reg_N:IMM_REG|dffg:\G_NBit_Reg:14:RegI|s_Q          ; pcLogic:PC_LOGIC|reg_N:PC_Register|dffg:\G_NBit_Reg:14:RegI|s_Q     ; iCLK         ; iCLK        ; 0.000        ; 0.474      ; 1.695      ;
; 1.039 ; pcLogic:PC_LOGIC|reg_N:PC_Register|dffg:\G_NBit_Reg:0:RegI|s_Q      ; IF_ID:IF_ID_REG|reg_N:PC_REG|dffg:\G_NBit_Reg:0:RegI|s_Q            ; iCLK         ; iCLK        ; 0.000        ; 0.072      ; 1.297      ;
; 1.043 ; IF_ID:IF_ID_REG|reg_N:PC_REG|dffg:\G_NBit_Reg:20:RegI|s_Q           ; ID_EX:ID_EX_REG|reg_N:PC_REG|dffg:\G_NBit_Reg:20:RegI|s_Q           ; iCLK         ; iCLK        ; 0.000        ; 0.090      ; 1.319      ;
; 1.051 ; ID_EX:ID_EX_REG|reg_N:FUNC3_REG|dffg:\G_NBit_Reg:1:RegI|s_Q         ; EX_MEM:EX_MEM_REG|reg_N:FUNC3_REG|dffg:\G_NBit_Reg:1:RegI|s_Q       ; iCLK         ; iCLK        ; 0.000        ; 0.128      ; 1.365      ;
; 1.055 ; IF_ID:IF_ID_REG|reg_N:PC_REG|dffg:\G_NBit_Reg:28:RegI|s_Q           ; ID_EX:ID_EX_REG|reg_N:PC_REG|dffg:\G_NBit_Reg:28:RegI|s_Q           ; iCLK         ; iCLK        ; 0.000        ; 0.076      ; 1.317      ;
; 1.058 ; EX_MEM:EX_MEM_REG|reg_N:ALU_RESULT_REG|dffg:\G_NBit_Reg:2:RegI|s_Q  ; MEM_WB:MEM_WB_REG|reg_N:ALU_RESULT_REG|dffg:\G_NBit_Reg:2:RegI|s_Q  ; iCLK         ; iCLK        ; 0.000        ; 0.087      ; 1.331      ;
; 1.060 ; MEM_WB:MEM_WB_REG|reg_N:ALU_RESULT_REG|dffg:\G_NBit_Reg:2:RegI|s_Q  ; ID_EX:ID_EX_REG|reg_N:RS2_DATA_REG|dffg:\G_NBit_Reg:2:RegI|s_Q      ; iCLK         ; iCLK        ; 0.000        ; 0.548      ; 1.794      ;
; 1.064 ; ID_EX:ID_EX_REG|reg_N:RS2_DATA_REG|dffg:\G_NBit_Reg:10:RegI|s_Q     ; EX_MEM:EX_MEM_REG|reg_N:RS2_DATA_REG|dffg:\G_NBit_Reg:10:RegI|s_Q   ; iCLK         ; iCLK        ; 0.000        ; -0.333     ; 0.917      ;
; 1.066 ; ID_EX:ID_EX_REG|reg_N:RS2_DATA_REG|dffg:\G_NBit_Reg:5:RegI|s_Q      ; EX_MEM:EX_MEM_REG|reg_N:RS2_DATA_REG|dffg:\G_NBit_Reg:5:RegI|s_Q    ; iCLK         ; iCLK        ; 0.000        ; -0.336     ; 0.916      ;
; 1.071 ; MEM_WB:MEM_WB_REG|reg_N:ALU_RESULT_REG|dffg:\G_NBit_Reg:13:RegI|s_Q ; ID_EX:ID_EX_REG|reg_N:RS2_DATA_REG|dffg:\G_NBit_Reg:13:RegI|s_Q     ; iCLK         ; iCLK        ; 0.000        ; 0.517      ; 1.774      ;
; 1.072 ; EX_MEM:EX_MEM_REG|reg_N:RS2_DATA_REG|dffg:\G_NBit_Reg:18:RegI|s_Q   ; mem:DMem|ram~25277                                                  ; iCLK         ; iCLK        ; 0.000        ; 0.094      ; 1.352      ;
; 1.078 ; ID_EX:ID_EX_REG|dffg:BRANCH_REG|s_Q                                 ; IF_ID:IF_ID_REG|reg_N:PC_REG|dffg:\G_NBit_Reg:10:RegI|s_Q           ; iCLK         ; iCLK        ; 0.000        ; 0.514      ; 1.778      ;
; 1.093 ; IF_ID:IF_ID_REG|reg_N:PC_REG|dffg:\G_NBit_Reg:14:RegI|s_Q           ; ID_EX:ID_EX_REG|reg_N:PC_REG|dffg:\G_NBit_Reg:14:RegI|s_Q           ; iCLK         ; iCLK        ; 0.000        ; -0.300     ; 0.979      ;
; 1.094 ; ID_EX:ID_EX_REG|reg_N:RS2_DATA_REG|dffg:\G_NBit_Reg:6:RegI|s_Q      ; EX_MEM:EX_MEM_REG|reg_N:RS2_DATA_REG|dffg:\G_NBit_Reg:6:RegI|s_Q    ; iCLK         ; iCLK        ; 0.000        ; 0.089      ; 1.369      ;
; 1.094 ; IF_ID:IF_ID_REG|reg_N:PC_REG|dffg:\G_NBit_Reg:2:RegI|s_Q            ; ID_EX:ID_EX_REG|reg_N:PC_REG|dffg:\G_NBit_Reg:2:RegI|s_Q            ; iCLK         ; iCLK        ; 0.000        ; -0.300     ; 0.980      ;
; 1.094 ; IF_ID:IF_ID_REG|reg_N:PC_REG|dffg:\G_NBit_Reg:15:RegI|s_Q           ; ID_EX:ID_EX_REG|reg_N:PC_REG|dffg:\G_NBit_Reg:15:RegI|s_Q           ; iCLK         ; iCLK        ; 0.000        ; -0.300     ; 0.980      ;
; 1.095 ; MEM_WB:MEM_WB_REG|reg_N:MEM_DATA_REG|dffg:\G_NBit_Reg:13:RegI|s_Q   ; ID_EX:ID_EX_REG|reg_N:RS2_DATA_REG|dffg:\G_NBit_Reg:13:RegI|s_Q     ; iCLK         ; iCLK        ; 0.000        ; 0.517      ; 1.798      ;
; 1.095 ; MEM_WB:MEM_WB_REG|reg_N:ALU_RESULT_REG|dffg:\G_NBit_Reg:28:RegI|s_Q ; ID_EX:ID_EX_REG|reg_N:RS2_DATA_REG|dffg:\G_NBit_Reg:28:RegI|s_Q     ; iCLK         ; iCLK        ; 0.000        ; 0.098      ; 1.379      ;
; 1.100 ; EX_MEM:EX_MEM_REG|reg_N:ALU_RESULT_REG|dffg:\G_NBit_Reg:7:RegI|s_Q  ; MEM_WB:MEM_WB_REG|reg_N:ALU_RESULT_REG|dffg:\G_NBit_Reg:7:RegI|s_Q  ; iCLK         ; iCLK        ; 0.000        ; 0.131      ; 1.417      ;
; 1.104 ; ID_EX:ID_EX_REG|reg_N:RS2_DATA_REG|dffg:\G_NBit_Reg:2:RegI|s_Q      ; EX_MEM:EX_MEM_REG|reg_N:RS2_DATA_REG|dffg:\G_NBit_Reg:2:RegI|s_Q    ; iCLK         ; iCLK        ; 0.000        ; -0.333     ; 0.957      ;
; 1.104 ; ID_EX:ID_EX_REG|reg_N:RS2_DATA_REG|dffg:\G_NBit_Reg:28:RegI|s_Q     ; EX_MEM:EX_MEM_REG|reg_N:RS2_DATA_REG|dffg:\G_NBit_Reg:28:RegI|s_Q   ; iCLK         ; iCLK        ; 0.000        ; -0.334     ; 0.956      ;
; 1.106 ; ID_EX:ID_EX_REG|reg_N:RS2_DATA_REG|dffg:\G_NBit_Reg:22:RegI|s_Q     ; EX_MEM:EX_MEM_REG|reg_N:RS2_DATA_REG|dffg:\G_NBit_Reg:22:RegI|s_Q   ; iCLK         ; iCLK        ; 0.000        ; -0.333     ; 0.959      ;
; 1.107 ; ID_EX:ID_EX_REG|reg_N:RS2_DATA_REG|dffg:\G_NBit_Reg:3:RegI|s_Q      ; EX_MEM:EX_MEM_REG|reg_N:RS2_DATA_REG|dffg:\G_NBit_Reg:3:RegI|s_Q    ; iCLK         ; iCLK        ; 0.000        ; -0.335     ; 0.958      ;
; 1.108 ; ID_EX:ID_EX_REG|reg_N:RS2_DATA_REG|dffg:\G_NBit_Reg:15:RegI|s_Q     ; EX_MEM:EX_MEM_REG|reg_N:RS2_DATA_REG|dffg:\G_NBit_Reg:15:RegI|s_Q   ; iCLK         ; iCLK        ; 0.000        ; -0.333     ; 0.961      ;
; 1.112 ; EX_MEM:EX_MEM_REG|reg_N:RS2_DATA_REG|dffg:\G_NBit_Reg:23:RegI|s_Q   ; mem:DMem|ram~25154                                                  ; iCLK         ; iCLK        ; 0.000        ; 0.094      ; 1.392      ;
; 1.112 ; EX_MEM:EX_MEM_REG|reg_N:RS2_DATA_REG|dffg:\G_NBit_Reg:23:RegI|s_Q   ; mem:DMem|ram~25282                                                  ; iCLK         ; iCLK        ; 0.000        ; 0.094      ; 1.392      ;
; 1.114 ; IF_ID:IF_ID_REG|reg_N:PC_REG|dffg:\G_NBit_Reg:12:RegI|s_Q           ; ID_EX:ID_EX_REG|reg_N:PC_REG|dffg:\G_NBit_Reg:12:RegI|s_Q           ; iCLK         ; iCLK        ; 0.000        ; 0.082      ; 1.382      ;
; 1.117 ; pcLogic:PC_LOGIC|reg_N:PC_Register|dffg:\G_NBit_Reg:30:RegI|s_Q     ; pcLogic:PC_LOGIC|reg_N:PC_Register|dffg:\G_NBit_Reg:31:RegI|s_Q     ; iCLK         ; iCLK        ; 0.000        ; 0.096      ; 1.399      ;
; 1.118 ; EX_MEM:EX_MEM_REG|reg_N:RS2_DATA_REG|dffg:\G_NBit_Reg:14:RegI|s_Q   ; mem:DMem|ram~32345                                                  ; iCLK         ; iCLK        ; 0.000        ; 0.077      ; 1.381      ;
; 1.119 ; EX_MEM:EX_MEM_REG|reg_N:RS2_DATA_REG|dffg:\G_NBit_Reg:14:RegI|s_Q   ; mem:DMem|ram~32601                                                  ; iCLK         ; iCLK        ; 0.000        ; 0.077      ; 1.382      ;
; 1.121 ; EX_MEM:EX_MEM_REG|reg_N:RS2_DATA_REG|dffg:\G_NBit_Reg:23:RegI|s_Q   ; mem:DMem|ram~32738                                                  ; iCLK         ; iCLK        ; 0.000        ; 0.084      ; 1.391      ;
; 1.121 ; EX_MEM:EX_MEM_REG|reg_N:RS2_DATA_REG|dffg:\G_NBit_Reg:18:RegI|s_Q   ; mem:DMem|ram~28541                                                  ; iCLK         ; iCLK        ; 0.000        ; 0.086      ; 1.393      ;
; 1.121 ; pcLogic:PC_LOGIC|reg_N:PC_Register|dffg:\G_NBit_Reg:23:RegI|s_Q     ; pcLogic:PC_LOGIC|reg_N:PC_Register|dffg:\G_NBit_Reg:23:RegI|s_Q     ; iCLK         ; iCLK        ; 0.000        ; 0.097      ; 1.404      ;
; 1.123 ; ID_EX:ID_EX_REG|dffg:HALT_REG|s_Q                                   ; EX_MEM:EX_MEM_REG|dffg:HALT_REG|s_Q                                 ; iCLK         ; iCLK        ; 0.000        ; 0.101      ; 1.410      ;
; 1.123 ; EX_MEM:EX_MEM_REG|reg_N:RS2_DATA_REG|dffg:\G_NBit_Reg:18:RegI|s_Q   ; mem:DMem|ram~26493                                                  ; iCLK         ; iCLK        ; 0.000        ; 0.086      ; 1.395      ;
; 1.125 ; EX_MEM:EX_MEM_REG|reg_N:RS2_DATA_REG|dffg:\G_NBit_Reg:23:RegI|s_Q   ; mem:DMem|ram~32482                                                  ; iCLK         ; iCLK        ; 0.000        ; 0.084      ; 1.395      ;
; 1.127 ; pcLogic:PC_LOGIC|reg_N:PC_Register|dffg:\G_NBit_Reg:8:RegI|s_Q      ; pcLogic:PC_LOGIC|reg_N:PC_Register|dffg:\G_NBit_Reg:8:RegI|s_Q      ; iCLK         ; iCLK        ; 0.000        ; 0.098      ; 1.411      ;
; 1.127 ; MEM_WB:MEM_WB_REG|reg_N:ALU_RESULT_REG|dffg:\G_NBit_Reg:29:RegI|s_Q ; ID_EX:ID_EX_REG|reg_N:RS1_DATA_REG|dffg:\G_NBit_Reg:29:RegI|s_Q     ; iCLK         ; iCLK        ; 0.000        ; 0.472      ; 1.785      ;
; 1.136 ; pcLogic:PC_LOGIC|reg_N:PC_Register|dffg:\G_NBit_Reg:10:RegI|s_Q     ; pcLogic:PC_LOGIC|reg_N:PC_Register|dffg:\G_NBit_Reg:10:RegI|s_Q     ; iCLK         ; iCLK        ; 0.000        ; 0.098      ; 1.420      ;
; 1.138 ; pcLogic:PC_LOGIC|reg_N:PC_Register|dffg:\G_NBit_Reg:19:RegI|s_Q     ; IF_ID:IF_ID_REG|reg_N:PC_REG|dffg:\G_NBit_Reg:19:RegI|s_Q           ; iCLK         ; iCLK        ; 0.000        ; 0.089      ; 1.413      ;
; 1.139 ; EX_MEM:EX_MEM_REG|reg_N:RS2_DATA_REG|dffg:\G_NBit_Reg:18:RegI|s_Q   ; mem:DMem|ram~30589                                                  ; iCLK         ; iCLK        ; 0.000        ; 0.078      ; 1.403      ;
; 1.139 ; EX_MEM:EX_MEM_REG|reg_N:RS2_DATA_REG|dffg:\G_NBit_Reg:18:RegI|s_Q   ; mem:DMem|ram~32637                                                  ; iCLK         ; iCLK        ; 0.000        ; 0.078      ; 1.403      ;
; 1.141 ; pcLogic:PC_LOGIC|reg_N:PC_Register|dffg:\G_NBit_Reg:6:RegI|s_Q      ; pcLogic:PC_LOGIC|reg_N:PC_Register|dffg:\G_NBit_Reg:7:RegI|s_Q      ; iCLK         ; iCLK        ; 0.000        ; 0.098      ; 1.425      ;
; 1.141 ; pcLogic:PC_LOGIC|reg_N:PC_Register|dffg:\G_NBit_Reg:6:RegI|s_Q      ; pcLogic:PC_LOGIC|reg_N:PC_Register|dffg:\G_NBit_Reg:6:RegI|s_Q      ; iCLK         ; iCLK        ; 0.000        ; 0.098      ; 1.425      ;
; 1.141 ; IF_ID:IF_ID_REG|reg_N:INST_REG|dffg:\G_NBit_Reg:9:RegI|s_Q          ; ID_EX:ID_EX_REG|reg_N:RD_REG|dffg:\G_NBit_Reg:2:RegI|s_Q            ; iCLK         ; iCLK        ; 0.000        ; -0.333     ; 0.994      ;
; 1.142 ; MEM_WB:MEM_WB_REG|reg_N:ALU_RESULT_REG|dffg:\G_NBit_Reg:23:RegI|s_Q ; ID_EX:ID_EX_REG|reg_N:RS2_DATA_REG|dffg:\G_NBit_Reg:23:RegI|s_Q     ; iCLK         ; iCLK        ; 0.000        ; 0.529      ; 1.857      ;
; 1.143 ; EX_MEM:EX_MEM_REG|reg_N:RS2_DATA_REG|dffg:\G_NBit_Reg:20:RegI|s_Q   ; mem:DMem|ram~32479                                                  ; iCLK         ; iCLK        ; 0.000        ; 0.078      ; 1.407      ;
; 1.149 ; EX_MEM:EX_MEM_REG|reg_N:RS2_DATA_REG|dffg:\G_NBit_Reg:20:RegI|s_Q   ; mem:DMem|ram~32735                                                  ; iCLK         ; iCLK        ; 0.000        ; 0.078      ; 1.413      ;
; 1.151 ; ID_EX:ID_EX_REG|dffg:BRANCH_REG|s_Q                                 ; IF_ID:IF_ID_REG|reg_N:PC_REG|dffg:\G_NBit_Reg:23:RegI|s_Q           ; iCLK         ; iCLK        ; 0.000        ; 0.514      ; 1.851      ;
; 1.151 ; ID_EX:ID_EX_REG|dffg:BRANCH_REG|s_Q                                 ; IF_ID:IF_ID_REG|reg_N:PC_REG|dffg:\G_NBit_Reg:14:RegI|s_Q           ; iCLK         ; iCLK        ; 0.000        ; 0.514      ; 1.851      ;
; 1.151 ; ID_EX:ID_EX_REG|dffg:BRANCH_REG|s_Q                                 ; IF_ID:IF_ID_REG|reg_N:PC_REG|dffg:\G_NBit_Reg:31:RegI|s_Q           ; iCLK         ; iCLK        ; 0.000        ; 0.514      ; 1.851      ;
; 1.151 ; pcLogic:PC_LOGIC|reg_N:PC_Register|dffg:\G_NBit_Reg:18:RegI|s_Q     ; pcLogic:PC_LOGIC|reg_N:PC_Register|dffg:\G_NBit_Reg:19:RegI|s_Q     ; iCLK         ; iCLK        ; 0.000        ; 0.080      ; 1.417      ;
; 1.155 ; EX_MEM:EX_MEM_REG|reg_N:RS2_DATA_REG|dffg:\G_NBit_Reg:23:RegI|s_Q   ; mem:DMem|ram~6882                                                   ; iCLK         ; iCLK        ; 0.000        ; 0.076      ; 1.417      ;
; 1.162 ; ID_EX:ID_EX_REG|reg_N:RS2_DATA_REG|dffg:\G_NBit_Reg:19:RegI|s_Q     ; EX_MEM:EX_MEM_REG|reg_N:RS2_DATA_REG|dffg:\G_NBit_Reg:19:RegI|s_Q   ; iCLK         ; iCLK        ; 0.000        ; 0.068      ; 1.416      ;
; 1.165 ; EX_MEM:EX_MEM_REG|reg_N:RD_REG|dffg:\G_NBit_Reg:4:RegI|s_Q          ; EX_MEM:EX_MEM_REG|reg_N:RS2_DATA_REG|dffg:\G_NBit_Reg:0:RegI|s_Q    ; iCLK         ; iCLK        ; 0.000        ; 0.083      ; 1.434      ;
; 1.170 ; EX_MEM:EX_MEM_REG|reg_N:FUNC3_REG|dffg:\G_NBit_Reg:2:RegI|s_Q       ; MEM_WB:MEM_WB_REG|reg_N:MEM_DATA_REG|dffg:\G_NBit_Reg:16:RegI|s_Q   ; iCLK         ; iCLK        ; 0.000        ; 0.119      ; 1.475      ;
; 1.170 ; EX_MEM:EX_MEM_REG|reg_N:FUNC3_REG|dffg:\G_NBit_Reg:2:RegI|s_Q       ; MEM_WB:MEM_WB_REG|reg_N:MEM_DATA_REG|dffg:\G_NBit_Reg:21:RegI|s_Q   ; iCLK         ; iCLK        ; 0.000        ; 0.119      ; 1.475      ;
; 1.181 ; ID_EX:ID_EX_REG|dffg:BRANCH_REG|s_Q                                 ; IF_ID:IF_ID_REG|reg_N:PC_REG|dffg:\G_NBit_Reg:5:RegI|s_Q            ; iCLK         ; iCLK        ; 0.000        ; 0.514      ; 1.881      ;
; 1.182 ; ID_EX:ID_EX_REG|dffg:BRANCH_REG|s_Q                                 ; IF_ID:IF_ID_REG|reg_N:PC_REG|dffg:\G_NBit_Reg:2:RegI|s_Q            ; iCLK         ; iCLK        ; 0.000        ; 0.514      ; 1.882      ;
; 1.182 ; ID_EX:ID_EX_REG|dffg:BRANCH_REG|s_Q                                 ; IF_ID:IF_ID_REG|reg_N:PC_REG|dffg:\G_NBit_Reg:15:RegI|s_Q           ; iCLK         ; iCLK        ; 0.000        ; 0.514      ; 1.882      ;
; 1.185 ; ID_EX:ID_EX_REG|reg_N:RS2_DATA_REG|dffg:\G_NBit_Reg:7:RegI|s_Q      ; EX_MEM:EX_MEM_REG|reg_N:RS2_DATA_REG|dffg:\G_NBit_Reg:7:RegI|s_Q    ; iCLK         ; iCLK        ; 0.000        ; -0.366     ; 1.005      ;
; 1.193 ; ID_EX:ID_EX_REG|reg_N:RS2_DATA_REG|dffg:\G_NBit_Reg:0:RegI|s_Q      ; EX_MEM:EX_MEM_REG|reg_N:RS2_DATA_REG|dffg:\G_NBit_Reg:0:RegI|s_Q    ; iCLK         ; iCLK        ; 0.000        ; 0.066      ; 1.445      ;
; 1.193 ; pcLogic:PC_LOGIC|reg_N:PC_Register|dffg:\G_NBit_Reg:31:RegI|s_Q     ; pcLogic:PC_LOGIC|reg_N:PC_Register|dffg:\G_NBit_Reg:31:RegI|s_Q     ; iCLK         ; iCLK        ; 0.000        ; 0.096      ; 1.475      ;
; 1.194 ; EX_MEM:EX_MEM_REG|reg_N:ALU_RESULT_REG|dffg:\G_NBit_Reg:6:RegI|s_Q  ; EX_MEM:EX_MEM_REG|reg_N:RS2_DATA_REG|dffg:\G_NBit_Reg:6:RegI|s_Q    ; iCLK         ; iCLK        ; 0.000        ; 0.097      ; 1.477      ;
; 1.197 ; IF_ID:IF_ID_REG|reg_N:PC_REG|dffg:\G_NBit_Reg:16:RegI|s_Q           ; ID_EX:ID_EX_REG|reg_N:PC_REG|dffg:\G_NBit_Reg:16:RegI|s_Q           ; iCLK         ; iCLK        ; 0.000        ; 0.079      ; 1.462      ;
; 1.200 ; pcLogic:PC_LOGIC|reg_N:PC_Register|dffg:\G_NBit_Reg:23:RegI|s_Q     ; IF_ID:IF_ID_REG|reg_N:PC_REG|dffg:\G_NBit_Reg:23:RegI|s_Q           ; iCLK         ; iCLK        ; 0.000        ; 0.102      ; 1.488      ;
; 1.203 ; pcLogic:PC_LOGIC|reg_N:PC_Register|dffg:\G_NBit_Reg:7:RegI|s_Q      ; pcLogic:PC_LOGIC|reg_N:PC_Register|dffg:\G_NBit_Reg:7:RegI|s_Q      ; iCLK         ; iCLK        ; 0.000        ; 0.098      ; 1.487      ;
+-------+---------------------------------------------------------------------+---------------------------------------------------------------------+--------------+-------------+--------------+------------+------------+


-----------------------------------------------
; Slow 1200mV 85C Model Metastability Summary ;
-----------------------------------------------
No synchronizer chains to report.


+-------------------------------------------------+
; Slow 1200mV 0C Model Fmax Summary               ;
+-----------+-----------------+------------+------+
; Fmax      ; Restricted Fmax ; Clock Name ; Note ;
+-----------+-----------------+------------+------+
; 45.98 MHz ; 45.98 MHz       ; iCLK       ;      ;
+-----------+-----------------+------------+------+
This panel reports FMAX for every clock in the design, regardless of the user-specified clock periods.  FMAX is only computed for paths where the source and destination registers or ports are driven by the same clock.  Paths of different clocks, including generated clocks, are ignored.  For paths between a clock and its inversion, FMAX is computed as if the rising and falling edges are scaled along with FMAX, such that the duty cycle (in terms of a percentage) is maintained. Altera recommends that you always use clock constraints and other slack reports for sign-off analysis.


+------------------------------------+
; Slow 1200mV 0C Model Setup Summary ;
+-------+--------+-------------------+
; Clock ; Slack  ; End Point TNS     ;
+-------+--------+-------------------+
; iCLK  ; -1.749 ; -155.192          ;
+-------+--------+-------------------+


+-----------------------------------+
; Slow 1200mV 0C Model Hold Summary ;
+-------+-------+-------------------+
; Clock ; Slack ; End Point TNS     ;
+-------+-------+-------------------+
; iCLK  ; 0.350 ; 0.000             ;
+-------+-------+-------------------+


-----------------------------------------
; Slow 1200mV 0C Model Recovery Summary ;
-----------------------------------------
No paths to report.


----------------------------------------
; Slow 1200mV 0C Model Removal Summary ;
----------------------------------------
No paths to report.


+--------------------------------------------------+
; Slow 1200mV 0C Model Minimum Pulse Width Summary ;
+-------+-------+----------------------------------+
; Clock ; Slack ; End Point TNS                    ;
+-------+-------+----------------------------------+
; iCLK  ; 9.772 ; 0.000                            ;
+-------+-------+----------------------------------+


+-------------------------------------------------------------------------------------------------------------------------------------------------------------------------------------------------------------+
; Slow 1200mV 0C Model Setup: 'iCLK'                                                                                                                                                                          ;
+--------+------------------------------------------------------------+-----------------------------------------------------------------+--------------+-------------+--------------+------------+------------+
; Slack  ; From Node                                                  ; To Node                                                         ; Launch Clock ; Latch Clock ; Relationship ; Clock Skew ; Data Delay ;
+--------+------------------------------------------------------------+-----------------------------------------------------------------+--------------+-------------+--------------+------------+------------+
; -1.749 ; ID_EX:ID_EX_REG|reg_N:RS1_REG|dffg:\G_NBit_Reg:1:RegI|s_Q  ; ID_EX:ID_EX_REG|reg_N:RS1_DATA_REG|dffg:\G_NBit_Reg:2:RegI|s_Q  ; iCLK         ; iCLK        ; 20.000       ; -0.111     ; 21.637     ;
; -1.749 ; EX_MEM:EX_MEM_REG|reg_N:RD_REG|dffg:\G_NBit_Reg:2:RegI|s_Q ; ID_EX:ID_EX_REG|reg_N:RS1_DATA_REG|dffg:\G_NBit_Reg:2:RegI|s_Q  ; iCLK         ; iCLK        ; 20.000       ; -0.111     ; 21.637     ;
; -1.738 ; ID_EX:ID_EX_REG|reg_N:RS1_REG|dffg:\G_NBit_Reg:2:RegI|s_Q  ; ID_EX:ID_EX_REG|reg_N:RS1_DATA_REG|dffg:\G_NBit_Reg:2:RegI|s_Q  ; iCLK         ; iCLK        ; 20.000       ; -0.111     ; 21.626     ;
; -1.685 ; MEM_WB:MEM_WB_REG|reg_N:RD_REG|dffg:\G_NBit_Reg:1:RegI|s_Q ; ID_EX:ID_EX_REG|reg_N:RS1_DATA_REG|dffg:\G_NBit_Reg:2:RegI|s_Q  ; iCLK         ; iCLK        ; 20.000       ; -0.111     ; 21.573     ;
; -1.669 ; EX_MEM:EX_MEM_REG|reg_N:RD_REG|dffg:\G_NBit_Reg:1:RegI|s_Q ; ID_EX:ID_EX_REG|reg_N:RS1_DATA_REG|dffg:\G_NBit_Reg:2:RegI|s_Q  ; iCLK         ; iCLK        ; 20.000       ; -0.109     ; 21.559     ;
; -1.664 ; MEM_WB:MEM_WB_REG|reg_N:RD_REG|dffg:\G_NBit_Reg:4:RegI|s_Q ; ID_EX:ID_EX_REG|reg_N:RS1_DATA_REG|dffg:\G_NBit_Reg:2:RegI|s_Q  ; iCLK         ; iCLK        ; 20.000       ; -0.109     ; 21.554     ;
; -1.659 ; EX_MEM:EX_MEM_REG|reg_N:RD_REG|dffg:\G_NBit_Reg:3:RegI|s_Q ; ID_EX:ID_EX_REG|reg_N:RS1_DATA_REG|dffg:\G_NBit_Reg:2:RegI|s_Q  ; iCLK         ; iCLK        ; 20.000       ; -0.109     ; 21.549     ;
; -1.641 ; ID_EX:ID_EX_REG|reg_N:RS1_REG|dffg:\G_NBit_Reg:1:RegI|s_Q  ; IF_ID:IF_ID_REG|reg_N:INST_REG|dffg:\G_NBit_Reg:11:RegI|s_Q     ; iCLK         ; iCLK        ; 20.000       ; 0.271      ; 21.911     ;
; -1.641 ; EX_MEM:EX_MEM_REG|reg_N:RD_REG|dffg:\G_NBit_Reg:2:RegI|s_Q ; IF_ID:IF_ID_REG|reg_N:INST_REG|dffg:\G_NBit_Reg:11:RegI|s_Q     ; iCLK         ; iCLK        ; 20.000       ; 0.271      ; 21.911     ;
; -1.630 ; ID_EX:ID_EX_REG|reg_N:RS1_REG|dffg:\G_NBit_Reg:2:RegI|s_Q  ; IF_ID:IF_ID_REG|reg_N:INST_REG|dffg:\G_NBit_Reg:11:RegI|s_Q     ; iCLK         ; iCLK        ; 20.000       ; 0.271      ; 21.900     ;
; -1.627 ; ID_EX:ID_EX_REG|reg_N:RS1_REG|dffg:\G_NBit_Reg:0:RegI|s_Q  ; ID_EX:ID_EX_REG|reg_N:RS1_DATA_REG|dffg:\G_NBit_Reg:2:RegI|s_Q  ; iCLK         ; iCLK        ; 20.000       ; -0.129     ; 21.497     ;
; -1.624 ; ID_EX:ID_EX_REG|reg_N:RS1_REG|dffg:\G_NBit_Reg:1:RegI|s_Q  ; IF_ID:IF_ID_REG|reg_N:INST_REG|dffg:\G_NBit_Reg:15:RegI|s_Q     ; iCLK         ; iCLK        ; 20.000       ; 0.277      ; 21.900     ;
; -1.624 ; ID_EX:ID_EX_REG|reg_N:RS1_REG|dffg:\G_NBit_Reg:1:RegI|s_Q  ; IF_ID:IF_ID_REG|reg_N:INST_REG|dffg:\G_NBit_Reg:17:RegI|s_Q     ; iCLK         ; iCLK        ; 20.000       ; 0.277      ; 21.900     ;
; -1.624 ; EX_MEM:EX_MEM_REG|reg_N:RD_REG|dffg:\G_NBit_Reg:2:RegI|s_Q ; IF_ID:IF_ID_REG|reg_N:INST_REG|dffg:\G_NBit_Reg:15:RegI|s_Q     ; iCLK         ; iCLK        ; 20.000       ; 0.277      ; 21.900     ;
; -1.624 ; EX_MEM:EX_MEM_REG|reg_N:RD_REG|dffg:\G_NBit_Reg:2:RegI|s_Q ; IF_ID:IF_ID_REG|reg_N:INST_REG|dffg:\G_NBit_Reg:17:RegI|s_Q     ; iCLK         ; iCLK        ; 20.000       ; 0.277      ; 21.900     ;
; -1.623 ; ID_EX:ID_EX_REG|reg_N:RS1_REG|dffg:\G_NBit_Reg:1:RegI|s_Q  ; ID_EX:ID_EX_REG|reg_N:RS1_DATA_REG|dffg:\G_NBit_Reg:29:RegI|s_Q ; iCLK         ; iCLK        ; 20.000       ; 0.261      ; 21.883     ;
; -1.623 ; EX_MEM:EX_MEM_REG|reg_N:RD_REG|dffg:\G_NBit_Reg:2:RegI|s_Q ; ID_EX:ID_EX_REG|reg_N:RS1_DATA_REG|dffg:\G_NBit_Reg:29:RegI|s_Q ; iCLK         ; iCLK        ; 20.000       ; 0.261      ; 21.883     ;
; -1.614 ; ID_EX:ID_EX_REG|reg_N:RS1_REG|dffg:\G_NBit_Reg:1:RegI|s_Q  ; IF_ID:IF_ID_REG|reg_N:INST_REG|dffg:\G_NBit_Reg:4:RegI|s_Q      ; iCLK         ; iCLK        ; 20.000       ; 0.296      ; 21.909     ;
; -1.614 ; ID_EX:ID_EX_REG|reg_N:RS1_REG|dffg:\G_NBit_Reg:1:RegI|s_Q  ; IF_ID:IF_ID_REG|reg_N:INST_REG|dffg:\G_NBit_Reg:10:RegI|s_Q     ; iCLK         ; iCLK        ; 20.000       ; 0.296      ; 21.909     ;
; -1.614 ; EX_MEM:EX_MEM_REG|reg_N:RD_REG|dffg:\G_NBit_Reg:2:RegI|s_Q ; IF_ID:IF_ID_REG|reg_N:INST_REG|dffg:\G_NBit_Reg:4:RegI|s_Q      ; iCLK         ; iCLK        ; 20.000       ; 0.296      ; 21.909     ;
; -1.614 ; EX_MEM:EX_MEM_REG|reg_N:RD_REG|dffg:\G_NBit_Reg:2:RegI|s_Q ; IF_ID:IF_ID_REG|reg_N:INST_REG|dffg:\G_NBit_Reg:10:RegI|s_Q     ; iCLK         ; iCLK        ; 20.000       ; 0.296      ; 21.909     ;
; -1.613 ; ID_EX:ID_EX_REG|reg_N:RS1_REG|dffg:\G_NBit_Reg:2:RegI|s_Q  ; IF_ID:IF_ID_REG|reg_N:INST_REG|dffg:\G_NBit_Reg:15:RegI|s_Q     ; iCLK         ; iCLK        ; 20.000       ; 0.277      ; 21.889     ;
; -1.613 ; ID_EX:ID_EX_REG|reg_N:RS1_REG|dffg:\G_NBit_Reg:2:RegI|s_Q  ; IF_ID:IF_ID_REG|reg_N:INST_REG|dffg:\G_NBit_Reg:17:RegI|s_Q     ; iCLK         ; iCLK        ; 20.000       ; 0.277      ; 21.889     ;
; -1.612 ; ID_EX:ID_EX_REG|reg_N:RS1_REG|dffg:\G_NBit_Reg:2:RegI|s_Q  ; ID_EX:ID_EX_REG|reg_N:RS1_DATA_REG|dffg:\G_NBit_Reg:29:RegI|s_Q ; iCLK         ; iCLK        ; 20.000       ; 0.261      ; 21.872     ;
; -1.604 ; MEM_WB:MEM_WB_REG|reg_N:RD_REG|dffg:\G_NBit_Reg:3:RegI|s_Q ; ID_EX:ID_EX_REG|reg_N:RS1_DATA_REG|dffg:\G_NBit_Reg:2:RegI|s_Q  ; iCLK         ; iCLK        ; 20.000       ; -0.109     ; 21.494     ;
; -1.603 ; ID_EX:ID_EX_REG|reg_N:RS1_REG|dffg:\G_NBit_Reg:2:RegI|s_Q  ; IF_ID:IF_ID_REG|reg_N:INST_REG|dffg:\G_NBit_Reg:4:RegI|s_Q      ; iCLK         ; iCLK        ; 20.000       ; 0.296      ; 21.898     ;
; -1.603 ; ID_EX:ID_EX_REG|reg_N:RS1_REG|dffg:\G_NBit_Reg:2:RegI|s_Q  ; IF_ID:IF_ID_REG|reg_N:INST_REG|dffg:\G_NBit_Reg:10:RegI|s_Q     ; iCLK         ; iCLK        ; 20.000       ; 0.296      ; 21.898     ;
; -1.600 ; ID_EX:ID_EX_REG|reg_N:RS1_REG|dffg:\G_NBit_Reg:3:RegI|s_Q  ; ID_EX:ID_EX_REG|reg_N:RS1_DATA_REG|dffg:\G_NBit_Reg:2:RegI|s_Q  ; iCLK         ; iCLK        ; 20.000       ; -0.077     ; 21.522     ;
; -1.577 ; MEM_WB:MEM_WB_REG|reg_N:RD_REG|dffg:\G_NBit_Reg:1:RegI|s_Q ; IF_ID:IF_ID_REG|reg_N:INST_REG|dffg:\G_NBit_Reg:11:RegI|s_Q     ; iCLK         ; iCLK        ; 20.000       ; 0.271      ; 21.847     ;
; -1.564 ; ID_EX:ID_EX_REG|reg_N:RS1_REG|dffg:\G_NBit_Reg:1:RegI|s_Q  ; IF_ID:IF_ID_REG|reg_N:INST_REG|dffg:\G_NBit_Reg:7:RegI|s_Q      ; iCLK         ; iCLK        ; 20.000       ; 0.316      ; 21.879     ;
; -1.564 ; EX_MEM:EX_MEM_REG|reg_N:RD_REG|dffg:\G_NBit_Reg:2:RegI|s_Q ; IF_ID:IF_ID_REG|reg_N:INST_REG|dffg:\G_NBit_Reg:7:RegI|s_Q      ; iCLK         ; iCLK        ; 20.000       ; 0.316      ; 21.879     ;
; -1.561 ; EX_MEM:EX_MEM_REG|reg_N:RD_REG|dffg:\G_NBit_Reg:1:RegI|s_Q ; IF_ID:IF_ID_REG|reg_N:INST_REG|dffg:\G_NBit_Reg:11:RegI|s_Q     ; iCLK         ; iCLK        ; 20.000       ; 0.273      ; 21.833     ;
; -1.560 ; MEM_WB:MEM_WB_REG|reg_N:RD_REG|dffg:\G_NBit_Reg:1:RegI|s_Q ; IF_ID:IF_ID_REG|reg_N:INST_REG|dffg:\G_NBit_Reg:15:RegI|s_Q     ; iCLK         ; iCLK        ; 20.000       ; 0.277      ; 21.836     ;
; -1.560 ; MEM_WB:MEM_WB_REG|reg_N:RD_REG|dffg:\G_NBit_Reg:1:RegI|s_Q ; IF_ID:IF_ID_REG|reg_N:INST_REG|dffg:\G_NBit_Reg:17:RegI|s_Q     ; iCLK         ; iCLK        ; 20.000       ; 0.277      ; 21.836     ;
; -1.559 ; MEM_WB:MEM_WB_REG|reg_N:RD_REG|dffg:\G_NBit_Reg:1:RegI|s_Q ; ID_EX:ID_EX_REG|reg_N:RS1_DATA_REG|dffg:\G_NBit_Reg:29:RegI|s_Q ; iCLK         ; iCLK        ; 20.000       ; 0.261      ; 21.819     ;
; -1.556 ; MEM_WB:MEM_WB_REG|reg_N:RD_REG|dffg:\G_NBit_Reg:4:RegI|s_Q ; IF_ID:IF_ID_REG|reg_N:INST_REG|dffg:\G_NBit_Reg:11:RegI|s_Q     ; iCLK         ; iCLK        ; 20.000       ; 0.273      ; 21.828     ;
; -1.553 ; ID_EX:ID_EX_REG|reg_N:RS1_REG|dffg:\G_NBit_Reg:2:RegI|s_Q  ; IF_ID:IF_ID_REG|reg_N:INST_REG|dffg:\G_NBit_Reg:7:RegI|s_Q      ; iCLK         ; iCLK        ; 20.000       ; 0.316      ; 21.868     ;
; -1.551 ; EX_MEM:EX_MEM_REG|reg_N:RD_REG|dffg:\G_NBit_Reg:3:RegI|s_Q ; IF_ID:IF_ID_REG|reg_N:INST_REG|dffg:\G_NBit_Reg:11:RegI|s_Q     ; iCLK         ; iCLK        ; 20.000       ; 0.273      ; 21.823     ;
; -1.550 ; MEM_WB:MEM_WB_REG|reg_N:RD_REG|dffg:\G_NBit_Reg:1:RegI|s_Q ; IF_ID:IF_ID_REG|reg_N:INST_REG|dffg:\G_NBit_Reg:4:RegI|s_Q      ; iCLK         ; iCLK        ; 20.000       ; 0.296      ; 21.845     ;
; -1.550 ; MEM_WB:MEM_WB_REG|reg_N:RD_REG|dffg:\G_NBit_Reg:1:RegI|s_Q ; IF_ID:IF_ID_REG|reg_N:INST_REG|dffg:\G_NBit_Reg:10:RegI|s_Q     ; iCLK         ; iCLK        ; 20.000       ; 0.296      ; 21.845     ;
; -1.544 ; EX_MEM:EX_MEM_REG|reg_N:RD_REG|dffg:\G_NBit_Reg:1:RegI|s_Q ; IF_ID:IF_ID_REG|reg_N:INST_REG|dffg:\G_NBit_Reg:15:RegI|s_Q     ; iCLK         ; iCLK        ; 20.000       ; 0.279      ; 21.822     ;
; -1.544 ; EX_MEM:EX_MEM_REG|reg_N:RD_REG|dffg:\G_NBit_Reg:1:RegI|s_Q ; IF_ID:IF_ID_REG|reg_N:INST_REG|dffg:\G_NBit_Reg:17:RegI|s_Q     ; iCLK         ; iCLK        ; 20.000       ; 0.279      ; 21.822     ;
; -1.543 ; EX_MEM:EX_MEM_REG|reg_N:RD_REG|dffg:\G_NBit_Reg:1:RegI|s_Q ; ID_EX:ID_EX_REG|reg_N:RS1_DATA_REG|dffg:\G_NBit_Reg:29:RegI|s_Q ; iCLK         ; iCLK        ; 20.000       ; 0.263      ; 21.805     ;
; -1.539 ; MEM_WB:MEM_WB_REG|reg_N:RD_REG|dffg:\G_NBit_Reg:4:RegI|s_Q ; IF_ID:IF_ID_REG|reg_N:INST_REG|dffg:\G_NBit_Reg:15:RegI|s_Q     ; iCLK         ; iCLK        ; 20.000       ; 0.279      ; 21.817     ;
; -1.539 ; MEM_WB:MEM_WB_REG|reg_N:RD_REG|dffg:\G_NBit_Reg:4:RegI|s_Q ; IF_ID:IF_ID_REG|reg_N:INST_REG|dffg:\G_NBit_Reg:17:RegI|s_Q     ; iCLK         ; iCLK        ; 20.000       ; 0.279      ; 21.817     ;
; -1.538 ; MEM_WB:MEM_WB_REG|reg_N:RD_REG|dffg:\G_NBit_Reg:4:RegI|s_Q ; ID_EX:ID_EX_REG|reg_N:RS1_DATA_REG|dffg:\G_NBit_Reg:29:RegI|s_Q ; iCLK         ; iCLK        ; 20.000       ; 0.263      ; 21.800     ;
; -1.534 ; EX_MEM:EX_MEM_REG|reg_N:RD_REG|dffg:\G_NBit_Reg:3:RegI|s_Q ; IF_ID:IF_ID_REG|reg_N:INST_REG|dffg:\G_NBit_Reg:15:RegI|s_Q     ; iCLK         ; iCLK        ; 20.000       ; 0.279      ; 21.812     ;
; -1.534 ; EX_MEM:EX_MEM_REG|reg_N:RD_REG|dffg:\G_NBit_Reg:3:RegI|s_Q ; IF_ID:IF_ID_REG|reg_N:INST_REG|dffg:\G_NBit_Reg:17:RegI|s_Q     ; iCLK         ; iCLK        ; 20.000       ; 0.279      ; 21.812     ;
; -1.534 ; EX_MEM:EX_MEM_REG|reg_N:RD_REG|dffg:\G_NBit_Reg:1:RegI|s_Q ; IF_ID:IF_ID_REG|reg_N:INST_REG|dffg:\G_NBit_Reg:4:RegI|s_Q      ; iCLK         ; iCLK        ; 20.000       ; 0.298      ; 21.831     ;
; -1.534 ; EX_MEM:EX_MEM_REG|reg_N:RD_REG|dffg:\G_NBit_Reg:1:RegI|s_Q ; IF_ID:IF_ID_REG|reg_N:INST_REG|dffg:\G_NBit_Reg:10:RegI|s_Q     ; iCLK         ; iCLK        ; 20.000       ; 0.298      ; 21.831     ;
; -1.533 ; EX_MEM:EX_MEM_REG|reg_N:RD_REG|dffg:\G_NBit_Reg:3:RegI|s_Q ; ID_EX:ID_EX_REG|reg_N:RS1_DATA_REG|dffg:\G_NBit_Reg:29:RegI|s_Q ; iCLK         ; iCLK        ; 20.000       ; 0.263      ; 21.795     ;
; -1.529 ; MEM_WB:MEM_WB_REG|reg_N:RD_REG|dffg:\G_NBit_Reg:4:RegI|s_Q ; IF_ID:IF_ID_REG|reg_N:INST_REG|dffg:\G_NBit_Reg:4:RegI|s_Q      ; iCLK         ; iCLK        ; 20.000       ; 0.298      ; 21.826     ;
; -1.529 ; MEM_WB:MEM_WB_REG|reg_N:RD_REG|dffg:\G_NBit_Reg:4:RegI|s_Q ; IF_ID:IF_ID_REG|reg_N:INST_REG|dffg:\G_NBit_Reg:10:RegI|s_Q     ; iCLK         ; iCLK        ; 20.000       ; 0.298      ; 21.826     ;
; -1.524 ; EX_MEM:EX_MEM_REG|reg_N:RD_REG|dffg:\G_NBit_Reg:3:RegI|s_Q ; IF_ID:IF_ID_REG|reg_N:INST_REG|dffg:\G_NBit_Reg:4:RegI|s_Q      ; iCLK         ; iCLK        ; 20.000       ; 0.298      ; 21.821     ;
; -1.524 ; EX_MEM:EX_MEM_REG|reg_N:RD_REG|dffg:\G_NBit_Reg:3:RegI|s_Q ; IF_ID:IF_ID_REG|reg_N:INST_REG|dffg:\G_NBit_Reg:10:RegI|s_Q     ; iCLK         ; iCLK        ; 20.000       ; 0.298      ; 21.821     ;
; -1.519 ; ID_EX:ID_EX_REG|reg_N:RS1_REG|dffg:\G_NBit_Reg:0:RegI|s_Q  ; IF_ID:IF_ID_REG|reg_N:INST_REG|dffg:\G_NBit_Reg:11:RegI|s_Q     ; iCLK         ; iCLK        ; 20.000       ; 0.253      ; 21.771     ;
; -1.516 ; ID_EX:ID_EX_REG|reg_N:RS1_REG|dffg:\G_NBit_Reg:3:RegI|s_Q  ; ID_EX:ID_EX_REG|reg_N:RS1_DATA_REG|dffg:\G_NBit_Reg:29:RegI|s_Q ; iCLK         ; iCLK        ; 20.000       ; 0.253      ; 21.768     ;
; -1.513 ; ID_EX:ID_EX_REG|reg_N:RS1_REG|dffg:\G_NBit_Reg:3:RegI|s_Q  ; IF_ID:IF_ID_REG|reg_N:INST_REG|dffg:\G_NBit_Reg:11:RegI|s_Q     ; iCLK         ; iCLK        ; 20.000       ; 0.284      ; 21.796     ;
; -1.503 ; ID_EX:ID_EX_REG|reg_N:RS2_REG|dffg:\G_NBit_Reg:1:RegI|s_Q  ; ID_EX:ID_EX_REG|reg_N:RS1_DATA_REG|dffg:\G_NBit_Reg:2:RegI|s_Q  ; iCLK         ; iCLK        ; 20.000       ; -0.111     ; 21.391     ;
; -1.502 ; ID_EX:ID_EX_REG|reg_N:RS1_REG|dffg:\G_NBit_Reg:0:RegI|s_Q  ; IF_ID:IF_ID_REG|reg_N:INST_REG|dffg:\G_NBit_Reg:15:RegI|s_Q     ; iCLK         ; iCLK        ; 20.000       ; 0.259      ; 21.760     ;
; -1.502 ; ID_EX:ID_EX_REG|reg_N:RS1_REG|dffg:\G_NBit_Reg:0:RegI|s_Q  ; IF_ID:IF_ID_REG|reg_N:INST_REG|dffg:\G_NBit_Reg:17:RegI|s_Q     ; iCLK         ; iCLK        ; 20.000       ; 0.259      ; 21.760     ;
; -1.501 ; ID_EX:ID_EX_REG|reg_N:RS1_REG|dffg:\G_NBit_Reg:0:RegI|s_Q  ; ID_EX:ID_EX_REG|reg_N:RS1_DATA_REG|dffg:\G_NBit_Reg:29:RegI|s_Q ; iCLK         ; iCLK        ; 20.000       ; 0.243      ; 21.743     ;
; -1.500 ; MEM_WB:MEM_WB_REG|reg_N:RD_REG|dffg:\G_NBit_Reg:1:RegI|s_Q ; IF_ID:IF_ID_REG|reg_N:INST_REG|dffg:\G_NBit_Reg:7:RegI|s_Q      ; iCLK         ; iCLK        ; 20.000       ; 0.316      ; 21.815     ;
; -1.496 ; ID_EX:ID_EX_REG|reg_N:RS1_REG|dffg:\G_NBit_Reg:3:RegI|s_Q  ; IF_ID:IF_ID_REG|reg_N:INST_REG|dffg:\G_NBit_Reg:15:RegI|s_Q     ; iCLK         ; iCLK        ; 20.000       ; 0.290      ; 21.785     ;
; -1.496 ; ID_EX:ID_EX_REG|reg_N:RS1_REG|dffg:\G_NBit_Reg:3:RegI|s_Q  ; IF_ID:IF_ID_REG|reg_N:INST_REG|dffg:\G_NBit_Reg:17:RegI|s_Q     ; iCLK         ; iCLK        ; 20.000       ; 0.290      ; 21.785     ;
; -1.496 ; MEM_WB:MEM_WB_REG|reg_N:RD_REG|dffg:\G_NBit_Reg:3:RegI|s_Q ; IF_ID:IF_ID_REG|reg_N:INST_REG|dffg:\G_NBit_Reg:11:RegI|s_Q     ; iCLK         ; iCLK        ; 20.000       ; 0.273      ; 21.768     ;
; -1.492 ; ID_EX:ID_EX_REG|reg_N:RS1_REG|dffg:\G_NBit_Reg:1:RegI|s_Q  ; pcLogic:PC_LOGIC|reg_N:PC_Register|dffg:\G_NBit_Reg:6:RegI|s_Q  ; iCLK         ; iCLK        ; 20.000       ; 0.276      ; 21.767     ;
; -1.492 ; ID_EX:ID_EX_REG|reg_N:RS1_REG|dffg:\G_NBit_Reg:1:RegI|s_Q  ; pcLogic:PC_LOGIC|reg_N:PC_Register|dffg:\G_NBit_Reg:9:RegI|s_Q  ; iCLK         ; iCLK        ; 20.000       ; 0.276      ; 21.767     ;
; -1.492 ; ID_EX:ID_EX_REG|reg_N:RS1_REG|dffg:\G_NBit_Reg:1:RegI|s_Q  ; pcLogic:PC_LOGIC|reg_N:PC_Register|dffg:\G_NBit_Reg:7:RegI|s_Q  ; iCLK         ; iCLK        ; 20.000       ; 0.276      ; 21.767     ;
; -1.492 ; ID_EX:ID_EX_REG|reg_N:RS1_REG|dffg:\G_NBit_Reg:1:RegI|s_Q  ; pcLogic:PC_LOGIC|reg_N:PC_Register|dffg:\G_NBit_Reg:8:RegI|s_Q  ; iCLK         ; iCLK        ; 20.000       ; 0.276      ; 21.767     ;
; -1.492 ; ID_EX:ID_EX_REG|reg_N:RS1_REG|dffg:\G_NBit_Reg:1:RegI|s_Q  ; pcLogic:PC_LOGIC|reg_N:PC_Register|dffg:\G_NBit_Reg:10:RegI|s_Q ; iCLK         ; iCLK        ; 20.000       ; 0.276      ; 21.767     ;
; -1.492 ; ID_EX:ID_EX_REG|reg_N:RS1_REG|dffg:\G_NBit_Reg:0:RegI|s_Q  ; IF_ID:IF_ID_REG|reg_N:INST_REG|dffg:\G_NBit_Reg:4:RegI|s_Q      ; iCLK         ; iCLK        ; 20.000       ; 0.278      ; 21.769     ;
; -1.492 ; ID_EX:ID_EX_REG|reg_N:RS1_REG|dffg:\G_NBit_Reg:0:RegI|s_Q  ; IF_ID:IF_ID_REG|reg_N:INST_REG|dffg:\G_NBit_Reg:10:RegI|s_Q     ; iCLK         ; iCLK        ; 20.000       ; 0.278      ; 21.769     ;
; -1.492 ; EX_MEM:EX_MEM_REG|reg_N:RD_REG|dffg:\G_NBit_Reg:2:RegI|s_Q ; pcLogic:PC_LOGIC|reg_N:PC_Register|dffg:\G_NBit_Reg:6:RegI|s_Q  ; iCLK         ; iCLK        ; 20.000       ; 0.276      ; 21.767     ;
; -1.492 ; EX_MEM:EX_MEM_REG|reg_N:RD_REG|dffg:\G_NBit_Reg:2:RegI|s_Q ; pcLogic:PC_LOGIC|reg_N:PC_Register|dffg:\G_NBit_Reg:9:RegI|s_Q  ; iCLK         ; iCLK        ; 20.000       ; 0.276      ; 21.767     ;
; -1.492 ; EX_MEM:EX_MEM_REG|reg_N:RD_REG|dffg:\G_NBit_Reg:2:RegI|s_Q ; pcLogic:PC_LOGIC|reg_N:PC_Register|dffg:\G_NBit_Reg:7:RegI|s_Q  ; iCLK         ; iCLK        ; 20.000       ; 0.276      ; 21.767     ;
; -1.492 ; EX_MEM:EX_MEM_REG|reg_N:RD_REG|dffg:\G_NBit_Reg:2:RegI|s_Q ; pcLogic:PC_LOGIC|reg_N:PC_Register|dffg:\G_NBit_Reg:8:RegI|s_Q  ; iCLK         ; iCLK        ; 20.000       ; 0.276      ; 21.767     ;
; -1.492 ; EX_MEM:EX_MEM_REG|reg_N:RD_REG|dffg:\G_NBit_Reg:2:RegI|s_Q ; pcLogic:PC_LOGIC|reg_N:PC_Register|dffg:\G_NBit_Reg:10:RegI|s_Q ; iCLK         ; iCLK        ; 20.000       ; 0.276      ; 21.767     ;
; -1.486 ; ID_EX:ID_EX_REG|reg_N:RS1_REG|dffg:\G_NBit_Reg:3:RegI|s_Q  ; IF_ID:IF_ID_REG|reg_N:INST_REG|dffg:\G_NBit_Reg:4:RegI|s_Q      ; iCLK         ; iCLK        ; 20.000       ; 0.309      ; 21.794     ;
; -1.486 ; ID_EX:ID_EX_REG|reg_N:RS1_REG|dffg:\G_NBit_Reg:3:RegI|s_Q  ; IF_ID:IF_ID_REG|reg_N:INST_REG|dffg:\G_NBit_Reg:10:RegI|s_Q     ; iCLK         ; iCLK        ; 20.000       ; 0.309      ; 21.794     ;
; -1.484 ; ID_EX:ID_EX_REG|reg_N:RS1_REG|dffg:\G_NBit_Reg:1:RegI|s_Q  ; IF_ID:IF_ID_REG|reg_N:INST_REG|dffg:\G_NBit_Reg:16:RegI|s_Q     ; iCLK         ; iCLK        ; 20.000       ; 0.309      ; 21.792     ;
; -1.484 ; EX_MEM:EX_MEM_REG|reg_N:RD_REG|dffg:\G_NBit_Reg:1:RegI|s_Q ; IF_ID:IF_ID_REG|reg_N:INST_REG|dffg:\G_NBit_Reg:7:RegI|s_Q      ; iCLK         ; iCLK        ; 20.000       ; 0.318      ; 21.801     ;
; -1.484 ; EX_MEM:EX_MEM_REG|reg_N:RD_REG|dffg:\G_NBit_Reg:2:RegI|s_Q ; IF_ID:IF_ID_REG|reg_N:INST_REG|dffg:\G_NBit_Reg:16:RegI|s_Q     ; iCLK         ; iCLK        ; 20.000       ; 0.309      ; 21.792     ;
; -1.481 ; ID_EX:ID_EX_REG|reg_N:RS1_REG|dffg:\G_NBit_Reg:2:RegI|s_Q  ; pcLogic:PC_LOGIC|reg_N:PC_Register|dffg:\G_NBit_Reg:6:RegI|s_Q  ; iCLK         ; iCLK        ; 20.000       ; 0.276      ; 21.756     ;
; -1.481 ; ID_EX:ID_EX_REG|reg_N:RS1_REG|dffg:\G_NBit_Reg:2:RegI|s_Q  ; pcLogic:PC_LOGIC|reg_N:PC_Register|dffg:\G_NBit_Reg:9:RegI|s_Q  ; iCLK         ; iCLK        ; 20.000       ; 0.276      ; 21.756     ;
; -1.481 ; ID_EX:ID_EX_REG|reg_N:RS1_REG|dffg:\G_NBit_Reg:2:RegI|s_Q  ; pcLogic:PC_LOGIC|reg_N:PC_Register|dffg:\G_NBit_Reg:7:RegI|s_Q  ; iCLK         ; iCLK        ; 20.000       ; 0.276      ; 21.756     ;
; -1.481 ; ID_EX:ID_EX_REG|reg_N:RS1_REG|dffg:\G_NBit_Reg:2:RegI|s_Q  ; pcLogic:PC_LOGIC|reg_N:PC_Register|dffg:\G_NBit_Reg:8:RegI|s_Q  ; iCLK         ; iCLK        ; 20.000       ; 0.276      ; 21.756     ;
; -1.481 ; ID_EX:ID_EX_REG|reg_N:RS1_REG|dffg:\G_NBit_Reg:2:RegI|s_Q  ; pcLogic:PC_LOGIC|reg_N:PC_Register|dffg:\G_NBit_Reg:10:RegI|s_Q ; iCLK         ; iCLK        ; 20.000       ; 0.276      ; 21.756     ;
; -1.479 ; ID_EX:ID_EX_REG|reg_N:RS1_REG|dffg:\G_NBit_Reg:1:RegI|s_Q  ; pcLogic:PC_LOGIC|reg_N:PC_Register|dffg:\G_NBit_Reg:5:RegI|s_Q  ; iCLK         ; iCLK        ; 20.000       ; 0.305      ; 21.783     ;
; -1.479 ; ID_EX:ID_EX_REG|reg_N:RS1_REG|dffg:\G_NBit_Reg:1:RegI|s_Q  ; pcLogic:PC_LOGIC|reg_N:PC_Register|dffg:\G_NBit_Reg:4:RegI|s_Q  ; iCLK         ; iCLK        ; 20.000       ; 0.305      ; 21.783     ;
; -1.479 ; MEM_WB:MEM_WB_REG|reg_N:RD_REG|dffg:\G_NBit_Reg:3:RegI|s_Q ; IF_ID:IF_ID_REG|reg_N:INST_REG|dffg:\G_NBit_Reg:15:RegI|s_Q     ; iCLK         ; iCLK        ; 20.000       ; 0.279      ; 21.757     ;
; -1.479 ; MEM_WB:MEM_WB_REG|reg_N:RD_REG|dffg:\G_NBit_Reg:3:RegI|s_Q ; IF_ID:IF_ID_REG|reg_N:INST_REG|dffg:\G_NBit_Reg:17:RegI|s_Q     ; iCLK         ; iCLK        ; 20.000       ; 0.279      ; 21.757     ;
; -1.479 ; MEM_WB:MEM_WB_REG|reg_N:RD_REG|dffg:\G_NBit_Reg:4:RegI|s_Q ; IF_ID:IF_ID_REG|reg_N:INST_REG|dffg:\G_NBit_Reg:7:RegI|s_Q      ; iCLK         ; iCLK        ; 20.000       ; 0.318      ; 21.796     ;
; -1.479 ; EX_MEM:EX_MEM_REG|reg_N:RD_REG|dffg:\G_NBit_Reg:2:RegI|s_Q ; pcLogic:PC_LOGIC|reg_N:PC_Register|dffg:\G_NBit_Reg:5:RegI|s_Q  ; iCLK         ; iCLK        ; 20.000       ; 0.305      ; 21.783     ;
; -1.479 ; EX_MEM:EX_MEM_REG|reg_N:RD_REG|dffg:\G_NBit_Reg:2:RegI|s_Q ; pcLogic:PC_LOGIC|reg_N:PC_Register|dffg:\G_NBit_Reg:4:RegI|s_Q  ; iCLK         ; iCLK        ; 20.000       ; 0.305      ; 21.783     ;
; -1.478 ; MEM_WB:MEM_WB_REG|reg_N:RD_REG|dffg:\G_NBit_Reg:3:RegI|s_Q ; ID_EX:ID_EX_REG|reg_N:RS1_DATA_REG|dffg:\G_NBit_Reg:29:RegI|s_Q ; iCLK         ; iCLK        ; 20.000       ; 0.263      ; 21.740     ;
; -1.474 ; EX_MEM:EX_MEM_REG|reg_N:RD_REG|dffg:\G_NBit_Reg:3:RegI|s_Q ; IF_ID:IF_ID_REG|reg_N:INST_REG|dffg:\G_NBit_Reg:7:RegI|s_Q      ; iCLK         ; iCLK        ; 20.000       ; 0.318      ; 21.791     ;
; -1.473 ; ID_EX:ID_EX_REG|reg_N:RS1_REG|dffg:\G_NBit_Reg:2:RegI|s_Q  ; IF_ID:IF_ID_REG|reg_N:INST_REG|dffg:\G_NBit_Reg:16:RegI|s_Q     ; iCLK         ; iCLK        ; 20.000       ; 0.309      ; 21.781     ;
; -1.472 ; ID_EX:ID_EX_REG|reg_N:RS1_REG|dffg:\G_NBit_Reg:1:RegI|s_Q  ; IF_ID:IF_ID_REG|reg_N:INST_REG|dffg:\G_NBit_Reg:3:RegI|s_Q      ; iCLK         ; iCLK        ; 20.000       ; 0.327      ; 21.798     ;
; -1.472 ; EX_MEM:EX_MEM_REG|reg_N:RD_REG|dffg:\G_NBit_Reg:2:RegI|s_Q ; IF_ID:IF_ID_REG|reg_N:INST_REG|dffg:\G_NBit_Reg:3:RegI|s_Q      ; iCLK         ; iCLK        ; 20.000       ; 0.327      ; 21.798     ;
+--------+------------------------------------------------------------+-----------------------------------------------------------------+--------------+-------------+--------------+------------+------------+


+-------------------------------------------------------------------------------------------------------------------------------------------------------------------------------------------------------------------------+
; Slow 1200mV 0C Model Hold: 'iCLK'                                                                                                                                                                                       ;
+-------+---------------------------------------------------------------------+---------------------------------------------------------------------+--------------+-------------+--------------+------------+------------+
; Slack ; From Node                                                           ; To Node                                                             ; Launch Clock ; Latch Clock ; Relationship ; Clock Skew ; Data Delay ;
+-------+---------------------------------------------------------------------+---------------------------------------------------------------------+--------------+-------------+--------------+------------+------------+
; 0.350 ; pcLogic:PC_LOGIC|reg_N:PC_Register|dffg:\G_NBit_Reg:2:RegI|s_Q      ; pcLogic:PC_LOGIC|reg_N:PC_Register|dffg:\G_NBit_Reg:2:RegI|s_Q      ; iCLK         ; iCLK        ; 0.000        ; 0.087      ; 0.608      ;
; 0.531 ; EX_MEM:EX_MEM_REG|dffg:HALT_REG|s_Q                                 ; MEM_WB:MEM_WB_REG|dffg:HALT_REG|s_Q                                 ; iCLK         ; iCLK        ; 0.000        ; 0.088      ; 0.790      ;
; 0.547 ; ID_EX:ID_EX_REG|dffg:MEMREG_REG|s_Q                                 ; EX_MEM:EX_MEM_REG|dffg:MEMREG_REG|s_Q                               ; iCLK         ; iCLK        ; 0.000        ; 0.088      ; 0.806      ;
; 0.573 ; EX_MEM:EX_MEM_REG|reg_N:RD_REG|dffg:\G_NBit_Reg:3:RegI|s_Q          ; MEM_WB:MEM_WB_REG|reg_N:RD_REG|dffg:\G_NBit_Reg:3:RegI|s_Q          ; iCLK         ; iCLK        ; 0.000        ; 0.072      ; 0.816      ;
; 0.595 ; EX_MEM:EX_MEM_REG|reg_N:RD_REG|dffg:\G_NBit_Reg:4:RegI|s_Q          ; MEM_WB:MEM_WB_REG|reg_N:RD_REG|dffg:\G_NBit_Reg:4:RegI|s_Q          ; iCLK         ; iCLK        ; 0.000        ; 0.072      ; 0.838      ;
; 0.621 ; ID_EX:ID_EX_REG|reg_N:RS2_DATA_REG|dffg:\G_NBit_Reg:12:RegI|s_Q     ; EX_MEM:EX_MEM_REG|reg_N:RS2_DATA_REG|dffg:\G_NBit_Reg:12:RegI|s_Q   ; iCLK         ; iCLK        ; 0.000        ; 0.088      ; 0.880      ;
; 0.654 ; IF_ID:IF_ID_REG|reg_N:PC_REG|dffg:\G_NBit_Reg:3:RegI|s_Q            ; ID_EX:ID_EX_REG|reg_N:PC_REG|dffg:\G_NBit_Reg:3:RegI|s_Q            ; iCLK         ; iCLK        ; 0.000        ; 0.071      ; 0.896      ;
; 0.663 ; IF_ID:IF_ID_REG|reg_N:INST_REG|dffg:\G_NBit_Reg:2:RegI|s_Q          ; ID_EX:ID_EX_REG|dffg:AUIPC_REG|s_Q                                  ; iCLK         ; iCLK        ; 0.000        ; 0.072      ; 0.906      ;
; 0.680 ; IF_ID:IF_ID_REG|reg_N:INST_REG|dffg:\G_NBit_Reg:2:RegI|s_Q          ; ID_EX:ID_EX_REG|reg_N:OPCODE_REG|dffg:\G_NBit_Reg:2:RegI|s_Q        ; iCLK         ; iCLK        ; 0.000        ; 0.072      ; 0.923      ;
; 0.703 ; IF_ID:IF_ID_REG|reg_N:PC_REG|dffg:\G_NBit_Reg:9:RegI|s_Q            ; ID_EX:ID_EX_REG|reg_N:PC_REG|dffg:\G_NBit_Reg:9:RegI|s_Q            ; iCLK         ; iCLK        ; 0.000        ; 0.074      ; 0.948      ;
; 0.844 ; IF_ID:IF_ID_REG|reg_N:PC_REG|dffg:\G_NBit_Reg:0:RegI|s_Q            ; ID_EX:ID_EX_REG|reg_N:PC_REG|dffg:\G_NBit_Reg:0:RegI|s_Q            ; iCLK         ; iCLK        ; 0.000        ; 0.074      ; 1.089      ;
; 0.856 ; pcLogic:PC_LOGIC|reg_N:PC_Register|dffg:\G_NBit_Reg:27:RegI|s_Q     ; pcLogic:PC_LOGIC|reg_N:PC_Register|dffg:\G_NBit_Reg:29:RegI|s_Q     ; iCLK         ; iCLK        ; 0.000        ; 0.090      ; 1.117      ;
; 0.858 ; IF_ID:IF_ID_REG|reg_N:PC_REG|dffg:\G_NBit_Reg:5:RegI|s_Q            ; ID_EX:ID_EX_REG|reg_N:PC_REG|dffg:\G_NBit_Reg:5:RegI|s_Q            ; iCLK         ; iCLK        ; 0.000        ; -0.275     ; 0.754      ;
; 0.888 ; ID_EX:ID_EX_REG|reg_N:RS2_DATA_REG|dffg:\G_NBit_Reg:11:RegI|s_Q     ; EX_MEM:EX_MEM_REG|reg_N:RS2_DATA_REG|dffg:\G_NBit_Reg:11:RegI|s_Q   ; iCLK         ; iCLK        ; 0.000        ; -0.309     ; 0.750      ;
; 0.896 ; EX_MEM:EX_MEM_REG|reg_N:RS2_DATA_REG|dffg:\G_NBit_Reg:14:RegI|s_Q   ; mem:DMem|ram~26329                                                  ; iCLK         ; iCLK        ; 0.000        ; 0.062      ; 1.129      ;
; 0.897 ; MEM_WB:MEM_WB_REG|dffg:MEMREG_REG|s_Q                               ; ID_EX:ID_EX_REG|reg_N:RS2_DATA_REG|dffg:\G_NBit_Reg:7:RegI|s_Q      ; iCLK         ; iCLK        ; 0.000        ; 0.501      ; 1.569      ;
; 0.902 ; pcLogic:PC_LOGIC|reg_N:PC_Register|dffg:\G_NBit_Reg:15:RegI|s_Q     ; pcLogic:PC_LOGIC|reg_N:PC_Register|dffg:\G_NBit_Reg:15:RegI|s_Q     ; iCLK         ; iCLK        ; 0.000        ; 0.087      ; 1.160      ;
; 0.905 ; MEM_WB:MEM_WB_REG|reg_N:MEM_DATA_REG|dffg:\G_NBit_Reg:10:RegI|s_Q   ; ID_EX:ID_EX_REG|reg_N:RS2_DATA_REG|dffg:\G_NBit_Reg:10:RegI|s_Q     ; iCLK         ; iCLK        ; 0.000        ; 0.500      ; 1.576      ;
; 0.908 ; pcLogic:PC_LOGIC|reg_N:PC_Register|dffg:\G_NBit_Reg:17:RegI|s_Q     ; pcLogic:PC_LOGIC|reg_N:PC_Register|dffg:\G_NBit_Reg:17:RegI|s_Q     ; iCLK         ; iCLK        ; 0.000        ; 0.087      ; 1.166      ;
; 0.910 ; MEM_WB:MEM_WB_REG|reg_N:MEM_DATA_REG|dffg:\G_NBit_Reg:8:RegI|s_Q    ; ID_EX:ID_EX_REG|reg_N:RS2_DATA_REG|dffg:\G_NBit_Reg:8:RegI|s_Q      ; iCLK         ; iCLK        ; 0.000        ; 0.469      ; 1.550      ;
; 0.910 ; pcLogic:PC_LOGIC|reg_N:PC_Register|dffg:\G_NBit_Reg:16:RegI|s_Q     ; pcLogic:PC_LOGIC|reg_N:PC_Register|dffg:\G_NBit_Reg:16:RegI|s_Q     ; iCLK         ; iCLK        ; 0.000        ; 0.087      ; 1.168      ;
; 0.915 ; EX_MEM:EX_MEM_REG|reg_N:ALU_RESULT_REG|dffg:\G_NBit_Reg:13:RegI|s_Q ; MEM_WB:MEM_WB_REG|reg_N:ALU_RESULT_REG|dffg:\G_NBit_Reg:13:RegI|s_Q ; iCLK         ; iCLK        ; 0.000        ; 0.080      ; 1.166      ;
; 0.917 ; pcLogic:PC_LOGIC|reg_N:PC_Register|dffg:\G_NBit_Reg:27:RegI|s_Q     ; pcLogic:PC_LOGIC|reg_N:PC_Register|dffg:\G_NBit_Reg:27:RegI|s_Q     ; iCLK         ; iCLK        ; 0.000        ; 0.086      ; 1.174      ;
; 0.918 ; pcLogic:PC_LOGIC|reg_N:PC_Register|dffg:\G_NBit_Reg:27:RegI|s_Q     ; pcLogic:PC_LOGIC|reg_N:PC_Register|dffg:\G_NBit_Reg:28:RegI|s_Q     ; iCLK         ; iCLK        ; 0.000        ; 0.086      ; 1.175      ;
; 0.920 ; pcLogic:PC_LOGIC|reg_N:PC_Register|dffg:\G_NBit_Reg:21:RegI|s_Q     ; pcLogic:PC_LOGIC|reg_N:PC_Register|dffg:\G_NBit_Reg:21:RegI|s_Q     ; iCLK         ; iCLK        ; 0.000        ; 0.087      ; 1.178      ;
; 0.921 ; pcLogic:PC_LOGIC|reg_N:PC_Register|dffg:\G_NBit_Reg:21:RegI|s_Q     ; pcLogic:PC_LOGIC|reg_N:PC_Register|dffg:\G_NBit_Reg:23:RegI|s_Q     ; iCLK         ; iCLK        ; 0.000        ; 0.087      ; 1.179      ;
; 0.928 ; MEM_WB:MEM_WB_REG|reg_N:ALU_RESULT_REG|dffg:\G_NBit_Reg:2:RegI|s_Q  ; ID_EX:ID_EX_REG|reg_N:RS2_DATA_REG|dffg:\G_NBit_Reg:2:RegI|s_Q      ; iCLK         ; iCLK        ; 0.000        ; 0.502      ; 1.601      ;
; 0.929 ; ID_EX:ID_EX_REG|dffg:MEMWR_REG|s_Q                                  ; EX_MEM:EX_MEM_REG|dffg:MEMWR_REG|s_Q                                ; iCLK         ; iCLK        ; 0.000        ; -0.309     ; 0.791      ;
; 0.931 ; ID_EX:ID_EX_REG|reg_N:RS2_DATA_REG|dffg:\G_NBit_Reg:30:RegI|s_Q     ; EX_MEM:EX_MEM_REG|reg_N:RS2_DATA_REG|dffg:\G_NBit_Reg:30:RegI|s_Q   ; iCLK         ; iCLK        ; 0.000        ; 0.075      ; 1.177      ;
; 0.934 ; MEM_WB:MEM_WB_REG|reg_N:ALU_RESULT_REG|dffg:\G_NBit_Reg:15:RegI|s_Q ; ID_EX:ID_EX_REG|reg_N:RS2_DATA_REG|dffg:\G_NBit_Reg:15:RegI|s_Q     ; iCLK         ; iCLK        ; 0.000        ; 0.088      ; 1.193      ;
; 0.935 ; MEM_WB:MEM_WB_REG|reg_N:ALU_RESULT_REG|dffg:\G_NBit_Reg:12:RegI|s_Q ; ID_EX:ID_EX_REG|reg_N:RS2_DATA_REG|dffg:\G_NBit_Reg:12:RegI|s_Q     ; iCLK         ; iCLK        ; 0.000        ; 0.088      ; 1.194      ;
; 0.936 ; MEM_WB:MEM_WB_REG|reg_N:ALU_RESULT_REG|dffg:\G_NBit_Reg:13:RegI|s_Q ; ID_EX:ID_EX_REG|reg_N:RS2_DATA_REG|dffg:\G_NBit_Reg:13:RegI|s_Q     ; iCLK         ; iCLK        ; 0.000        ; 0.474      ; 1.581      ;
; 0.938 ; EX_MEM:EX_MEM_REG|reg_N:RD_REG|dffg:\G_NBit_Reg:2:RegI|s_Q          ; MEM_WB:MEM_WB_REG|reg_N:RD_REG|dffg:\G_NBit_Reg:2:RegI|s_Q          ; iCLK         ; iCLK        ; 0.000        ; 0.072      ; 1.181      ;
; 0.940 ; ID_EX:ID_EX_REG|reg_N:RS2_REG|dffg:\G_NBit_Reg:4:RegI|s_Q           ; EX_MEM:EX_MEM_REG|reg_N:RS2_DATA_REG|dffg:\G_NBit_Reg:0:RegI|s_Q    ; iCLK         ; iCLK        ; 0.000        ; 0.072      ; 1.183      ;
; 0.946 ; pcLogic:PC_LOGIC|reg_N:PC_Register|dffg:\G_NBit_Reg:0:RegI|s_Q      ; IF_ID:IF_ID_REG|reg_N:PC_REG|dffg:\G_NBit_Reg:0:RegI|s_Q            ; iCLK         ; iCLK        ; 0.000        ; 0.063      ; 1.180      ;
; 0.952 ; EX_MEM:EX_MEM_REG|dffg:MEMREG_REG|s_Q                               ; MEM_WB:MEM_WB_REG|dffg:MEMREG_REG|s_Q                               ; iCLK         ; iCLK        ; 0.000        ; -0.314     ; 0.809      ;
; 0.953 ; ID_EX:ID_EX_REG|reg_N:IMM_REG|dffg:\G_NBit_Reg:14:RegI|s_Q          ; pcLogic:PC_LOGIC|reg_N:PC_Register|dffg:\G_NBit_Reg:14:RegI|s_Q     ; iCLK         ; iCLK        ; 0.000        ; 0.431      ; 1.555      ;
; 0.972 ; IF_ID:IF_ID_REG|reg_N:PC_REG|dffg:\G_NBit_Reg:20:RegI|s_Q           ; ID_EX:ID_EX_REG|reg_N:PC_REG|dffg:\G_NBit_Reg:20:RegI|s_Q           ; iCLK         ; iCLK        ; 0.000        ; 0.080      ; 1.223      ;
; 0.973 ; MEM_WB:MEM_WB_REG|reg_N:ALU_RESULT_REG|dffg:\G_NBit_Reg:28:RegI|s_Q ; ID_EX:ID_EX_REG|reg_N:RS2_DATA_REG|dffg:\G_NBit_Reg:28:RegI|s_Q     ; iCLK         ; iCLK        ; 0.000        ; 0.088      ; 1.232      ;
; 0.979 ; ID_EX:ID_EX_REG|reg_N:RS2_DATA_REG|dffg:\G_NBit_Reg:10:RegI|s_Q     ; EX_MEM:EX_MEM_REG|reg_N:RS2_DATA_REG|dffg:\G_NBit_Reg:10:RegI|s_Q   ; iCLK         ; iCLK        ; 0.000        ; -0.309     ; 0.841      ;
; 0.980 ; ID_EX:ID_EX_REG|reg_N:FUNC3_REG|dffg:\G_NBit_Reg:1:RegI|s_Q         ; EX_MEM:EX_MEM_REG|reg_N:FUNC3_REG|dffg:\G_NBit_Reg:1:RegI|s_Q       ; iCLK         ; iCLK        ; 0.000        ; 0.117      ; 1.268      ;
; 0.981 ; IF_ID:IF_ID_REG|reg_N:PC_REG|dffg:\G_NBit_Reg:28:RegI|s_Q           ; ID_EX:ID_EX_REG|reg_N:PC_REG|dffg:\G_NBit_Reg:28:RegI|s_Q           ; iCLK         ; iCLK        ; 0.000        ; 0.068      ; 1.220      ;
; 0.981 ; ID_EX:ID_EX_REG|reg_N:RS2_DATA_REG|dffg:\G_NBit_Reg:5:RegI|s_Q      ; EX_MEM:EX_MEM_REG|reg_N:RS2_DATA_REG|dffg:\G_NBit_Reg:5:RegI|s_Q    ; iCLK         ; iCLK        ; 0.000        ; -0.312     ; 0.840      ;
; 0.986 ; EX_MEM:EX_MEM_REG|reg_N:ALU_RESULT_REG|dffg:\G_NBit_Reg:2:RegI|s_Q  ; MEM_WB:MEM_WB_REG|reg_N:ALU_RESULT_REG|dffg:\G_NBit_Reg:2:RegI|s_Q  ; iCLK         ; iCLK        ; 0.000        ; 0.078      ; 1.235      ;
; 0.992 ; MEM_WB:MEM_WB_REG|reg_N:ALU_RESULT_REG|dffg:\G_NBit_Reg:29:RegI|s_Q ; ID_EX:ID_EX_REG|reg_N:RS1_DATA_REG|dffg:\G_NBit_Reg:29:RegI|s_Q     ; iCLK         ; iCLK        ; 0.000        ; 0.429      ; 1.592      ;
; 0.999 ; EX_MEM:EX_MEM_REG|reg_N:RS2_DATA_REG|dffg:\G_NBit_Reg:18:RegI|s_Q   ; mem:DMem|ram~25277                                                  ; iCLK         ; iCLK        ; 0.000        ; 0.087      ; 1.257      ;
; 1.001 ; IF_ID:IF_ID_REG|reg_N:PC_REG|dffg:\G_NBit_Reg:14:RegI|s_Q           ; ID_EX:ID_EX_REG|reg_N:PC_REG|dffg:\G_NBit_Reg:14:RegI|s_Q           ; iCLK         ; iCLK        ; 0.000        ; -0.275     ; 0.897      ;
; 1.002 ; IF_ID:IF_ID_REG|reg_N:PC_REG|dffg:\G_NBit_Reg:2:RegI|s_Q            ; ID_EX:ID_EX_REG|reg_N:PC_REG|dffg:\G_NBit_Reg:2:RegI|s_Q            ; iCLK         ; iCLK        ; 0.000        ; -0.275     ; 0.898      ;
; 1.002 ; IF_ID:IF_ID_REG|reg_N:PC_REG|dffg:\G_NBit_Reg:15:RegI|s_Q           ; ID_EX:ID_EX_REG|reg_N:PC_REG|dffg:\G_NBit_Reg:15:RegI|s_Q           ; iCLK         ; iCLK        ; 0.000        ; -0.275     ; 0.898      ;
; 1.004 ; MEM_WB:MEM_WB_REG|reg_N:MEM_DATA_REG|dffg:\G_NBit_Reg:13:RegI|s_Q   ; ID_EX:ID_EX_REG|reg_N:RS2_DATA_REG|dffg:\G_NBit_Reg:13:RegI|s_Q     ; iCLK         ; iCLK        ; 0.000        ; 0.474      ; 1.649      ;
; 1.005 ; MEM_WB:MEM_WB_REG|reg_N:ALU_RESULT_REG|dffg:\G_NBit_Reg:23:RegI|s_Q ; ID_EX:ID_EX_REG|reg_N:RS2_DATA_REG|dffg:\G_NBit_Reg:23:RegI|s_Q     ; iCLK         ; iCLK        ; 0.000        ; 0.483      ; 1.659      ;
; 1.006 ; ID_EX:ID_EX_REG|reg_N:RS2_DATA_REG|dffg:\G_NBit_Reg:28:RegI|s_Q     ; EX_MEM:EX_MEM_REG|reg_N:RS2_DATA_REG|dffg:\G_NBit_Reg:28:RegI|s_Q   ; iCLK         ; iCLK        ; 0.000        ; -0.306     ; 0.871      ;
; 1.008 ; IF_ID:IF_ID_REG|reg_N:PC_REG|dffg:\G_NBit_Reg:12:RegI|s_Q           ; ID_EX:ID_EX_REG|reg_N:PC_REG|dffg:\G_NBit_Reg:12:RegI|s_Q           ; iCLK         ; iCLK        ; 0.000        ; 0.073      ; 1.252      ;
; 1.009 ; ID_EX:ID_EX_REG|reg_N:RS2_DATA_REG|dffg:\G_NBit_Reg:6:RegI|s_Q      ; EX_MEM:EX_MEM_REG|reg_N:RS2_DATA_REG|dffg:\G_NBit_Reg:6:RegI|s_Q    ; iCLK         ; iCLK        ; 0.000        ; 0.079      ; 1.259      ;
; 1.011 ; ID_EX:ID_EX_REG|reg_N:RS2_DATA_REG|dffg:\G_NBit_Reg:2:RegI|s_Q      ; EX_MEM:EX_MEM_REG|reg_N:RS2_DATA_REG|dffg:\G_NBit_Reg:2:RegI|s_Q    ; iCLK         ; iCLK        ; 0.000        ; -0.309     ; 0.873      ;
; 1.013 ; ID_EX:ID_EX_REG|dffg:BRANCH_REG|s_Q                                 ; IF_ID:IF_ID_REG|reg_N:PC_REG|dffg:\G_NBit_Reg:10:RegI|s_Q           ; iCLK         ; iCLK        ; 0.000        ; 0.466      ; 1.650      ;
; 1.015 ; EX_MEM:EX_MEM_REG|reg_N:ALU_RESULT_REG|dffg:\G_NBit_Reg:7:RegI|s_Q  ; MEM_WB:MEM_WB_REG|reg_N:ALU_RESULT_REG|dffg:\G_NBit_Reg:7:RegI|s_Q  ; iCLK         ; iCLK        ; 0.000        ; 0.122      ; 1.308      ;
; 1.018 ; ID_EX:ID_EX_REG|reg_N:RS2_DATA_REG|dffg:\G_NBit_Reg:22:RegI|s_Q     ; EX_MEM:EX_MEM_REG|reg_N:RS2_DATA_REG|dffg:\G_NBit_Reg:22:RegI|s_Q   ; iCLK         ; iCLK        ; 0.000        ; -0.309     ; 0.880      ;
; 1.018 ; pcLogic:PC_LOGIC|reg_N:PC_Register|dffg:\G_NBit_Reg:23:RegI|s_Q     ; pcLogic:PC_LOGIC|reg_N:PC_Register|dffg:\G_NBit_Reg:23:RegI|s_Q     ; iCLK         ; iCLK        ; 0.000        ; 0.087      ; 1.276      ;
; 1.019 ; ID_EX:ID_EX_REG|reg_N:RS2_DATA_REG|dffg:\G_NBit_Reg:3:RegI|s_Q      ; EX_MEM:EX_MEM_REG|reg_N:RS2_DATA_REG|dffg:\G_NBit_Reg:3:RegI|s_Q    ; iCLK         ; iCLK        ; 0.000        ; -0.311     ; 0.879      ;
; 1.020 ; ID_EX:ID_EX_REG|reg_N:RS2_DATA_REG|dffg:\G_NBit_Reg:15:RegI|s_Q     ; EX_MEM:EX_MEM_REG|reg_N:RS2_DATA_REG|dffg:\G_NBit_Reg:15:RegI|s_Q   ; iCLK         ; iCLK        ; 0.000        ; -0.309     ; 0.882      ;
; 1.021 ; pcLogic:PC_LOGIC|reg_N:PC_Register|dffg:\G_NBit_Reg:19:RegI|s_Q     ; IF_ID:IF_ID_REG|reg_N:PC_REG|dffg:\G_NBit_Reg:19:RegI|s_Q           ; iCLK         ; iCLK        ; 0.000        ; 0.079      ; 1.271      ;
; 1.024 ; pcLogic:PC_LOGIC|reg_N:PC_Register|dffg:\G_NBit_Reg:30:RegI|s_Q     ; pcLogic:PC_LOGIC|reg_N:PC_Register|dffg:\G_NBit_Reg:31:RegI|s_Q     ; iCLK         ; iCLK        ; 0.000        ; 0.086      ; 1.281      ;
; 1.025 ; pcLogic:PC_LOGIC|reg_N:PC_Register|dffg:\G_NBit_Reg:8:RegI|s_Q      ; pcLogic:PC_LOGIC|reg_N:PC_Register|dffg:\G_NBit_Reg:8:RegI|s_Q      ; iCLK         ; iCLK        ; 0.000        ; 0.087      ; 1.283      ;
; 1.030 ; EX_MEM:EX_MEM_REG|reg_N:RS2_DATA_REG|dffg:\G_NBit_Reg:23:RegI|s_Q   ; mem:DMem|ram~6882                                                   ; iCLK         ; iCLK        ; 0.000        ; 0.067      ; 1.268      ;
; 1.034 ; pcLogic:PC_LOGIC|reg_N:PC_Register|dffg:\G_NBit_Reg:10:RegI|s_Q     ; pcLogic:PC_LOGIC|reg_N:PC_Register|dffg:\G_NBit_Reg:10:RegI|s_Q     ; iCLK         ; iCLK        ; 0.000        ; 0.087      ; 1.292      ;
; 1.036 ; pcLogic:PC_LOGIC|reg_N:PC_Register|dffg:\G_NBit_Reg:6:RegI|s_Q      ; pcLogic:PC_LOGIC|reg_N:PC_Register|dffg:\G_NBit_Reg:7:RegI|s_Q      ; iCLK         ; iCLK        ; 0.000        ; 0.087      ; 1.294      ;
; 1.039 ; EX_MEM:EX_MEM_REG|reg_N:RS2_DATA_REG|dffg:\G_NBit_Reg:23:RegI|s_Q   ; mem:DMem|ram~32738                                                  ; iCLK         ; iCLK        ; 0.000        ; 0.076      ; 1.286      ;
; 1.039 ; EX_MEM:EX_MEM_REG|reg_N:RS2_DATA_REG|dffg:\G_NBit_Reg:23:RegI|s_Q   ; mem:DMem|ram~25154                                                  ; iCLK         ; iCLK        ; 0.000        ; 0.087      ; 1.297      ;
; 1.039 ; EX_MEM:EX_MEM_REG|reg_N:RS2_DATA_REG|dffg:\G_NBit_Reg:23:RegI|s_Q   ; mem:DMem|ram~25282                                                  ; iCLK         ; iCLK        ; 0.000        ; 0.087      ; 1.297      ;
; 1.041 ; pcLogic:PC_LOGIC|reg_N:PC_Register|dffg:\G_NBit_Reg:6:RegI|s_Q      ; pcLogic:PC_LOGIC|reg_N:PC_Register|dffg:\G_NBit_Reg:6:RegI|s_Q      ; iCLK         ; iCLK        ; 0.000        ; 0.087      ; 1.299      ;
; 1.041 ; EX_MEM:EX_MEM_REG|reg_N:RS2_DATA_REG|dffg:\G_NBit_Reg:14:RegI|s_Q   ; mem:DMem|ram~32345                                                  ; iCLK         ; iCLK        ; 0.000        ; 0.068      ; 1.280      ;
; 1.042 ; pcLogic:PC_LOGIC|reg_N:PC_Register|dffg:\G_NBit_Reg:18:RegI|s_Q     ; pcLogic:PC_LOGIC|reg_N:PC_Register|dffg:\G_NBit_Reg:19:RegI|s_Q     ; iCLK         ; iCLK        ; 0.000        ; 0.072      ; 1.285      ;
; 1.043 ; EX_MEM:EX_MEM_REG|reg_N:RS2_DATA_REG|dffg:\G_NBit_Reg:23:RegI|s_Q   ; mem:DMem|ram~32482                                                  ; iCLK         ; iCLK        ; 0.000        ; 0.076      ; 1.290      ;
; 1.043 ; EX_MEM:EX_MEM_REG|reg_N:RS2_DATA_REG|dffg:\G_NBit_Reg:14:RegI|s_Q   ; mem:DMem|ram~32601                                                  ; iCLK         ; iCLK        ; 0.000        ; 0.068      ; 1.282      ;
; 1.044 ; ID_EX:ID_EX_REG|dffg:HALT_REG|s_Q                                   ; EX_MEM:EX_MEM_REG|dffg:HALT_REG|s_Q                                 ; iCLK         ; iCLK        ; 0.000        ; 0.091      ; 1.306      ;
; 1.044 ; EX_MEM:EX_MEM_REG|reg_N:RS2_DATA_REG|dffg:\G_NBit_Reg:18:RegI|s_Q   ; mem:DMem|ram~28541                                                  ; iCLK         ; iCLK        ; 0.000        ; 0.078      ; 1.293      ;
; 1.045 ; EX_MEM:EX_MEM_REG|reg_N:RS2_DATA_REG|dffg:\G_NBit_Reg:18:RegI|s_Q   ; mem:DMem|ram~26493                                                  ; iCLK         ; iCLK        ; 0.000        ; 0.078      ; 1.294      ;
; 1.054 ; IF_ID:IF_ID_REG|reg_N:INST_REG|dffg:\G_NBit_Reg:9:RegI|s_Q          ; ID_EX:ID_EX_REG|reg_N:RD_REG|dffg:\G_NBit_Reg:2:RegI|s_Q            ; iCLK         ; iCLK        ; 0.000        ; -0.305     ; 0.920      ;
; 1.057 ; EX_MEM:EX_MEM_REG|reg_N:RS2_DATA_REG|dffg:\G_NBit_Reg:18:RegI|s_Q   ; mem:DMem|ram~30589                                                  ; iCLK         ; iCLK        ; 0.000        ; 0.069      ; 1.297      ;
; 1.058 ; EX_MEM:EX_MEM_REG|reg_N:RS2_DATA_REG|dffg:\G_NBit_Reg:18:RegI|s_Q   ; mem:DMem|ram~32637                                                  ; iCLK         ; iCLK        ; 0.000        ; 0.069      ; 1.298      ;
; 1.060 ; EX_MEM:EX_MEM_REG|reg_N:RS2_DATA_REG|dffg:\G_NBit_Reg:20:RegI|s_Q   ; mem:DMem|ram~32479                                                  ; iCLK         ; iCLK        ; 0.000        ; 0.071      ; 1.302      ;
; 1.063 ; ID_EX:ID_EX_REG|reg_N:RS2_DATA_REG|dffg:\G_NBit_Reg:19:RegI|s_Q     ; EX_MEM:EX_MEM_REG|reg_N:RS2_DATA_REG|dffg:\G_NBit_Reg:19:RegI|s_Q   ; iCLK         ; iCLK        ; 0.000        ; 0.057      ; 1.291      ;
; 1.066 ; EX_MEM:EX_MEM_REG|reg_N:RS2_DATA_REG|dffg:\G_NBit_Reg:20:RegI|s_Q   ; mem:DMem|ram~32735                                                  ; iCLK         ; iCLK        ; 0.000        ; 0.071      ; 1.308      ;
; 1.067 ; EX_MEM:EX_MEM_REG|reg_N:RD_REG|dffg:\G_NBit_Reg:4:RegI|s_Q          ; EX_MEM:EX_MEM_REG|reg_N:RS2_DATA_REG|dffg:\G_NBit_Reg:0:RegI|s_Q    ; iCLK         ; iCLK        ; 0.000        ; 0.074      ; 1.312      ;
; 1.077 ; ID_EX:ID_EX_REG|dffg:BRANCH_REG|s_Q                                 ; IF_ID:IF_ID_REG|reg_N:PC_REG|dffg:\G_NBit_Reg:23:RegI|s_Q           ; iCLK         ; iCLK        ; 0.000        ; 0.466      ; 1.714      ;
; 1.077 ; ID_EX:ID_EX_REG|dffg:BRANCH_REG|s_Q                                 ; IF_ID:IF_ID_REG|reg_N:PC_REG|dffg:\G_NBit_Reg:14:RegI|s_Q           ; iCLK         ; iCLK        ; 0.000        ; 0.466      ; 1.714      ;
; 1.077 ; ID_EX:ID_EX_REG|dffg:BRANCH_REG|s_Q                                 ; IF_ID:IF_ID_REG|reg_N:PC_REG|dffg:\G_NBit_Reg:31:RegI|s_Q           ; iCLK         ; iCLK        ; 0.000        ; 0.466      ; 1.714      ;
; 1.078 ; ID_EX:ID_EX_REG|reg_N:RS2_DATA_REG|dffg:\G_NBit_Reg:0:RegI|s_Q      ; EX_MEM:EX_MEM_REG|reg_N:RS2_DATA_REG|dffg:\G_NBit_Reg:0:RegI|s_Q    ; iCLK         ; iCLK        ; 0.000        ; 0.055      ; 1.304      ;
; 1.086 ; MEM_WB:MEM_WB_REG|reg_N:ALU_RESULT_REG|dffg:\G_NBit_Reg:8:RegI|s_Q  ; ID_EX:ID_EX_REG|reg_N:RS2_DATA_REG|dffg:\G_NBit_Reg:8:RegI|s_Q      ; iCLK         ; iCLK        ; 0.000        ; 0.059      ; 1.316      ;
; 1.089 ; pcLogic:PC_LOGIC|reg_N:PC_Register|dffg:\G_NBit_Reg:23:RegI|s_Q     ; IF_ID:IF_ID_REG|reg_N:PC_REG|dffg:\G_NBit_Reg:23:RegI|s_Q           ; iCLK         ; iCLK        ; 0.000        ; 0.090      ; 1.350      ;
; 1.092 ; EX_MEM:EX_MEM_REG|reg_N:FUNC3_REG|dffg:\G_NBit_Reg:2:RegI|s_Q       ; MEM_WB:MEM_WB_REG|reg_N:MEM_DATA_REG|dffg:\G_NBit_Reg:16:RegI|s_Q   ; iCLK         ; iCLK        ; 0.000        ; 0.105      ; 1.368      ;
; 1.092 ; EX_MEM:EX_MEM_REG|reg_N:FUNC3_REG|dffg:\G_NBit_Reg:2:RegI|s_Q       ; MEM_WB:MEM_WB_REG|reg_N:MEM_DATA_REG|dffg:\G_NBit_Reg:21:RegI|s_Q   ; iCLK         ; iCLK        ; 0.000        ; 0.105      ; 1.368      ;
; 1.093 ; pcLogic:PC_LOGIC|reg_N:PC_Register|dffg:\G_NBit_Reg:28:RegI|s_Q     ; pcLogic:PC_LOGIC|reg_N:PC_Register|dffg:\G_NBit_Reg:29:RegI|s_Q     ; iCLK         ; iCLK        ; 0.000        ; 0.090      ; 1.354      ;
; 1.093 ; pcLogic:PC_LOGIC|reg_N:PC_Register|dffg:\G_NBit_Reg:31:RegI|s_Q     ; pcLogic:PC_LOGIC|reg_N:PC_Register|dffg:\G_NBit_Reg:31:RegI|s_Q     ; iCLK         ; iCLK        ; 0.000        ; 0.086      ; 1.350      ;
; 1.094 ; EX_MEM:EX_MEM_REG|reg_N:ALU_RESULT_REG|dffg:\G_NBit_Reg:6:RegI|s_Q  ; EX_MEM:EX_MEM_REG|reg_N:RS2_DATA_REG|dffg:\G_NBit_Reg:6:RegI|s_Q    ; iCLK         ; iCLK        ; 0.000        ; 0.087      ; 1.352      ;
; 1.100 ; IF_ID:IF_ID_REG|reg_N:PC_REG|dffg:\G_NBit_Reg:16:RegI|s_Q           ; ID_EX:ID_EX_REG|reg_N:PC_REG|dffg:\G_NBit_Reg:16:RegI|s_Q           ; iCLK         ; iCLK        ; 0.000        ; 0.069      ; 1.340      ;
; 1.100 ; EX_MEM:EX_MEM_REG|reg_N:RS2_DATA_REG|dffg:\G_NBit_Reg:14:RegI|s_Q   ; mem:DMem|ram~26489                                                  ; iCLK         ; iCLK        ; 0.000        ; 0.071      ; 1.342      ;
; 1.102 ; pcLogic:PC_LOGIC|reg_N:PC_Register|dffg:\G_NBit_Reg:7:RegI|s_Q      ; pcLogic:PC_LOGIC|reg_N:PC_Register|dffg:\G_NBit_Reg:7:RegI|s_Q      ; iCLK         ; iCLK        ; 0.000        ; 0.087      ; 1.360      ;
; 1.102 ; ID_EX:ID_EX_REG|reg_N:RS2_DATA_REG|dffg:\G_NBit_Reg:7:RegI|s_Q      ; EX_MEM:EX_MEM_REG|reg_N:RS2_DATA_REG|dffg:\G_NBit_Reg:7:RegI|s_Q    ; iCLK         ; iCLK        ; 0.000        ; -0.341     ; 0.932      ;
+-------+---------------------------------------------------------------------+---------------------------------------------------------------------+--------------+-------------+--------------+------------+------------+


----------------------------------------------
; Slow 1200mV 0C Model Metastability Summary ;
----------------------------------------------
No synchronizer chains to report.


+------------------------------------+
; Fast 1200mV 0C Model Setup Summary ;
+-------+-------+--------------------+
; Clock ; Slack ; End Point TNS      ;
+-------+-------+--------------------+
; iCLK  ; 8.272 ; 0.000              ;
+-------+-------+--------------------+


+-----------------------------------+
; Fast 1200mV 0C Model Hold Summary ;
+-------+-------+-------------------+
; Clock ; Slack ; End Point TNS     ;
+-------+-------+-------------------+
; iCLK  ; 0.182 ; 0.000             ;
+-------+-------+-------------------+


-----------------------------------------
; Fast 1200mV 0C Model Recovery Summary ;
-----------------------------------------
No paths to report.


----------------------------------------
; Fast 1200mV 0C Model Removal Summary ;
----------------------------------------
No paths to report.


+--------------------------------------------------+
; Fast 1200mV 0C Model Minimum Pulse Width Summary ;
+-------+-------+----------------------------------+
; Clock ; Slack ; End Point TNS                    ;
+-------+-------+----------------------------------+
; iCLK  ; 9.408 ; 0.000                            ;
+-------+-------+----------------------------------+


+------------------------------------------------------------------------------------------------------------------------------------------------------------------------------------------------------------+
; Fast 1200mV 0C Model Setup: 'iCLK'                                                                                                                                                                         ;
+-------+------------------------------------------------------------+-----------------------------------------------------------------+--------------+-------------+--------------+------------+------------+
; Slack ; From Node                                                  ; To Node                                                         ; Launch Clock ; Latch Clock ; Relationship ; Clock Skew ; Data Delay ;
+-------+------------------------------------------------------------+-----------------------------------------------------------------+--------------+-------------+--------------+------------+------------+
; 8.272 ; EX_MEM:EX_MEM_REG|reg_N:RD_REG|dffg:\G_NBit_Reg:2:RegI|s_Q ; IF_ID:IF_ID_REG|reg_N:INST_REG|dffg:\G_NBit_Reg:11:RegI|s_Q     ; iCLK         ; iCLK        ; 20.000       ; 0.132      ; 11.847     ;
; 8.279 ; EX_MEM:EX_MEM_REG|reg_N:RD_REG|dffg:\G_NBit_Reg:2:RegI|s_Q ; IF_ID:IF_ID_REG|reg_N:INST_REG|dffg:\G_NBit_Reg:4:RegI|s_Q      ; iCLK         ; iCLK        ; 20.000       ; 0.136      ; 11.844     ;
; 8.279 ; EX_MEM:EX_MEM_REG|reg_N:RD_REG|dffg:\G_NBit_Reg:2:RegI|s_Q ; IF_ID:IF_ID_REG|reg_N:INST_REG|dffg:\G_NBit_Reg:10:RegI|s_Q     ; iCLK         ; iCLK        ; 20.000       ; 0.136      ; 11.844     ;
; 8.294 ; EX_MEM:EX_MEM_REG|reg_N:RD_REG|dffg:\G_NBit_Reg:2:RegI|s_Q ; IF_ID:IF_ID_REG|reg_N:INST_REG|dffg:\G_NBit_Reg:15:RegI|s_Q     ; iCLK         ; iCLK        ; 20.000       ; 0.138      ; 11.831     ;
; 8.294 ; EX_MEM:EX_MEM_REG|reg_N:RD_REG|dffg:\G_NBit_Reg:2:RegI|s_Q ; IF_ID:IF_ID_REG|reg_N:INST_REG|dffg:\G_NBit_Reg:17:RegI|s_Q     ; iCLK         ; iCLK        ; 20.000       ; 0.138      ; 11.831     ;
; 8.311 ; ID_EX:ID_EX_REG|reg_N:RS1_REG|dffg:\G_NBit_Reg:0:RegI|s_Q  ; IF_ID:IF_ID_REG|reg_N:INST_REG|dffg:\G_NBit_Reg:11:RegI|s_Q     ; iCLK         ; iCLK        ; 20.000       ; 0.116      ; 11.792     ;
; 8.313 ; EX_MEM:EX_MEM_REG|reg_N:RD_REG|dffg:\G_NBit_Reg:2:RegI|s_Q ; IF_ID:IF_ID_REG|reg_N:INST_REG|dffg:\G_NBit_Reg:7:RegI|s_Q      ; iCLK         ; iCLK        ; 20.000       ; 0.148      ; 11.822     ;
; 8.316 ; EX_MEM:EX_MEM_REG|reg_N:RD_REG|dffg:\G_NBit_Reg:2:RegI|s_Q ; ID_EX:ID_EX_REG|reg_N:RS1_DATA_REG|dffg:\G_NBit_Reg:2:RegI|s_Q  ; iCLK         ; iCLK        ; 20.000       ; -0.069     ; 11.602     ;
; 8.318 ; ID_EX:ID_EX_REG|reg_N:RS1_REG|dffg:\G_NBit_Reg:0:RegI|s_Q  ; IF_ID:IF_ID_REG|reg_N:INST_REG|dffg:\G_NBit_Reg:4:RegI|s_Q      ; iCLK         ; iCLK        ; 20.000       ; 0.120      ; 11.789     ;
; 8.318 ; ID_EX:ID_EX_REG|reg_N:RS1_REG|dffg:\G_NBit_Reg:0:RegI|s_Q  ; IF_ID:IF_ID_REG|reg_N:INST_REG|dffg:\G_NBit_Reg:10:RegI|s_Q     ; iCLK         ; iCLK        ; 20.000       ; 0.120      ; 11.789     ;
; 8.332 ; EX_MEM:EX_MEM_REG|reg_N:RD_REG|dffg:\G_NBit_Reg:1:RegI|s_Q ; IF_ID:IF_ID_REG|reg_N:INST_REG|dffg:\G_NBit_Reg:11:RegI|s_Q     ; iCLK         ; iCLK        ; 20.000       ; 0.134      ; 11.789     ;
; 8.333 ; ID_EX:ID_EX_REG|reg_N:RS1_REG|dffg:\G_NBit_Reg:0:RegI|s_Q  ; IF_ID:IF_ID_REG|reg_N:INST_REG|dffg:\G_NBit_Reg:15:RegI|s_Q     ; iCLK         ; iCLK        ; 20.000       ; 0.122      ; 11.776     ;
; 8.333 ; ID_EX:ID_EX_REG|reg_N:RS1_REG|dffg:\G_NBit_Reg:0:RegI|s_Q  ; IF_ID:IF_ID_REG|reg_N:INST_REG|dffg:\G_NBit_Reg:17:RegI|s_Q     ; iCLK         ; iCLK        ; 20.000       ; 0.122      ; 11.776     ;
; 8.335 ; ID_EX:ID_EX_REG|reg_N:RS1_REG|dffg:\G_NBit_Reg:3:RegI|s_Q  ; IF_ID:IF_ID_REG|reg_N:INST_REG|dffg:\G_NBit_Reg:11:RegI|s_Q     ; iCLK         ; iCLK        ; 20.000       ; 0.140      ; 11.792     ;
; 8.339 ; EX_MEM:EX_MEM_REG|reg_N:RD_REG|dffg:\G_NBit_Reg:1:RegI|s_Q ; IF_ID:IF_ID_REG|reg_N:INST_REG|dffg:\G_NBit_Reg:4:RegI|s_Q      ; iCLK         ; iCLK        ; 20.000       ; 0.138      ; 11.786     ;
; 8.339 ; EX_MEM:EX_MEM_REG|reg_N:RD_REG|dffg:\G_NBit_Reg:1:RegI|s_Q ; IF_ID:IF_ID_REG|reg_N:INST_REG|dffg:\G_NBit_Reg:10:RegI|s_Q     ; iCLK         ; iCLK        ; 20.000       ; 0.138      ; 11.786     ;
; 8.340 ; EX_MEM:EX_MEM_REG|reg_N:RD_REG|dffg:\G_NBit_Reg:3:RegI|s_Q ; IF_ID:IF_ID_REG|reg_N:INST_REG|dffg:\G_NBit_Reg:11:RegI|s_Q     ; iCLK         ; iCLK        ; 20.000       ; 0.134      ; 11.781     ;
; 8.342 ; ID_EX:ID_EX_REG|reg_N:RS1_REG|dffg:\G_NBit_Reg:3:RegI|s_Q  ; IF_ID:IF_ID_REG|reg_N:INST_REG|dffg:\G_NBit_Reg:4:RegI|s_Q      ; iCLK         ; iCLK        ; 20.000       ; 0.144      ; 11.789     ;
; 8.342 ; ID_EX:ID_EX_REG|reg_N:RS1_REG|dffg:\G_NBit_Reg:3:RegI|s_Q  ; IF_ID:IF_ID_REG|reg_N:INST_REG|dffg:\G_NBit_Reg:10:RegI|s_Q     ; iCLK         ; iCLK        ; 20.000       ; 0.144      ; 11.789     ;
; 8.347 ; EX_MEM:EX_MEM_REG|reg_N:RD_REG|dffg:\G_NBit_Reg:3:RegI|s_Q ; IF_ID:IF_ID_REG|reg_N:INST_REG|dffg:\G_NBit_Reg:4:RegI|s_Q      ; iCLK         ; iCLK        ; 20.000       ; 0.138      ; 11.778     ;
; 8.347 ; EX_MEM:EX_MEM_REG|reg_N:RD_REG|dffg:\G_NBit_Reg:3:RegI|s_Q ; IF_ID:IF_ID_REG|reg_N:INST_REG|dffg:\G_NBit_Reg:10:RegI|s_Q     ; iCLK         ; iCLK        ; 20.000       ; 0.138      ; 11.778     ;
; 8.350 ; ID_EX:ID_EX_REG|reg_N:RS1_REG|dffg:\G_NBit_Reg:2:RegI|s_Q  ; IF_ID:IF_ID_REG|reg_N:INST_REG|dffg:\G_NBit_Reg:11:RegI|s_Q     ; iCLK         ; iCLK        ; 20.000       ; 0.132      ; 11.769     ;
; 8.352 ; ID_EX:ID_EX_REG|reg_N:RS1_REG|dffg:\G_NBit_Reg:0:RegI|s_Q  ; IF_ID:IF_ID_REG|reg_N:INST_REG|dffg:\G_NBit_Reg:7:RegI|s_Q      ; iCLK         ; iCLK        ; 20.000       ; 0.132      ; 11.767     ;
; 8.354 ; EX_MEM:EX_MEM_REG|reg_N:RD_REG|dffg:\G_NBit_Reg:1:RegI|s_Q ; IF_ID:IF_ID_REG|reg_N:INST_REG|dffg:\G_NBit_Reg:15:RegI|s_Q     ; iCLK         ; iCLK        ; 20.000       ; 0.140      ; 11.773     ;
; 8.354 ; EX_MEM:EX_MEM_REG|reg_N:RD_REG|dffg:\G_NBit_Reg:1:RegI|s_Q ; IF_ID:IF_ID_REG|reg_N:INST_REG|dffg:\G_NBit_Reg:17:RegI|s_Q     ; iCLK         ; iCLK        ; 20.000       ; 0.140      ; 11.773     ;
; 8.355 ; ID_EX:ID_EX_REG|reg_N:RS1_REG|dffg:\G_NBit_Reg:0:RegI|s_Q  ; ID_EX:ID_EX_REG|reg_N:RS1_DATA_REG|dffg:\G_NBit_Reg:2:RegI|s_Q  ; iCLK         ; iCLK        ; 20.000       ; -0.085     ; 11.547     ;
; 8.357 ; ID_EX:ID_EX_REG|reg_N:RS1_REG|dffg:\G_NBit_Reg:3:RegI|s_Q  ; IF_ID:IF_ID_REG|reg_N:INST_REG|dffg:\G_NBit_Reg:15:RegI|s_Q     ; iCLK         ; iCLK        ; 20.000       ; 0.146      ; 11.776     ;
; 8.357 ; ID_EX:ID_EX_REG|reg_N:RS1_REG|dffg:\G_NBit_Reg:3:RegI|s_Q  ; IF_ID:IF_ID_REG|reg_N:INST_REG|dffg:\G_NBit_Reg:17:RegI|s_Q     ; iCLK         ; iCLK        ; 20.000       ; 0.146      ; 11.776     ;
; 8.357 ; ID_EX:ID_EX_REG|reg_N:RS1_REG|dffg:\G_NBit_Reg:2:RegI|s_Q  ; IF_ID:IF_ID_REG|reg_N:INST_REG|dffg:\G_NBit_Reg:4:RegI|s_Q      ; iCLK         ; iCLK        ; 20.000       ; 0.136      ; 11.766     ;
; 8.357 ; ID_EX:ID_EX_REG|reg_N:RS1_REG|dffg:\G_NBit_Reg:2:RegI|s_Q  ; IF_ID:IF_ID_REG|reg_N:INST_REG|dffg:\G_NBit_Reg:10:RegI|s_Q     ; iCLK         ; iCLK        ; 20.000       ; 0.136      ; 11.766     ;
; 8.358 ; ID_EX:ID_EX_REG|reg_N:RS1_REG|dffg:\G_NBit_Reg:1:RegI|s_Q  ; IF_ID:IF_ID_REG|reg_N:INST_REG|dffg:\G_NBit_Reg:11:RegI|s_Q     ; iCLK         ; iCLK        ; 20.000       ; 0.132      ; 11.761     ;
; 8.362 ; EX_MEM:EX_MEM_REG|reg_N:RD_REG|dffg:\G_NBit_Reg:3:RegI|s_Q ; IF_ID:IF_ID_REG|reg_N:INST_REG|dffg:\G_NBit_Reg:15:RegI|s_Q     ; iCLK         ; iCLK        ; 20.000       ; 0.140      ; 11.765     ;
; 8.362 ; EX_MEM:EX_MEM_REG|reg_N:RD_REG|dffg:\G_NBit_Reg:3:RegI|s_Q ; IF_ID:IF_ID_REG|reg_N:INST_REG|dffg:\G_NBit_Reg:17:RegI|s_Q     ; iCLK         ; iCLK        ; 20.000       ; 0.140      ; 11.765     ;
; 8.365 ; ID_EX:ID_EX_REG|reg_N:RS1_REG|dffg:\G_NBit_Reg:1:RegI|s_Q  ; IF_ID:IF_ID_REG|reg_N:INST_REG|dffg:\G_NBit_Reg:4:RegI|s_Q      ; iCLK         ; iCLK        ; 20.000       ; 0.136      ; 11.758     ;
; 8.365 ; ID_EX:ID_EX_REG|reg_N:RS1_REG|dffg:\G_NBit_Reg:1:RegI|s_Q  ; IF_ID:IF_ID_REG|reg_N:INST_REG|dffg:\G_NBit_Reg:10:RegI|s_Q     ; iCLK         ; iCLK        ; 20.000       ; 0.136      ; 11.758     ;
; 8.372 ; ID_EX:ID_EX_REG|reg_N:RS1_REG|dffg:\G_NBit_Reg:2:RegI|s_Q  ; IF_ID:IF_ID_REG|reg_N:INST_REG|dffg:\G_NBit_Reg:15:RegI|s_Q     ; iCLK         ; iCLK        ; 20.000       ; 0.138      ; 11.753     ;
; 8.372 ; ID_EX:ID_EX_REG|reg_N:RS1_REG|dffg:\G_NBit_Reg:2:RegI|s_Q  ; IF_ID:IF_ID_REG|reg_N:INST_REG|dffg:\G_NBit_Reg:17:RegI|s_Q     ; iCLK         ; iCLK        ; 20.000       ; 0.138      ; 11.753     ;
; 8.373 ; EX_MEM:EX_MEM_REG|reg_N:RD_REG|dffg:\G_NBit_Reg:1:RegI|s_Q ; IF_ID:IF_ID_REG|reg_N:INST_REG|dffg:\G_NBit_Reg:7:RegI|s_Q      ; iCLK         ; iCLK        ; 20.000       ; 0.150      ; 11.764     ;
; 8.376 ; ID_EX:ID_EX_REG|reg_N:RS1_REG|dffg:\G_NBit_Reg:3:RegI|s_Q  ; IF_ID:IF_ID_REG|reg_N:INST_REG|dffg:\G_NBit_Reg:7:RegI|s_Q      ; iCLK         ; iCLK        ; 20.000       ; 0.156      ; 11.767     ;
; 8.376 ; EX_MEM:EX_MEM_REG|reg_N:RD_REG|dffg:\G_NBit_Reg:1:RegI|s_Q ; ID_EX:ID_EX_REG|reg_N:RS1_DATA_REG|dffg:\G_NBit_Reg:2:RegI|s_Q  ; iCLK         ; iCLK        ; 20.000       ; -0.067     ; 11.544     ;
; 8.380 ; ID_EX:ID_EX_REG|reg_N:RS1_REG|dffg:\G_NBit_Reg:1:RegI|s_Q  ; IF_ID:IF_ID_REG|reg_N:INST_REG|dffg:\G_NBit_Reg:15:RegI|s_Q     ; iCLK         ; iCLK        ; 20.000       ; 0.138      ; 11.745     ;
; 8.380 ; ID_EX:ID_EX_REG|reg_N:RS1_REG|dffg:\G_NBit_Reg:1:RegI|s_Q  ; IF_ID:IF_ID_REG|reg_N:INST_REG|dffg:\G_NBit_Reg:17:RegI|s_Q     ; iCLK         ; iCLK        ; 20.000       ; 0.138      ; 11.745     ;
; 8.381 ; EX_MEM:EX_MEM_REG|reg_N:RD_REG|dffg:\G_NBit_Reg:3:RegI|s_Q ; IF_ID:IF_ID_REG|reg_N:INST_REG|dffg:\G_NBit_Reg:7:RegI|s_Q      ; iCLK         ; iCLK        ; 20.000       ; 0.150      ; 11.756     ;
; 8.382 ; EX_MEM:EX_MEM_REG|reg_N:RD_REG|dffg:\G_NBit_Reg:2:RegI|s_Q ; IF_ID:IF_ID_REG|reg_N:INST_REG|dffg:\G_NBit_Reg:16:RegI|s_Q     ; iCLK         ; iCLK        ; 20.000       ; 0.144      ; 11.749     ;
; 8.384 ; EX_MEM:EX_MEM_REG|reg_N:RD_REG|dffg:\G_NBit_Reg:3:RegI|s_Q ; ID_EX:ID_EX_REG|reg_N:RS1_DATA_REG|dffg:\G_NBit_Reg:2:RegI|s_Q  ; iCLK         ; iCLK        ; 20.000       ; -0.067     ; 11.536     ;
; 8.388 ; EX_MEM:EX_MEM_REG|reg_N:RD_REG|dffg:\G_NBit_Reg:2:RegI|s_Q ; ID_EX:ID_EX_REG|reg_N:RS1_DATA_REG|dffg:\G_NBit_Reg:29:RegI|s_Q ; iCLK         ; iCLK        ; 20.000       ; 0.125      ; 11.724     ;
; 8.391 ; ID_EX:ID_EX_REG|reg_N:RS1_REG|dffg:\G_NBit_Reg:2:RegI|s_Q  ; IF_ID:IF_ID_REG|reg_N:INST_REG|dffg:\G_NBit_Reg:7:RegI|s_Q      ; iCLK         ; iCLK        ; 20.000       ; 0.148      ; 11.744     ;
; 8.394 ; ID_EX:ID_EX_REG|reg_N:RS1_REG|dffg:\G_NBit_Reg:3:RegI|s_Q  ; ID_EX:ID_EX_REG|reg_N:RS1_DATA_REG|dffg:\G_NBit_Reg:2:RegI|s_Q  ; iCLK         ; iCLK        ; 20.000       ; -0.046     ; 11.547     ;
; 8.394 ; ID_EX:ID_EX_REG|reg_N:RS1_REG|dffg:\G_NBit_Reg:2:RegI|s_Q  ; ID_EX:ID_EX_REG|reg_N:RS1_DATA_REG|dffg:\G_NBit_Reg:2:RegI|s_Q  ; iCLK         ; iCLK        ; 20.000       ; -0.069     ; 11.524     ;
; 8.399 ; EX_MEM:EX_MEM_REG|reg_N:RD_REG|dffg:\G_NBit_Reg:2:RegI|s_Q ; pcLogic:PC_LOGIC|reg_N:PC_Register|dffg:\G_NBit_Reg:6:RegI|s_Q  ; iCLK         ; iCLK        ; 20.000       ; 0.146      ; 11.734     ;
; 8.399 ; EX_MEM:EX_MEM_REG|reg_N:RD_REG|dffg:\G_NBit_Reg:2:RegI|s_Q ; pcLogic:PC_LOGIC|reg_N:PC_Register|dffg:\G_NBit_Reg:9:RegI|s_Q  ; iCLK         ; iCLK        ; 20.000       ; 0.146      ; 11.734     ;
; 8.399 ; EX_MEM:EX_MEM_REG|reg_N:RD_REG|dffg:\G_NBit_Reg:2:RegI|s_Q ; pcLogic:PC_LOGIC|reg_N:PC_Register|dffg:\G_NBit_Reg:7:RegI|s_Q  ; iCLK         ; iCLK        ; 20.000       ; 0.146      ; 11.734     ;
; 8.399 ; EX_MEM:EX_MEM_REG|reg_N:RD_REG|dffg:\G_NBit_Reg:2:RegI|s_Q ; pcLogic:PC_LOGIC|reg_N:PC_Register|dffg:\G_NBit_Reg:8:RegI|s_Q  ; iCLK         ; iCLK        ; 20.000       ; 0.146      ; 11.734     ;
; 8.399 ; EX_MEM:EX_MEM_REG|reg_N:RD_REG|dffg:\G_NBit_Reg:2:RegI|s_Q ; pcLogic:PC_LOGIC|reg_N:PC_Register|dffg:\G_NBit_Reg:10:RegI|s_Q ; iCLK         ; iCLK        ; 20.000       ; 0.146      ; 11.734     ;
; 8.399 ; ID_EX:ID_EX_REG|reg_N:RS1_REG|dffg:\G_NBit_Reg:1:RegI|s_Q  ; IF_ID:IF_ID_REG|reg_N:INST_REG|dffg:\G_NBit_Reg:7:RegI|s_Q      ; iCLK         ; iCLK        ; 20.000       ; 0.148      ; 11.736     ;
; 8.401 ; EX_MEM:EX_MEM_REG|reg_N:RD_REG|dffg:\G_NBit_Reg:2:RegI|s_Q ; pcLogic:PC_LOGIC|reg_N:PC_Register|dffg:\G_NBit_Reg:5:RegI|s_Q  ; iCLK         ; iCLK        ; 20.000       ; 0.159      ; 11.745     ;
; 8.401 ; EX_MEM:EX_MEM_REG|reg_N:RD_REG|dffg:\G_NBit_Reg:2:RegI|s_Q ; pcLogic:PC_LOGIC|reg_N:PC_Register|dffg:\G_NBit_Reg:4:RegI|s_Q  ; iCLK         ; iCLK        ; 20.000       ; 0.159      ; 11.745     ;
; 8.402 ; ID_EX:ID_EX_REG|reg_N:RS1_REG|dffg:\G_NBit_Reg:1:RegI|s_Q  ; ID_EX:ID_EX_REG|reg_N:RS1_DATA_REG|dffg:\G_NBit_Reg:2:RegI|s_Q  ; iCLK         ; iCLK        ; 20.000       ; -0.069     ; 11.516     ;
; 8.412 ; MEM_WB:MEM_WB_REG|reg_N:RD_REG|dffg:\G_NBit_Reg:3:RegI|s_Q ; IF_ID:IF_ID_REG|reg_N:INST_REG|dffg:\G_NBit_Reg:11:RegI|s_Q     ; iCLK         ; iCLK        ; 20.000       ; 0.134      ; 11.709     ;
; 8.419 ; MEM_WB:MEM_WB_REG|reg_N:RD_REG|dffg:\G_NBit_Reg:3:RegI|s_Q ; IF_ID:IF_ID_REG|reg_N:INST_REG|dffg:\G_NBit_Reg:4:RegI|s_Q      ; iCLK         ; iCLK        ; 20.000       ; 0.138      ; 11.706     ;
; 8.419 ; MEM_WB:MEM_WB_REG|reg_N:RD_REG|dffg:\G_NBit_Reg:3:RegI|s_Q ; IF_ID:IF_ID_REG|reg_N:INST_REG|dffg:\G_NBit_Reg:10:RegI|s_Q     ; iCLK         ; iCLK        ; 20.000       ; 0.138      ; 11.706     ;
; 8.421 ; EX_MEM:EX_MEM_REG|reg_N:RD_REG|dffg:\G_NBit_Reg:2:RegI|s_Q ; IF_ID:IF_ID_REG|reg_N:INST_REG|dffg:\G_NBit_Reg:3:RegI|s_Q      ; iCLK         ; iCLK        ; 20.000       ; 0.166      ; 11.732     ;
; 8.421 ; ID_EX:ID_EX_REG|reg_N:RS1_REG|dffg:\G_NBit_Reg:0:RegI|s_Q  ; IF_ID:IF_ID_REG|reg_N:INST_REG|dffg:\G_NBit_Reg:16:RegI|s_Q     ; iCLK         ; iCLK        ; 20.000       ; 0.128      ; 11.694     ;
; 8.427 ; ID_EX:ID_EX_REG|reg_N:RS1_REG|dffg:\G_NBit_Reg:0:RegI|s_Q  ; ID_EX:ID_EX_REG|reg_N:RS1_DATA_REG|dffg:\G_NBit_Reg:29:RegI|s_Q ; iCLK         ; iCLK        ; 20.000       ; 0.109      ; 11.669     ;
; 8.434 ; MEM_WB:MEM_WB_REG|reg_N:RD_REG|dffg:\G_NBit_Reg:3:RegI|s_Q ; IF_ID:IF_ID_REG|reg_N:INST_REG|dffg:\G_NBit_Reg:15:RegI|s_Q     ; iCLK         ; iCLK        ; 20.000       ; 0.140      ; 11.693     ;
; 8.434 ; MEM_WB:MEM_WB_REG|reg_N:RD_REG|dffg:\G_NBit_Reg:3:RegI|s_Q ; IF_ID:IF_ID_REG|reg_N:INST_REG|dffg:\G_NBit_Reg:17:RegI|s_Q     ; iCLK         ; iCLK        ; 20.000       ; 0.140      ; 11.693     ;
; 8.436 ; ID_EX:ID_EX_REG|reg_N:RS1_REG|dffg:\G_NBit_Reg:3:RegI|s_Q  ; ID_EX:ID_EX_REG|reg_N:RS1_DATA_REG|dffg:\G_NBit_Reg:29:RegI|s_Q ; iCLK         ; iCLK        ; 20.000       ; 0.118      ; 11.669     ;
; 8.438 ; ID_EX:ID_EX_REG|reg_N:RS1_REG|dffg:\G_NBit_Reg:0:RegI|s_Q  ; pcLogic:PC_LOGIC|reg_N:PC_Register|dffg:\G_NBit_Reg:6:RegI|s_Q  ; iCLK         ; iCLK        ; 20.000       ; 0.130      ; 11.679     ;
; 8.438 ; ID_EX:ID_EX_REG|reg_N:RS1_REG|dffg:\G_NBit_Reg:0:RegI|s_Q  ; pcLogic:PC_LOGIC|reg_N:PC_Register|dffg:\G_NBit_Reg:9:RegI|s_Q  ; iCLK         ; iCLK        ; 20.000       ; 0.130      ; 11.679     ;
; 8.438 ; ID_EX:ID_EX_REG|reg_N:RS1_REG|dffg:\G_NBit_Reg:0:RegI|s_Q  ; pcLogic:PC_LOGIC|reg_N:PC_Register|dffg:\G_NBit_Reg:7:RegI|s_Q  ; iCLK         ; iCLK        ; 20.000       ; 0.130      ; 11.679     ;
; 8.438 ; ID_EX:ID_EX_REG|reg_N:RS1_REG|dffg:\G_NBit_Reg:0:RegI|s_Q  ; pcLogic:PC_LOGIC|reg_N:PC_Register|dffg:\G_NBit_Reg:8:RegI|s_Q  ; iCLK         ; iCLK        ; 20.000       ; 0.130      ; 11.679     ;
; 8.438 ; ID_EX:ID_EX_REG|reg_N:RS1_REG|dffg:\G_NBit_Reg:0:RegI|s_Q  ; pcLogic:PC_LOGIC|reg_N:PC_Register|dffg:\G_NBit_Reg:10:RegI|s_Q ; iCLK         ; iCLK        ; 20.000       ; 0.130      ; 11.679     ;
; 8.440 ; ID_EX:ID_EX_REG|reg_N:RS1_REG|dffg:\G_NBit_Reg:0:RegI|s_Q  ; pcLogic:PC_LOGIC|reg_N:PC_Register|dffg:\G_NBit_Reg:5:RegI|s_Q  ; iCLK         ; iCLK        ; 20.000       ; 0.143      ; 11.690     ;
; 8.440 ; ID_EX:ID_EX_REG|reg_N:RS1_REG|dffg:\G_NBit_Reg:0:RegI|s_Q  ; pcLogic:PC_LOGIC|reg_N:PC_Register|dffg:\G_NBit_Reg:4:RegI|s_Q  ; iCLK         ; iCLK        ; 20.000       ; 0.143      ; 11.690     ;
; 8.440 ; EX_MEM:EX_MEM_REG|reg_N:RD_REG|dffg:\G_NBit_Reg:0:RegI|s_Q ; IF_ID:IF_ID_REG|reg_N:INST_REG|dffg:\G_NBit_Reg:11:RegI|s_Q     ; iCLK         ; iCLK        ; 20.000       ; 0.134      ; 11.681     ;
; 8.442 ; EX_MEM:EX_MEM_REG|reg_N:RD_REG|dffg:\G_NBit_Reg:1:RegI|s_Q ; IF_ID:IF_ID_REG|reg_N:INST_REG|dffg:\G_NBit_Reg:16:RegI|s_Q     ; iCLK         ; iCLK        ; 20.000       ; 0.146      ; 11.691     ;
; 8.443 ; MEM_WB:MEM_WB_REG|reg_N:RD_REG|dffg:\G_NBit_Reg:1:RegI|s_Q ; IF_ID:IF_ID_REG|reg_N:INST_REG|dffg:\G_NBit_Reg:11:RegI|s_Q     ; iCLK         ; iCLK        ; 20.000       ; 0.132      ; 11.676     ;
; 8.445 ; ID_EX:ID_EX_REG|reg_N:RS1_REG|dffg:\G_NBit_Reg:3:RegI|s_Q  ; IF_ID:IF_ID_REG|reg_N:INST_REG|dffg:\G_NBit_Reg:16:RegI|s_Q     ; iCLK         ; iCLK        ; 20.000       ; 0.152      ; 11.694     ;
; 8.447 ; EX_MEM:EX_MEM_REG|reg_N:RD_REG|dffg:\G_NBit_Reg:0:RegI|s_Q ; IF_ID:IF_ID_REG|reg_N:INST_REG|dffg:\G_NBit_Reg:4:RegI|s_Q      ; iCLK         ; iCLK        ; 20.000       ; 0.138      ; 11.678     ;
; 8.447 ; EX_MEM:EX_MEM_REG|reg_N:RD_REG|dffg:\G_NBit_Reg:0:RegI|s_Q ; IF_ID:IF_ID_REG|reg_N:INST_REG|dffg:\G_NBit_Reg:10:RegI|s_Q     ; iCLK         ; iCLK        ; 20.000       ; 0.138      ; 11.678     ;
; 8.448 ; EX_MEM:EX_MEM_REG|reg_N:RD_REG|dffg:\G_NBit_Reg:1:RegI|s_Q ; ID_EX:ID_EX_REG|reg_N:RS1_DATA_REG|dffg:\G_NBit_Reg:29:RegI|s_Q ; iCLK         ; iCLK        ; 20.000       ; 0.127      ; 11.666     ;
; 8.450 ; MEM_WB:MEM_WB_REG|reg_N:RD_REG|dffg:\G_NBit_Reg:1:RegI|s_Q ; IF_ID:IF_ID_REG|reg_N:INST_REG|dffg:\G_NBit_Reg:4:RegI|s_Q      ; iCLK         ; iCLK        ; 20.000       ; 0.136      ; 11.673     ;
; 8.450 ; MEM_WB:MEM_WB_REG|reg_N:RD_REG|dffg:\G_NBit_Reg:1:RegI|s_Q ; IF_ID:IF_ID_REG|reg_N:INST_REG|dffg:\G_NBit_Reg:10:RegI|s_Q     ; iCLK         ; iCLK        ; 20.000       ; 0.136      ; 11.673     ;
; 8.450 ; EX_MEM:EX_MEM_REG|reg_N:RD_REG|dffg:\G_NBit_Reg:3:RegI|s_Q ; IF_ID:IF_ID_REG|reg_N:INST_REG|dffg:\G_NBit_Reg:16:RegI|s_Q     ; iCLK         ; iCLK        ; 20.000       ; 0.146      ; 11.683     ;
; 8.453 ; MEM_WB:MEM_WB_REG|reg_N:RD_REG|dffg:\G_NBit_Reg:3:RegI|s_Q ; IF_ID:IF_ID_REG|reg_N:INST_REG|dffg:\G_NBit_Reg:7:RegI|s_Q      ; iCLK         ; iCLK        ; 20.000       ; 0.150      ; 11.684     ;
; 8.456 ; EX_MEM:EX_MEM_REG|reg_N:RD_REG|dffg:\G_NBit_Reg:3:RegI|s_Q ; ID_EX:ID_EX_REG|reg_N:RS1_DATA_REG|dffg:\G_NBit_Reg:29:RegI|s_Q ; iCLK         ; iCLK        ; 20.000       ; 0.127      ; 11.658     ;
; 8.456 ; MEM_WB:MEM_WB_REG|reg_N:RD_REG|dffg:\G_NBit_Reg:3:RegI|s_Q ; ID_EX:ID_EX_REG|reg_N:RS1_DATA_REG|dffg:\G_NBit_Reg:2:RegI|s_Q  ; iCLK         ; iCLK        ; 20.000       ; -0.067     ; 11.464     ;
; 8.456 ; MEM_WB:MEM_WB_REG|reg_N:RD_REG|dffg:\G_NBit_Reg:4:RegI|s_Q ; IF_ID:IF_ID_REG|reg_N:INST_REG|dffg:\G_NBit_Reg:11:RegI|s_Q     ; iCLK         ; iCLK        ; 20.000       ; 0.134      ; 11.665     ;
; 8.459 ; EX_MEM:EX_MEM_REG|reg_N:RD_REG|dffg:\G_NBit_Reg:1:RegI|s_Q ; pcLogic:PC_LOGIC|reg_N:PC_Register|dffg:\G_NBit_Reg:6:RegI|s_Q  ; iCLK         ; iCLK        ; 20.000       ; 0.148      ; 11.676     ;
; 8.459 ; EX_MEM:EX_MEM_REG|reg_N:RD_REG|dffg:\G_NBit_Reg:1:RegI|s_Q ; pcLogic:PC_LOGIC|reg_N:PC_Register|dffg:\G_NBit_Reg:9:RegI|s_Q  ; iCLK         ; iCLK        ; 20.000       ; 0.148      ; 11.676     ;
; 8.459 ; EX_MEM:EX_MEM_REG|reg_N:RD_REG|dffg:\G_NBit_Reg:1:RegI|s_Q ; pcLogic:PC_LOGIC|reg_N:PC_Register|dffg:\G_NBit_Reg:7:RegI|s_Q  ; iCLK         ; iCLK        ; 20.000       ; 0.148      ; 11.676     ;
; 8.459 ; EX_MEM:EX_MEM_REG|reg_N:RD_REG|dffg:\G_NBit_Reg:1:RegI|s_Q ; pcLogic:PC_LOGIC|reg_N:PC_Register|dffg:\G_NBit_Reg:8:RegI|s_Q  ; iCLK         ; iCLK        ; 20.000       ; 0.148      ; 11.676     ;
; 8.459 ; EX_MEM:EX_MEM_REG|reg_N:RD_REG|dffg:\G_NBit_Reg:1:RegI|s_Q ; pcLogic:PC_LOGIC|reg_N:PC_Register|dffg:\G_NBit_Reg:10:RegI|s_Q ; iCLK         ; iCLK        ; 20.000       ; 0.148      ; 11.676     ;
; 8.460 ; ID_EX:ID_EX_REG|reg_N:RS1_REG|dffg:\G_NBit_Reg:2:RegI|s_Q  ; IF_ID:IF_ID_REG|reg_N:INST_REG|dffg:\G_NBit_Reg:16:RegI|s_Q     ; iCLK         ; iCLK        ; 20.000       ; 0.144      ; 11.671     ;
; 8.460 ; ID_EX:ID_EX_REG|reg_N:RS1_REG|dffg:\G_NBit_Reg:0:RegI|s_Q  ; IF_ID:IF_ID_REG|reg_N:INST_REG|dffg:\G_NBit_Reg:3:RegI|s_Q      ; iCLK         ; iCLK        ; 20.000       ; 0.150      ; 11.677     ;
; 8.461 ; EX_MEM:EX_MEM_REG|reg_N:RD_REG|dffg:\G_NBit_Reg:1:RegI|s_Q ; pcLogic:PC_LOGIC|reg_N:PC_Register|dffg:\G_NBit_Reg:5:RegI|s_Q  ; iCLK         ; iCLK        ; 20.000       ; 0.161      ; 11.687     ;
; 8.461 ; EX_MEM:EX_MEM_REG|reg_N:RD_REG|dffg:\G_NBit_Reg:1:RegI|s_Q ; pcLogic:PC_LOGIC|reg_N:PC_Register|dffg:\G_NBit_Reg:4:RegI|s_Q  ; iCLK         ; iCLK        ; 20.000       ; 0.161      ; 11.687     ;
; 8.462 ; ID_EX:ID_EX_REG|reg_N:RS1_REG|dffg:\G_NBit_Reg:3:RegI|s_Q  ; pcLogic:PC_LOGIC|reg_N:PC_Register|dffg:\G_NBit_Reg:10:RegI|s_Q ; iCLK         ; iCLK        ; 20.000       ; 0.154      ; 11.679     ;
; 8.462 ; ID_EX:ID_EX_REG|reg_N:RS1_REG|dffg:\G_NBit_Reg:3:RegI|s_Q  ; pcLogic:PC_LOGIC|reg_N:PC_Register|dffg:\G_NBit_Reg:8:RegI|s_Q  ; iCLK         ; iCLK        ; 20.000       ; 0.154      ; 11.679     ;
; 8.462 ; ID_EX:ID_EX_REG|reg_N:RS1_REG|dffg:\G_NBit_Reg:3:RegI|s_Q  ; pcLogic:PC_LOGIC|reg_N:PC_Register|dffg:\G_NBit_Reg:7:RegI|s_Q  ; iCLK         ; iCLK        ; 20.000       ; 0.154      ; 11.679     ;
+-------+------------------------------------------------------------+-----------------------------------------------------------------+--------------+-------------+--------------+------------+------------+


+-------------------------------------------------------------------------------------------------------------------------------------------------------------------------------------------------------------------------+
; Fast 1200mV 0C Model Hold: 'iCLK'                                                                                                                                                                                       ;
+-------+---------------------------------------------------------------------+---------------------------------------------------------------------+--------------+-------------+--------------+------------+------------+
; Slack ; From Node                                                           ; To Node                                                             ; Launch Clock ; Latch Clock ; Relationship ; Clock Skew ; Data Delay ;
+-------+---------------------------------------------------------------------+---------------------------------------------------------------------+--------------+-------------+--------------+------------+------------+
; 0.182 ; pcLogic:PC_LOGIC|reg_N:PC_Register|dffg:\G_NBit_Reg:2:RegI|s_Q      ; pcLogic:PC_LOGIC|reg_N:PC_Register|dffg:\G_NBit_Reg:2:RegI|s_Q      ; iCLK         ; iCLK        ; 0.000        ; 0.048      ; 0.314      ;
; 0.253 ; EX_MEM:EX_MEM_REG|dffg:HALT_REG|s_Q                                 ; MEM_WB:MEM_WB_REG|dffg:HALT_REG|s_Q                                 ; iCLK         ; iCLK        ; 0.000        ; 0.049      ; 0.386      ;
; 0.259 ; ID_EX:ID_EX_REG|dffg:MEMREG_REG|s_Q                                 ; EX_MEM:EX_MEM_REG|dffg:MEMREG_REG|s_Q                               ; iCLK         ; iCLK        ; 0.000        ; 0.049      ; 0.392      ;
; 0.276 ; EX_MEM:EX_MEM_REG|reg_N:RD_REG|dffg:\G_NBit_Reg:3:RegI|s_Q          ; MEM_WB:MEM_WB_REG|reg_N:RD_REG|dffg:\G_NBit_Reg:3:RegI|s_Q          ; iCLK         ; iCLK        ; 0.000        ; 0.042      ; 0.402      ;
; 0.289 ; EX_MEM:EX_MEM_REG|reg_N:RD_REG|dffg:\G_NBit_Reg:4:RegI|s_Q          ; MEM_WB:MEM_WB_REG|reg_N:RD_REG|dffg:\G_NBit_Reg:4:RegI|s_Q          ; iCLK         ; iCLK        ; 0.000        ; 0.042      ; 0.415      ;
; 0.307 ; ID_EX:ID_EX_REG|reg_N:RS2_DATA_REG|dffg:\G_NBit_Reg:12:RegI|s_Q     ; EX_MEM:EX_MEM_REG|reg_N:RS2_DATA_REG|dffg:\G_NBit_Reg:12:RegI|s_Q   ; iCLK         ; iCLK        ; 0.000        ; 0.050      ; 0.441      ;
; 0.325 ; IF_ID:IF_ID_REG|reg_N:PC_REG|dffg:\G_NBit_Reg:3:RegI|s_Q            ; ID_EX:ID_EX_REG|reg_N:PC_REG|dffg:\G_NBit_Reg:3:RegI|s_Q            ; iCLK         ; iCLK        ; 0.000        ; 0.041      ; 0.450      ;
; 0.325 ; IF_ID:IF_ID_REG|reg_N:PC_REG|dffg:\G_NBit_Reg:9:RegI|s_Q            ; ID_EX:ID_EX_REG|reg_N:PC_REG|dffg:\G_NBit_Reg:9:RegI|s_Q            ; iCLK         ; iCLK        ; 0.000        ; 0.043      ; 0.452      ;
; 0.336 ; IF_ID:IF_ID_REG|reg_N:INST_REG|dffg:\G_NBit_Reg:2:RegI|s_Q          ; ID_EX:ID_EX_REG|dffg:AUIPC_REG|s_Q                                  ; iCLK         ; iCLK        ; 0.000        ; 0.041      ; 0.461      ;
; 0.341 ; IF_ID:IF_ID_REG|reg_N:INST_REG|dffg:\G_NBit_Reg:2:RegI|s_Q          ; ID_EX:ID_EX_REG|reg_N:OPCODE_REG|dffg:\G_NBit_Reg:2:RegI|s_Q        ; iCLK         ; iCLK        ; 0.000        ; 0.041      ; 0.466      ;
; 0.402 ; IF_ID:IF_ID_REG|reg_N:PC_REG|dffg:\G_NBit_Reg:0:RegI|s_Q            ; ID_EX:ID_EX_REG|reg_N:PC_REG|dffg:\G_NBit_Reg:0:RegI|s_Q            ; iCLK         ; iCLK        ; 0.000        ; 0.043      ; 0.529      ;
; 0.429 ; IF_ID:IF_ID_REG|reg_N:PC_REG|dffg:\G_NBit_Reg:5:RegI|s_Q            ; ID_EX:ID_EX_REG|reg_N:PC_REG|dffg:\G_NBit_Reg:5:RegI|s_Q            ; iCLK         ; iCLK        ; 0.000        ; -0.138     ; 0.375      ;
; 0.430 ; EX_MEM:EX_MEM_REG|reg_N:ALU_RESULT_REG|dffg:\G_NBit_Reg:13:RegI|s_Q ; MEM_WB:MEM_WB_REG|reg_N:ALU_RESULT_REG|dffg:\G_NBit_Reg:13:RegI|s_Q ; iCLK         ; iCLK        ; 0.000        ; 0.049      ; 0.563      ;
; 0.433 ; pcLogic:PC_LOGIC|reg_N:PC_Register|dffg:\G_NBit_Reg:27:RegI|s_Q     ; pcLogic:PC_LOGIC|reg_N:PC_Register|dffg:\G_NBit_Reg:29:RegI|s_Q     ; iCLK         ; iCLK        ; 0.000        ; 0.050      ; 0.567      ;
; 0.439 ; MEM_WB:MEM_WB_REG|reg_N:MEM_DATA_REG|dffg:\G_NBit_Reg:8:RegI|s_Q    ; ID_EX:ID_EX_REG|reg_N:RS2_DATA_REG|dffg:\G_NBit_Reg:8:RegI|s_Q      ; iCLK         ; iCLK        ; 0.000        ; 0.244      ; 0.767      ;
; 0.441 ; MEM_WB:MEM_WB_REG|reg_N:MEM_DATA_REG|dffg:\G_NBit_Reg:10:RegI|s_Q   ; ID_EX:ID_EX_REG|reg_N:RS2_DATA_REG|dffg:\G_NBit_Reg:10:RegI|s_Q     ; iCLK         ; iCLK        ; 0.000        ; 0.264      ; 0.789      ;
; 0.442 ; ID_EX:ID_EX_REG|reg_N:RS2_DATA_REG|dffg:\G_NBit_Reg:11:RegI|s_Q     ; EX_MEM:EX_MEM_REG|reg_N:RS2_DATA_REG|dffg:\G_NBit_Reg:11:RegI|s_Q   ; iCLK         ; iCLK        ; 0.000        ; -0.153     ; 0.373      ;
; 0.443 ; EX_MEM:EX_MEM_REG|reg_N:RD_REG|dffg:\G_NBit_Reg:2:RegI|s_Q          ; MEM_WB:MEM_WB_REG|reg_N:RD_REG|dffg:\G_NBit_Reg:2:RegI|s_Q          ; iCLK         ; iCLK        ; 0.000        ; 0.042      ; 0.569      ;
; 0.449 ; pcLogic:PC_LOGIC|reg_N:PC_Register|dffg:\G_NBit_Reg:15:RegI|s_Q     ; pcLogic:PC_LOGIC|reg_N:PC_Register|dffg:\G_NBit_Reg:15:RegI|s_Q     ; iCLK         ; iCLK        ; 0.000        ; 0.048      ; 0.581      ;
; 0.452 ; EX_MEM:EX_MEM_REG|reg_N:RS2_DATA_REG|dffg:\G_NBit_Reg:14:RegI|s_Q   ; mem:DMem|ram~26329                                                  ; iCLK         ; iCLK        ; 0.000        ; 0.032      ; 0.568      ;
; 0.455 ; pcLogic:PC_LOGIC|reg_N:PC_Register|dffg:\G_NBit_Reg:17:RegI|s_Q     ; pcLogic:PC_LOGIC|reg_N:PC_Register|dffg:\G_NBit_Reg:17:RegI|s_Q     ; iCLK         ; iCLK        ; 0.000        ; 0.048      ; 0.587      ;
; 0.456 ; pcLogic:PC_LOGIC|reg_N:PC_Register|dffg:\G_NBit_Reg:16:RegI|s_Q     ; pcLogic:PC_LOGIC|reg_N:PC_Register|dffg:\G_NBit_Reg:16:RegI|s_Q     ; iCLK         ; iCLK        ; 0.000        ; 0.048      ; 0.588      ;
; 0.457 ; MEM_WB:MEM_WB_REG|dffg:MEMREG_REG|s_Q                               ; ID_EX:ID_EX_REG|reg_N:RS2_DATA_REG|dffg:\G_NBit_Reg:7:RegI|s_Q      ; iCLK         ; iCLK        ; 0.000        ; 0.257      ; 0.798      ;
; 0.457 ; pcLogic:PC_LOGIC|reg_N:PC_Register|dffg:\G_NBit_Reg:27:RegI|s_Q     ; pcLogic:PC_LOGIC|reg_N:PC_Register|dffg:\G_NBit_Reg:27:RegI|s_Q     ; iCLK         ; iCLK        ; 0.000        ; 0.048      ; 0.589      ;
; 0.457 ; ID_EX:ID_EX_REG|dffg:MEMWR_REG|s_Q                                  ; EX_MEM:EX_MEM_REG|dffg:MEMWR_REG|s_Q                                ; iCLK         ; iCLK        ; 0.000        ; -0.154     ; 0.387      ;
; 0.461 ; pcLogic:PC_LOGIC|reg_N:PC_Register|dffg:\G_NBit_Reg:27:RegI|s_Q     ; pcLogic:PC_LOGIC|reg_N:PC_Register|dffg:\G_NBit_Reg:28:RegI|s_Q     ; iCLK         ; iCLK        ; 0.000        ; 0.048      ; 0.593      ;
; 0.463 ; pcLogic:PC_LOGIC|reg_N:PC_Register|dffg:\G_NBit_Reg:21:RegI|s_Q     ; pcLogic:PC_LOGIC|reg_N:PC_Register|dffg:\G_NBit_Reg:21:RegI|s_Q     ; iCLK         ; iCLK        ; 0.000        ; 0.048      ; 0.595      ;
; 0.464 ; EX_MEM:EX_MEM_REG|dffg:MEMREG_REG|s_Q                               ; MEM_WB:MEM_WB_REG|dffg:MEMREG_REG|s_Q                               ; iCLK         ; iCLK        ; 0.000        ; -0.157     ; 0.391      ;
; 0.464 ; pcLogic:PC_LOGIC|reg_N:PC_Register|dffg:\G_NBit_Reg:21:RegI|s_Q     ; pcLogic:PC_LOGIC|reg_N:PC_Register|dffg:\G_NBit_Reg:23:RegI|s_Q     ; iCLK         ; iCLK        ; 0.000        ; 0.048      ; 0.596      ;
; 0.468 ; MEM_WB:MEM_WB_REG|reg_N:ALU_RESULT_REG|dffg:\G_NBit_Reg:15:RegI|s_Q ; ID_EX:ID_EX_REG|reg_N:RS2_DATA_REG|dffg:\G_NBit_Reg:15:RegI|s_Q     ; iCLK         ; iCLK        ; 0.000        ; 0.050      ; 0.602      ;
; 0.468 ; MEM_WB:MEM_WB_REG|reg_N:ALU_RESULT_REG|dffg:\G_NBit_Reg:12:RegI|s_Q ; ID_EX:ID_EX_REG|reg_N:RS2_DATA_REG|dffg:\G_NBit_Reg:12:RegI|s_Q     ; iCLK         ; iCLK        ; 0.000        ; 0.050      ; 0.602      ;
; 0.470 ; ID_EX:ID_EX_REG|reg_N:IMM_REG|dffg:\G_NBit_Reg:14:RegI|s_Q          ; pcLogic:PC_LOGIC|reg_N:PC_Register|dffg:\G_NBit_Reg:14:RegI|s_Q     ; iCLK         ; iCLK        ; 0.000        ; 0.224      ; 0.778      ;
; 0.470 ; ID_EX:ID_EX_REG|reg_N:RS2_DATA_REG|dffg:\G_NBit_Reg:30:RegI|s_Q     ; EX_MEM:EX_MEM_REG|reg_N:RS2_DATA_REG|dffg:\G_NBit_Reg:30:RegI|s_Q   ; iCLK         ; iCLK        ; 0.000        ; 0.036      ; 0.590      ;
; 0.471 ; ID_EX:ID_EX_REG|reg_N:FUNC3_REG|dffg:\G_NBit_Reg:1:RegI|s_Q         ; EX_MEM:EX_MEM_REG|reg_N:FUNC3_REG|dffg:\G_NBit_Reg:1:RegI|s_Q       ; iCLK         ; iCLK        ; 0.000        ; 0.060      ; 0.615      ;
; 0.471 ; IF_ID:IF_ID_REG|reg_N:PC_REG|dffg:\G_NBit_Reg:20:RegI|s_Q           ; ID_EX:ID_EX_REG|reg_N:PC_REG|dffg:\G_NBit_Reg:20:RegI|s_Q           ; iCLK         ; iCLK        ; 0.000        ; 0.048      ; 0.603      ;
; 0.472 ; pcLogic:PC_LOGIC|reg_N:PC_Register|dffg:\G_NBit_Reg:0:RegI|s_Q      ; IF_ID:IF_ID_REG|reg_N:PC_REG|dffg:\G_NBit_Reg:0:RegI|s_Q            ; iCLK         ; iCLK        ; 0.000        ; 0.032      ; 0.588      ;
; 0.472 ; EX_MEM:EX_MEM_REG|reg_N:ALU_RESULT_REG|dffg:\G_NBit_Reg:2:RegI|s_Q  ; MEM_WB:MEM_WB_REG|reg_N:ALU_RESULT_REG|dffg:\G_NBit_Reg:2:RegI|s_Q  ; iCLK         ; iCLK        ; 0.000        ; 0.047      ; 0.603      ;
; 0.476 ; ID_EX:ID_EX_REG|reg_N:RS2_REG|dffg:\G_NBit_Reg:4:RegI|s_Q           ; EX_MEM:EX_MEM_REG|reg_N:RS2_DATA_REG|dffg:\G_NBit_Reg:0:RegI|s_Q    ; iCLK         ; iCLK        ; 0.000        ; 0.042      ; 0.602      ;
; 0.479 ; MEM_WB:MEM_WB_REG|reg_N:ALU_RESULT_REG|dffg:\G_NBit_Reg:2:RegI|s_Q  ; ID_EX:ID_EX_REG|reg_N:RS2_DATA_REG|dffg:\G_NBit_Reg:2:RegI|s_Q      ; iCLK         ; iCLK        ; 0.000        ; 0.265      ; 0.828      ;
; 0.482 ; MEM_WB:MEM_WB_REG|reg_N:ALU_RESULT_REG|dffg:\G_NBit_Reg:13:RegI|s_Q ; ID_EX:ID_EX_REG|reg_N:RS2_DATA_REG|dffg:\G_NBit_Reg:13:RegI|s_Q     ; iCLK         ; iCLK        ; 0.000        ; 0.248      ; 0.814      ;
; 0.483 ; IF_ID:IF_ID_REG|reg_N:PC_REG|dffg:\G_NBit_Reg:28:RegI|s_Q           ; ID_EX:ID_EX_REG|reg_N:PC_REG|dffg:\G_NBit_Reg:28:RegI|s_Q           ; iCLK         ; iCLK        ; 0.000        ; 0.038      ; 0.605      ;
; 0.484 ; EX_MEM:EX_MEM_REG|reg_N:RS2_DATA_REG|dffg:\G_NBit_Reg:18:RegI|s_Q   ; mem:DMem|ram~25277                                                  ; iCLK         ; iCLK        ; 0.000        ; 0.055      ; 0.623      ;
; 0.487 ; MEM_WB:MEM_WB_REG|reg_N:ALU_RESULT_REG|dffg:\G_NBit_Reg:28:RegI|s_Q ; ID_EX:ID_EX_REG|reg_N:RS2_DATA_REG|dffg:\G_NBit_Reg:28:RegI|s_Q     ; iCLK         ; iCLK        ; 0.000        ; 0.050      ; 0.621      ;
; 0.488 ; MEM_WB:MEM_WB_REG|reg_N:MEM_DATA_REG|dffg:\G_NBit_Reg:13:RegI|s_Q   ; ID_EX:ID_EX_REG|reg_N:RS2_DATA_REG|dffg:\G_NBit_Reg:13:RegI|s_Q     ; iCLK         ; iCLK        ; 0.000        ; 0.248      ; 0.820      ;
; 0.488 ; ID_EX:ID_EX_REG|reg_N:RS2_DATA_REG|dffg:\G_NBit_Reg:10:RegI|s_Q     ; EX_MEM:EX_MEM_REG|reg_N:RS2_DATA_REG|dffg:\G_NBit_Reg:10:RegI|s_Q   ; iCLK         ; iCLK        ; 0.000        ; -0.153     ; 0.419      ;
; 0.489 ; ID_EX:ID_EX_REG|reg_N:RS2_DATA_REG|dffg:\G_NBit_Reg:5:RegI|s_Q      ; EX_MEM:EX_MEM_REG|reg_N:RS2_DATA_REG|dffg:\G_NBit_Reg:5:RegI|s_Q    ; iCLK         ; iCLK        ; 0.000        ; -0.154     ; 0.419      ;
; 0.493 ; EX_MEM:EX_MEM_REG|reg_N:ALU_RESULT_REG|dffg:\G_NBit_Reg:7:RegI|s_Q  ; MEM_WB:MEM_WB_REG|reg_N:ALU_RESULT_REG|dffg:\G_NBit_Reg:7:RegI|s_Q  ; iCLK         ; iCLK        ; 0.000        ; 0.064      ; 0.641      ;
; 0.496 ; IF_ID:IF_ID_REG|reg_N:PC_REG|dffg:\G_NBit_Reg:12:RegI|s_Q           ; ID_EX:ID_EX_REG|reg_N:PC_REG|dffg:\G_NBit_Reg:12:RegI|s_Q           ; iCLK         ; iCLK        ; 0.000        ; 0.043      ; 0.623      ;
; 0.498 ; ID_EX:ID_EX_REG|reg_N:RS2_DATA_REG|dffg:\G_NBit_Reg:6:RegI|s_Q      ; EX_MEM:EX_MEM_REG|reg_N:RS2_DATA_REG|dffg:\G_NBit_Reg:6:RegI|s_Q    ; iCLK         ; iCLK        ; 0.000        ; 0.040      ; 0.622      ;
; 0.500 ; ID_EX:ID_EX_REG|dffg:HALT_REG|s_Q                                   ; EX_MEM:EX_MEM_REG|dffg:HALT_REG|s_Q                                 ; iCLK         ; iCLK        ; 0.000        ; 0.052      ; 0.636      ;
; 0.501 ; EX_MEM:EX_MEM_REG|reg_N:RS2_DATA_REG|dffg:\G_NBit_Reg:23:RegI|s_Q   ; mem:DMem|ram~25154                                                  ; iCLK         ; iCLK        ; 0.000        ; 0.055      ; 0.640      ;
; 0.501 ; EX_MEM:EX_MEM_REG|reg_N:RS2_DATA_REG|dffg:\G_NBit_Reg:23:RegI|s_Q   ; mem:DMem|ram~25282                                                  ; iCLK         ; iCLK        ; 0.000        ; 0.055      ; 0.640      ;
; 0.505 ; IF_ID:IF_ID_REG|reg_N:PC_REG|dffg:\G_NBit_Reg:14:RegI|s_Q           ; ID_EX:ID_EX_REG|reg_N:PC_REG|dffg:\G_NBit_Reg:14:RegI|s_Q           ; iCLK         ; iCLK        ; 0.000        ; -0.138     ; 0.451      ;
; 0.506 ; IF_ID:IF_ID_REG|reg_N:PC_REG|dffg:\G_NBit_Reg:2:RegI|s_Q            ; ID_EX:ID_EX_REG|reg_N:PC_REG|dffg:\G_NBit_Reg:2:RegI|s_Q            ; iCLK         ; iCLK        ; 0.000        ; -0.138     ; 0.452      ;
; 0.506 ; IF_ID:IF_ID_REG|reg_N:PC_REG|dffg:\G_NBit_Reg:15:RegI|s_Q           ; ID_EX:ID_EX_REG|reg_N:PC_REG|dffg:\G_NBit_Reg:15:RegI|s_Q           ; iCLK         ; iCLK        ; 0.000        ; -0.138     ; 0.452      ;
; 0.506 ; EX_MEM:EX_MEM_REG|reg_N:RS2_DATA_REG|dffg:\G_NBit_Reg:23:RegI|s_Q   ; mem:DMem|ram~32738                                                  ; iCLK         ; iCLK        ; 0.000        ; 0.042      ; 0.632      ;
; 0.507 ; pcLogic:PC_LOGIC|reg_N:PC_Register|dffg:\G_NBit_Reg:30:RegI|s_Q     ; pcLogic:PC_LOGIC|reg_N:PC_Register|dffg:\G_NBit_Reg:31:RegI|s_Q     ; iCLK         ; iCLK        ; 0.000        ; 0.049      ; 0.640      ;
; 0.507 ; EX_MEM:EX_MEM_REG|reg_N:RS2_DATA_REG|dffg:\G_NBit_Reg:18:RegI|s_Q   ; mem:DMem|ram~28541                                                  ; iCLK         ; iCLK        ; 0.000        ; 0.044      ; 0.635      ;
; 0.509 ; EX_MEM:EX_MEM_REG|reg_N:RS2_DATA_REG|dffg:\G_NBit_Reg:18:RegI|s_Q   ; mem:DMem|ram~26493                                                  ; iCLK         ; iCLK        ; 0.000        ; 0.044      ; 0.637      ;
; 0.510 ; ID_EX:ID_EX_REG|reg_N:RS2_DATA_REG|dffg:\G_NBit_Reg:2:RegI|s_Q      ; EX_MEM:EX_MEM_REG|reg_N:RS2_DATA_REG|dffg:\G_NBit_Reg:2:RegI|s_Q    ; iCLK         ; iCLK        ; 0.000        ; -0.153     ; 0.441      ;
; 0.510 ; ID_EX:ID_EX_REG|reg_N:RS2_DATA_REG|dffg:\G_NBit_Reg:3:RegI|s_Q      ; EX_MEM:EX_MEM_REG|reg_N:RS2_DATA_REG|dffg:\G_NBit_Reg:3:RegI|s_Q    ; iCLK         ; iCLK        ; 0.000        ; -0.153     ; 0.441      ;
; 0.510 ; EX_MEM:EX_MEM_REG|reg_N:RS2_DATA_REG|dffg:\G_NBit_Reg:23:RegI|s_Q   ; mem:DMem|ram~32482                                                  ; iCLK         ; iCLK        ; 0.000        ; 0.042      ; 0.636      ;
; 0.511 ; ID_EX:ID_EX_REG|reg_N:RS2_DATA_REG|dffg:\G_NBit_Reg:28:RegI|s_Q     ; EX_MEM:EX_MEM_REG|reg_N:RS2_DATA_REG|dffg:\G_NBit_Reg:28:RegI|s_Q   ; iCLK         ; iCLK        ; 0.000        ; -0.153     ; 0.442      ;
; 0.511 ; EX_MEM:EX_MEM_REG|reg_N:RS2_DATA_REG|dffg:\G_NBit_Reg:20:RegI|s_Q   ; mem:DMem|ram~32479                                                  ; iCLK         ; iCLK        ; 0.000        ; 0.039      ; 0.634      ;
; 0.512 ; ID_EX:ID_EX_REG|reg_N:RS2_DATA_REG|dffg:\G_NBit_Reg:22:RegI|s_Q     ; EX_MEM:EX_MEM_REG|reg_N:RS2_DATA_REG|dffg:\G_NBit_Reg:22:RegI|s_Q   ; iCLK         ; iCLK        ; 0.000        ; -0.153     ; 0.443      ;
; 0.512 ; ID_EX:ID_EX_REG|reg_N:RS2_DATA_REG|dffg:\G_NBit_Reg:15:RegI|s_Q     ; EX_MEM:EX_MEM_REG|reg_N:RS2_DATA_REG|dffg:\G_NBit_Reg:15:RegI|s_Q   ; iCLK         ; iCLK        ; 0.000        ; -0.153     ; 0.443      ;
; 0.513 ; ID_EX:ID_EX_REG|dffg:BRANCH_REG|s_Q                                 ; IF_ID:IF_ID_REG|reg_N:PC_REG|dffg:\G_NBit_Reg:10:RegI|s_Q           ; iCLK         ; iCLK        ; 0.000        ; 0.249      ; 0.846      ;
; 0.513 ; pcLogic:PC_LOGIC|reg_N:PC_Register|dffg:\G_NBit_Reg:23:RegI|s_Q     ; pcLogic:PC_LOGIC|reg_N:PC_Register|dffg:\G_NBit_Reg:23:RegI|s_Q     ; iCLK         ; iCLK        ; 0.000        ; 0.048      ; 0.645      ;
; 0.514 ; IF_ID:IF_ID_REG|reg_N:INST_REG|dffg:\G_NBit_Reg:9:RegI|s_Q          ; ID_EX:ID_EX_REG|reg_N:RD_REG|dffg:\G_NBit_Reg:2:RegI|s_Q            ; iCLK         ; iCLK        ; 0.000        ; -0.153     ; 0.445      ;
; 0.515 ; pcLogic:PC_LOGIC|reg_N:PC_Register|dffg:\G_NBit_Reg:8:RegI|s_Q      ; pcLogic:PC_LOGIC|reg_N:PC_Register|dffg:\G_NBit_Reg:8:RegI|s_Q      ; iCLK         ; iCLK        ; 0.000        ; 0.050      ; 0.649      ;
; 0.516 ; EX_MEM:EX_MEM_REG|reg_N:RS2_DATA_REG|dffg:\G_NBit_Reg:14:RegI|s_Q   ; mem:DMem|ram~32345                                                  ; iCLK         ; iCLK        ; 0.000        ; 0.037      ; 0.637      ;
; 0.517 ; MEM_WB:MEM_WB_REG|reg_N:ALU_RESULT_REG|dffg:\G_NBit_Reg:23:RegI|s_Q ; ID_EX:ID_EX_REG|reg_N:RS2_DATA_REG|dffg:\G_NBit_Reg:23:RegI|s_Q     ; iCLK         ; iCLK        ; 0.000        ; 0.254      ; 0.855      ;
; 0.517 ; EX_MEM:EX_MEM_REG|reg_N:RS2_DATA_REG|dffg:\G_NBit_Reg:14:RegI|s_Q   ; mem:DMem|ram~32601                                                  ; iCLK         ; iCLK        ; 0.000        ; 0.037      ; 0.638      ;
; 0.518 ; EX_MEM:EX_MEM_REG|reg_N:RS2_DATA_REG|dffg:\G_NBit_Reg:20:RegI|s_Q   ; mem:DMem|ram~32735                                                  ; iCLK         ; iCLK        ; 0.000        ; 0.039      ; 0.641      ;
; 0.519 ; pcLogic:PC_LOGIC|reg_N:PC_Register|dffg:\G_NBit_Reg:6:RegI|s_Q      ; pcLogic:PC_LOGIC|reg_N:PC_Register|dffg:\G_NBit_Reg:6:RegI|s_Q      ; iCLK         ; iCLK        ; 0.000        ; 0.050      ; 0.653      ;
; 0.520 ; pcLogic:PC_LOGIC|reg_N:PC_Register|dffg:\G_NBit_Reg:10:RegI|s_Q     ; pcLogic:PC_LOGIC|reg_N:PC_Register|dffg:\G_NBit_Reg:10:RegI|s_Q     ; iCLK         ; iCLK        ; 0.000        ; 0.050      ; 0.654      ;
; 0.522 ; pcLogic:PC_LOGIC|reg_N:PC_Register|dffg:\G_NBit_Reg:6:RegI|s_Q      ; pcLogic:PC_LOGIC|reg_N:PC_Register|dffg:\G_NBit_Reg:7:RegI|s_Q      ; iCLK         ; iCLK        ; 0.000        ; 0.050      ; 0.656      ;
; 0.523 ; pcLogic:PC_LOGIC|reg_N:PC_Register|dffg:\G_NBit_Reg:19:RegI|s_Q     ; IF_ID:IF_ID_REG|reg_N:PC_REG|dffg:\G_NBit_Reg:19:RegI|s_Q           ; iCLK         ; iCLK        ; 0.000        ; 0.048      ; 0.655      ;
; 0.523 ; EX_MEM:EX_MEM_REG|reg_N:RS2_DATA_REG|dffg:\G_NBit_Reg:18:RegI|s_Q   ; mem:DMem|ram~30589                                                  ; iCLK         ; iCLK        ; 0.000        ; 0.035      ; 0.642      ;
; 0.524 ; EX_MEM:EX_MEM_REG|reg_N:RS2_DATA_REG|dffg:\G_NBit_Reg:18:RegI|s_Q   ; mem:DMem|ram~32637                                                  ; iCLK         ; iCLK        ; 0.000        ; 0.035      ; 0.643      ;
; 0.524 ; EX_MEM:EX_MEM_REG|reg_N:RD_REG|dffg:\G_NBit_Reg:4:RegI|s_Q          ; EX_MEM:EX_MEM_REG|reg_N:RS2_DATA_REG|dffg:\G_NBit_Reg:0:RegI|s_Q    ; iCLK         ; iCLK        ; 0.000        ; 0.044      ; 0.652      ;
; 0.527 ; pcLogic:PC_LOGIC|reg_N:PC_Register|dffg:\G_NBit_Reg:18:RegI|s_Q     ; pcLogic:PC_LOGIC|reg_N:PC_Register|dffg:\G_NBit_Reg:19:RegI|s_Q     ; iCLK         ; iCLK        ; 0.000        ; 0.041      ; 0.652      ;
; 0.527 ; EX_MEM:EX_MEM_REG|reg_N:RS2_DATA_REG|dffg:\G_NBit_Reg:23:RegI|s_Q   ; mem:DMem|ram~6882                                                   ; iCLK         ; iCLK        ; 0.000        ; 0.038      ; 0.649      ;
; 0.532 ; ID_EX:ID_EX_REG|reg_N:RS2_DATA_REG|dffg:\G_NBit_Reg:7:RegI|s_Q      ; EX_MEM:EX_MEM_REG|reg_N:RS2_DATA_REG|dffg:\G_NBit_Reg:7:RegI|s_Q    ; iCLK         ; iCLK        ; 0.000        ; -0.167     ; 0.449      ;
; 0.538 ; MEM_WB:MEM_WB_REG|reg_N:ALU_RESULT_REG|dffg:\G_NBit_Reg:8:RegI|s_Q  ; ID_EX:ID_EX_REG|reg_N:RS2_DATA_REG|dffg:\G_NBit_Reg:8:RegI|s_Q      ; iCLK         ; iCLK        ; 0.000        ; 0.038      ; 0.660      ;
; 0.539 ; MEM_WB:MEM_WB_REG|reg_N:ALU_RESULT_REG|dffg:\G_NBit_Reg:29:RegI|s_Q ; ID_EX:ID_EX_REG|reg_N:RS1_DATA_REG|dffg:\G_NBit_Reg:29:RegI|s_Q     ; iCLK         ; iCLK        ; 0.000        ; 0.223      ; 0.846      ;
; 0.540 ; EX_MEM:EX_MEM_REG|reg_N:FUNC3_REG|dffg:\G_NBit_Reg:2:RegI|s_Q       ; MEM_WB:MEM_WB_REG|reg_N:MEM_DATA_REG|dffg:\G_NBit_Reg:16:RegI|s_Q   ; iCLK         ; iCLK        ; 0.000        ; 0.063      ; 0.687      ;
; 0.540 ; EX_MEM:EX_MEM_REG|reg_N:FUNC3_REG|dffg:\G_NBit_Reg:2:RegI|s_Q       ; MEM_WB:MEM_WB_REG|reg_N:MEM_DATA_REG|dffg:\G_NBit_Reg:21:RegI|s_Q   ; iCLK         ; iCLK        ; 0.000        ; 0.063      ; 0.687      ;
; 0.540 ; pcLogic:PC_LOGIC|reg_N:PC_Register|dffg:\G_NBit_Reg:28:RegI|s_Q     ; pcLogic:PC_LOGIC|reg_N:PC_Register|dffg:\G_NBit_Reg:29:RegI|s_Q     ; iCLK         ; iCLK        ; 0.000        ; 0.050      ; 0.674      ;
; 0.544 ; pcLogic:PC_LOGIC|reg_N:PC_Register|dffg:\G_NBit_Reg:31:RegI|s_Q     ; pcLogic:PC_LOGIC|reg_N:PC_Register|dffg:\G_NBit_Reg:31:RegI|s_Q     ; iCLK         ; iCLK        ; 0.000        ; 0.049      ; 0.677      ;
; 0.546 ; EX_MEM:EX_MEM_REG|reg_N:ALU_RESULT_REG|dffg:\G_NBit_Reg:6:RegI|s_Q  ; EX_MEM:EX_MEM_REG|reg_N:RS2_DATA_REG|dffg:\G_NBit_Reg:6:RegI|s_Q    ; iCLK         ; iCLK        ; 0.000        ; 0.049      ; 0.679      ;
; 0.549 ; pcLogic:PC_LOGIC|reg_N:PC_Register|dffg:\G_NBit_Reg:7:RegI|s_Q      ; pcLogic:PC_LOGIC|reg_N:PC_Register|dffg:\G_NBit_Reg:7:RegI|s_Q      ; iCLK         ; iCLK        ; 0.000        ; 0.050      ; 0.683      ;
; 0.549 ; ID_EX:ID_EX_REG|reg_N:RS2_DATA_REG|dffg:\G_NBit_Reg:19:RegI|s_Q     ; EX_MEM:EX_MEM_REG|reg_N:RS2_DATA_REG|dffg:\G_NBit_Reg:19:RegI|s_Q   ; iCLK         ; iCLK        ; 0.000        ; 0.028      ; 0.661      ;
; 0.550 ; ID_EX:ID_EX_REG|dffg:BRANCH_REG|s_Q                                 ; IF_ID:IF_ID_REG|reg_N:PC_REG|dffg:\G_NBit_Reg:23:RegI|s_Q           ; iCLK         ; iCLK        ; 0.000        ; 0.249      ; 0.883      ;
; 0.550 ; ID_EX:ID_EX_REG|dffg:BRANCH_REG|s_Q                                 ; IF_ID:IF_ID_REG|reg_N:PC_REG|dffg:\G_NBit_Reg:14:RegI|s_Q           ; iCLK         ; iCLK        ; 0.000        ; 0.249      ; 0.883      ;
; 0.550 ; ID_EX:ID_EX_REG|dffg:BRANCH_REG|s_Q                                 ; IF_ID:IF_ID_REG|reg_N:PC_REG|dffg:\G_NBit_Reg:31:RegI|s_Q           ; iCLK         ; iCLK        ; 0.000        ; 0.249      ; 0.883      ;
; 0.551 ; pcLogic:PC_LOGIC|reg_N:PC_Register|dffg:\G_NBit_Reg:23:RegI|s_Q     ; IF_ID:IF_ID_REG|reg_N:PC_REG|dffg:\G_NBit_Reg:23:RegI|s_Q           ; iCLK         ; iCLK        ; 0.000        ; 0.052      ; 0.687      ;
; 0.551 ; IF_ID:IF_ID_REG|reg_N:PC_REG|dffg:\G_NBit_Reg:16:RegI|s_Q           ; ID_EX:ID_EX_REG|reg_N:PC_REG|dffg:\G_NBit_Reg:16:RegI|s_Q           ; iCLK         ; iCLK        ; 0.000        ; 0.039      ; 0.674      ;
; 0.554 ; EX_MEM:EX_MEM_REG|reg_N:RS2_DATA_REG|dffg:\G_NBit_Reg:14:RegI|s_Q   ; mem:DMem|ram~26489                                                  ; iCLK         ; iCLK        ; 0.000        ; 0.042      ; 0.680      ;
; 0.555 ; pcLogic:PC_LOGIC|reg_N:PC_Register|dffg:\G_NBit_Reg:17:RegI|s_Q     ; IF_ID:IF_ID_REG|reg_N:PC_REG|dffg:\G_NBit_Reg:17:RegI|s_Q           ; iCLK         ; iCLK        ; 0.000        ; 0.046      ; 0.685      ;
+-------+---------------------------------------------------------------------+---------------------------------------------------------------------+--------------+-------------+--------------+------------+------------+


----------------------------------------------
; Fast 1200mV 0C Model Metastability Summary ;
----------------------------------------------
No synchronizer chains to report.


+--------------------------------------------------------------------------------+
; Multicorner Timing Analysis Summary                                            ;
+------------------+----------+-------+----------+---------+---------------------+
; Clock            ; Setup    ; Hold  ; Recovery ; Removal ; Minimum Pulse Width ;
+------------------+----------+-------+----------+---------+---------------------+
; Worst-case Slack ; -3.682   ; 0.182 ; N/A      ; N/A     ; 9.408               ;
;  iCLK            ; -3.682   ; 0.182 ; N/A      ; N/A     ; 9.408               ;
; Design-wide TNS  ; -635.265 ; 0.0   ; 0.0      ; 0.0     ; 0.0                 ;
;  iCLK            ; -635.265 ; 0.000 ; N/A      ; N/A     ; 0.000               ;
+------------------+----------+-------+----------+---------+---------------------+


+------------------------------------------------------------------------------------------------------------------------------------------------------------------------------------------------------------------------------------------------------------------------------------------------------------------------------------------------------------------------------------------------------------------+
; Board Trace Model Assignments                                                                                                                                                                                                                                                                                                                                                                                    ;
+---------------+--------------+-------------------+-------------------------+-------------------------+---------------+---------------------+----------------+------------------+--------+------------------+------------------------+------------------------+--------------+---------------+-----------------+-------+---------------------+--------------------+---------------+-----------------+-------------+
; Pin           ; I/O Standard ; Near Tline Length ; Near Tline L per Length ; Near Tline C per Length ; Near Series R ; Near Differential R ; Near Pull-up R ; Near Pull-down R ; Near C ; Far Tline Length ; Far Tline L per Length ; Far Tline C per Length ; Far Series R ; Far Pull-up R ; Far Pull-down R ; Far C ; Termination Voltage ; Far Differential R ; EBD File Name ; EBD Signal Name ; EBD Far-end ;
+---------------+--------------+-------------------+-------------------------+-------------------------+---------------+---------------------+----------------+------------------+--------+------------------+------------------------+------------------------+--------------+---------------+-----------------+-------+---------------------+--------------------+---------------+-----------------+-------------+
; oALUOut[0]    ; 2.5 V        ; 0 in              ; 0 H/in                  ; 0 F/in                  ; short         ; -                   ; open           ; open             ; open   ; 0 in             ; 0 H/in                 ; 0 F/in                 ; short        ; open          ; open            ; open  ; 0 V                 ; -                  ; n/a           ; n/a             ; n/a         ;
; oALUOut[1]    ; 2.5 V        ; 0 in              ; 0 H/in                  ; 0 F/in                  ; short         ; -                   ; open           ; open             ; open   ; 0 in             ; 0 H/in                 ; 0 F/in                 ; short        ; open          ; open            ; open  ; 0 V                 ; -                  ; n/a           ; n/a             ; n/a         ;
; oALUOut[2]    ; 2.5 V        ; 0 in              ; 0 H/in                  ; 0 F/in                  ; short         ; -                   ; open           ; open             ; open   ; 0 in             ; 0 H/in                 ; 0 F/in                 ; short        ; open          ; open            ; open  ; 0 V                 ; -                  ; n/a           ; n/a             ; n/a         ;
; oALUOut[3]    ; 2.5 V        ; 0 in              ; 0 H/in                  ; 0 F/in                  ; short         ; -                   ; open           ; open             ; open   ; 0 in             ; 0 H/in                 ; 0 F/in                 ; short        ; open          ; open            ; open  ; 0 V                 ; -                  ; n/a           ; n/a             ; n/a         ;
; oALUOut[4]    ; 2.5 V        ; 0 in              ; 0 H/in                  ; 0 F/in                  ; short         ; -                   ; open           ; open             ; open   ; 0 in             ; 0 H/in                 ; 0 F/in                 ; short        ; open          ; open            ; open  ; 0 V                 ; -                  ; n/a           ; n/a             ; n/a         ;
; oALUOut[5]    ; 2.5 V        ; 0 in              ; 0 H/in                  ; 0 F/in                  ; short         ; -                   ; open           ; open             ; open   ; 0 in             ; 0 H/in                 ; 0 F/in                 ; short        ; open          ; open            ; open  ; 0 V                 ; -                  ; n/a           ; n/a             ; n/a         ;
; oALUOut[6]    ; 2.5 V        ; 0 in              ; 0 H/in                  ; 0 F/in                  ; short         ; -                   ; open           ; open             ; open   ; 0 in             ; 0 H/in                 ; 0 F/in                 ; short        ; open          ; open            ; open  ; 0 V                 ; -                  ; n/a           ; n/a             ; n/a         ;
; oALUOut[7]    ; 2.5 V        ; 0 in              ; 0 H/in                  ; 0 F/in                  ; short         ; -                   ; open           ; open             ; open   ; 0 in             ; 0 H/in                 ; 0 F/in                 ; short        ; open          ; open            ; open  ; 0 V                 ; -                  ; n/a           ; n/a             ; n/a         ;
; oALUOut[8]    ; 2.5 V        ; 0 in              ; 0 H/in                  ; 0 F/in                  ; short         ; -                   ; open           ; open             ; open   ; 0 in             ; 0 H/in                 ; 0 F/in                 ; short        ; open          ; open            ; open  ; 0 V                 ; -                  ; n/a           ; n/a             ; n/a         ;
; oALUOut[9]    ; 2.5 V        ; 0 in              ; 0 H/in                  ; 0 F/in                  ; short         ; -                   ; open           ; open             ; open   ; 0 in             ; 0 H/in                 ; 0 F/in                 ; short        ; open          ; open            ; open  ; 0 V                 ; -                  ; n/a           ; n/a             ; n/a         ;
; oALUOut[10]   ; 2.5 V        ; 0 in              ; 0 H/in                  ; 0 F/in                  ; short         ; -                   ; open           ; open             ; open   ; 0 in             ; 0 H/in                 ; 0 F/in                 ; short        ; open          ; open            ; open  ; 0 V                 ; -                  ; n/a           ; n/a             ; n/a         ;
; oALUOut[11]   ; 2.5 V        ; 0 in              ; 0 H/in                  ; 0 F/in                  ; short         ; -                   ; open           ; open             ; open   ; 0 in             ; 0 H/in                 ; 0 F/in                 ; short        ; open          ; open            ; open  ; 0 V                 ; -                  ; n/a           ; n/a             ; n/a         ;
; oALUOut[12]   ; 2.5 V        ; 0 in              ; 0 H/in                  ; 0 F/in                  ; short         ; -                   ; open           ; open             ; open   ; 0 in             ; 0 H/in                 ; 0 F/in                 ; short        ; open          ; open            ; open  ; 0 V                 ; -                  ; n/a           ; n/a             ; n/a         ;
; oALUOut[13]   ; 2.5 V        ; 0 in              ; 0 H/in                  ; 0 F/in                  ; short         ; -                   ; open           ; open             ; open   ; 0 in             ; 0 H/in                 ; 0 F/in                 ; short        ; open          ; open            ; open  ; 0 V                 ; -                  ; n/a           ; n/a             ; n/a         ;
; oALUOut[14]   ; 2.5 V        ; 0 in              ; 0 H/in                  ; 0 F/in                  ; short         ; -                   ; open           ; open             ; open   ; 0 in             ; 0 H/in                 ; 0 F/in                 ; short        ; open          ; open            ; open  ; 0 V                 ; -                  ; n/a           ; n/a             ; n/a         ;
; oALUOut[15]   ; 2.5 V        ; 0 in              ; 0 H/in                  ; 0 F/in                  ; short         ; -                   ; open           ; open             ; open   ; 0 in             ; 0 H/in                 ; 0 F/in                 ; short        ; open          ; open            ; open  ; 0 V                 ; -                  ; n/a           ; n/a             ; n/a         ;
; oALUOut[16]   ; 2.5 V        ; 0 in              ; 0 H/in                  ; 0 F/in                  ; short         ; -                   ; open           ; open             ; open   ; 0 in             ; 0 H/in                 ; 0 F/in                 ; short        ; open          ; open            ; open  ; 0 V                 ; -                  ; n/a           ; n/a             ; n/a         ;
; oALUOut[17]   ; 2.5 V        ; 0 in              ; 0 H/in                  ; 0 F/in                  ; short         ; -                   ; open           ; open             ; open   ; 0 in             ; 0 H/in                 ; 0 F/in                 ; short        ; open          ; open            ; open  ; 0 V                 ; -                  ; n/a           ; n/a             ; n/a         ;
; oALUOut[18]   ; 2.5 V        ; 0 in              ; 0 H/in                  ; 0 F/in                  ; short         ; -                   ; open           ; open             ; open   ; 0 in             ; 0 H/in                 ; 0 F/in                 ; short        ; open          ; open            ; open  ; 0 V                 ; -                  ; n/a           ; n/a             ; n/a         ;
; oALUOut[19]   ; 2.5 V        ; 0 in              ; 0 H/in                  ; 0 F/in                  ; short         ; -                   ; open           ; open             ; open   ; 0 in             ; 0 H/in                 ; 0 F/in                 ; short        ; open          ; open            ; open  ; 0 V                 ; -                  ; n/a           ; n/a             ; n/a         ;
; oALUOut[20]   ; 2.5 V        ; 0 in              ; 0 H/in                  ; 0 F/in                  ; short         ; -                   ; open           ; open             ; open   ; 0 in             ; 0 H/in                 ; 0 F/in                 ; short        ; open          ; open            ; open  ; 0 V                 ; -                  ; n/a           ; n/a             ; n/a         ;
; oALUOut[21]   ; 2.5 V        ; 0 in              ; 0 H/in                  ; 0 F/in                  ; short         ; -                   ; open           ; open             ; open   ; 0 in             ; 0 H/in                 ; 0 F/in                 ; short        ; open          ; open            ; open  ; 0 V                 ; -                  ; n/a           ; n/a             ; n/a         ;
; oALUOut[22]   ; 2.5 V        ; 0 in              ; 0 H/in                  ; 0 F/in                  ; short         ; -                   ; open           ; open             ; open   ; 0 in             ; 0 H/in                 ; 0 F/in                 ; short        ; open          ; open            ; open  ; 0 V                 ; -                  ; n/a           ; n/a             ; n/a         ;
; oALUOut[23]   ; 2.5 V        ; 0 in              ; 0 H/in                  ; 0 F/in                  ; short         ; -                   ; open           ; open             ; open   ; 0 in             ; 0 H/in                 ; 0 F/in                 ; short        ; open          ; open            ; open  ; 0 V                 ; -                  ; n/a           ; n/a             ; n/a         ;
; oALUOut[24]   ; 2.5 V        ; 0 in              ; 0 H/in                  ; 0 F/in                  ; short         ; -                   ; open           ; open             ; open   ; 0 in             ; 0 H/in                 ; 0 F/in                 ; short        ; open          ; open            ; open  ; 0 V                 ; -                  ; n/a           ; n/a             ; n/a         ;
; oALUOut[25]   ; 2.5 V        ; 0 in              ; 0 H/in                  ; 0 F/in                  ; short         ; -                   ; open           ; open             ; open   ; 0 in             ; 0 H/in                 ; 0 F/in                 ; short        ; open          ; open            ; open  ; 0 V                 ; -                  ; n/a           ; n/a             ; n/a         ;
; oALUOut[26]   ; 2.5 V        ; 0 in              ; 0 H/in                  ; 0 F/in                  ; short         ; -                   ; open           ; open             ; open   ; 0 in             ; 0 H/in                 ; 0 F/in                 ; short        ; open          ; open            ; open  ; 0 V                 ; -                  ; n/a           ; n/a             ; n/a         ;
; oALUOut[27]   ; 2.5 V        ; 0 in              ; 0 H/in                  ; 0 F/in                  ; short         ; -                   ; open           ; open             ; open   ; 0 in             ; 0 H/in                 ; 0 F/in                 ; short        ; open          ; open            ; open  ; 0 V                 ; -                  ; n/a           ; n/a             ; n/a         ;
; oALUOut[28]   ; 2.5 V        ; 0 in              ; 0 H/in                  ; 0 F/in                  ; short         ; -                   ; open           ; open             ; open   ; 0 in             ; 0 H/in                 ; 0 F/in                 ; short        ; open          ; open            ; open  ; 0 V                 ; -                  ; n/a           ; n/a             ; n/a         ;
; oALUOut[29]   ; 2.5 V        ; 0 in              ; 0 H/in                  ; 0 F/in                  ; short         ; -                   ; open           ; open             ; open   ; 0 in             ; 0 H/in                 ; 0 F/in                 ; short        ; open          ; open            ; open  ; 0 V                 ; -                  ; n/a           ; n/a             ; n/a         ;
; oALUOut[30]   ; 2.5 V        ; 0 in              ; 0 H/in                  ; 0 F/in                  ; short         ; -                   ; open           ; open             ; open   ; 0 in             ; 0 H/in                 ; 0 F/in                 ; short        ; open          ; open            ; open  ; 0 V                 ; -                  ; n/a           ; n/a             ; n/a         ;
; oALUOut[31]   ; 2.5 V        ; 0 in              ; 0 H/in                  ; 0 F/in                  ; short         ; -                   ; open           ; open             ; open   ; 0 in             ; 0 H/in                 ; 0 F/in                 ; short        ; open          ; open            ; open  ; 0 V                 ; -                  ; n/a           ; n/a             ; n/a         ;
; ~ALTERA_DCLK~ ; 2.5 V        ; 0 in              ; 0 H/in                  ; 0 F/in                  ; short         ; -                   ; open           ; open             ; open   ; 0 in             ; 0 H/in                 ; 0 F/in                 ; short        ; open          ; open            ; open  ; 0 V                 ; -                  ; n/a           ; n/a             ; n/a         ;
; ~ALTERA_nCEO~ ; 2.5 V        ; 0 in              ; 0 H/in                  ; 0 F/in                  ; short         ; -                   ; open           ; open             ; open   ; 0 in             ; 0 H/in                 ; 0 F/in                 ; short        ; open          ; open            ; open  ; 0 V                 ; -                  ; n/a           ; n/a             ; n/a         ;
+---------------+--------------+-------------------+-------------------------+-------------------------+---------------+---------------------+----------------+------------------+--------+------------------+------------------------+------------------------+--------------+---------------+-----------------+-------+---------------------+--------------------+---------------+-----------------+-------------+


+----------------------------------------------------------------------------+
; Input Transition Times                                                     ;
+-------------------------+--------------+-----------------+-----------------+
; Pin                     ; I/O Standard ; 10-90 Rise Time ; 90-10 Fall Time ;
+-------------------------+--------------+-----------------+-----------------+
; iInstAddr[0]            ; 2.5 V        ; 2000 ps         ; 2000 ps         ;
; iInstAddr[1]            ; 2.5 V        ; 2000 ps         ; 2000 ps         ;
; iInstAddr[12]           ; 2.5 V        ; 2000 ps         ; 2000 ps         ;
; iInstAddr[13]           ; 2.5 V        ; 2000 ps         ; 2000 ps         ;
; iInstAddr[14]           ; 2.5 V        ; 2000 ps         ; 2000 ps         ;
; iInstAddr[15]           ; 2.5 V        ; 2000 ps         ; 2000 ps         ;
; iInstAddr[16]           ; 2.5 V        ; 2000 ps         ; 2000 ps         ;
; iInstAddr[17]           ; 2.5 V        ; 2000 ps         ; 2000 ps         ;
; iInstAddr[18]           ; 2.5 V        ; 2000 ps         ; 2000 ps         ;
; iInstAddr[19]           ; 2.5 V        ; 2000 ps         ; 2000 ps         ;
; iInstAddr[20]           ; 2.5 V        ; 2000 ps         ; 2000 ps         ;
; iInstAddr[21]           ; 2.5 V        ; 2000 ps         ; 2000 ps         ;
; iInstAddr[22]           ; 2.5 V        ; 2000 ps         ; 2000 ps         ;
; iInstAddr[23]           ; 2.5 V        ; 2000 ps         ; 2000 ps         ;
; iInstAddr[24]           ; 2.5 V        ; 2000 ps         ; 2000 ps         ;
; iInstAddr[25]           ; 2.5 V        ; 2000 ps         ; 2000 ps         ;
; iInstAddr[26]           ; 2.5 V        ; 2000 ps         ; 2000 ps         ;
; iInstAddr[27]           ; 2.5 V        ; 2000 ps         ; 2000 ps         ;
; iInstAddr[28]           ; 2.5 V        ; 2000 ps         ; 2000 ps         ;
; iInstAddr[29]           ; 2.5 V        ; 2000 ps         ; 2000 ps         ;
; iInstAddr[30]           ; 2.5 V        ; 2000 ps         ; 2000 ps         ;
; iInstAddr[31]           ; 2.5 V        ; 2000 ps         ; 2000 ps         ;
; iCLK                    ; 2.5 V        ; 2000 ps         ; 2000 ps         ;
; iRST                    ; 2.5 V        ; 2000 ps         ; 2000 ps         ;
; iInstAddr[8]            ; 2.5 V        ; 2000 ps         ; 2000 ps         ;
; iInstLd                 ; 2.5 V        ; 2000 ps         ; 2000 ps         ;
; iInstAddr[9]            ; 2.5 V        ; 2000 ps         ; 2000 ps         ;
; iInstAddr[5]            ; 2.5 V        ; 2000 ps         ; 2000 ps         ;
; iInstAddr[4]            ; 2.5 V        ; 2000 ps         ; 2000 ps         ;
; iInstAddr[7]            ; 2.5 V        ; 2000 ps         ; 2000 ps         ;
; iInstAddr[6]            ; 2.5 V        ; 2000 ps         ; 2000 ps         ;
; iInstAddr[2]            ; 2.5 V        ; 2000 ps         ; 2000 ps         ;
; iInstAddr[3]            ; 2.5 V        ; 2000 ps         ; 2000 ps         ;
; iInstAddr[10]           ; 2.5 V        ; 2000 ps         ; 2000 ps         ;
; iInstAddr[11]           ; 2.5 V        ; 2000 ps         ; 2000 ps         ;
; iInstExt[30]            ; 2.5 V        ; 2000 ps         ; 2000 ps         ;
; iInstExt[5]             ; 2.5 V        ; 2000 ps         ; 2000 ps         ;
; iInstExt[2]             ; 2.5 V        ; 2000 ps         ; 2000 ps         ;
; iInstExt[6]             ; 2.5 V        ; 2000 ps         ; 2000 ps         ;
; iInstExt[4]             ; 2.5 V        ; 2000 ps         ; 2000 ps         ;
; iInstExt[0]             ; 2.5 V        ; 2000 ps         ; 2000 ps         ;
; iInstExt[1]             ; 2.5 V        ; 2000 ps         ; 2000 ps         ;
; iInstExt[3]             ; 2.5 V        ; 2000 ps         ; 2000 ps         ;
; iInstExt[14]            ; 2.5 V        ; 2000 ps         ; 2000 ps         ;
; iInstExt[12]            ; 2.5 V        ; 2000 ps         ; 2000 ps         ;
; iInstExt[13]            ; 2.5 V        ; 2000 ps         ; 2000 ps         ;
; iInstExt[28]            ; 2.5 V        ; 2000 ps         ; 2000 ps         ;
; iInstExt[29]            ; 2.5 V        ; 2000 ps         ; 2000 ps         ;
; iInstExt[25]            ; 2.5 V        ; 2000 ps         ; 2000 ps         ;
; iInstExt[26]            ; 2.5 V        ; 2000 ps         ; 2000 ps         ;
; iInstExt[27]            ; 2.5 V        ; 2000 ps         ; 2000 ps         ;
; iInstExt[31]            ; 2.5 V        ; 2000 ps         ; 2000 ps         ;
; iInstExt[21]            ; 2.5 V        ; 2000 ps         ; 2000 ps         ;
; iInstExt[20]            ; 2.5 V        ; 2000 ps         ; 2000 ps         ;
; iInstExt[23]            ; 2.5 V        ; 2000 ps         ; 2000 ps         ;
; iInstExt[22]            ; 2.5 V        ; 2000 ps         ; 2000 ps         ;
; iInstExt[24]            ; 2.5 V        ; 2000 ps         ; 2000 ps         ;
; iInstExt[16]            ; 2.5 V        ; 2000 ps         ; 2000 ps         ;
; iInstExt[15]            ; 2.5 V        ; 2000 ps         ; 2000 ps         ;
; iInstExt[18]            ; 2.5 V        ; 2000 ps         ; 2000 ps         ;
; iInstExt[17]            ; 2.5 V        ; 2000 ps         ; 2000 ps         ;
; iInstExt[19]            ; 2.5 V        ; 2000 ps         ; 2000 ps         ;
; iInstExt[8]             ; 2.5 V        ; 2000 ps         ; 2000 ps         ;
; iInstExt[7]             ; 2.5 V        ; 2000 ps         ; 2000 ps         ;
; iInstExt[9]             ; 2.5 V        ; 2000 ps         ; 2000 ps         ;
; iInstExt[11]            ; 2.5 V        ; 2000 ps         ; 2000 ps         ;
; iInstExt[10]            ; 2.5 V        ; 2000 ps         ; 2000 ps         ;
; ~ALTERA_ASDO_DATA1~     ; 2.5 V        ; 2000 ps         ; 2000 ps         ;
; ~ALTERA_FLASH_nCE_nCSO~ ; 2.5 V        ; 2000 ps         ; 2000 ps         ;
; ~ALTERA_DATA0~          ; 2.5 V        ; 2000 ps         ; 2000 ps         ;
+-------------------------+--------------+-----------------+-----------------+


+--------------------------------------------------------------------------------------------------------------------------------------------------------------------------------------------------------------------------------------------------------------------------------------------------------------------------------------------------------------------------------------------------------------------------------------------------------------------------------------------------------------------------------------------------------------------------------------------------------------------------------------------------------------------------------------------+
; Signal Integrity Metrics (Slow 1200mv 0c Model)                                                                                                                                                                                                                                                                                                                                                                                                                                                                                                                                                                                                                                            ;
+---------------+--------------+---------------------+---------------------+------------------------------+------------------------------+---------------------+---------------------+--------------------------------------+--------------------------------------+-----------------------------+-----------------------------+----------------------------+----------------------------+-----------------------------+-----------------------------+--------------------+--------------------+-------------------------------------+-------------------------------------+----------------------------+----------------------------+---------------------------+---------------------------+
; Pin           ; I/O Standard ; Board Delay on Rise ; Board Delay on Fall ; Steady State Voh at FPGA Pin ; Steady State Vol at FPGA Pin ; Voh Max at FPGA Pin ; Vol Min at FPGA Pin ; Ringback Voltage on Rise at FPGA Pin ; Ringback Voltage on Fall at FPGA Pin ; 10-90 Rise Time at FPGA Pin ; 90-10 Fall Time at FPGA Pin ; Monotonic Rise at FPGA Pin ; Monotonic Fall at FPGA Pin ; Steady State Voh at Far-end ; Steady State Vol at Far-end ; Voh Max at Far-end ; Vol Min at Far-end ; Ringback Voltage on Rise at Far-end ; Ringback Voltage on Fall at Far-end ; 10-90 Rise Time at Far-end ; 90-10 Fall Time at Far-end ; Monotonic Rise at Far-end ; Monotonic Fall at Far-end ;
+---------------+--------------+---------------------+---------------------+------------------------------+------------------------------+---------------------+---------------------+--------------------------------------+--------------------------------------+-----------------------------+-----------------------------+----------------------------+----------------------------+-----------------------------+-----------------------------+--------------------+--------------------+-------------------------------------+-------------------------------------+----------------------------+----------------------------+---------------------------+---------------------------+
; oALUOut[0]    ; 2.5 V        ; 0 s                 ; 0 s                 ; 2.32 V                       ; 3.07e-09 V                   ; 2.37 V              ; -0.00994 V          ; 0.186 V                              ; 0.028 V                              ; 4.98e-10 s                  ; 4.96e-10 s                  ; Yes                        ; Yes                        ; 2.32 V                      ; 3.07e-09 V                  ; 2.37 V             ; -0.00994 V         ; 0.186 V                             ; 0.028 V                             ; 4.98e-10 s                 ; 4.96e-10 s                 ; Yes                       ; Yes                       ;
; oALUOut[1]    ; 2.5 V        ; 0 s                 ; 0 s                 ; 2.32 V                       ; 3.07e-09 V                   ; 2.37 V              ; -0.00994 V          ; 0.186 V                              ; 0.028 V                              ; 4.98e-10 s                  ; 4.96e-10 s                  ; Yes                        ; Yes                        ; 2.32 V                      ; 3.07e-09 V                  ; 2.37 V             ; -0.00994 V         ; 0.186 V                             ; 0.028 V                             ; 4.98e-10 s                 ; 4.96e-10 s                 ; Yes                       ; Yes                       ;
; oALUOut[2]    ; 2.5 V        ; 0 s                 ; 0 s                 ; 2.32 V                       ; 3.07e-09 V                   ; 2.37 V              ; -0.00994 V          ; 0.186 V                              ; 0.028 V                              ; 4.98e-10 s                  ; 4.96e-10 s                  ; Yes                        ; Yes                        ; 2.32 V                      ; 3.07e-09 V                  ; 2.37 V             ; -0.00994 V         ; 0.186 V                             ; 0.028 V                             ; 4.98e-10 s                 ; 4.96e-10 s                 ; Yes                       ; Yes                       ;
; oALUOut[3]    ; 2.5 V        ; 0 s                 ; 0 s                 ; 2.32 V                       ; 3.07e-09 V                   ; 2.37 V              ; -0.00994 V          ; 0.186 V                              ; 0.028 V                              ; 4.98e-10 s                  ; 4.96e-10 s                  ; Yes                        ; Yes                        ; 2.32 V                      ; 3.07e-09 V                  ; 2.37 V             ; -0.00994 V         ; 0.186 V                             ; 0.028 V                             ; 4.98e-10 s                 ; 4.96e-10 s                 ; Yes                       ; Yes                       ;
; oALUOut[4]    ; 2.5 V        ; 0 s                 ; 0 s                 ; 2.32 V                       ; 3.07e-09 V                   ; 2.33 V              ; -0.00496 V          ; 0.223 V                              ; 0.086 V                              ; 2.9e-09 s                   ; 2.73e-09 s                  ; Yes                        ; Yes                        ; 2.32 V                      ; 3.07e-09 V                  ; 2.33 V             ; -0.00496 V         ; 0.223 V                             ; 0.086 V                             ; 2.9e-09 s                  ; 2.73e-09 s                 ; Yes                       ; Yes                       ;
; oALUOut[5]    ; 2.5 V        ; 0 s                 ; 0 s                 ; 2.32 V                       ; 3.07e-09 V                   ; 2.37 V              ; -0.00994 V          ; 0.186 V                              ; 0.028 V                              ; 4.98e-10 s                  ; 4.96e-10 s                  ; Yes                        ; Yes                        ; 2.32 V                      ; 3.07e-09 V                  ; 2.37 V             ; -0.00994 V         ; 0.186 V                             ; 0.028 V                             ; 4.98e-10 s                 ; 4.96e-10 s                 ; Yes                       ; Yes                       ;
; oALUOut[6]    ; 2.5 V        ; 0 s                 ; 0 s                 ; 2.32 V                       ; 3.07e-09 V                   ; 2.38 V              ; -0.0144 V           ; 0.227 V                              ; 0.024 V                              ; 3.14e-10 s                  ; 3.39e-10 s                  ; Yes                        ; Yes                        ; 2.32 V                      ; 3.07e-09 V                  ; 2.38 V             ; -0.0144 V          ; 0.227 V                             ; 0.024 V                             ; 3.14e-10 s                 ; 3.39e-10 s                 ; Yes                       ; Yes                       ;
; oALUOut[7]    ; 2.5 V        ; 0 s                 ; 0 s                 ; 2.32 V                       ; 3.07e-09 V                   ; 2.37 V              ; -0.00994 V          ; 0.186 V                              ; 0.028 V                              ; 4.98e-10 s                  ; 4.96e-10 s                  ; Yes                        ; Yes                        ; 2.32 V                      ; 3.07e-09 V                  ; 2.37 V             ; -0.00994 V         ; 0.186 V                             ; 0.028 V                             ; 4.98e-10 s                 ; 4.96e-10 s                 ; Yes                       ; Yes                       ;
; oALUOut[8]    ; 2.5 V        ; 0 s                 ; 0 s                 ; 2.32 V                       ; 3.07e-09 V                   ; 2.37 V              ; -0.00994 V          ; 0.186 V                              ; 0.028 V                              ; 4.98e-10 s                  ; 4.96e-10 s                  ; Yes                        ; Yes                        ; 2.32 V                      ; 3.07e-09 V                  ; 2.37 V             ; -0.00994 V         ; 0.186 V                             ; 0.028 V                             ; 4.98e-10 s                 ; 4.96e-10 s                 ; Yes                       ; Yes                       ;
; oALUOut[9]    ; 2.5 V        ; 0 s                 ; 0 s                 ; 2.32 V                       ; 3.07e-09 V                   ; 2.37 V              ; -0.00994 V          ; 0.186 V                              ; 0.028 V                              ; 4.98e-10 s                  ; 4.96e-10 s                  ; Yes                        ; Yes                        ; 2.32 V                      ; 3.07e-09 V                  ; 2.37 V             ; -0.00994 V         ; 0.186 V                             ; 0.028 V                             ; 4.98e-10 s                 ; 4.96e-10 s                 ; Yes                       ; Yes                       ;
; oALUOut[10]   ; 2.5 V        ; 0 s                 ; 0 s                 ; 2.32 V                       ; 3.07e-09 V                   ; 2.37 V              ; -0.00994 V          ; 0.186 V                              ; 0.028 V                              ; 4.98e-10 s                  ; 4.96e-10 s                  ; Yes                        ; Yes                        ; 2.32 V                      ; 3.07e-09 V                  ; 2.37 V             ; -0.00994 V         ; 0.186 V                             ; 0.028 V                             ; 4.98e-10 s                 ; 4.96e-10 s                 ; Yes                       ; Yes                       ;
; oALUOut[11]   ; 2.5 V        ; 0 s                 ; 0 s                 ; 2.32 V                       ; 3.07e-09 V                   ; 2.37 V              ; -0.00994 V          ; 0.186 V                              ; 0.028 V                              ; 4.98e-10 s                  ; 4.96e-10 s                  ; Yes                        ; Yes                        ; 2.32 V                      ; 3.07e-09 V                  ; 2.37 V             ; -0.00994 V         ; 0.186 V                             ; 0.028 V                             ; 4.98e-10 s                 ; 4.96e-10 s                 ; Yes                       ; Yes                       ;
; oALUOut[12]   ; 2.5 V        ; 0 s                 ; 0 s                 ; 2.32 V                       ; 3.07e-09 V                   ; 2.37 V              ; -0.00994 V          ; 0.186 V                              ; 0.028 V                              ; 4.98e-10 s                  ; 4.96e-10 s                  ; Yes                        ; Yes                        ; 2.32 V                      ; 3.07e-09 V                  ; 2.37 V             ; -0.00994 V         ; 0.186 V                             ; 0.028 V                             ; 4.98e-10 s                 ; 4.96e-10 s                 ; Yes                       ; Yes                       ;
; oALUOut[13]   ; 2.5 V        ; 0 s                 ; 0 s                 ; 2.32 V                       ; 3.07e-09 V                   ; 2.38 V              ; -0.0144 V           ; 0.227 V                              ; 0.024 V                              ; 3.14e-10 s                  ; 3.39e-10 s                  ; Yes                        ; Yes                        ; 2.32 V                      ; 3.07e-09 V                  ; 2.38 V             ; -0.0144 V          ; 0.227 V                             ; 0.024 V                             ; 3.14e-10 s                 ; 3.39e-10 s                 ; Yes                       ; Yes                       ;
; oALUOut[14]   ; 2.5 V        ; 0 s                 ; 0 s                 ; 2.32 V                       ; 3.07e-09 V                   ; 2.37 V              ; -0.00994 V          ; 0.186 V                              ; 0.028 V                              ; 4.98e-10 s                  ; 4.96e-10 s                  ; Yes                        ; Yes                        ; 2.32 V                      ; 3.07e-09 V                  ; 2.37 V             ; -0.00994 V         ; 0.186 V                             ; 0.028 V                             ; 4.98e-10 s                 ; 4.96e-10 s                 ; Yes                       ; Yes                       ;
; oALUOut[15]   ; 2.5 V        ; 0 s                 ; 0 s                 ; 2.32 V                       ; 3.07e-09 V                   ; 2.37 V              ; -0.00994 V          ; 0.186 V                              ; 0.028 V                              ; 4.98e-10 s                  ; 4.96e-10 s                  ; Yes                        ; Yes                        ; 2.32 V                      ; 3.07e-09 V                  ; 2.37 V             ; -0.00994 V         ; 0.186 V                             ; 0.028 V                             ; 4.98e-10 s                 ; 4.96e-10 s                 ; Yes                       ; Yes                       ;
; oALUOut[16]   ; 2.5 V        ; 0 s                 ; 0 s                 ; 2.32 V                       ; 3.07e-09 V                   ; 2.37 V              ; -0.00994 V          ; 0.186 V                              ; 0.028 V                              ; 4.98e-10 s                  ; 4.96e-10 s                  ; Yes                        ; Yes                        ; 2.32 V                      ; 3.07e-09 V                  ; 2.37 V             ; -0.00994 V         ; 0.186 V                             ; 0.028 V                             ; 4.98e-10 s                 ; 4.96e-10 s                 ; Yes                       ; Yes                       ;
; oALUOut[17]   ; 2.5 V        ; 0 s                 ; 0 s                 ; 2.32 V                       ; 3.07e-09 V                   ; 2.37 V              ; -0.00994 V          ; 0.186 V                              ; 0.028 V                              ; 4.98e-10 s                  ; 4.96e-10 s                  ; Yes                        ; Yes                        ; 2.32 V                      ; 3.07e-09 V                  ; 2.37 V             ; -0.00994 V         ; 0.186 V                             ; 0.028 V                             ; 4.98e-10 s                 ; 4.96e-10 s                 ; Yes                       ; Yes                       ;
; oALUOut[18]   ; 2.5 V        ; 0 s                 ; 0 s                 ; 2.32 V                       ; 3.07e-09 V                   ; 2.38 V              ; -0.0144 V           ; 0.227 V                              ; 0.024 V                              ; 3.14e-10 s                  ; 3.39e-10 s                  ; Yes                        ; Yes                        ; 2.32 V                      ; 3.07e-09 V                  ; 2.38 V             ; -0.0144 V          ; 0.227 V                             ; 0.024 V                             ; 3.14e-10 s                 ; 3.39e-10 s                 ; Yes                       ; Yes                       ;
; oALUOut[19]   ; 2.5 V        ; 0 s                 ; 0 s                 ; 2.32 V                       ; 3.07e-09 V                   ; 2.37 V              ; -0.00994 V          ; 0.186 V                              ; 0.028 V                              ; 4.98e-10 s                  ; 4.96e-10 s                  ; Yes                        ; Yes                        ; 2.32 V                      ; 3.07e-09 V                  ; 2.37 V             ; -0.00994 V         ; 0.186 V                             ; 0.028 V                             ; 4.98e-10 s                 ; 4.96e-10 s                 ; Yes                       ; Yes                       ;
; oALUOut[20]   ; 2.5 V        ; 0 s                 ; 0 s                 ; 2.32 V                       ; 3.07e-09 V                   ; 2.37 V              ; -0.00994 V          ; 0.186 V                              ; 0.028 V                              ; 4.98e-10 s                  ; 4.96e-10 s                  ; Yes                        ; Yes                        ; 2.32 V                      ; 3.07e-09 V                  ; 2.37 V             ; -0.00994 V         ; 0.186 V                             ; 0.028 V                             ; 4.98e-10 s                 ; 4.96e-10 s                 ; Yes                       ; Yes                       ;
; oALUOut[21]   ; 2.5 V        ; 0 s                 ; 0 s                 ; 2.32 V                       ; 3.07e-09 V                   ; 2.37 V              ; -0.00994 V          ; 0.186 V                              ; 0.028 V                              ; 4.98e-10 s                  ; 4.96e-10 s                  ; Yes                        ; Yes                        ; 2.32 V                      ; 3.07e-09 V                  ; 2.37 V             ; -0.00994 V         ; 0.186 V                             ; 0.028 V                             ; 4.98e-10 s                 ; 4.96e-10 s                 ; Yes                       ; Yes                       ;
; oALUOut[22]   ; 2.5 V        ; 0 s                 ; 0 s                 ; 2.32 V                       ; 3.07e-09 V                   ; 2.37 V              ; -0.00994 V          ; 0.186 V                              ; 0.028 V                              ; 4.98e-10 s                  ; 4.96e-10 s                  ; Yes                        ; Yes                        ; 2.32 V                      ; 3.07e-09 V                  ; 2.37 V             ; -0.00994 V         ; 0.186 V                             ; 0.028 V                             ; 4.98e-10 s                 ; 4.96e-10 s                 ; Yes                       ; Yes                       ;
; oALUOut[23]   ; 2.5 V        ; 0 s                 ; 0 s                 ; 2.32 V                       ; 3.07e-09 V                   ; 2.37 V              ; -0.00994 V          ; 0.186 V                              ; 0.028 V                              ; 4.98e-10 s                  ; 4.96e-10 s                  ; Yes                        ; Yes                        ; 2.32 V                      ; 3.07e-09 V                  ; 2.37 V             ; -0.00994 V         ; 0.186 V                             ; 0.028 V                             ; 4.98e-10 s                 ; 4.96e-10 s                 ; Yes                       ; Yes                       ;
; oALUOut[24]   ; 2.5 V        ; 0 s                 ; 0 s                 ; 2.32 V                       ; 3.07e-09 V                   ; 2.37 V              ; -0.00994 V          ; 0.186 V                              ; 0.028 V                              ; 4.98e-10 s                  ; 4.96e-10 s                  ; Yes                        ; Yes                        ; 2.32 V                      ; 3.07e-09 V                  ; 2.37 V             ; -0.00994 V         ; 0.186 V                             ; 0.028 V                             ; 4.98e-10 s                 ; 4.96e-10 s                 ; Yes                       ; Yes                       ;
; oALUOut[25]   ; 2.5 V        ; 0 s                 ; 0 s                 ; 2.32 V                       ; 3.07e-09 V                   ; 2.37 V              ; -0.00994 V          ; 0.186 V                              ; 0.028 V                              ; 4.98e-10 s                  ; 4.96e-10 s                  ; Yes                        ; Yes                        ; 2.32 V                      ; 3.07e-09 V                  ; 2.37 V             ; -0.00994 V         ; 0.186 V                             ; 0.028 V                             ; 4.98e-10 s                 ; 4.96e-10 s                 ; Yes                       ; Yes                       ;
; oALUOut[26]   ; 2.5 V        ; 0 s                 ; 0 s                 ; 2.32 V                       ; 3.07e-09 V                   ; 2.38 V              ; -0.0144 V           ; 0.227 V                              ; 0.024 V                              ; 3.14e-10 s                  ; 3.39e-10 s                  ; Yes                        ; Yes                        ; 2.32 V                      ; 3.07e-09 V                  ; 2.38 V             ; -0.0144 V          ; 0.227 V                             ; 0.024 V                             ; 3.14e-10 s                 ; 3.39e-10 s                 ; Yes                       ; Yes                       ;
; oALUOut[27]   ; 2.5 V        ; 0 s                 ; 0 s                 ; 2.32 V                       ; 3.07e-09 V                   ; 2.37 V              ; -0.00994 V          ; 0.186 V                              ; 0.028 V                              ; 4.98e-10 s                  ; 4.96e-10 s                  ; Yes                        ; Yes                        ; 2.32 V                      ; 3.07e-09 V                  ; 2.37 V             ; -0.00994 V         ; 0.186 V                             ; 0.028 V                             ; 4.98e-10 s                 ; 4.96e-10 s                 ; Yes                       ; Yes                       ;
; oALUOut[28]   ; 2.5 V        ; 0 s                 ; 0 s                 ; 2.32 V                       ; 3.07e-09 V                   ; 2.37 V              ; -0.00994 V          ; 0.186 V                              ; 0.028 V                              ; 4.98e-10 s                  ; 4.96e-10 s                  ; Yes                        ; Yes                        ; 2.32 V                      ; 3.07e-09 V                  ; 2.37 V             ; -0.00994 V         ; 0.186 V                             ; 0.028 V                             ; 4.98e-10 s                 ; 4.96e-10 s                 ; Yes                       ; Yes                       ;
; oALUOut[29]   ; 2.5 V        ; 0 s                 ; 0 s                 ; 2.32 V                       ; 3.07e-09 V                   ; 2.37 V              ; -0.00994 V          ; 0.186 V                              ; 0.028 V                              ; 4.98e-10 s                  ; 4.96e-10 s                  ; Yes                        ; Yes                        ; 2.32 V                      ; 3.07e-09 V                  ; 2.37 V             ; -0.00994 V         ; 0.186 V                             ; 0.028 V                             ; 4.98e-10 s                 ; 4.96e-10 s                 ; Yes                       ; Yes                       ;
; oALUOut[30]   ; 2.5 V        ; 0 s                 ; 0 s                 ; 2.32 V                       ; 3.07e-09 V                   ; 2.37 V              ; -0.00994 V          ; 0.186 V                              ; 0.028 V                              ; 4.98e-10 s                  ; 4.96e-10 s                  ; Yes                        ; Yes                        ; 2.32 V                      ; 3.07e-09 V                  ; 2.37 V             ; -0.00994 V         ; 0.186 V                             ; 0.028 V                             ; 4.98e-10 s                 ; 4.96e-10 s                 ; Yes                       ; Yes                       ;
; oALUOut[31]   ; 2.5 V        ; 0 s                 ; 0 s                 ; 2.32 V                       ; 3.07e-09 V                   ; 2.33 V              ; -0.00496 V          ; 0.223 V                              ; 0.086 V                              ; 2.9e-09 s                   ; 2.73e-09 s                  ; Yes                        ; Yes                        ; 2.32 V                      ; 3.07e-09 V                  ; 2.33 V             ; -0.00496 V         ; 0.223 V                             ; 0.086 V                             ; 2.9e-09 s                  ; 2.73e-09 s                 ; Yes                       ; Yes                       ;
; ~ALTERA_DCLK~ ; 2.5 V        ; 0 s                 ; 0 s                 ; 2.32 V                       ; 2.67e-09 V                   ; 2.38 V              ; -0.0485 V           ; 0.167 V                              ; 0.096 V                              ; 2.95e-10 s                  ; 2.73e-10 s                  ; Yes                        ; Yes                        ; 2.32 V                      ; 2.67e-09 V                  ; 2.38 V             ; -0.0485 V          ; 0.167 V                             ; 0.096 V                             ; 2.95e-10 s                 ; 2.73e-10 s                 ; Yes                       ; Yes                       ;
; ~ALTERA_nCEO~ ; 2.5 V        ; 0 s                 ; 0 s                 ; 2.32 V                       ; 4.18e-09 V                   ; 2.38 V              ; -0.00483 V          ; 0.152 V                              ; 0.012 V                              ; 4.81e-10 s                  ; 6.29e-10 s                  ; Yes                        ; Yes                        ; 2.32 V                      ; 4.18e-09 V                  ; 2.38 V             ; -0.00483 V         ; 0.152 V                             ; 0.012 V                             ; 4.81e-10 s                 ; 6.29e-10 s                 ; Yes                       ; Yes                       ;
+---------------+--------------+---------------------+---------------------+------------------------------+------------------------------+---------------------+---------------------+--------------------------------------+--------------------------------------+-----------------------------+-----------------------------+----------------------------+----------------------------+-----------------------------+-----------------------------+--------------------+--------------------+-------------------------------------+-------------------------------------+----------------------------+----------------------------+---------------------------+---------------------------+


+--------------------------------------------------------------------------------------------------------------------------------------------------------------------------------------------------------------------------------------------------------------------------------------------------------------------------------------------------------------------------------------------------------------------------------------------------------------------------------------------------------------------------------------------------------------------------------------------------------------------------------------------------------------------------------------------+
; Signal Integrity Metrics (Slow 1200mv 85c Model)                                                                                                                                                                                                                                                                                                                                                                                                                                                                                                                                                                                                                                           ;
+---------------+--------------+---------------------+---------------------+------------------------------+------------------------------+---------------------+---------------------+--------------------------------------+--------------------------------------+-----------------------------+-----------------------------+----------------------------+----------------------------+-----------------------------+-----------------------------+--------------------+--------------------+-------------------------------------+-------------------------------------+----------------------------+----------------------------+---------------------------+---------------------------+
; Pin           ; I/O Standard ; Board Delay on Rise ; Board Delay on Fall ; Steady State Voh at FPGA Pin ; Steady State Vol at FPGA Pin ; Voh Max at FPGA Pin ; Vol Min at FPGA Pin ; Ringback Voltage on Rise at FPGA Pin ; Ringback Voltage on Fall at FPGA Pin ; 10-90 Rise Time at FPGA Pin ; 90-10 Fall Time at FPGA Pin ; Monotonic Rise at FPGA Pin ; Monotonic Fall at FPGA Pin ; Steady State Voh at Far-end ; Steady State Vol at Far-end ; Voh Max at Far-end ; Vol Min at Far-end ; Ringback Voltage on Rise at Far-end ; Ringback Voltage on Fall at Far-end ; 10-90 Rise Time at Far-end ; 90-10 Fall Time at Far-end ; Monotonic Rise at Far-end ; Monotonic Fall at Far-end ;
+---------------+--------------+---------------------+---------------------+------------------------------+------------------------------+---------------------+---------------------+--------------------------------------+--------------------------------------+-----------------------------+-----------------------------+----------------------------+----------------------------+-----------------------------+-----------------------------+--------------------+--------------------+-------------------------------------+-------------------------------------+----------------------------+----------------------------+---------------------------+---------------------------+
; oALUOut[0]    ; 2.5 V        ; 0 s                 ; 0 s                 ; 2.32 V                       ; 4.67e-07 V                   ; 2.35 V              ; -0.00942 V          ; 0.116 V                              ; 0.033 V                              ; 6.66e-10 s                  ; 6.27e-10 s                  ; Yes                        ; Yes                        ; 2.32 V                      ; 4.67e-07 V                  ; 2.35 V             ; -0.00942 V         ; 0.116 V                             ; 0.033 V                             ; 6.66e-10 s                 ; 6.27e-10 s                 ; Yes                       ; Yes                       ;
; oALUOut[1]    ; 2.5 V        ; 0 s                 ; 0 s                 ; 2.32 V                       ; 4.67e-07 V                   ; 2.35 V              ; -0.00942 V          ; 0.116 V                              ; 0.033 V                              ; 6.66e-10 s                  ; 6.27e-10 s                  ; Yes                        ; Yes                        ; 2.32 V                      ; 4.67e-07 V                  ; 2.35 V             ; -0.00942 V         ; 0.116 V                             ; 0.033 V                             ; 6.66e-10 s                 ; 6.27e-10 s                 ; Yes                       ; Yes                       ;
; oALUOut[2]    ; 2.5 V        ; 0 s                 ; 0 s                 ; 2.32 V                       ; 4.67e-07 V                   ; 2.35 V              ; -0.00942 V          ; 0.116 V                              ; 0.033 V                              ; 6.66e-10 s                  ; 6.27e-10 s                  ; Yes                        ; Yes                        ; 2.32 V                      ; 4.67e-07 V                  ; 2.35 V             ; -0.00942 V         ; 0.116 V                             ; 0.033 V                             ; 6.66e-10 s                 ; 6.27e-10 s                 ; Yes                       ; Yes                       ;
; oALUOut[3]    ; 2.5 V        ; 0 s                 ; 0 s                 ; 2.32 V                       ; 4.67e-07 V                   ; 2.35 V              ; -0.00942 V          ; 0.116 V                              ; 0.033 V                              ; 6.66e-10 s                  ; 6.27e-10 s                  ; Yes                        ; Yes                        ; 2.32 V                      ; 4.67e-07 V                  ; 2.35 V             ; -0.00942 V         ; 0.116 V                             ; 0.033 V                             ; 6.66e-10 s                 ; 6.27e-10 s                 ; Yes                       ; Yes                       ;
; oALUOut[4]    ; 2.5 V        ; 0 s                 ; 0 s                 ; 2.32 V                       ; 4.67e-07 V                   ; 2.33 V              ; -0.00269 V          ; 0.13 V                               ; 0.055 V                              ; 3.54e-09 s                  ; 3.29e-09 s                  ; Yes                        ; Yes                        ; 2.32 V                      ; 4.67e-07 V                  ; 2.33 V             ; -0.00269 V         ; 0.13 V                              ; 0.055 V                             ; 3.54e-09 s                 ; 3.29e-09 s                 ; Yes                       ; Yes                       ;
; oALUOut[5]    ; 2.5 V        ; 0 s                 ; 0 s                 ; 2.32 V                       ; 4.67e-07 V                   ; 2.35 V              ; -0.00942 V          ; 0.116 V                              ; 0.033 V                              ; 6.66e-10 s                  ; 6.27e-10 s                  ; Yes                        ; Yes                        ; 2.32 V                      ; 4.67e-07 V                  ; 2.35 V             ; -0.00942 V         ; 0.116 V                             ; 0.033 V                             ; 6.66e-10 s                 ; 6.27e-10 s                 ; Yes                       ; Yes                       ;
; oALUOut[6]    ; 2.5 V        ; 0 s                 ; 0 s                 ; 2.32 V                       ; 4.67e-07 V                   ; 2.36 V              ; -0.00552 V          ; 0.11 V                               ; 0.007 V                              ; 4.54e-10 s                  ; 4.35e-10 s                  ; Yes                        ; Yes                        ; 2.32 V                      ; 4.67e-07 V                  ; 2.36 V             ; -0.00552 V         ; 0.11 V                              ; 0.007 V                             ; 4.54e-10 s                 ; 4.35e-10 s                 ; Yes                       ; Yes                       ;
; oALUOut[7]    ; 2.5 V        ; 0 s                 ; 0 s                 ; 2.32 V                       ; 4.67e-07 V                   ; 2.35 V              ; -0.00942 V          ; 0.116 V                              ; 0.033 V                              ; 6.66e-10 s                  ; 6.27e-10 s                  ; Yes                        ; Yes                        ; 2.32 V                      ; 4.67e-07 V                  ; 2.35 V             ; -0.00942 V         ; 0.116 V                             ; 0.033 V                             ; 6.66e-10 s                 ; 6.27e-10 s                 ; Yes                       ; Yes                       ;
; oALUOut[8]    ; 2.5 V        ; 0 s                 ; 0 s                 ; 2.32 V                       ; 4.67e-07 V                   ; 2.35 V              ; -0.00942 V          ; 0.116 V                              ; 0.033 V                              ; 6.66e-10 s                  ; 6.27e-10 s                  ; Yes                        ; Yes                        ; 2.32 V                      ; 4.67e-07 V                  ; 2.35 V             ; -0.00942 V         ; 0.116 V                             ; 0.033 V                             ; 6.66e-10 s                 ; 6.27e-10 s                 ; Yes                       ; Yes                       ;
; oALUOut[9]    ; 2.5 V        ; 0 s                 ; 0 s                 ; 2.32 V                       ; 4.67e-07 V                   ; 2.35 V              ; -0.00942 V          ; 0.116 V                              ; 0.033 V                              ; 6.66e-10 s                  ; 6.27e-10 s                  ; Yes                        ; Yes                        ; 2.32 V                      ; 4.67e-07 V                  ; 2.35 V             ; -0.00942 V         ; 0.116 V                             ; 0.033 V                             ; 6.66e-10 s                 ; 6.27e-10 s                 ; Yes                       ; Yes                       ;
; oALUOut[10]   ; 2.5 V        ; 0 s                 ; 0 s                 ; 2.32 V                       ; 4.67e-07 V                   ; 2.35 V              ; -0.00942 V          ; 0.116 V                              ; 0.033 V                              ; 6.66e-10 s                  ; 6.27e-10 s                  ; Yes                        ; Yes                        ; 2.32 V                      ; 4.67e-07 V                  ; 2.35 V             ; -0.00942 V         ; 0.116 V                             ; 0.033 V                             ; 6.66e-10 s                 ; 6.27e-10 s                 ; Yes                       ; Yes                       ;
; oALUOut[11]   ; 2.5 V        ; 0 s                 ; 0 s                 ; 2.32 V                       ; 4.67e-07 V                   ; 2.35 V              ; -0.00942 V          ; 0.116 V                              ; 0.033 V                              ; 6.66e-10 s                  ; 6.27e-10 s                  ; Yes                        ; Yes                        ; 2.32 V                      ; 4.67e-07 V                  ; 2.35 V             ; -0.00942 V         ; 0.116 V                             ; 0.033 V                             ; 6.66e-10 s                 ; 6.27e-10 s                 ; Yes                       ; Yes                       ;
; oALUOut[12]   ; 2.5 V        ; 0 s                 ; 0 s                 ; 2.32 V                       ; 4.67e-07 V                   ; 2.35 V              ; -0.00942 V          ; 0.116 V                              ; 0.033 V                              ; 6.66e-10 s                  ; 6.27e-10 s                  ; Yes                        ; Yes                        ; 2.32 V                      ; 4.67e-07 V                  ; 2.35 V             ; -0.00942 V         ; 0.116 V                             ; 0.033 V                             ; 6.66e-10 s                 ; 6.27e-10 s                 ; Yes                       ; Yes                       ;
; oALUOut[13]   ; 2.5 V        ; 0 s                 ; 0 s                 ; 2.32 V                       ; 4.67e-07 V                   ; 2.36 V              ; -0.00552 V          ; 0.11 V                               ; 0.007 V                              ; 4.54e-10 s                  ; 4.35e-10 s                  ; Yes                        ; Yes                        ; 2.32 V                      ; 4.67e-07 V                  ; 2.36 V             ; -0.00552 V         ; 0.11 V                              ; 0.007 V                             ; 4.54e-10 s                 ; 4.35e-10 s                 ; Yes                       ; Yes                       ;
; oALUOut[14]   ; 2.5 V        ; 0 s                 ; 0 s                 ; 2.32 V                       ; 4.67e-07 V                   ; 2.35 V              ; -0.00942 V          ; 0.116 V                              ; 0.033 V                              ; 6.66e-10 s                  ; 6.27e-10 s                  ; Yes                        ; Yes                        ; 2.32 V                      ; 4.67e-07 V                  ; 2.35 V             ; -0.00942 V         ; 0.116 V                             ; 0.033 V                             ; 6.66e-10 s                 ; 6.27e-10 s                 ; Yes                       ; Yes                       ;
; oALUOut[15]   ; 2.5 V        ; 0 s                 ; 0 s                 ; 2.32 V                       ; 4.67e-07 V                   ; 2.35 V              ; -0.00942 V          ; 0.116 V                              ; 0.033 V                              ; 6.66e-10 s                  ; 6.27e-10 s                  ; Yes                        ; Yes                        ; 2.32 V                      ; 4.67e-07 V                  ; 2.35 V             ; -0.00942 V         ; 0.116 V                             ; 0.033 V                             ; 6.66e-10 s                 ; 6.27e-10 s                 ; Yes                       ; Yes                       ;
; oALUOut[16]   ; 2.5 V        ; 0 s                 ; 0 s                 ; 2.32 V                       ; 4.67e-07 V                   ; 2.35 V              ; -0.00942 V          ; 0.116 V                              ; 0.033 V                              ; 6.66e-10 s                  ; 6.27e-10 s                  ; Yes                        ; Yes                        ; 2.32 V                      ; 4.67e-07 V                  ; 2.35 V             ; -0.00942 V         ; 0.116 V                             ; 0.033 V                             ; 6.66e-10 s                 ; 6.27e-10 s                 ; Yes                       ; Yes                       ;
; oALUOut[17]   ; 2.5 V        ; 0 s                 ; 0 s                 ; 2.32 V                       ; 4.67e-07 V                   ; 2.35 V              ; -0.00942 V          ; 0.116 V                              ; 0.033 V                              ; 6.66e-10 s                  ; 6.27e-10 s                  ; Yes                        ; Yes                        ; 2.32 V                      ; 4.67e-07 V                  ; 2.35 V             ; -0.00942 V         ; 0.116 V                             ; 0.033 V                             ; 6.66e-10 s                 ; 6.27e-10 s                 ; Yes                       ; Yes                       ;
; oALUOut[18]   ; 2.5 V        ; 0 s                 ; 0 s                 ; 2.32 V                       ; 4.67e-07 V                   ; 2.36 V              ; -0.00552 V          ; 0.11 V                               ; 0.007 V                              ; 4.54e-10 s                  ; 4.35e-10 s                  ; Yes                        ; Yes                        ; 2.32 V                      ; 4.67e-07 V                  ; 2.36 V             ; -0.00552 V         ; 0.11 V                              ; 0.007 V                             ; 4.54e-10 s                 ; 4.35e-10 s                 ; Yes                       ; Yes                       ;
; oALUOut[19]   ; 2.5 V        ; 0 s                 ; 0 s                 ; 2.32 V                       ; 4.67e-07 V                   ; 2.35 V              ; -0.00942 V          ; 0.116 V                              ; 0.033 V                              ; 6.66e-10 s                  ; 6.27e-10 s                  ; Yes                        ; Yes                        ; 2.32 V                      ; 4.67e-07 V                  ; 2.35 V             ; -0.00942 V         ; 0.116 V                             ; 0.033 V                             ; 6.66e-10 s                 ; 6.27e-10 s                 ; Yes                       ; Yes                       ;
; oALUOut[20]   ; 2.5 V        ; 0 s                 ; 0 s                 ; 2.32 V                       ; 4.67e-07 V                   ; 2.35 V              ; -0.00942 V          ; 0.116 V                              ; 0.033 V                              ; 6.66e-10 s                  ; 6.27e-10 s                  ; Yes                        ; Yes                        ; 2.32 V                      ; 4.67e-07 V                  ; 2.35 V             ; -0.00942 V         ; 0.116 V                             ; 0.033 V                             ; 6.66e-10 s                 ; 6.27e-10 s                 ; Yes                       ; Yes                       ;
; oALUOut[21]   ; 2.5 V        ; 0 s                 ; 0 s                 ; 2.32 V                       ; 4.67e-07 V                   ; 2.35 V              ; -0.00942 V          ; 0.116 V                              ; 0.033 V                              ; 6.66e-10 s                  ; 6.27e-10 s                  ; Yes                        ; Yes                        ; 2.32 V                      ; 4.67e-07 V                  ; 2.35 V             ; -0.00942 V         ; 0.116 V                             ; 0.033 V                             ; 6.66e-10 s                 ; 6.27e-10 s                 ; Yes                       ; Yes                       ;
; oALUOut[22]   ; 2.5 V        ; 0 s                 ; 0 s                 ; 2.32 V                       ; 4.67e-07 V                   ; 2.35 V              ; -0.00942 V          ; 0.116 V                              ; 0.033 V                              ; 6.66e-10 s                  ; 6.27e-10 s                  ; Yes                        ; Yes                        ; 2.32 V                      ; 4.67e-07 V                  ; 2.35 V             ; -0.00942 V         ; 0.116 V                             ; 0.033 V                             ; 6.66e-10 s                 ; 6.27e-10 s                 ; Yes                       ; Yes                       ;
; oALUOut[23]   ; 2.5 V        ; 0 s                 ; 0 s                 ; 2.32 V                       ; 4.67e-07 V                   ; 2.35 V              ; -0.00942 V          ; 0.116 V                              ; 0.033 V                              ; 6.66e-10 s                  ; 6.27e-10 s                  ; Yes                        ; Yes                        ; 2.32 V                      ; 4.67e-07 V                  ; 2.35 V             ; -0.00942 V         ; 0.116 V                             ; 0.033 V                             ; 6.66e-10 s                 ; 6.27e-10 s                 ; Yes                       ; Yes                       ;
; oALUOut[24]   ; 2.5 V        ; 0 s                 ; 0 s                 ; 2.32 V                       ; 4.67e-07 V                   ; 2.35 V              ; -0.00942 V          ; 0.116 V                              ; 0.033 V                              ; 6.66e-10 s                  ; 6.27e-10 s                  ; Yes                        ; Yes                        ; 2.32 V                      ; 4.67e-07 V                  ; 2.35 V             ; -0.00942 V         ; 0.116 V                             ; 0.033 V                             ; 6.66e-10 s                 ; 6.27e-10 s                 ; Yes                       ; Yes                       ;
; oALUOut[25]   ; 2.5 V        ; 0 s                 ; 0 s                 ; 2.32 V                       ; 4.67e-07 V                   ; 2.35 V              ; -0.00942 V          ; 0.116 V                              ; 0.033 V                              ; 6.66e-10 s                  ; 6.27e-10 s                  ; Yes                        ; Yes                        ; 2.32 V                      ; 4.67e-07 V                  ; 2.35 V             ; -0.00942 V         ; 0.116 V                             ; 0.033 V                             ; 6.66e-10 s                 ; 6.27e-10 s                 ; Yes                       ; Yes                       ;
; oALUOut[26]   ; 2.5 V        ; 0 s                 ; 0 s                 ; 2.32 V                       ; 4.67e-07 V                   ; 2.36 V              ; -0.00552 V          ; 0.11 V                               ; 0.007 V                              ; 4.54e-10 s                  ; 4.35e-10 s                  ; Yes                        ; Yes                        ; 2.32 V                      ; 4.67e-07 V                  ; 2.36 V             ; -0.00552 V         ; 0.11 V                              ; 0.007 V                             ; 4.54e-10 s                 ; 4.35e-10 s                 ; Yes                       ; Yes                       ;
; oALUOut[27]   ; 2.5 V        ; 0 s                 ; 0 s                 ; 2.32 V                       ; 4.67e-07 V                   ; 2.35 V              ; -0.00942 V          ; 0.116 V                              ; 0.033 V                              ; 6.66e-10 s                  ; 6.27e-10 s                  ; Yes                        ; Yes                        ; 2.32 V                      ; 4.67e-07 V                  ; 2.35 V             ; -0.00942 V         ; 0.116 V                             ; 0.033 V                             ; 6.66e-10 s                 ; 6.27e-10 s                 ; Yes                       ; Yes                       ;
; oALUOut[28]   ; 2.5 V        ; 0 s                 ; 0 s                 ; 2.32 V                       ; 4.67e-07 V                   ; 2.35 V              ; -0.00942 V          ; 0.116 V                              ; 0.033 V                              ; 6.66e-10 s                  ; 6.27e-10 s                  ; Yes                        ; Yes                        ; 2.32 V                      ; 4.67e-07 V                  ; 2.35 V             ; -0.00942 V         ; 0.116 V                             ; 0.033 V                             ; 6.66e-10 s                 ; 6.27e-10 s                 ; Yes                       ; Yes                       ;
; oALUOut[29]   ; 2.5 V        ; 0 s                 ; 0 s                 ; 2.32 V                       ; 4.67e-07 V                   ; 2.35 V              ; -0.00942 V          ; 0.116 V                              ; 0.033 V                              ; 6.66e-10 s                  ; 6.27e-10 s                  ; Yes                        ; Yes                        ; 2.32 V                      ; 4.67e-07 V                  ; 2.35 V             ; -0.00942 V         ; 0.116 V                             ; 0.033 V                             ; 6.66e-10 s                 ; 6.27e-10 s                 ; Yes                       ; Yes                       ;
; oALUOut[30]   ; 2.5 V        ; 0 s                 ; 0 s                 ; 2.32 V                       ; 4.67e-07 V                   ; 2.35 V              ; -0.00942 V          ; 0.116 V                              ; 0.033 V                              ; 6.66e-10 s                  ; 6.27e-10 s                  ; Yes                        ; Yes                        ; 2.32 V                      ; 4.67e-07 V                  ; 2.35 V             ; -0.00942 V         ; 0.116 V                             ; 0.033 V                             ; 6.66e-10 s                 ; 6.27e-10 s                 ; Yes                       ; Yes                       ;
; oALUOut[31]   ; 2.5 V        ; 0 s                 ; 0 s                 ; 2.32 V                       ; 4.67e-07 V                   ; 2.33 V              ; -0.00269 V          ; 0.13 V                               ; 0.055 V                              ; 3.54e-09 s                  ; 3.29e-09 s                  ; Yes                        ; Yes                        ; 2.32 V                      ; 4.67e-07 V                  ; 2.33 V             ; -0.00269 V         ; 0.13 V                              ; 0.055 V                             ; 3.54e-09 s                 ; 3.29e-09 s                 ; Yes                       ; Yes                       ;
; ~ALTERA_DCLK~ ; 2.5 V        ; 0 s                 ; 0 s                 ; 2.32 V                       ; 3.75e-07 V                   ; 2.35 V              ; -0.0109 V           ; 0.084 V                              ; 0.027 V                              ; 4.31e-10 s                  ; 3.61e-10 s                  ; Yes                        ; Yes                        ; 2.32 V                      ; 3.75e-07 V                  ; 2.35 V             ; -0.0109 V          ; 0.084 V                             ; 0.027 V                             ; 4.31e-10 s                 ; 3.61e-10 s                 ; Yes                       ; Yes                       ;
; ~ALTERA_nCEO~ ; 2.5 V        ; 0 s                 ; 0 s                 ; 2.32 V                       ; 6.15e-07 V                   ; 2.35 V              ; -0.00712 V          ; 0.093 V                              ; 0.02 V                               ; 6.21e-10 s                  ; 7.9e-10 s                   ; Yes                        ; Yes                        ; 2.32 V                      ; 6.15e-07 V                  ; 2.35 V             ; -0.00712 V         ; 0.093 V                             ; 0.02 V                              ; 6.21e-10 s                 ; 7.9e-10 s                  ; Yes                       ; Yes                       ;
+---------------+--------------+---------------------+---------------------+------------------------------+------------------------------+---------------------+---------------------+--------------------------------------+--------------------------------------+-----------------------------+-----------------------------+----------------------------+----------------------------+-----------------------------+-----------------------------+--------------------+--------------------+-------------------------------------+-------------------------------------+----------------------------+----------------------------+---------------------------+---------------------------+


+--------------------------------------------------------------------------------------------------------------------------------------------------------------------------------------------------------------------------------------------------------------------------------------------------------------------------------------------------------------------------------------------------------------------------------------------------------------------------------------------------------------------------------------------------------------------------------------------------------------------------------------------------------------------------------------------+
; Signal Integrity Metrics (Fast 1200mv 0c Model)                                                                                                                                                                                                                                                                                                                                                                                                                                                                                                                                                                                                                                            ;
+---------------+--------------+---------------------+---------------------+------------------------------+------------------------------+---------------------+---------------------+--------------------------------------+--------------------------------------+-----------------------------+-----------------------------+----------------------------+----------------------------+-----------------------------+-----------------------------+--------------------+--------------------+-------------------------------------+-------------------------------------+----------------------------+----------------------------+---------------------------+---------------------------+
; Pin           ; I/O Standard ; Board Delay on Rise ; Board Delay on Fall ; Steady State Voh at FPGA Pin ; Steady State Vol at FPGA Pin ; Voh Max at FPGA Pin ; Vol Min at FPGA Pin ; Ringback Voltage on Rise at FPGA Pin ; Ringback Voltage on Fall at FPGA Pin ; 10-90 Rise Time at FPGA Pin ; 90-10 Fall Time at FPGA Pin ; Monotonic Rise at FPGA Pin ; Monotonic Fall at FPGA Pin ; Steady State Voh at Far-end ; Steady State Vol at Far-end ; Voh Max at Far-end ; Vol Min at Far-end ; Ringback Voltage on Rise at Far-end ; Ringback Voltage on Fall at Far-end ; 10-90 Rise Time at Far-end ; 90-10 Fall Time at Far-end ; Monotonic Rise at Far-end ; Monotonic Fall at Far-end ;
+---------------+--------------+---------------------+---------------------+------------------------------+------------------------------+---------------------+---------------------+--------------------------------------+--------------------------------------+-----------------------------+-----------------------------+----------------------------+----------------------------+-----------------------------+-----------------------------+--------------------+--------------------+-------------------------------------+-------------------------------------+----------------------------+----------------------------+---------------------------+---------------------------+
; oALUOut[0]    ; 2.5 V        ; 0 s                 ; 0 s                 ; 2.62 V                       ; 2.74e-08 V                   ; 2.71 V              ; -0.0317 V           ; 0.148 V                              ; 0.064 V                              ; 4.51e-10 s                  ; 4.15e-10 s                  ; No                         ; Yes                        ; 2.62 V                      ; 2.74e-08 V                  ; 2.71 V             ; -0.0317 V          ; 0.148 V                             ; 0.064 V                             ; 4.51e-10 s                 ; 4.15e-10 s                 ; No                        ; Yes                       ;
; oALUOut[1]    ; 2.5 V        ; 0 s                 ; 0 s                 ; 2.62 V                       ; 2.74e-08 V                   ; 2.71 V              ; -0.0317 V           ; 0.148 V                              ; 0.064 V                              ; 4.51e-10 s                  ; 4.15e-10 s                  ; No                         ; Yes                        ; 2.62 V                      ; 2.74e-08 V                  ; 2.71 V             ; -0.0317 V          ; 0.148 V                             ; 0.064 V                             ; 4.51e-10 s                 ; 4.15e-10 s                 ; No                        ; Yes                       ;
; oALUOut[2]    ; 2.5 V        ; 0 s                 ; 0 s                 ; 2.62 V                       ; 2.74e-08 V                   ; 2.71 V              ; -0.0317 V           ; 0.148 V                              ; 0.064 V                              ; 4.51e-10 s                  ; 4.15e-10 s                  ; No                         ; Yes                        ; 2.62 V                      ; 2.74e-08 V                  ; 2.71 V             ; -0.0317 V          ; 0.148 V                             ; 0.064 V                             ; 4.51e-10 s                 ; 4.15e-10 s                 ; No                        ; Yes                       ;
; oALUOut[3]    ; 2.5 V        ; 0 s                 ; 0 s                 ; 2.62 V                       ; 2.74e-08 V                   ; 2.71 V              ; -0.0317 V           ; 0.148 V                              ; 0.064 V                              ; 4.51e-10 s                  ; 4.15e-10 s                  ; No                         ; Yes                        ; 2.62 V                      ; 2.74e-08 V                  ; 2.71 V             ; -0.0317 V          ; 0.148 V                             ; 0.064 V                             ; 4.51e-10 s                 ; 4.15e-10 s                 ; No                        ; Yes                       ;
; oALUOut[4]    ; 2.5 V        ; 0 s                 ; 0 s                 ; 2.62 V                       ; 2.74e-08 V                   ; 2.64 V              ; -0.0117 V           ; 0.202 V                              ; 0.176 V                              ; 2.38e-09 s                  ; 2.22e-09 s                  ; No                         ; Yes                        ; 2.62 V                      ; 2.74e-08 V                  ; 2.64 V             ; -0.0117 V          ; 0.202 V                             ; 0.176 V                             ; 2.38e-09 s                 ; 2.22e-09 s                 ; No                        ; Yes                       ;
; oALUOut[5]    ; 2.5 V        ; 0 s                 ; 0 s                 ; 2.62 V                       ; 2.74e-08 V                   ; 2.71 V              ; -0.0317 V           ; 0.148 V                              ; 0.064 V                              ; 4.51e-10 s                  ; 4.15e-10 s                  ; No                         ; Yes                        ; 2.62 V                      ; 2.74e-08 V                  ; 2.71 V             ; -0.0317 V          ; 0.148 V                             ; 0.064 V                             ; 4.51e-10 s                 ; 4.15e-10 s                 ; No                        ; Yes                       ;
; oALUOut[6]    ; 2.5 V        ; 0 s                 ; 0 s                 ; 2.62 V                       ; 2.74e-08 V                   ; 2.73 V              ; -0.0384 V           ; 0.169 V                              ; 0.089 V                              ; 2.7e-10 s                   ; 2.62e-10 s                  ; Yes                        ; Yes                        ; 2.62 V                      ; 2.74e-08 V                  ; 2.73 V             ; -0.0384 V          ; 0.169 V                             ; 0.089 V                             ; 2.7e-10 s                  ; 2.62e-10 s                 ; Yes                       ; Yes                       ;
; oALUOut[7]    ; 2.5 V        ; 0 s                 ; 0 s                 ; 2.62 V                       ; 2.74e-08 V                   ; 2.71 V              ; -0.0317 V           ; 0.148 V                              ; 0.064 V                              ; 4.51e-10 s                  ; 4.15e-10 s                  ; No                         ; Yes                        ; 2.62 V                      ; 2.74e-08 V                  ; 2.71 V             ; -0.0317 V          ; 0.148 V                             ; 0.064 V                             ; 4.51e-10 s                 ; 4.15e-10 s                 ; No                        ; Yes                       ;
; oALUOut[8]    ; 2.5 V        ; 0 s                 ; 0 s                 ; 2.62 V                       ; 2.74e-08 V                   ; 2.71 V              ; -0.0317 V           ; 0.148 V                              ; 0.064 V                              ; 4.51e-10 s                  ; 4.15e-10 s                  ; No                         ; Yes                        ; 2.62 V                      ; 2.74e-08 V                  ; 2.71 V             ; -0.0317 V          ; 0.148 V                             ; 0.064 V                             ; 4.51e-10 s                 ; 4.15e-10 s                 ; No                        ; Yes                       ;
; oALUOut[9]    ; 2.5 V        ; 0 s                 ; 0 s                 ; 2.62 V                       ; 2.74e-08 V                   ; 2.71 V              ; -0.0317 V           ; 0.148 V                              ; 0.064 V                              ; 4.51e-10 s                  ; 4.15e-10 s                  ; No                         ; Yes                        ; 2.62 V                      ; 2.74e-08 V                  ; 2.71 V             ; -0.0317 V          ; 0.148 V                             ; 0.064 V                             ; 4.51e-10 s                 ; 4.15e-10 s                 ; No                        ; Yes                       ;
; oALUOut[10]   ; 2.5 V        ; 0 s                 ; 0 s                 ; 2.62 V                       ; 2.74e-08 V                   ; 2.71 V              ; -0.0317 V           ; 0.148 V                              ; 0.064 V                              ; 4.51e-10 s                  ; 4.15e-10 s                  ; No                         ; Yes                        ; 2.62 V                      ; 2.74e-08 V                  ; 2.71 V             ; -0.0317 V          ; 0.148 V                             ; 0.064 V                             ; 4.51e-10 s                 ; 4.15e-10 s                 ; No                        ; Yes                       ;
; oALUOut[11]   ; 2.5 V        ; 0 s                 ; 0 s                 ; 2.62 V                       ; 2.74e-08 V                   ; 2.71 V              ; -0.0317 V           ; 0.148 V                              ; 0.064 V                              ; 4.51e-10 s                  ; 4.15e-10 s                  ; No                         ; Yes                        ; 2.62 V                      ; 2.74e-08 V                  ; 2.71 V             ; -0.0317 V          ; 0.148 V                             ; 0.064 V                             ; 4.51e-10 s                 ; 4.15e-10 s                 ; No                        ; Yes                       ;
; oALUOut[12]   ; 2.5 V        ; 0 s                 ; 0 s                 ; 2.62 V                       ; 2.74e-08 V                   ; 2.71 V              ; -0.0317 V           ; 0.148 V                              ; 0.064 V                              ; 4.51e-10 s                  ; 4.15e-10 s                  ; No                         ; Yes                        ; 2.62 V                      ; 2.74e-08 V                  ; 2.71 V             ; -0.0317 V          ; 0.148 V                             ; 0.064 V                             ; 4.51e-10 s                 ; 4.15e-10 s                 ; No                        ; Yes                       ;
; oALUOut[13]   ; 2.5 V        ; 0 s                 ; 0 s                 ; 2.62 V                       ; 2.74e-08 V                   ; 2.73 V              ; -0.0384 V           ; 0.169 V                              ; 0.089 V                              ; 2.7e-10 s                   ; 2.62e-10 s                  ; Yes                        ; Yes                        ; 2.62 V                      ; 2.74e-08 V                  ; 2.73 V             ; -0.0384 V          ; 0.169 V                             ; 0.089 V                             ; 2.7e-10 s                  ; 2.62e-10 s                 ; Yes                       ; Yes                       ;
; oALUOut[14]   ; 2.5 V        ; 0 s                 ; 0 s                 ; 2.62 V                       ; 2.74e-08 V                   ; 2.71 V              ; -0.0317 V           ; 0.148 V                              ; 0.064 V                              ; 4.51e-10 s                  ; 4.15e-10 s                  ; No                         ; Yes                        ; 2.62 V                      ; 2.74e-08 V                  ; 2.71 V             ; -0.0317 V          ; 0.148 V                             ; 0.064 V                             ; 4.51e-10 s                 ; 4.15e-10 s                 ; No                        ; Yes                       ;
; oALUOut[15]   ; 2.5 V        ; 0 s                 ; 0 s                 ; 2.62 V                       ; 2.74e-08 V                   ; 2.71 V              ; -0.0317 V           ; 0.148 V                              ; 0.064 V                              ; 4.51e-10 s                  ; 4.15e-10 s                  ; No                         ; Yes                        ; 2.62 V                      ; 2.74e-08 V                  ; 2.71 V             ; -0.0317 V          ; 0.148 V                             ; 0.064 V                             ; 4.51e-10 s                 ; 4.15e-10 s                 ; No                        ; Yes                       ;
; oALUOut[16]   ; 2.5 V        ; 0 s                 ; 0 s                 ; 2.62 V                       ; 2.74e-08 V                   ; 2.71 V              ; -0.0317 V           ; 0.148 V                              ; 0.064 V                              ; 4.51e-10 s                  ; 4.15e-10 s                  ; No                         ; Yes                        ; 2.62 V                      ; 2.74e-08 V                  ; 2.71 V             ; -0.0317 V          ; 0.148 V                             ; 0.064 V                             ; 4.51e-10 s                 ; 4.15e-10 s                 ; No                        ; Yes                       ;
; oALUOut[17]   ; 2.5 V        ; 0 s                 ; 0 s                 ; 2.62 V                       ; 2.74e-08 V                   ; 2.71 V              ; -0.0317 V           ; 0.148 V                              ; 0.064 V                              ; 4.51e-10 s                  ; 4.15e-10 s                  ; No                         ; Yes                        ; 2.62 V                      ; 2.74e-08 V                  ; 2.71 V             ; -0.0317 V          ; 0.148 V                             ; 0.064 V                             ; 4.51e-10 s                 ; 4.15e-10 s                 ; No                        ; Yes                       ;
; oALUOut[18]   ; 2.5 V        ; 0 s                 ; 0 s                 ; 2.62 V                       ; 2.74e-08 V                   ; 2.73 V              ; -0.0384 V           ; 0.169 V                              ; 0.089 V                              ; 2.7e-10 s                   ; 2.62e-10 s                  ; Yes                        ; Yes                        ; 2.62 V                      ; 2.74e-08 V                  ; 2.73 V             ; -0.0384 V          ; 0.169 V                             ; 0.089 V                             ; 2.7e-10 s                  ; 2.62e-10 s                 ; Yes                       ; Yes                       ;
; oALUOut[19]   ; 2.5 V        ; 0 s                 ; 0 s                 ; 2.62 V                       ; 2.74e-08 V                   ; 2.71 V              ; -0.0317 V           ; 0.148 V                              ; 0.064 V                              ; 4.51e-10 s                  ; 4.15e-10 s                  ; No                         ; Yes                        ; 2.62 V                      ; 2.74e-08 V                  ; 2.71 V             ; -0.0317 V          ; 0.148 V                             ; 0.064 V                             ; 4.51e-10 s                 ; 4.15e-10 s                 ; No                        ; Yes                       ;
; oALUOut[20]   ; 2.5 V        ; 0 s                 ; 0 s                 ; 2.62 V                       ; 2.74e-08 V                   ; 2.71 V              ; -0.0317 V           ; 0.148 V                              ; 0.064 V                              ; 4.51e-10 s                  ; 4.15e-10 s                  ; No                         ; Yes                        ; 2.62 V                      ; 2.74e-08 V                  ; 2.71 V             ; -0.0317 V          ; 0.148 V                             ; 0.064 V                             ; 4.51e-10 s                 ; 4.15e-10 s                 ; No                        ; Yes                       ;
; oALUOut[21]   ; 2.5 V        ; 0 s                 ; 0 s                 ; 2.62 V                       ; 2.74e-08 V                   ; 2.71 V              ; -0.0317 V           ; 0.148 V                              ; 0.064 V                              ; 4.51e-10 s                  ; 4.15e-10 s                  ; No                         ; Yes                        ; 2.62 V                      ; 2.74e-08 V                  ; 2.71 V             ; -0.0317 V          ; 0.148 V                             ; 0.064 V                             ; 4.51e-10 s                 ; 4.15e-10 s                 ; No                        ; Yes                       ;
; oALUOut[22]   ; 2.5 V        ; 0 s                 ; 0 s                 ; 2.62 V                       ; 2.74e-08 V                   ; 2.71 V              ; -0.0317 V           ; 0.148 V                              ; 0.064 V                              ; 4.51e-10 s                  ; 4.15e-10 s                  ; No                         ; Yes                        ; 2.62 V                      ; 2.74e-08 V                  ; 2.71 V             ; -0.0317 V          ; 0.148 V                             ; 0.064 V                             ; 4.51e-10 s                 ; 4.15e-10 s                 ; No                        ; Yes                       ;
; oALUOut[23]   ; 2.5 V        ; 0 s                 ; 0 s                 ; 2.62 V                       ; 2.74e-08 V                   ; 2.71 V              ; -0.0317 V           ; 0.148 V                              ; 0.064 V                              ; 4.51e-10 s                  ; 4.15e-10 s                  ; No                         ; Yes                        ; 2.62 V                      ; 2.74e-08 V                  ; 2.71 V             ; -0.0317 V          ; 0.148 V                             ; 0.064 V                             ; 4.51e-10 s                 ; 4.15e-10 s                 ; No                        ; Yes                       ;
; oALUOut[24]   ; 2.5 V        ; 0 s                 ; 0 s                 ; 2.62 V                       ; 2.74e-08 V                   ; 2.71 V              ; -0.0317 V           ; 0.148 V                              ; 0.064 V                              ; 4.51e-10 s                  ; 4.15e-10 s                  ; No                         ; Yes                        ; 2.62 V                      ; 2.74e-08 V                  ; 2.71 V             ; -0.0317 V          ; 0.148 V                             ; 0.064 V                             ; 4.51e-10 s                 ; 4.15e-10 s                 ; No                        ; Yes                       ;
; oALUOut[25]   ; 2.5 V        ; 0 s                 ; 0 s                 ; 2.62 V                       ; 2.74e-08 V                   ; 2.71 V              ; -0.0317 V           ; 0.148 V                              ; 0.064 V                              ; 4.51e-10 s                  ; 4.15e-10 s                  ; No                         ; Yes                        ; 2.62 V                      ; 2.74e-08 V                  ; 2.71 V             ; -0.0317 V          ; 0.148 V                             ; 0.064 V                             ; 4.51e-10 s                 ; 4.15e-10 s                 ; No                        ; Yes                       ;
; oALUOut[26]   ; 2.5 V        ; 0 s                 ; 0 s                 ; 2.62 V                       ; 2.74e-08 V                   ; 2.73 V              ; -0.0384 V           ; 0.169 V                              ; 0.089 V                              ; 2.7e-10 s                   ; 2.62e-10 s                  ; Yes                        ; Yes                        ; 2.62 V                      ; 2.74e-08 V                  ; 2.73 V             ; -0.0384 V          ; 0.169 V                             ; 0.089 V                             ; 2.7e-10 s                  ; 2.62e-10 s                 ; Yes                       ; Yes                       ;
; oALUOut[27]   ; 2.5 V        ; 0 s                 ; 0 s                 ; 2.62 V                       ; 2.74e-08 V                   ; 2.71 V              ; -0.0317 V           ; 0.148 V                              ; 0.064 V                              ; 4.51e-10 s                  ; 4.15e-10 s                  ; No                         ; Yes                        ; 2.62 V                      ; 2.74e-08 V                  ; 2.71 V             ; -0.0317 V          ; 0.148 V                             ; 0.064 V                             ; 4.51e-10 s                 ; 4.15e-10 s                 ; No                        ; Yes                       ;
; oALUOut[28]   ; 2.5 V        ; 0 s                 ; 0 s                 ; 2.62 V                       ; 2.74e-08 V                   ; 2.71 V              ; -0.0317 V           ; 0.148 V                              ; 0.064 V                              ; 4.51e-10 s                  ; 4.15e-10 s                  ; No                         ; Yes                        ; 2.62 V                      ; 2.74e-08 V                  ; 2.71 V             ; -0.0317 V          ; 0.148 V                             ; 0.064 V                             ; 4.51e-10 s                 ; 4.15e-10 s                 ; No                        ; Yes                       ;
; oALUOut[29]   ; 2.5 V        ; 0 s                 ; 0 s                 ; 2.62 V                       ; 2.74e-08 V                   ; 2.71 V              ; -0.0317 V           ; 0.148 V                              ; 0.064 V                              ; 4.51e-10 s                  ; 4.15e-10 s                  ; No                         ; Yes                        ; 2.62 V                      ; 2.74e-08 V                  ; 2.71 V             ; -0.0317 V          ; 0.148 V                             ; 0.064 V                             ; 4.51e-10 s                 ; 4.15e-10 s                 ; No                        ; Yes                       ;
; oALUOut[30]   ; 2.5 V        ; 0 s                 ; 0 s                 ; 2.62 V                       ; 2.74e-08 V                   ; 2.71 V              ; -0.0317 V           ; 0.148 V                              ; 0.064 V                              ; 4.51e-10 s                  ; 4.15e-10 s                  ; No                         ; Yes                        ; 2.62 V                      ; 2.74e-08 V                  ; 2.71 V             ; -0.0317 V          ; 0.148 V                             ; 0.064 V                             ; 4.51e-10 s                 ; 4.15e-10 s                 ; No                        ; Yes                       ;
; oALUOut[31]   ; 2.5 V        ; 0 s                 ; 0 s                 ; 2.62 V                       ; 2.74e-08 V                   ; 2.64 V              ; -0.0117 V           ; 0.202 V                              ; 0.176 V                              ; 2.38e-09 s                  ; 2.22e-09 s                  ; No                         ; Yes                        ; 2.62 V                      ; 2.74e-08 V                  ; 2.64 V             ; -0.0117 V          ; 0.202 V                             ; 0.176 V                             ; 2.38e-09 s                 ; 2.22e-09 s                 ; No                        ; Yes                       ;
; ~ALTERA_DCLK~ ; 2.5 V        ; 0 s                 ; 0 s                 ; 2.62 V                       ; 2.22e-08 V                   ; 2.74 V              ; -0.06 V             ; 0.158 V                              ; 0.08 V                               ; 2.68e-10 s                  ; 2.19e-10 s                  ; Yes                        ; Yes                        ; 2.62 V                      ; 2.22e-08 V                  ; 2.74 V             ; -0.06 V            ; 0.158 V                             ; 0.08 V                              ; 2.68e-10 s                 ; 2.19e-10 s                 ; Yes                       ; Yes                       ;
; ~ALTERA_nCEO~ ; 2.5 V        ; 0 s                 ; 0 s                 ; 2.62 V                       ; 3.54e-08 V                   ; 2.7 V               ; -0.00943 V          ; 0.276 V                              ; 0.035 V                              ; 3.19e-10 s                  ; 4.99e-10 s                  ; No                         ; Yes                        ; 2.62 V                      ; 3.54e-08 V                  ; 2.7 V              ; -0.00943 V         ; 0.276 V                             ; 0.035 V                             ; 3.19e-10 s                 ; 4.99e-10 s                 ; No                        ; Yes                       ;
+---------------+--------------+---------------------+---------------------+------------------------------+------------------------------+---------------------+---------------------+--------------------------------------+--------------------------------------+-----------------------------+-----------------------------+----------------------------+----------------------------+-----------------------------+-----------------------------+--------------------+--------------------+-------------------------------------+-------------------------------------+----------------------------+----------------------------+---------------------------+---------------------------+


+--------------------------------------------------------------------+
; Setup Transfers                                                    ;
+------------+----------+-----------+----------+----------+----------+
; From Clock ; To Clock ; RR Paths  ; FR Paths ; RF Paths ; FF Paths ;
+------------+----------+-----------+----------+----------+----------+
; iCLK       ; iCLK     ; 346991449 ; 0        ; 0        ; 0        ;
+------------+----------+-----------+----------+----------+----------+
Entries labeled "false path" only account for clock-to-clock false paths and not path-based false paths. As a result, actual path counts may be lower than reported.


+--------------------------------------------------------------------+
; Hold Transfers                                                     ;
+------------+----------+-----------+----------+----------+----------+
; From Clock ; To Clock ; RR Paths  ; FR Paths ; RF Paths ; FF Paths ;
+------------+----------+-----------+----------+----------+----------+
; iCLK       ; iCLK     ; 346991449 ; 0        ; 0        ; 0        ;
+------------+----------+-----------+----------+----------+----------+
Entries labeled "false path" only account for clock-to-clock false paths and not path-based false paths. As a result, actual path counts may be lower than reported.


---------------
; Report TCCS ;
---------------
No dedicated SERDES Transmitter circuitry present in device or used in design


---------------
; Report RSKM ;
---------------
No non-DPA dedicated SERDES Receiver circuitry present in device or used in design


+---------------------------------------------------+
; Unconstrained Paths Summary                       ;
+---------------------------------+--------+--------+
; Property                        ; Setup  ; Hold   ;
+---------------------------------+--------+--------+
; Illegal Clocks                  ; 0      ; 0      ;
; Unconstrained Clocks            ; 0      ; 0      ;
; Unconstrained Input Ports       ; 44     ; 44     ;
; Unconstrained Input Port Paths  ; 394970 ; 394970 ;
; Unconstrained Output Ports      ; 32     ; 32     ;
; Unconstrained Output Port Paths ; 7211   ; 7211   ;
+---------------------------------+--------+--------+


+-------------------------------------+
; Clock Status Summary                ;
+--------+-------+------+-------------+
; Target ; Clock ; Type ; Status      ;
+--------+-------+------+-------------+
; iCLK   ; iCLK  ; Base ; Constrained ;
+--------+-------+------+-------------+


+------------------------------------------------------------------------------------------------------+
; Unconstrained Input Ports                                                                            ;
+---------------+--------------------------------------------------------------------------------------+
; Input Port    ; Comment                                                                              ;
+---------------+--------------------------------------------------------------------------------------+
; iInstAddr[2]  ; No input delay, min/max delays, false-path exceptions, or max skew assignments found ;
; iInstAddr[3]  ; No input delay, min/max delays, false-path exceptions, or max skew assignments found ;
; iInstAddr[4]  ; No input delay, min/max delays, false-path exceptions, or max skew assignments found ;
; iInstAddr[5]  ; No input delay, min/max delays, false-path exceptions, or max skew assignments found ;
; iInstAddr[6]  ; No input delay, min/max delays, false-path exceptions, or max skew assignments found ;
; iInstAddr[7]  ; No input delay, min/max delays, false-path exceptions, or max skew assignments found ;
; iInstAddr[8]  ; No input delay, min/max delays, false-path exceptions, or max skew assignments found ;
; iInstAddr[9]  ; No input delay, min/max delays, false-path exceptions, or max skew assignments found ;
; iInstAddr[10] ; No input delay, min/max delays, false-path exceptions, or max skew assignments found ;
; iInstAddr[11] ; No input delay, min/max delays, false-path exceptions, or max skew assignments found ;
; iInstExt[0]   ; No input delay, min/max delays, false-path exceptions, or max skew assignments found ;
; iInstExt[1]   ; No input delay, min/max delays, false-path exceptions, or max skew assignments found ;
; iInstExt[2]   ; No input delay, min/max delays, false-path exceptions, or max skew assignments found ;
; iInstExt[3]   ; No input delay, min/max delays, false-path exceptions, or max skew assignments found ;
; iInstExt[4]   ; No input delay, min/max delays, false-path exceptions, or max skew assignments found ;
; iInstExt[5]   ; No input delay, min/max delays, false-path exceptions, or max skew assignments found ;
; iInstExt[6]   ; No input delay, min/max delays, false-path exceptions, or max skew assignments found ;
; iInstExt[7]   ; No input delay, min/max delays, false-path exceptions, or max skew assignments found ;
; iInstExt[8]   ; No input delay, min/max delays, false-path exceptions, or max skew assignments found ;
; iInstExt[9]   ; No input delay, min/max delays, false-path exceptions, or max skew assignments found ;
; iInstExt[10]  ; No input delay, min/max delays, false-path exceptions, or max skew assignments found ;
; iInstExt[11]  ; No input delay, min/max delays, false-path exceptions, or max skew assignments found ;
; iInstExt[12]  ; No input delay, min/max delays, false-path exceptions, or max skew assignments found ;
; iInstExt[13]  ; No input delay, min/max delays, false-path exceptions, or max skew assignments found ;
; iInstExt[14]  ; No input delay, min/max delays, false-path exceptions, or max skew assignments found ;
; iInstExt[15]  ; No input delay, min/max delays, false-path exceptions, or max skew assignments found ;
; iInstExt[16]  ; No input delay, min/max delays, false-path exceptions, or max skew assignments found ;
; iInstExt[17]  ; No input delay, min/max delays, false-path exceptions, or max skew assignments found ;
; iInstExt[18]  ; No input delay, min/max delays, false-path exceptions, or max skew assignments found ;
; iInstExt[19]  ; No input delay, min/max delays, false-path exceptions, or max skew assignments found ;
; iInstExt[20]  ; No input delay, min/max delays, false-path exceptions, or max skew assignments found ;
; iInstExt[21]  ; No input delay, min/max delays, false-path exceptions, or max skew assignments found ;
; iInstExt[22]  ; No input delay, min/max delays, false-path exceptions, or max skew assignments found ;
; iInstExt[23]  ; No input delay, min/max delays, false-path exceptions, or max skew assignments found ;
; iInstExt[24]  ; No input delay, min/max delays, false-path exceptions, or max skew assignments found ;
; iInstExt[25]  ; No input delay, min/max delays, false-path exceptions, or max skew assignments found ;
; iInstExt[26]  ; No input delay, min/max delays, false-path exceptions, or max skew assignments found ;
; iInstExt[27]  ; No input delay, min/max delays, false-path exceptions, or max skew assignments found ;
; iInstExt[28]  ; No input delay, min/max delays, false-path exceptions, or max skew assignments found ;
; iInstExt[29]  ; No input delay, min/max delays, false-path exceptions, or max skew assignments found ;
; iInstExt[30]  ; No input delay, min/max delays, false-path exceptions, or max skew assignments found ;
; iInstExt[31]  ; No input delay, min/max delays, false-path exceptions, or max skew assignments found ;
; iInstLd       ; No input delay, min/max delays, false-path exceptions, or max skew assignments found ;
; iRST          ; No input delay, min/max delays, false-path exceptions, or max skew assignments found ;
+---------------+--------------------------------------------------------------------------------------+


+-----------------------------------------------------------------------------------------------------+
; Unconstrained Output Ports                                                                          ;
+-------------+---------------------------------------------------------------------------------------+
; Output Port ; Comment                                                                               ;
+-------------+---------------------------------------------------------------------------------------+
; oALUOut[0]  ; No output delay, min/max delays, false-path exceptions, or max skew assignments found ;
; oALUOut[1]  ; No output delay, min/max delays, false-path exceptions, or max skew assignments found ;
; oALUOut[2]  ; No output delay, min/max delays, false-path exceptions, or max skew assignments found ;
; oALUOut[3]  ; No output delay, min/max delays, false-path exceptions, or max skew assignments found ;
; oALUOut[4]  ; No output delay, min/max delays, false-path exceptions, or max skew assignments found ;
; oALUOut[5]  ; No output delay, min/max delays, false-path exceptions, or max skew assignments found ;
; oALUOut[6]  ; No output delay, min/max delays, false-path exceptions, or max skew assignments found ;
; oALUOut[7]  ; No output delay, min/max delays, false-path exceptions, or max skew assignments found ;
; oALUOut[8]  ; No output delay, min/max delays, false-path exceptions, or max skew assignments found ;
; oALUOut[9]  ; No output delay, min/max delays, false-path exceptions, or max skew assignments found ;
; oALUOut[10] ; No output delay, min/max delays, false-path exceptions, or max skew assignments found ;
; oALUOut[11] ; No output delay, min/max delays, false-path exceptions, or max skew assignments found ;
; oALUOut[12] ; No output delay, min/max delays, false-path exceptions, or max skew assignments found ;
; oALUOut[13] ; No output delay, min/max delays, false-path exceptions, or max skew assignments found ;
; oALUOut[14] ; No output delay, min/max delays, false-path exceptions, or max skew assignments found ;
; oALUOut[15] ; No output delay, min/max delays, false-path exceptions, or max skew assignments found ;
; oALUOut[16] ; No output delay, min/max delays, false-path exceptions, or max skew assignments found ;
; oALUOut[17] ; No output delay, min/max delays, false-path exceptions, or max skew assignments found ;
; oALUOut[18] ; No output delay, min/max delays, false-path exceptions, or max skew assignments found ;
; oALUOut[19] ; No output delay, min/max delays, false-path exceptions, or max skew assignments found ;
; oALUOut[20] ; No output delay, min/max delays, false-path exceptions, or max skew assignments found ;
; oALUOut[21] ; No output delay, min/max delays, false-path exceptions, or max skew assignments found ;
; oALUOut[22] ; No output delay, min/max delays, false-path exceptions, or max skew assignments found ;
; oALUOut[23] ; No output delay, min/max delays, false-path exceptions, or max skew assignments found ;
; oALUOut[24] ; No output delay, min/max delays, false-path exceptions, or max skew assignments found ;
; oALUOut[25] ; No output delay, min/max delays, false-path exceptions, or max skew assignments found ;
; oALUOut[26] ; No output delay, min/max delays, false-path exceptions, or max skew assignments found ;
; oALUOut[27] ; No output delay, min/max delays, false-path exceptions, or max skew assignments found ;
; oALUOut[28] ; No output delay, min/max delays, false-path exceptions, or max skew assignments found ;
; oALUOut[29] ; No output delay, min/max delays, false-path exceptions, or max skew assignments found ;
; oALUOut[30] ; No output delay, min/max delays, false-path exceptions, or max skew assignments found ;
; oALUOut[31] ; No output delay, min/max delays, false-path exceptions, or max skew assignments found ;
+-------------+---------------------------------------------------------------------------------------+


+------------------------------------------------------------------------------------------------------+
; Unconstrained Input Ports                                                                            ;
+---------------+--------------------------------------------------------------------------------------+
; Input Port    ; Comment                                                                              ;
+---------------+--------------------------------------------------------------------------------------+
; iInstAddr[2]  ; No input delay, min/max delays, false-path exceptions, or max skew assignments found ;
; iInstAddr[3]  ; No input delay, min/max delays, false-path exceptions, or max skew assignments found ;
; iInstAddr[4]  ; No input delay, min/max delays, false-path exceptions, or max skew assignments found ;
; iInstAddr[5]  ; No input delay, min/max delays, false-path exceptions, or max skew assignments found ;
; iInstAddr[6]  ; No input delay, min/max delays, false-path exceptions, or max skew assignments found ;
; iInstAddr[7]  ; No input delay, min/max delays, false-path exceptions, or max skew assignments found ;
; iInstAddr[8]  ; No input delay, min/max delays, false-path exceptions, or max skew assignments found ;
; iInstAddr[9]  ; No input delay, min/max delays, false-path exceptions, or max skew assignments found ;
; iInstAddr[10] ; No input delay, min/max delays, false-path exceptions, or max skew assignments found ;
; iInstAddr[11] ; No input delay, min/max delays, false-path exceptions, or max skew assignments found ;
; iInstExt[0]   ; No input delay, min/max delays, false-path exceptions, or max skew assignments found ;
; iInstExt[1]   ; No input delay, min/max delays, false-path exceptions, or max skew assignments found ;
; iInstExt[2]   ; No input delay, min/max delays, false-path exceptions, or max skew assignments found ;
; iInstExt[3]   ; No input delay, min/max delays, false-path exceptions, or max skew assignments found ;
; iInstExt[4]   ; No input delay, min/max delays, false-path exceptions, or max skew assignments found ;
; iInstExt[5]   ; No input delay, min/max delays, false-path exceptions, or max skew assignments found ;
; iInstExt[6]   ; No input delay, min/max delays, false-path exceptions, or max skew assignments found ;
; iInstExt[7]   ; No input delay, min/max delays, false-path exceptions, or max skew assignments found ;
; iInstExt[8]   ; No input delay, min/max delays, false-path exceptions, or max skew assignments found ;
; iInstExt[9]   ; No input delay, min/max delays, false-path exceptions, or max skew assignments found ;
; iInstExt[10]  ; No input delay, min/max delays, false-path exceptions, or max skew assignments found ;
; iInstExt[11]  ; No input delay, min/max delays, false-path exceptions, or max skew assignments found ;
; iInstExt[12]  ; No input delay, min/max delays, false-path exceptions, or max skew assignments found ;
; iInstExt[13]  ; No input delay, min/max delays, false-path exceptions, or max skew assignments found ;
; iInstExt[14]  ; No input delay, min/max delays, false-path exceptions, or max skew assignments found ;
; iInstExt[15]  ; No input delay, min/max delays, false-path exceptions, or max skew assignments found ;
; iInstExt[16]  ; No input delay, min/max delays, false-path exceptions, or max skew assignments found ;
; iInstExt[17]  ; No input delay, min/max delays, false-path exceptions, or max skew assignments found ;
; iInstExt[18]  ; No input delay, min/max delays, false-path exceptions, or max skew assignments found ;
; iInstExt[19]  ; No input delay, min/max delays, false-path exceptions, or max skew assignments found ;
; iInstExt[20]  ; No input delay, min/max delays, false-path exceptions, or max skew assignments found ;
; iInstExt[21]  ; No input delay, min/max delays, false-path exceptions, or max skew assignments found ;
; iInstExt[22]  ; No input delay, min/max delays, false-path exceptions, or max skew assignments found ;
; iInstExt[23]  ; No input delay, min/max delays, false-path exceptions, or max skew assignments found ;
; iInstExt[24]  ; No input delay, min/max delays, false-path exceptions, or max skew assignments found ;
; iInstExt[25]  ; No input delay, min/max delays, false-path exceptions, or max skew assignments found ;
; iInstExt[26]  ; No input delay, min/max delays, false-path exceptions, or max skew assignments found ;
; iInstExt[27]  ; No input delay, min/max delays, false-path exceptions, or max skew assignments found ;
; iInstExt[28]  ; No input delay, min/max delays, false-path exceptions, or max skew assignments found ;
; iInstExt[29]  ; No input delay, min/max delays, false-path exceptions, or max skew assignments found ;
; iInstExt[30]  ; No input delay, min/max delays, false-path exceptions, or max skew assignments found ;
; iInstExt[31]  ; No input delay, min/max delays, false-path exceptions, or max skew assignments found ;
; iInstLd       ; No input delay, min/max delays, false-path exceptions, or max skew assignments found ;
; iRST          ; No input delay, min/max delays, false-path exceptions, or max skew assignments found ;
+---------------+--------------------------------------------------------------------------------------+


+-----------------------------------------------------------------------------------------------------+
; Unconstrained Output Ports                                                                          ;
+-------------+---------------------------------------------------------------------------------------+
; Output Port ; Comment                                                                               ;
+-------------+---------------------------------------------------------------------------------------+
; oALUOut[0]  ; No output delay, min/max delays, false-path exceptions, or max skew assignments found ;
; oALUOut[1]  ; No output delay, min/max delays, false-path exceptions, or max skew assignments found ;
; oALUOut[2]  ; No output delay, min/max delays, false-path exceptions, or max skew assignments found ;
; oALUOut[3]  ; No output delay, min/max delays, false-path exceptions, or max skew assignments found ;
; oALUOut[4]  ; No output delay, min/max delays, false-path exceptions, or max skew assignments found ;
; oALUOut[5]  ; No output delay, min/max delays, false-path exceptions, or max skew assignments found ;
; oALUOut[6]  ; No output delay, min/max delays, false-path exceptions, or max skew assignments found ;
; oALUOut[7]  ; No output delay, min/max delays, false-path exceptions, or max skew assignments found ;
; oALUOut[8]  ; No output delay, min/max delays, false-path exceptions, or max skew assignments found ;
; oALUOut[9]  ; No output delay, min/max delays, false-path exceptions, or max skew assignments found ;
; oALUOut[10] ; No output delay, min/max delays, false-path exceptions, or max skew assignments found ;
; oALUOut[11] ; No output delay, min/max delays, false-path exceptions, or max skew assignments found ;
; oALUOut[12] ; No output delay, min/max delays, false-path exceptions, or max skew assignments found ;
; oALUOut[13] ; No output delay, min/max delays, false-path exceptions, or max skew assignments found ;
; oALUOut[14] ; No output delay, min/max delays, false-path exceptions, or max skew assignments found ;
; oALUOut[15] ; No output delay, min/max delays, false-path exceptions, or max skew assignments found ;
; oALUOut[16] ; No output delay, min/max delays, false-path exceptions, or max skew assignments found ;
; oALUOut[17] ; No output delay, min/max delays, false-path exceptions, or max skew assignments found ;
; oALUOut[18] ; No output delay, min/max delays, false-path exceptions, or max skew assignments found ;
; oALUOut[19] ; No output delay, min/max delays, false-path exceptions, or max skew assignments found ;
; oALUOut[20] ; No output delay, min/max delays, false-path exceptions, or max skew assignments found ;
; oALUOut[21] ; No output delay, min/max delays, false-path exceptions, or max skew assignments found ;
; oALUOut[22] ; No output delay, min/max delays, false-path exceptions, or max skew assignments found ;
; oALUOut[23] ; No output delay, min/max delays, false-path exceptions, or max skew assignments found ;
; oALUOut[24] ; No output delay, min/max delays, false-path exceptions, or max skew assignments found ;
; oALUOut[25] ; No output delay, min/max delays, false-path exceptions, or max skew assignments found ;
; oALUOut[26] ; No output delay, min/max delays, false-path exceptions, or max skew assignments found ;
; oALUOut[27] ; No output delay, min/max delays, false-path exceptions, or max skew assignments found ;
; oALUOut[28] ; No output delay, min/max delays, false-path exceptions, or max skew assignments found ;
; oALUOut[29] ; No output delay, min/max delays, false-path exceptions, or max skew assignments found ;
; oALUOut[30] ; No output delay, min/max delays, false-path exceptions, or max skew assignments found ;
; oALUOut[31] ; No output delay, min/max delays, false-path exceptions, or max skew assignments found ;
+-------------+---------------------------------------------------------------------------------------+


+--------------------------+
; Timing Analyzer Messages ;
+--------------------------+
Info: *******************************************************************
Info: Running Quartus Prime Timing Analyzer
    Info: Version 20.1.1 Build 720 11/11/2020 SJ Standard Edition
    Info: Copyright (C) 2020  Intel Corporation. All rights reserved.
    Info: Your use of Intel Corporation's design tools, logic functions 
    Info: and other software and tools, and any partner logic 
    Info: functions, and any output files from any of the foregoing 
    Info: (including device programming or simulation files), and any 
    Info: associated documentation or information are expressly subject 
    Info: to the terms and conditions of the Intel Program License 
    Info: Subscription Agreement, the Intel Quartus Prime License Agreement,
    Info: the Intel FPGA IP License Agreement, or other applicable license
    Info: agreement, including, without limitation, that your use is for
    Info: the sole purpose of programming logic devices manufactured by
    Info: Intel and sold by Intel or its authorized distributors.  Please
    Info: refer to the applicable agreement for further details, at
    Info: https://fpgasoftware.intel.com/eula.
    Info: Processing started: Sat Dec  6 22:11:10 2025
Info: Command: quartus_sta --sdc=toolflow.sdc toolflow --do_report_timing
Info: qsta_default_script.tcl version: #1
Warning (18236): Number of processors has not been specified which may cause overloading on shared machines.  Set the global assignment NUM_PARALLEL_PROCESSORS in your QSF to an appropriate value for best performance.
Info (20030): Parallel compilation is enabled and will use 4 of the 4 processors detected
Info (21076): High junction temperature operating condition is not set. Assuming a default value of '85'.
Info (21076): Low junction temperature operating condition is not set. Assuming a default value of '0'.
Info (332104): Reading SDC File: 'toolflow.sdc'
Info: Found TIMING_ANALYZER_REPORT_SCRIPT_INCLUDE_DEFAULT_ANALYSIS = ON
Info: Analyzing Slow 1200mV 85C Model
Critical Warning (332148): Timing requirements not met
    Info (11105): For recommendations on closing timing, run Report Timing Closure Recommendations in the Timing Analyzer.
Info (332146): Worst-case setup slack is -3.682
    Info (332119):     Slack       End Point TNS Clock 
    Info (332119): ========= =================== =====================
    Info (332119):    -3.682            -635.265 iCLK 
Info (332146): Worst-case hold slack is 0.391
    Info (332119):     Slack       End Point TNS Clock 
    Info (332119): ========= =================== =====================
    Info (332119):     0.391               0.000 iCLK 
Info (332140): No Recovery paths to report
Info (332140): No Removal paths to report
Info (332146): Worst-case minimum pulse width slack is 9.744
    Info (332119):     Slack       End Point TNS Clock 
    Info (332119): ========= =================== =====================
    Info (332119):     9.744               0.000 iCLK 
Info (332115): Report Timing: Found 1 setup paths (1 violated).  Worst case slack is -3.682
    Info (332115): -to_clock [get_clocks {iCLK}]
    Info (332115): -setup
    Info (332115): -stdout
Info (332115): Path #1: Setup slack is -3.682 (VIOLATED)
    Info (332115): ===================================================================
    Info (332115): From Node    : EX_MEM:EX_MEM_REG|reg_N:RD_REG|dffg:\G_NBit_Reg:2:RegI|s_Q
    Info (332115): To Node      : ID_EX:ID_EX_REG|reg_N:RS1_DATA_REG|dffg:\G_NBit_Reg:2:RegI|s_Q
    Info (332115): Launch Clock : iCLK
    Info (332115): Latch Clock  : iCLK
    Info (332115): 
    Info (332115): Data Arrival Path:
    Info (332115): 
    Info (332115): Total (ns)  Incr (ns)     Type  Element
    Info (332115): ==========  ========= ==  ====  ===================================
    Info (332115):      0.000      0.000           launch edge time
    Info (332115):      3.089      3.089  R        clock network delay
    Info (332115):      3.321      0.232     uTco  EX_MEM:EX_MEM_REG|reg_N:RD_REG|dffg:\G_NBit_Reg:2:RegI|s_Q
    Info (332115):      3.321      0.000 FF  CELL  EX_MEM_REG|RD_REG|\G_NBit_Reg:2:RegI|s_Q|q
    Info (332115):      4.083      0.762 FF    IC  FORWARD_UNIT|Equal0~0|datad
    Info (332115):      4.233      0.150 FR  CELL  FORWARD_UNIT|Equal0~0|combout
    Info (332115):      4.649      0.416 RR    IC  FORWARD_UNIT|o_ForwardA[1]~1|datab
    Info (332115):      5.027      0.378 RF  CELL  FORWARD_UNIT|o_ForwardA[1]~1|combout
    Info (332115):      5.352      0.325 FF    IC  Equal3~0|datab
    Info (332115):      5.708      0.356 FF  CELL  Equal3~0|combout
    Info (332115):      5.992      0.284 FF    IC  s_ALU_Op1[13]~0|datad
    Info (332115):      6.117      0.125 FF  CELL  s_ALU_Op1[13]~0|combout
    Info (332115):      6.971      0.854 FF    IC  s_ALU_Op1[4]~37|dataa
    Info (332115):      7.395      0.424 FF  CELL  s_ALU_Op1[4]~37|combout
    Info (332115):      7.662      0.267 FF    IC  s_ALU_Op1[4]~38|datab
    Info (332115):      8.087      0.425 FF  CELL  s_ALU_Op1[4]~38|combout
    Info (332115):      8.317      0.230 FF    IC  s_ALU_Op1[4]~39|datad
    Info (332115):      8.442      0.125 FF  CELL  s_ALU_Op1[4]~39|combout
    Info (332115):      9.214      0.772 FF    IC  ALU_UNIT|ADD_SUB_UNIT|adder|\G_NBit_ADDER:4:ADDER_I|or_gate2|o_F~0|datac
    Info (332115):      9.495      0.281 FF  CELL  ALU_UNIT|ADD_SUB_UNIT|adder|\G_NBit_ADDER:4:ADDER_I|or_gate2|o_F~0|combout
    Info (332115):      9.746      0.251 FF    IC  ALU_UNIT|ADD_SUB_UNIT|adder|\G_NBit_ADDER:5:ADDER_I|or_gate2|o_F~0|datad
    Info (332115):      9.871      0.125 FF  CELL  ALU_UNIT|ADD_SUB_UNIT|adder|\G_NBit_ADDER:5:ADDER_I|or_gate2|o_F~0|combout
    Info (332115):     10.121      0.250 FF    IC  ALU_UNIT|ADD_SUB_UNIT|adder|\G_NBit_ADDER:6:ADDER_I|or_gate2|o_F~0|datad
    Info (332115):     10.246      0.125 FF  CELL  ALU_UNIT|ADD_SUB_UNIT|adder|\G_NBit_ADDER:6:ADDER_I|or_gate2|o_F~0|combout
    Info (332115):     10.497      0.251 FF    IC  ALU_UNIT|ADD_SUB_UNIT|adder|\G_NBit_ADDER:7:ADDER_I|or_gate2|o_F~0|datad
    Info (332115):     10.622      0.125 FF  CELL  ALU_UNIT|ADD_SUB_UNIT|adder|\G_NBit_ADDER:7:ADDER_I|or_gate2|o_F~0|combout
    Info (332115):     10.874      0.252 FF    IC  ALU_UNIT|ADD_SUB_UNIT|adder|\G_NBit_ADDER:8:ADDER_I|or_gate2|o_F~0|datad
    Info (332115):     10.999      0.125 FF  CELL  ALU_UNIT|ADD_SUB_UNIT|adder|\G_NBit_ADDER:8:ADDER_I|or_gate2|o_F~0|combout
    Info (332115):     11.248      0.249 FF    IC  ALU_UNIT|ADD_SUB_UNIT|adder|\G_NBit_ADDER:9:ADDER_I|or_gate2|o_F~0|datad
    Info (332115):     11.373      0.125 FF  CELL  ALU_UNIT|ADD_SUB_UNIT|adder|\G_NBit_ADDER:9:ADDER_I|or_gate2|o_F~0|combout
    Info (332115):     11.623      0.250 FF    IC  ALU_UNIT|ADD_SUB_UNIT|adder|\G_NBit_ADDER:10:ADDER_I|or_gate2|o_F~0|datad
    Info (332115):     11.748      0.125 FF  CELL  ALU_UNIT|ADD_SUB_UNIT|adder|\G_NBit_ADDER:10:ADDER_I|or_gate2|o_F~0|combout
    Info (332115):     12.143      0.395 FF    IC  ALU_UNIT|ADD_SUB_UNIT|adder|\G_NBit_ADDER:11:ADDER_I|or_gate2|o_F~0|datad
    Info (332115):     12.268      0.125 FF  CELL  ALU_UNIT|ADD_SUB_UNIT|adder|\G_NBit_ADDER:11:ADDER_I|or_gate2|o_F~0|combout
    Info (332115):     12.519      0.251 FF    IC  ALU_UNIT|ADD_SUB_UNIT|adder|\G_NBit_ADDER:12:ADDER_I|or_gate2|o_F~0|datad
    Info (332115):     12.644      0.125 FF  CELL  ALU_UNIT|ADD_SUB_UNIT|adder|\G_NBit_ADDER:12:ADDER_I|or_gate2|o_F~0|combout
    Info (332115):     12.896      0.252 FF    IC  ALU_UNIT|ADD_SUB_UNIT|adder|\G_NBit_ADDER:13:ADDER_I|or_gate2|o_F~0|datad
    Info (332115):     13.021      0.125 FF  CELL  ALU_UNIT|ADD_SUB_UNIT|adder|\G_NBit_ADDER:13:ADDER_I|or_gate2|o_F~0|combout
    Info (332115):     13.269      0.248 FF    IC  ALU_UNIT|ADD_SUB_UNIT|adder|\G_NBit_ADDER:14:ADDER_I|or_gate2|o_F~0|datad
    Info (332115):     13.394      0.125 FF  CELL  ALU_UNIT|ADD_SUB_UNIT|adder|\G_NBit_ADDER:14:ADDER_I|or_gate2|o_F~0|combout
    Info (332115):     13.651      0.257 FF    IC  ALU_UNIT|ADD_SUB_UNIT|adder|\G_NBit_ADDER:15:ADDER_I|or_gate2|o_F~0|datac
    Info (332115):     13.932      0.281 FF  CELL  ALU_UNIT|ADD_SUB_UNIT|adder|\G_NBit_ADDER:15:ADDER_I|or_gate2|o_F~0|combout
    Info (332115):     14.187      0.255 FF    IC  ALU_UNIT|ADD_SUB_UNIT|adder|\G_NBit_ADDER:16:ADDER_I|or_gate2|o_F~0|datac
    Info (332115):     14.468      0.281 FF  CELL  ALU_UNIT|ADD_SUB_UNIT|adder|\G_NBit_ADDER:16:ADDER_I|or_gate2|o_F~0|combout
    Info (332115):     14.717      0.249 FF    IC  ALU_UNIT|ADD_SUB_UNIT|adder|\G_NBit_ADDER:17:ADDER_I|or_gate2|o_F~0|datad
    Info (332115):     14.842      0.125 FF  CELL  ALU_UNIT|ADD_SUB_UNIT|adder|\G_NBit_ADDER:17:ADDER_I|or_gate2|o_F~0|combout
    Info (332115):     15.093      0.251 FF    IC  ALU_UNIT|ADD_SUB_UNIT|adder|\G_NBit_ADDER:18:ADDER_I|or_gate2|o_F~0|datad
    Info (332115):     15.218      0.125 FF  CELL  ALU_UNIT|ADD_SUB_UNIT|adder|\G_NBit_ADDER:18:ADDER_I|or_gate2|o_F~0|combout
    Info (332115):     15.476      0.258 FF    IC  ALU_UNIT|ADD_SUB_UNIT|adder|\G_NBit_ADDER:19:ADDER_I|or_gate2|o_F~0|datac
    Info (332115):     15.757      0.281 FF  CELL  ALU_UNIT|ADD_SUB_UNIT|adder|\G_NBit_ADDER:19:ADDER_I|or_gate2|o_F~0|combout
    Info (332115):     16.013      0.256 FF    IC  ALU_UNIT|ADD_SUB_UNIT|adder|\G_NBit_ADDER:20:ADDER_I|or_gate2|o_F~0|datac
    Info (332115):     16.294      0.281 FF  CELL  ALU_UNIT|ADD_SUB_UNIT|adder|\G_NBit_ADDER:20:ADDER_I|or_gate2|o_F~0|combout
    Info (332115):     16.545      0.251 FF    IC  ALU_UNIT|ADD_SUB_UNIT|adder|\G_NBit_ADDER:21:ADDER_I|or_gate2|o_F~0|datad
    Info (332115):     16.670      0.125 FF  CELL  ALU_UNIT|ADD_SUB_UNIT|adder|\G_NBit_ADDER:21:ADDER_I|or_gate2|o_F~0|combout
    Info (332115):     16.918      0.248 FF    IC  ALU_UNIT|ADD_SUB_UNIT|adder|\G_NBit_ADDER:22:ADDER_I|or_gate2|o_F~0|datad
    Info (332115):     17.043      0.125 FF  CELL  ALU_UNIT|ADD_SUB_UNIT|adder|\G_NBit_ADDER:22:ADDER_I|or_gate2|o_F~0|combout
    Info (332115):     17.293      0.250 FF    IC  ALU_UNIT|ADD_SUB_UNIT|adder|\G_NBit_ADDER:23:ADDER_I|or_gate2|o_F~0|datad
    Info (332115):     17.418      0.125 FF  CELL  ALU_UNIT|ADD_SUB_UNIT|adder|\G_NBit_ADDER:23:ADDER_I|or_gate2|o_F~0|combout
    Info (332115):     17.668      0.250 FF    IC  ALU_UNIT|ADD_SUB_UNIT|adder|\G_NBit_ADDER:24:ADDER_I|or_gate2|o_F~0|datad
    Info (332115):     17.793      0.125 FF  CELL  ALU_UNIT|ADD_SUB_UNIT|adder|\G_NBit_ADDER:24:ADDER_I|or_gate2|o_F~0|combout
    Info (332115):     18.049      0.256 FF    IC  ALU_UNIT|ADD_SUB_UNIT|adder|\G_NBit_ADDER:25:ADDER_I|or_gate2|o_F~0|datac
    Info (332115):     18.330      0.281 FF  CELL  ALU_UNIT|ADD_SUB_UNIT|adder|\G_NBit_ADDER:25:ADDER_I|or_gate2|o_F~0|combout
    Info (332115):     18.580      0.250 FF    IC  ALU_UNIT|ADD_SUB_UNIT|adder|\G_NBit_ADDER:26:ADDER_I|or_gate2|o_F~0|datad
    Info (332115):     18.705      0.125 FF  CELL  ALU_UNIT|ADD_SUB_UNIT|adder|\G_NBit_ADDER:26:ADDER_I|or_gate2|o_F~0|combout
    Info (332115):     19.443      0.738 FF    IC  ALU_UNIT|ADD_SUB_UNIT|adder|\G_NBit_ADDER:27:ADDER_I|or_gate2|o_F~0|datad
    Info (332115):     19.568      0.125 FF  CELL  ALU_UNIT|ADD_SUB_UNIT|adder|\G_NBit_ADDER:27:ADDER_I|or_gate2|o_F~0|combout
    Info (332115):     19.817      0.249 FF    IC  ALU_UNIT|ADD_SUB_UNIT|adder|\G_NBit_ADDER:28:ADDER_I|or_gate2|o_F~0|datad
    Info (332115):     19.942      0.125 FF  CELL  ALU_UNIT|ADD_SUB_UNIT|adder|\G_NBit_ADDER:28:ADDER_I|or_gate2|o_F~0|combout
    Info (332115):     20.198      0.256 FF    IC  ALU_UNIT|ADD_SUB_UNIT|adder|\G_NBit_ADDER:29:ADDER_I|or_gate2|o_F~0|datac
    Info (332115):     20.479      0.281 FF  CELL  ALU_UNIT|ADD_SUB_UNIT|adder|\G_NBit_ADDER:29:ADDER_I|or_gate2|o_F~0|combout
    Info (332115):     20.717      0.238 FF    IC  ALU_UNIT|Mux1~6|datad
    Info (332115):     20.867      0.150 FR  CELL  ALU_UNIT|Mux1~6|combout
    Info (332115):     21.078      0.211 RR    IC  ALU_UNIT|Mux1~8|datad
    Info (332115):     21.217      0.139 RF  CELL  ALU_UNIT|Mux1~8|combout
    Info (332115):     21.449      0.232 FF    IC  ALU_UNIT|Mux1~9|datac
    Info (332115):     21.729      0.280 FF  CELL  ALU_UNIT|Mux1~9|combout
    Info (332115):     21.956      0.227 FF    IC  ALU_UNIT|Mux1~10|datad
    Info (332115):     22.081      0.125 FF  CELL  ALU_UNIT|Mux1~10|combout
    Info (332115):     22.315      0.234 FF    IC  ALU_UNIT|Mux1~11|datac
    Info (332115):     22.595      0.280 FF  CELL  ALU_UNIT|Mux1~11|combout
    Info (332115):     22.886      0.291 FF    IC  s_PC_SEL~2|datab
    Info (332115):     23.327      0.441 FR  CELL  s_PC_SEL~2|combout
    Info (332115):     23.532      0.205 RR    IC  s_PC_SEL~3|datad
    Info (332115):     23.687      0.155 RR  CELL  s_PC_SEL~3|combout
    Info (332115):     24.760      1.073 RR    IC  ID_EX_REG|RS1_DATA_REG|\G_NBit_Reg:18:RegI|s_Q~7|datad
    Info (332115):     24.915      0.155 RR  CELL  ID_EX_REG|RS1_DATA_REG|\G_NBit_Reg:18:RegI|s_Q~7|combout
    Info (332115):     26.050      1.135 RR    IC  ID_EX_REG|RS1_DATA_REG|\G_NBit_Reg:2:RegI|s_Q|sclr
    Info (332115):     26.645      0.595 RF  CELL  ID_EX:ID_EX_REG|reg_N:RS1_DATA_REG|dffg:\G_NBit_Reg:2:RegI|s_Q
    Info (332115): 
    Info (332115): Data Required Path:
    Info (332115): 
    Info (332115): Total (ns)  Incr (ns)     Type  Element
    Info (332115): ==========  ========= ==  ====  ===================================
    Info (332115):     20.000     20.000           latch edge time
    Info (332115):     22.957      2.957  R        clock network delay
    Info (332115):     22.965      0.008           clock pessimism removed
    Info (332115):     22.945     -0.020           clock uncertainty
    Info (332115):     22.963      0.018     uTsu  ID_EX:ID_EX_REG|reg_N:RS1_DATA_REG|dffg:\G_NBit_Reg:2:RegI|s_Q
    Info (332115): 
    Info (332115): Data Arrival Time  :    26.645
    Info (332115): Data Required Time :    22.963
    Info (332115): Slack              :    -3.682 (VIOLATED)
    Info (332115): ===================================================================
    Info (332115): 
Info (332115): Report Timing: Found 1 hold paths (0 violated).  Worst case slack is 0.391
    Info (332115): -to_clock [get_clocks {iCLK}]
    Info (332115): -hold
    Info (332115): -stdout
Info (332115): Path #1: Hold slack is 0.391 
    Info (332115): ===================================================================
    Info (332115): From Node    : pcLogic:PC_LOGIC|reg_N:PC_Register|dffg:\G_NBit_Reg:2:RegI|s_Q
    Info (332115): To Node      : pcLogic:PC_LOGIC|reg_N:PC_Register|dffg:\G_NBit_Reg:2:RegI|s_Q
    Info (332115): Launch Clock : iCLK
    Info (332115): Latch Clock  : iCLK
    Info (332115): 
    Info (332115): Data Arrival Path:
    Info (332115): 
    Info (332115): Total (ns)  Incr (ns)     Type  Element
    Info (332115): ==========  ========= ==  ====  ===================================
    Info (332115):      0.000      0.000           launch edge time
    Info (332115):      3.345      3.345  R        clock network delay
    Info (332115):      3.577      0.232     uTco  pcLogic:PC_LOGIC|reg_N:PC_Register|dffg:\G_NBit_Reg:2:RegI|s_Q
    Info (332115):      3.577      0.000 FF  CELL  PC_LOGIC|PC_Register|\G_NBit_Reg:2:RegI|s_Q|q
    Info (332115):      3.577      0.000 FF    IC  PC_LOGIC|PC_Register|\G_NBit_Reg:2:RegI|s_Q~0|datac
    Info (332115):      3.950      0.373 FR  CELL  PC_LOGIC|PC_Register|\G_NBit_Reg:2:RegI|s_Q~0|combout
    Info (332115):      3.950      0.000 RR    IC  PC_LOGIC|PC_Register|\G_NBit_Reg:2:RegI|s_Q|d
    Info (332115):      4.019      0.069 RR  CELL  pcLogic:PC_LOGIC|reg_N:PC_Register|dffg:\G_NBit_Reg:2:RegI|s_Q
    Info (332115): 
    Info (332115): Data Required Path:
    Info (332115): 
    Info (332115): Total (ns)  Incr (ns)     Type  Element
    Info (332115): ==========  ========= ==  ====  ===================================
    Info (332115):      0.000      0.000           latch edge time
    Info (332115):      3.474      3.474  R        clock network delay
    Info (332115):      3.442     -0.032           clock pessimism removed
    Info (332115):      3.442      0.000           clock uncertainty
    Info (332115):      3.628      0.186      uTh  pcLogic:PC_LOGIC|reg_N:PC_Register|dffg:\G_NBit_Reg:2:RegI|s_Q
    Info (332115): 
    Info (332115): Data Arrival Time  :     4.019
    Info (332115): Data Required Time :     3.628
    Info (332115): Slack              :     0.391 
    Info (332115): ===================================================================
    Info (332115): 
Info: Analyzing Slow 1200mV 0C Model
Info (334003): Started post-fitting delay annotation
Info (334004): Delay annotation completed successfully
Critical Warning (332148): Timing requirements not met
    Info (11105): For recommendations on closing timing, run Report Timing Closure Recommendations in the Timing Analyzer.
Info (332146): Worst-case setup slack is -1.749
    Info (332119):     Slack       End Point TNS Clock 
    Info (332119): ========= =================== =====================
    Info (332119):    -1.749            -155.192 iCLK 
Info (332146): Worst-case hold slack is 0.350
    Info (332119):     Slack       End Point TNS Clock 
    Info (332119): ========= =================== =====================
    Info (332119):     0.350               0.000 iCLK 
Info (332140): No Recovery paths to report
Info (332140): No Removal paths to report
Info (332146): Worst-case minimum pulse width slack is 9.772
    Info (332119):     Slack       End Point TNS Clock 
    Info (332119): ========= =================== =====================
    Info (332119):     9.772               0.000 iCLK 
Info (332115): Report Timing: Found 1 setup paths (1 violated).  Worst case slack is -1.749
    Info (332115): -to_clock [get_clocks {iCLK}]
    Info (332115): -setup
    Info (332115): -stdout
Info (332115): Path #1: Setup slack is -1.749 (VIOLATED)
    Info (332115): ===================================================================
    Info (332115): From Node    : ID_EX:ID_EX_REG|reg_N:RS1_REG|dffg:\G_NBit_Reg:1:RegI|s_Q
    Info (332115): To Node      : ID_EX:ID_EX_REG|reg_N:RS1_DATA_REG|dffg:\G_NBit_Reg:2:RegI|s_Q
    Info (332115): Launch Clock : iCLK
    Info (332115): Latch Clock  : iCLK
    Info (332115): 
    Info (332115): Data Arrival Path:
    Info (332115): 
    Info (332115): Total (ns)  Incr (ns)     Type  Element
    Info (332115): ==========  ========= ==  ====  ===================================
    Info (332115):      0.000      0.000           launch edge time
    Info (332115):      2.803      2.803  R        clock network delay
    Info (332115):      3.016      0.213     uTco  ID_EX:ID_EX_REG|reg_N:RS1_REG|dffg:\G_NBit_Reg:1:RegI|s_Q
    Info (332115):      3.016      0.000 FF  CELL  ID_EX_REG|RS1_REG|\G_NBit_Reg:1:RegI|s_Q|q
    Info (332115):      3.367      0.351 FF    IC  FORWARD_UNIT|memwb_hazard_rs1~1|datab
    Info (332115):      3.744      0.377 FR  CELL  FORWARD_UNIT|memwb_hazard_rs1~1|combout
    Info (332115):      4.334      0.590 RR    IC  FORWARD_UNIT|memwb_hazard_rs1~3|datac
    Info (332115):      4.597      0.263 RR  CELL  FORWARD_UNIT|memwb_hazard_rs1~3|combout
    Info (332115):      5.182      0.585 RR    IC  s_ALU_Op1[0]~5|datac
    Info (332115):      5.427      0.245 RF  CELL  s_ALU_Op1[0]~5|combout
    Info (332115):      5.644      0.217 FF    IC  s_ALU_Op1[0]~13|datad
    Info (332115):      5.754      0.110 FF  CELL  s_ALU_Op1[0]~13|combout
    Info (332115):      6.108      0.354 FF    IC  s_ALU_Op1[0]~14|datad
    Info (332115):      6.242      0.134 FR  CELL  s_ALU_Op1[0]~14|combout
    Info (332115):      6.429      0.187 RR    IC  s_ALU_Op1[0]~15|datad
    Info (332115):      6.573      0.144 RR  CELL  s_ALU_Op1[0]~15|combout
    Info (332115):      6.782      0.209 RR    IC  ALU_UNIT|ADD_SUB_UNIT|adder|\G_NBit_ADDER:0:ADDER_I|or_gate2|o_F~0|datad
    Info (332115):      6.926      0.144 RR  CELL  ALU_UNIT|ADD_SUB_UNIT|adder|\G_NBit_ADDER:0:ADDER_I|or_gate2|o_F~0|combout
    Info (332115):      7.136      0.210 RR    IC  ALU_UNIT|ADD_SUB_UNIT|adder|\G_NBit_ADDER:1:ADDER_I|or_gate2|o_F~0|datac
    Info (332115):      7.401      0.265 RR  CELL  ALU_UNIT|ADD_SUB_UNIT|adder|\G_NBit_ADDER:1:ADDER_I|or_gate2|o_F~0|combout
    Info (332115):      7.613      0.212 RR    IC  ALU_UNIT|ADD_SUB_UNIT|adder|\G_NBit_ADDER:2:ADDER_I|or_gate2|o_F~0|datad
    Info (332115):      7.757      0.144 RR  CELL  ALU_UNIT|ADD_SUB_UNIT|adder|\G_NBit_ADDER:2:ADDER_I|or_gate2|o_F~0|combout
    Info (332115):      7.963      0.206 RR    IC  ALU_UNIT|ADD_SUB_UNIT|adder|\G_NBit_ADDER:3:ADDER_I|or_gate2|o_F~0|datac
    Info (332115):      8.228      0.265 RR  CELL  ALU_UNIT|ADD_SUB_UNIT|adder|\G_NBit_ADDER:3:ADDER_I|or_gate2|o_F~0|combout
    Info (332115):      8.438      0.210 RR    IC  ALU_UNIT|ADD_SUB_UNIT|adder|\G_NBit_ADDER:4:ADDER_I|or_gate2|o_F~0|datad
    Info (332115):      8.582      0.144 RR  CELL  ALU_UNIT|ADD_SUB_UNIT|adder|\G_NBit_ADDER:4:ADDER_I|or_gate2|o_F~0|combout
    Info (332115):      8.792      0.210 RR    IC  ALU_UNIT|ADD_SUB_UNIT|adder|\G_NBit_ADDER:5:ADDER_I|or_gate2|o_F~0|datad
    Info (332115):      8.936      0.144 RR  CELL  ALU_UNIT|ADD_SUB_UNIT|adder|\G_NBit_ADDER:5:ADDER_I|or_gate2|o_F~0|combout
    Info (332115):      9.146      0.210 RR    IC  ALU_UNIT|ADD_SUB_UNIT|adder|\G_NBit_ADDER:6:ADDER_I|or_gate2|o_F~0|datad
    Info (332115):      9.290      0.144 RR  CELL  ALU_UNIT|ADD_SUB_UNIT|adder|\G_NBit_ADDER:6:ADDER_I|or_gate2|o_F~0|combout
    Info (332115):      9.500      0.210 RR    IC  ALU_UNIT|ADD_SUB_UNIT|adder|\G_NBit_ADDER:7:ADDER_I|or_gate2|o_F~0|datad
    Info (332115):      9.644      0.144 RR  CELL  ALU_UNIT|ADD_SUB_UNIT|adder|\G_NBit_ADDER:7:ADDER_I|or_gate2|o_F~0|combout
    Info (332115):      9.855      0.211 RR    IC  ALU_UNIT|ADD_SUB_UNIT|adder|\G_NBit_ADDER:8:ADDER_I|or_gate2|o_F~0|datad
    Info (332115):      9.999      0.144 RR  CELL  ALU_UNIT|ADD_SUB_UNIT|adder|\G_NBit_ADDER:8:ADDER_I|or_gate2|o_F~0|combout
    Info (332115):     10.208      0.209 RR    IC  ALU_UNIT|ADD_SUB_UNIT|adder|\G_NBit_ADDER:9:ADDER_I|or_gate2|o_F~0|datad
    Info (332115):     10.352      0.144 RR  CELL  ALU_UNIT|ADD_SUB_UNIT|adder|\G_NBit_ADDER:9:ADDER_I|or_gate2|o_F~0|combout
    Info (332115):     10.561      0.209 RR    IC  ALU_UNIT|ADD_SUB_UNIT|adder|\G_NBit_ADDER:10:ADDER_I|or_gate2|o_F~0|datad
    Info (332115):     10.705      0.144 RR  CELL  ALU_UNIT|ADD_SUB_UNIT|adder|\G_NBit_ADDER:10:ADDER_I|or_gate2|o_F~0|combout
    Info (332115):     11.084      0.379 RR    IC  ALU_UNIT|ADD_SUB_UNIT|adder|\G_NBit_ADDER:11:ADDER_I|or_gate2|o_F~0|datad
    Info (332115):     11.228      0.144 RR  CELL  ALU_UNIT|ADD_SUB_UNIT|adder|\G_NBit_ADDER:11:ADDER_I|or_gate2|o_F~0|combout
    Info (332115):     11.438      0.210 RR    IC  ALU_UNIT|ADD_SUB_UNIT|adder|\G_NBit_ADDER:12:ADDER_I|or_gate2|o_F~0|datad
    Info (332115):     11.582      0.144 RR  CELL  ALU_UNIT|ADD_SUB_UNIT|adder|\G_NBit_ADDER:12:ADDER_I|or_gate2|o_F~0|combout
    Info (332115):     11.793      0.211 RR    IC  ALU_UNIT|ADD_SUB_UNIT|adder|\G_NBit_ADDER:13:ADDER_I|or_gate2|o_F~0|datad
    Info (332115):     11.937      0.144 RR  CELL  ALU_UNIT|ADD_SUB_UNIT|adder|\G_NBit_ADDER:13:ADDER_I|or_gate2|o_F~0|combout
    Info (332115):     12.145      0.208 RR    IC  ALU_UNIT|ADD_SUB_UNIT|adder|\G_NBit_ADDER:14:ADDER_I|or_gate2|o_F~0|datad
    Info (332115):     12.289      0.144 RR  CELL  ALU_UNIT|ADD_SUB_UNIT|adder|\G_NBit_ADDER:14:ADDER_I|or_gate2|o_F~0|combout
    Info (332115):     12.497      0.208 RR    IC  ALU_UNIT|ADD_SUB_UNIT|adder|\G_NBit_ADDER:15:ADDER_I|or_gate2|o_F~0|datac
    Info (332115):     12.762      0.265 RR  CELL  ALU_UNIT|ADD_SUB_UNIT|adder|\G_NBit_ADDER:15:ADDER_I|or_gate2|o_F~0|combout
    Info (332115):     12.968      0.206 RR    IC  ALU_UNIT|ADD_SUB_UNIT|adder|\G_NBit_ADDER:16:ADDER_I|or_gate2|o_F~0|datac
    Info (332115):     13.233      0.265 RR  CELL  ALU_UNIT|ADD_SUB_UNIT|adder|\G_NBit_ADDER:16:ADDER_I|or_gate2|o_F~0|combout
    Info (332115):     13.442      0.209 RR    IC  ALU_UNIT|ADD_SUB_UNIT|adder|\G_NBit_ADDER:17:ADDER_I|or_gate2|o_F~0|datad
    Info (332115):     13.586      0.144 RR  CELL  ALU_UNIT|ADD_SUB_UNIT|adder|\G_NBit_ADDER:17:ADDER_I|or_gate2|o_F~0|combout
    Info (332115):     13.796      0.210 RR    IC  ALU_UNIT|ADD_SUB_UNIT|adder|\G_NBit_ADDER:18:ADDER_I|or_gate2|o_F~0|datad
    Info (332115):     13.940      0.144 RR  CELL  ALU_UNIT|ADD_SUB_UNIT|adder|\G_NBit_ADDER:18:ADDER_I|or_gate2|o_F~0|combout
    Info (332115):     14.148      0.208 RR    IC  ALU_UNIT|ADD_SUB_UNIT|adder|\G_NBit_ADDER:19:ADDER_I|or_gate2|o_F~0|datac
    Info (332115):     14.413      0.265 RR  CELL  ALU_UNIT|ADD_SUB_UNIT|adder|\G_NBit_ADDER:19:ADDER_I|or_gate2|o_F~0|combout
    Info (332115):     14.620      0.207 RR    IC  ALU_UNIT|ADD_SUB_UNIT|adder|\G_NBit_ADDER:20:ADDER_I|or_gate2|o_F~0|datac
    Info (332115):     14.885      0.265 RR  CELL  ALU_UNIT|ADD_SUB_UNIT|adder|\G_NBit_ADDER:20:ADDER_I|or_gate2|o_F~0|combout
    Info (332115):     15.096      0.211 RR    IC  ALU_UNIT|ADD_SUB_UNIT|adder|\G_NBit_ADDER:21:ADDER_I|or_gate2|o_F~0|datad
    Info (332115):     15.240      0.144 RR  CELL  ALU_UNIT|ADD_SUB_UNIT|adder|\G_NBit_ADDER:21:ADDER_I|or_gate2|o_F~0|combout
    Info (332115):     15.448      0.208 RR    IC  ALU_UNIT|ADD_SUB_UNIT|adder|\G_NBit_ADDER:22:ADDER_I|or_gate2|o_F~0|datad
    Info (332115):     15.592      0.144 RR  CELL  ALU_UNIT|ADD_SUB_UNIT|adder|\G_NBit_ADDER:22:ADDER_I|or_gate2|o_F~0|combout
    Info (332115):     15.802      0.210 RR    IC  ALU_UNIT|ADD_SUB_UNIT|adder|\G_NBit_ADDER:23:ADDER_I|or_gate2|o_F~0|datad
    Info (332115):     15.946      0.144 RR  CELL  ALU_UNIT|ADD_SUB_UNIT|adder|\G_NBit_ADDER:23:ADDER_I|or_gate2|o_F~0|combout
    Info (332115):     16.155      0.209 RR    IC  ALU_UNIT|ADD_SUB_UNIT|adder|\G_NBit_ADDER:24:ADDER_I|or_gate2|o_F~0|datad
    Info (332115):     16.299      0.144 RR  CELL  ALU_UNIT|ADD_SUB_UNIT|adder|\G_NBit_ADDER:24:ADDER_I|or_gate2|o_F~0|combout
    Info (332115):     16.506      0.207 RR    IC  ALU_UNIT|ADD_SUB_UNIT|adder|\G_NBit_ADDER:25:ADDER_I|or_gate2|o_F~0|datac
    Info (332115):     16.771      0.265 RR  CELL  ALU_UNIT|ADD_SUB_UNIT|adder|\G_NBit_ADDER:25:ADDER_I|or_gate2|o_F~0|combout
    Info (332115):     16.980      0.209 RR    IC  ALU_UNIT|ADD_SUB_UNIT|adder|\G_NBit_ADDER:26:ADDER_I|or_gate2|o_F~0|datad
    Info (332115):     17.124      0.144 RR  CELL  ALU_UNIT|ADD_SUB_UNIT|adder|\G_NBit_ADDER:26:ADDER_I|or_gate2|o_F~0|combout
    Info (332115):     17.815      0.691 RR    IC  ALU_UNIT|ADD_SUB_UNIT|adder|\G_NBit_ADDER:27:ADDER_I|or_gate2|o_F~0|datad
    Info (332115):     17.959      0.144 RR  CELL  ALU_UNIT|ADD_SUB_UNIT|adder|\G_NBit_ADDER:27:ADDER_I|or_gate2|o_F~0|combout
    Info (332115):     18.168      0.209 RR    IC  ALU_UNIT|ADD_SUB_UNIT|adder|\G_NBit_ADDER:28:ADDER_I|or_gate2|o_F~0|datad
    Info (332115):     18.312      0.144 RR  CELL  ALU_UNIT|ADD_SUB_UNIT|adder|\G_NBit_ADDER:28:ADDER_I|or_gate2|o_F~0|combout
    Info (332115):     18.518      0.206 RR    IC  ALU_UNIT|ADD_SUB_UNIT|adder|\G_NBit_ADDER:29:ADDER_I|or_gate2|o_F~0|datac
    Info (332115):     18.783      0.265 RR  CELL  ALU_UNIT|ADD_SUB_UNIT|adder|\G_NBit_ADDER:29:ADDER_I|or_gate2|o_F~0|combout
    Info (332115):     18.978      0.195 RR    IC  ALU_UNIT|Mux1~6|datad
    Info (332115):     19.122      0.144 RR  CELL  ALU_UNIT|Mux1~6|combout
    Info (332115):     19.316      0.194 RR    IC  ALU_UNIT|Mux1~8|datad
    Info (332115):     19.460      0.144 RR  CELL  ALU_UNIT|Mux1~8|combout
    Info (332115):     19.644      0.184 RR    IC  ALU_UNIT|Mux1~9|datac
    Info (332115):     19.909      0.265 RR  CELL  ALU_UNIT|Mux1~9|combout
    Info (332115):     20.096      0.187 RR    IC  ALU_UNIT|Mux1~10|datad
    Info (332115):     20.221      0.125 RF  CELL  ALU_UNIT|Mux1~10|combout
    Info (332115):     20.435      0.214 FF    IC  ALU_UNIT|Mux1~11|datac
    Info (332115):     20.686      0.251 FF  CELL  ALU_UNIT|Mux1~11|combout
    Info (332115):     20.951      0.265 FF    IC  s_PC_SEL~2|datab
    Info (332115):     21.342      0.391 FR  CELL  s_PC_SEL~2|combout
    Info (332115):     21.531      0.189 RR    IC  s_PC_SEL~3|datad
    Info (332115):     21.675      0.144 RR  CELL  s_PC_SEL~3|combout
    Info (332115):     22.688      1.013 RR    IC  ID_EX_REG|RS1_DATA_REG|\G_NBit_Reg:18:RegI|s_Q~7|datad
    Info (332115):     22.832      0.144 RR  CELL  ID_EX_REG|RS1_DATA_REG|\G_NBit_Reg:18:RegI|s_Q~7|combout
    Info (332115):     23.888      1.056 RR    IC  ID_EX_REG|RS1_DATA_REG|\G_NBit_Reg:2:RegI|s_Q|sclr
    Info (332115):     24.440      0.552 RF  CELL  ID_EX:ID_EX_REG|reg_N:RS1_DATA_REG|dffg:\G_NBit_Reg:2:RegI|s_Q
    Info (332115): 
    Info (332115): Data Required Path:
    Info (332115): 
    Info (332115): Total (ns)  Incr (ns)     Type  Element
    Info (332115): ==========  ========= ==  ====  ===================================
    Info (332115):     20.000     20.000           latch edge time
    Info (332115):     22.685      2.685  R        clock network delay
    Info (332115):     22.692      0.007           clock pessimism removed
    Info (332115):     22.672     -0.020           clock uncertainty
    Info (332115):     22.691      0.019     uTsu  ID_EX:ID_EX_REG|reg_N:RS1_DATA_REG|dffg:\G_NBit_Reg:2:RegI|s_Q
    Info (332115): 
    Info (332115): Data Arrival Time  :    24.440
    Info (332115): Data Required Time :    22.691
    Info (332115): Slack              :    -1.749 (VIOLATED)
    Info (332115): ===================================================================
    Info (332115): 
Info (332115): Report Timing: Found 1 hold paths (0 violated).  Worst case slack is 0.350
    Info (332115): -to_clock [get_clocks {iCLK}]
    Info (332115): -hold
    Info (332115): -stdout
Info (332115): Path #1: Hold slack is 0.350 
    Info (332115): ===================================================================
    Info (332115): From Node    : pcLogic:PC_LOGIC|reg_N:PC_Register|dffg:\G_NBit_Reg:2:RegI|s_Q
    Info (332115): To Node      : pcLogic:PC_LOGIC|reg_N:PC_Register|dffg:\G_NBit_Reg:2:RegI|s_Q
    Info (332115): Launch Clock : iCLK
    Info (332115): Latch Clock  : iCLK
    Info (332115): 
    Info (332115): Data Arrival Path:
    Info (332115): 
    Info (332115): Total (ns)  Incr (ns)     Type  Element
    Info (332115): ==========  ========= ==  ====  ===================================
    Info (332115):      0.000      0.000           launch edge time
    Info (332115):      3.040      3.040  R        clock network delay
    Info (332115):      3.253      0.213     uTco  pcLogic:PC_LOGIC|reg_N:PC_Register|dffg:\G_NBit_Reg:2:RegI|s_Q
    Info (332115):      3.253      0.000 FF  CELL  PC_LOGIC|PC_Register|\G_NBit_Reg:2:RegI|s_Q|q
    Info (332115):      3.253      0.000 FF    IC  PC_LOGIC|PC_Register|\G_NBit_Reg:2:RegI|s_Q~0|datac
    Info (332115):      3.586      0.333 FR  CELL  PC_LOGIC|PC_Register|\G_NBit_Reg:2:RegI|s_Q~0|combout
    Info (332115):      3.586      0.000 RR    IC  PC_LOGIC|PC_Register|\G_NBit_Reg:2:RegI|s_Q|d
    Info (332115):      3.648      0.062 RR  CELL  pcLogic:PC_LOGIC|reg_N:PC_Register|dffg:\G_NBit_Reg:2:RegI|s_Q
    Info (332115): 
    Info (332115): Data Required Path:
    Info (332115): 
    Info (332115): Total (ns)  Incr (ns)     Type  Element
    Info (332115): ==========  ========= ==  ====  ===================================
    Info (332115):      0.000      0.000           latch edge time
    Info (332115):      3.155      3.155  R        clock network delay
    Info (332115):      3.127     -0.028           clock pessimism removed
    Info (332115):      3.127      0.000           clock uncertainty
    Info (332115):      3.298      0.171      uTh  pcLogic:PC_LOGIC|reg_N:PC_Register|dffg:\G_NBit_Reg:2:RegI|s_Q
    Info (332115): 
    Info (332115): Data Arrival Time  :     3.648
    Info (332115): Data Required Time :     3.298
    Info (332115): Slack              :     0.350 
    Info (332115): ===================================================================
    Info (332115): 
Info: Analyzing Fast 1200mV 0C Model
Info (332146): Worst-case setup slack is 8.272
    Info (332119):     Slack       End Point TNS Clock 
    Info (332119): ========= =================== =====================
    Info (332119):     8.272               0.000 iCLK 
Info (332146): Worst-case hold slack is 0.182
    Info (332119):     Slack       End Point TNS Clock 
    Info (332119): ========= =================== =====================
    Info (332119):     0.182               0.000 iCLK 
Info (332140): No Recovery paths to report
Info (332140): No Removal paths to report
Info (332146): Worst-case minimum pulse width slack is 9.408
    Info (332119):     Slack       End Point TNS Clock 
    Info (332119): ========= =================== =====================
    Info (332119):     9.408               0.000 iCLK 
Info (332115): Report Timing: Found 1 setup paths (0 violated).  Worst case slack is 8.272
    Info (332115): -to_clock [get_clocks {iCLK}]
    Info (332115): -setup
    Info (332115): -stdout
Info (332115): Path #1: Setup slack is 8.272 
    Info (332115): ===================================================================
    Info (332115): From Node    : EX_MEM:EX_MEM_REG|reg_N:RD_REG|dffg:\G_NBit_Reg:2:RegI|s_Q
    Info (332115): To Node      : IF_ID:IF_ID_REG|reg_N:INST_REG|dffg:\G_NBit_Reg:11:RegI|s_Q
    Info (332115): Launch Clock : iCLK
    Info (332115): Latch Clock  : iCLK
    Info (332115): 
    Info (332115): Data Arrival Path:
    Info (332115): 
    Info (332115): Total (ns)  Incr (ns)     Type  Element
    Info (332115): ==========  ========= ==  ====  ===================================
    Info (332115):      0.000      0.000           launch edge time
    Info (332115):      1.646      1.646  R        clock network delay
    Info (332115):      1.751      0.105     uTco  EX_MEM:EX_MEM_REG|reg_N:RD_REG|dffg:\G_NBit_Reg:2:RegI|s_Q
    Info (332115):      1.751      0.000 FF  CELL  EX_MEM_REG|RD_REG|\G_NBit_Reg:2:RegI|s_Q|q
    Info (332115):      2.138      0.387 FF    IC  FORWARD_UNIT|Equal0~0|datad
    Info (332115):      2.210      0.072 FR  CELL  FORWARD_UNIT|Equal0~0|combout
    Info (332115):      2.391      0.181 RR    IC  FORWARD_UNIT|o_ForwardA[1]~1|datab
    Info (332115):      2.568      0.177 RF  CELL  FORWARD_UNIT|o_ForwardA[1]~1|combout
    Info (332115):      2.729      0.161 FF    IC  Equal3~0|datab
    Info (332115):      2.905      0.176 FF  CELL  Equal3~0|combout
    Info (332115):      3.044      0.139 FF    IC  s_ALU_Op1[13]~0|datad
    Info (332115):      3.107      0.063 FF  CELL  s_ALU_Op1[13]~0|combout
    Info (332115):      3.569      0.462 FF    IC  s_ALU_Op1[4]~37|dataa
    Info (332115):      3.773      0.204 FF  CELL  s_ALU_Op1[4]~37|combout
    Info (332115):      3.903      0.130 FF    IC  s_ALU_Op1[4]~38|datab
    Info (332115):      4.110      0.207 FF  CELL  s_ALU_Op1[4]~38|combout
    Info (332115):      4.220      0.110 FF    IC  s_ALU_Op1[4]~39|datad
    Info (332115):      4.283      0.063 FF  CELL  s_ALU_Op1[4]~39|combout
    Info (332115):      4.703      0.420 FF    IC  ALU_UNIT|ADD_SUB_UNIT|adder|\G_NBit_ADDER:4:ADDER_I|or_gate2|o_F~0|datac
    Info (332115):      4.836      0.133 FF  CELL  ALU_UNIT|ADD_SUB_UNIT|adder|\G_NBit_ADDER:4:ADDER_I|or_gate2|o_F~0|combout
    Info (332115):      4.957      0.121 FF    IC  ALU_UNIT|ADD_SUB_UNIT|adder|\G_NBit_ADDER:5:ADDER_I|or_gate2|o_F~0|datad
    Info (332115):      5.020      0.063 FF  CELL  ALU_UNIT|ADD_SUB_UNIT|adder|\G_NBit_ADDER:5:ADDER_I|or_gate2|o_F~0|combout
    Info (332115):      5.140      0.120 FF    IC  ALU_UNIT|ADD_SUB_UNIT|adder|\G_NBit_ADDER:6:ADDER_I|or_gate2|o_F~0|datad
    Info (332115):      5.203      0.063 FF  CELL  ALU_UNIT|ADD_SUB_UNIT|adder|\G_NBit_ADDER:6:ADDER_I|or_gate2|o_F~0|combout
    Info (332115):      5.324      0.121 FF    IC  ALU_UNIT|ADD_SUB_UNIT|adder|\G_NBit_ADDER:7:ADDER_I|or_gate2|o_F~0|datad
    Info (332115):      5.387      0.063 FF  CELL  ALU_UNIT|ADD_SUB_UNIT|adder|\G_NBit_ADDER:7:ADDER_I|or_gate2|o_F~0|combout
    Info (332115):      5.509      0.122 FF    IC  ALU_UNIT|ADD_SUB_UNIT|adder|\G_NBit_ADDER:8:ADDER_I|or_gate2|o_F~0|datad
    Info (332115):      5.572      0.063 FF  CELL  ALU_UNIT|ADD_SUB_UNIT|adder|\G_NBit_ADDER:8:ADDER_I|or_gate2|o_F~0|combout
    Info (332115):      5.692      0.120 FF    IC  ALU_UNIT|ADD_SUB_UNIT|adder|\G_NBit_ADDER:9:ADDER_I|or_gate2|o_F~0|datad
    Info (332115):      5.755      0.063 FF  CELL  ALU_UNIT|ADD_SUB_UNIT|adder|\G_NBit_ADDER:9:ADDER_I|or_gate2|o_F~0|combout
    Info (332115):      5.874      0.119 FF    IC  ALU_UNIT|ADD_SUB_UNIT|adder|\G_NBit_ADDER:10:ADDER_I|or_gate2|o_F~0|datad
    Info (332115):      5.937      0.063 FF  CELL  ALU_UNIT|ADD_SUB_UNIT|adder|\G_NBit_ADDER:10:ADDER_I|or_gate2|o_F~0|combout
    Info (332115):      6.135      0.198 FF    IC  ALU_UNIT|ADD_SUB_UNIT|adder|\G_NBit_ADDER:11:ADDER_I|or_gate2|o_F~0|datad
    Info (332115):      6.198      0.063 FF  CELL  ALU_UNIT|ADD_SUB_UNIT|adder|\G_NBit_ADDER:11:ADDER_I|or_gate2|o_F~0|combout
    Info (332115):      6.319      0.121 FF    IC  ALU_UNIT|ADD_SUB_UNIT|adder|\G_NBit_ADDER:12:ADDER_I|or_gate2|o_F~0|datad
    Info (332115):      6.382      0.063 FF  CELL  ALU_UNIT|ADD_SUB_UNIT|adder|\G_NBit_ADDER:12:ADDER_I|or_gate2|o_F~0|combout
    Info (332115):      6.503      0.121 FF    IC  ALU_UNIT|ADD_SUB_UNIT|adder|\G_NBit_ADDER:13:ADDER_I|or_gate2|o_F~0|datad
    Info (332115):      6.566      0.063 FF  CELL  ALU_UNIT|ADD_SUB_UNIT|adder|\G_NBit_ADDER:13:ADDER_I|or_gate2|o_F~0|combout
    Info (332115):      6.684      0.118 FF    IC  ALU_UNIT|ADD_SUB_UNIT|adder|\G_NBit_ADDER:14:ADDER_I|or_gate2|o_F~0|datad
    Info (332115):      6.747      0.063 FF  CELL  ALU_UNIT|ADD_SUB_UNIT|adder|\G_NBit_ADDER:14:ADDER_I|or_gate2|o_F~0|combout
    Info (332115):      6.872      0.125 FF    IC  ALU_UNIT|ADD_SUB_UNIT|adder|\G_NBit_ADDER:15:ADDER_I|or_gate2|o_F~0|datac
    Info (332115):      7.005      0.133 FF  CELL  ALU_UNIT|ADD_SUB_UNIT|adder|\G_NBit_ADDER:15:ADDER_I|or_gate2|o_F~0|combout
    Info (332115):      7.127      0.122 FF    IC  ALU_UNIT|ADD_SUB_UNIT|adder|\G_NBit_ADDER:16:ADDER_I|or_gate2|o_F~0|datac
    Info (332115):      7.260      0.133 FF  CELL  ALU_UNIT|ADD_SUB_UNIT|adder|\G_NBit_ADDER:16:ADDER_I|or_gate2|o_F~0|combout
    Info (332115):      7.380      0.120 FF    IC  ALU_UNIT|ADD_SUB_UNIT|adder|\G_NBit_ADDER:17:ADDER_I|or_gate2|o_F~0|datad
    Info (332115):      7.443      0.063 FF  CELL  ALU_UNIT|ADD_SUB_UNIT|adder|\G_NBit_ADDER:17:ADDER_I|or_gate2|o_F~0|combout
    Info (332115):      7.564      0.121 FF    IC  ALU_UNIT|ADD_SUB_UNIT|adder|\G_NBit_ADDER:18:ADDER_I|or_gate2|o_F~0|datad
    Info (332115):      7.627      0.063 FF  CELL  ALU_UNIT|ADD_SUB_UNIT|adder|\G_NBit_ADDER:18:ADDER_I|or_gate2|o_F~0|combout
    Info (332115):      7.752      0.125 FF    IC  ALU_UNIT|ADD_SUB_UNIT|adder|\G_NBit_ADDER:19:ADDER_I|or_gate2|o_F~0|datac
    Info (332115):      7.885      0.133 FF  CELL  ALU_UNIT|ADD_SUB_UNIT|adder|\G_NBit_ADDER:19:ADDER_I|or_gate2|o_F~0|combout
    Info (332115):      8.009      0.124 FF    IC  ALU_UNIT|ADD_SUB_UNIT|adder|\G_NBit_ADDER:20:ADDER_I|or_gate2|o_F~0|datac
    Info (332115):      8.142      0.133 FF  CELL  ALU_UNIT|ADD_SUB_UNIT|adder|\G_NBit_ADDER:20:ADDER_I|or_gate2|o_F~0|combout
    Info (332115):      8.263      0.121 FF    IC  ALU_UNIT|ADD_SUB_UNIT|adder|\G_NBit_ADDER:21:ADDER_I|or_gate2|o_F~0|datad
    Info (332115):      8.326      0.063 FF  CELL  ALU_UNIT|ADD_SUB_UNIT|adder|\G_NBit_ADDER:21:ADDER_I|or_gate2|o_F~0|combout
    Info (332115):      8.445      0.119 FF    IC  ALU_UNIT|ADD_SUB_UNIT|adder|\G_NBit_ADDER:22:ADDER_I|or_gate2|o_F~0|datad
    Info (332115):      8.508      0.063 FF  CELL  ALU_UNIT|ADD_SUB_UNIT|adder|\G_NBit_ADDER:22:ADDER_I|or_gate2|o_F~0|combout
    Info (332115):      8.628      0.120 FF    IC  ALU_UNIT|ADD_SUB_UNIT|adder|\G_NBit_ADDER:23:ADDER_I|or_gate2|o_F~0|datad
    Info (332115):      8.691      0.063 FF  CELL  ALU_UNIT|ADD_SUB_UNIT|adder|\G_NBit_ADDER:23:ADDER_I|or_gate2|o_F~0|combout
    Info (332115):      8.810      0.119 FF    IC  ALU_UNIT|ADD_SUB_UNIT|adder|\G_NBit_ADDER:24:ADDER_I|or_gate2|o_F~0|datad
    Info (332115):      8.873      0.063 FF  CELL  ALU_UNIT|ADD_SUB_UNIT|adder|\G_NBit_ADDER:24:ADDER_I|or_gate2|o_F~0|combout
    Info (332115):      8.995      0.122 FF    IC  ALU_UNIT|ADD_SUB_UNIT|adder|\G_NBit_ADDER:25:ADDER_I|or_gate2|o_F~0|datac
    Info (332115):      9.128      0.133 FF  CELL  ALU_UNIT|ADD_SUB_UNIT|adder|\G_NBit_ADDER:25:ADDER_I|or_gate2|o_F~0|combout
    Info (332115):      9.246      0.118 FF    IC  ALU_UNIT|ADD_SUB_UNIT|adder|\G_NBit_ADDER:26:ADDER_I|or_gate2|o_F~0|datad
    Info (332115):      9.309      0.063 FF  CELL  ALU_UNIT|ADD_SUB_UNIT|adder|\G_NBit_ADDER:26:ADDER_I|or_gate2|o_F~0|combout
    Info (332115):      9.699      0.390 FF    IC  ALU_UNIT|ADD_SUB_UNIT|adder|\G_NBit_ADDER:27:ADDER_I|or_gate2|o_F~0|datad
    Info (332115):      9.762      0.063 FF  CELL  ALU_UNIT|ADD_SUB_UNIT|adder|\G_NBit_ADDER:27:ADDER_I|or_gate2|o_F~0|combout
    Info (332115):      9.883      0.121 FF    IC  ALU_UNIT|ADD_SUB_UNIT|adder|\G_NBit_ADDER:28:ADDER_I|or_gate2|o_F~0|datad
    Info (332115):      9.946      0.063 FF  CELL  ALU_UNIT|ADD_SUB_UNIT|adder|\G_NBit_ADDER:28:ADDER_I|or_gate2|o_F~0|combout
    Info (332115):     10.068      0.122 FF    IC  ALU_UNIT|ADD_SUB_UNIT|adder|\G_NBit_ADDER:29:ADDER_I|or_gate2|o_F~0|datac
    Info (332115):     10.201      0.133 FF  CELL  ALU_UNIT|ADD_SUB_UNIT|adder|\G_NBit_ADDER:29:ADDER_I|or_gate2|o_F~0|combout
    Info (332115):     10.314      0.113 FF    IC  ALU_UNIT|Mux1~6|datad
    Info (332115):     10.377      0.063 FF  CELL  ALU_UNIT|Mux1~6|combout
    Info (332115):     10.489      0.112 FF    IC  ALU_UNIT|Mux1~8|datad
    Info (332115):     10.552      0.063 FF  CELL  ALU_UNIT|Mux1~8|combout
    Info (332115):     10.662      0.110 FF    IC  ALU_UNIT|Mux1~9|datac
    Info (332115):     10.795      0.133 FF  CELL  ALU_UNIT|Mux1~9|combout
    Info (332115):     10.901      0.106 FF    IC  ALU_UNIT|Mux1~10|datad
    Info (332115):     10.964      0.063 FF  CELL  ALU_UNIT|Mux1~10|combout
    Info (332115):     11.076      0.112 FF    IC  ALU_UNIT|Mux1~11|datac
    Info (332115):     11.209      0.133 FF  CELL  ALU_UNIT|Mux1~11|combout
    Info (332115):     11.353      0.144 FF    IC  s_PC_SEL~2|datab
    Info (332115):     11.572      0.219 FR  CELL  s_PC_SEL~2|combout
    Info (332115):     11.663      0.091 RR    IC  s_PC_SEL~3|datad
    Info (332115):     11.729      0.066 RF  CELL  s_PC_SEL~3|combout
    Info (332115):     11.957      0.228 FF    IC  IF_ID_REG|INST_REG|\G_NBit_Reg:20:RegI|s_Q~0|datad
    Info (332115):     12.020      0.063 FF  CELL  IF_ID_REG|INST_REG|\G_NBit_Reg:20:RegI|s_Q~0|combout
    Info (332115):     13.170      1.150 FF    IC  IF_ID_REG|INST_REG|\G_NBit_Reg:11:RegI|s_Q|ena
    Info (332115):     13.493      0.323 FF  CELL  IF_ID:IF_ID_REG|reg_N:INST_REG|dffg:\G_NBit_Reg:11:RegI|s_Q
    Info (332115): 
    Info (332115): Data Required Path:
    Info (332115): 
    Info (332115): Total (ns)  Incr (ns)     Type  Element
    Info (332115): ==========  ========= ==  ====  ===================================
    Info (332115):     20.000     20.000           latch edge time
    Info (332115):     21.773      1.773  R        clock network delay
    Info (332115):     21.778      0.005           clock pessimism removed
    Info (332115):     21.758     -0.020           clock uncertainty
    Info (332115):     21.765      0.007     uTsu  IF_ID:IF_ID_REG|reg_N:INST_REG|dffg:\G_NBit_Reg:11:RegI|s_Q
    Info (332115): 
    Info (332115): Data Arrival Time  :    13.493
    Info (332115): Data Required Time :    21.765
    Info (332115): Slack              :     8.272 
    Info (332115): ===================================================================
    Info (332115): 
Info (332115): Report Timing: Found 1 hold paths (0 violated).  Worst case slack is 0.182
    Info (332115): -to_clock [get_clocks {iCLK}]
    Info (332115): -hold
    Info (332115): -stdout
Info (332115): Path #1: Hold slack is 0.182 
    Info (332115): ===================================================================
    Info (332115): From Node    : pcLogic:PC_LOGIC|reg_N:PC_Register|dffg:\G_NBit_Reg:2:RegI|s_Q
    Info (332115): To Node      : pcLogic:PC_LOGIC|reg_N:PC_Register|dffg:\G_NBit_Reg:2:RegI|s_Q
    Info (332115): Launch Clock : iCLK
    Info (332115): Latch Clock  : iCLK
    Info (332115): 
    Info (332115): Data Arrival Path:
    Info (332115): 
    Info (332115): Total (ns)  Incr (ns)     Type  Element
    Info (332115): ==========  ========= ==  ====  ===================================
    Info (332115):      0.000      0.000           launch edge time
    Info (332115):      1.754      1.754  R        clock network delay
    Info (332115):      1.859      0.105     uTco  pcLogic:PC_LOGIC|reg_N:PC_Register|dffg:\G_NBit_Reg:2:RegI|s_Q
    Info (332115):      1.859      0.000 FF  CELL  PC_LOGIC|PC_Register|\G_NBit_Reg:2:RegI|s_Q|q
    Info (332115):      1.859      0.000 FF    IC  PC_LOGIC|PC_Register|\G_NBit_Reg:2:RegI|s_Q~0|datac
    Info (332115):      2.037      0.178 FR  CELL  PC_LOGIC|PC_Register|\G_NBit_Reg:2:RegI|s_Q~0|combout
    Info (332115):      2.037      0.000 RR    IC  PC_LOGIC|PC_Register|\G_NBit_Reg:2:RegI|s_Q|d
    Info (332115):      2.068      0.031 RR  CELL  pcLogic:PC_LOGIC|reg_N:PC_Register|dffg:\G_NBit_Reg:2:RegI|s_Q
    Info (332115): 
    Info (332115): Data Required Path:
    Info (332115): 
    Info (332115): Total (ns)  Incr (ns)     Type  Element
    Info (332115): ==========  ========= ==  ====  ===================================
    Info (332115):      0.000      0.000           latch edge time
    Info (332115):      1.822      1.822  R        clock network delay
    Info (332115):      1.802     -0.020           clock pessimism removed
    Info (332115):      1.802      0.000           clock uncertainty
    Info (332115):      1.886      0.084      uTh  pcLogic:PC_LOGIC|reg_N:PC_Register|dffg:\G_NBit_Reg:2:RegI|s_Q
    Info (332115): 
    Info (332115): Data Arrival Time  :     2.068
    Info (332115): Data Required Time :     1.886
    Info (332115): Slack              :     0.182 
    Info (332115): ===================================================================
    Info (332115): 
Info (332102): Design is not fully constrained for setup requirements
Info (332102): Design is not fully constrained for hold requirements
Info: Quartus Prime Timing Analyzer was successful. 0 errors, 3 warnings
    Info: Peak virtual memory: 1667 megabytes
    Info: Processing ended: Sat Dec  6 22:11:43 2025
    Info: Elapsed time: 00:00:33
    Info: Total CPU time (on all processors): 00:00:43


