[inst #1] lui x2,65553
Register Write to Reg: 0x02 Val: 0x10011000
[inst #2] addi x0,x0,0
Register Write to Reg: 0x00 Val: 0x00000000
[inst #3] addi x0,x0,0
Register Write to Reg: 0x00 Val: 0x00000000
[inst #4] addi x0,x0,0
Register Write to Reg: 0x00 Val: 0x00000000
[inst #5] addi x2,x2,0
Register Write to Reg: 0x02 Val: 0x10011000
[inst #6] addi x8,x0,0
Register Write to Reg: 0x08 Val: 0x00000000
[inst #7] lui x1,1024
Register Write to Reg: 0x01 Val: 0x00400000
[inst #8] addi x0,x0,0
Register Write to Reg: 0x00 Val: 0x00000000
[inst #9] addi x0,x0,0
Register Write to Reg: 0x00 Val: 0x00000000
[inst #10] addi x0,x0,0
Register Write to Reg: 0x00 Val: 0x00000000
[inst #11] addi x1,x1,56
Register Write to Reg: 0x01 Val: 0x00400038
[inst #12] jal x0,28
Register Write to Reg: 0x00 Val: 0x00400030
[inst #13] addi x2,x2,-40
Register Write to Reg: 0x02 Val: 0x10010FD8
[inst #14] addi x0,x0,0
Register Write to Reg: 0x00 Val: 0x00000000
[inst #15] addi x0,x0,0
Register Write to Reg: 0x00 Val: 0x00000000
[inst #16] addi x0,x0,0
Register Write to Reg: 0x00 Val: 0x00000000
[inst #17] sw x1,36(x2)
Memory Write to Addr: 0x10010FFC Val: 0x00400038
[inst #18] sw x8,32(x2)
Memory Write to Addr: 0x10010FF8 Val: 0x00000000
[inst #19] add x8,x2,x0
Register Write to Reg: 0x08 Val: 0x10010FD8
[inst #20] sw x0,24(x2)
Memory Write to Addr: 0x10010FF0 Val: 0x00000000
[inst #21] jal x0,164
Register Write to Reg: 0x00 Val: 0x0040006C
[inst #22] addi x0,x0,0
Register Write to Reg: 0x00 Val: 0x00000000
[inst #23] addi x0,x0,0
Register Write to Reg: 0x00 Val: 0x00000000
[inst #24] addi x0,x0,0
Register Write to Reg: 0x00 Val: 0x00000000
[inst #25] lw x7,24(x8)
Register Write to Reg: 0x07 Val: 0x00000000
[inst #26] addi x0,x0,0
Register Write to Reg: 0x00 Val: 0x00000000
[inst #27] addi x0,x0,0
Register Write to Reg: 0x00 Val: 0x00000000
[inst #28] addi x0,x0,0
Register Write to Reg: 0x00 Val: 0x00000000
[inst #29] slti x7,x7,4
Register Write to Reg: 0x07 Val: 0x00000001
[inst #30] addi x0,x0,0
Register Write to Reg: 0x00 Val: 0x00000000
[inst #31] addi x0,x0,0
Register Write to Reg: 0x00 Val: 0x00000000
[inst #32] addi x0,x0,0
Register Write to Reg: 0x00 Val: 0x00000000
[inst #33] beq x7,x0,24
[inst #34] addi x0,x0,0
Register Write to Reg: 0x00 Val: 0x00000000
[inst #35] addi x0,x0,0
Register Write to Reg: 0x00 Val: 0x00000000
[inst #36] jal x0,-208
Register Write to Reg: 0x00 Val: 0x00400148
[inst #37] lw x29,24(x8)
Register Write to Reg: 0x1D Val: 0x00000000
[inst #38] lui x1,1024
Register Write to Reg: 0x01 Val: 0x00400000
[inst #39] addi x0,x0,0
Register Write to Reg: 0x00 Val: 0x00000000
[inst #40] addi x0,x0,0
Register Write to Reg: 0x00 Val: 0x00000000
[inst #41] addi x0,x0,0
Register Write to Reg: 0x00 Val: 0x00000000
[inst #42] addi x1,x1,152
Register Write to Reg: 0x01 Val: 0x00400098
[inst #43] jal x0,2372
Register Write to Reg: 0x00 Val: 0x00400090
[inst #44] addi x2,x2,-32
Register Write to Reg: 0x02 Val: 0x10010FB8
[inst #45] addi x0,x0,0
Register Write to Reg: 0x00 Val: 0x00000000
[inst #46] addi x0,x0,0
Register Write to Reg: 0x00 Val: 0x00000000
[inst #47] addi x0,x0,0
Register Write to Reg: 0x00 Val: 0x00000000
[inst #48] sw x8,28(x2)
Memory Write to Addr: 0x10010FD4 Val: 0x10010FD8
[inst #49] add x8,x0,x2
Register Write to Reg: 0x08 Val: 0x10010FB8
[inst #50] addi x0,x0,0
Register Write to Reg: 0x00 Val: 0x00000000
[inst #51] addi x0,x0,0
Register Write to Reg: 0x00 Val: 0x00000000
[inst #52] addi x0,x0,0
Register Write to Reg: 0x00 Val: 0x00000000
[inst #53] sw x29,32(x8)
Memory Write to Addr: 0x10010FD8 Val: 0x00000000
[inst #54] ori x7,x0,1
Register Write to Reg: 0x07 Val: 0x00000001
[inst #55] addi x0,x0,0
Register Write to Reg: 0x00 Val: 0x00000000
[inst #56] addi x0,x0,0
Register Write to Reg: 0x00 Val: 0x00000000
[inst #57] addi x0,x0,0
Register Write to Reg: 0x00 Val: 0x00000000
[inst #58] sw x7,8(x8)
Memory Write to Addr: 0x10010FC0 Val: 0x00000001
[inst #59] sw x0,12(x8)
Memory Write to Addr: 0x10010FC4 Val: 0x00000000
[inst #60] jal x0,84
Register Write to Reg: 0x00 Val: 0x00400A14
[inst #61] lw x28,12(x8)
Register Write to Reg: 0x1C Val: 0x00000000
[inst #62] lw x7,32(x8)
Register Write to Reg: 0x07 Val: 0x00000000
[inst #63] addi x0,x0,0
Register Write to Reg: 0x00 Val: 0x00000000
[inst #64] addi x0,x0,0
Register Write to Reg: 0x00 Val: 0x00000000
[inst #65] addi x0,x0,0
Register Write to Reg: 0x00 Val: 0x00000000
[inst #66] slt x7,x28,x7
Register Write to Reg: 0x07 Val: 0x00000000
[inst #67] addi x0,x0,0
Register Write to Reg: 0x00 Val: 0x00000000
[inst #68] addi x0,x0,0
Register Write to Reg: 0x00 Val: 0x00000000
[inst #69] addi x0,x0,0
Register Write to Reg: 0x00 Val: 0x00000000
[inst #70] beq x7,x0,24
[inst #71] lui x7,65552
Register Write to Reg: 0x07 Val: 0x10010000
[inst #72] addi x0,x0,0
Register Write to Reg: 0x00 Val: 0x00000000
[inst #73] addi x0,x0,0
Register Write to Reg: 0x00 Val: 0x00000000
[inst #74] addi x0,x0,0
Register Write to Reg: 0x00 Val: 0x00000000
[inst #75] addi x7,x7,36
Register Write to Reg: 0x07 Val: 0x10010024
[inst #76] addi x0,x0,0
Register Write to Reg: 0x00 Val: 0x00000000
[inst #77] addi x0,x0,0
Register Write to Reg: 0x00 Val: 0x00000000
[inst #78] addi x0,x0,0
Register Write to Reg: 0x00 Val: 0x00000000
[inst #79] lw x7,0(x7)
Register Write to Reg: 0x07 Val: 0x00000000
[inst #80] addi x0,x0,0
Register Write to Reg: 0x00 Val: 0x00000000
[inst #81] addi x0,x0,0
Register Write to Reg: 0x00 Val: 0x00000000
[inst #82] addi x0,x0,0
Register Write to Reg: 0x00 Val: 0x00000000
[inst #83] sw x7,16(x8)
Memory Write to Addr: 0x10010FC8 Val: 0x00000000
[inst #84] lw x28,16(x8)
Register Write to Reg: 0x1C Val: 0x00000000
[inst #85] lw x7,8(x8)
Register Write to Reg: 0x07 Val: 0x00000001
[inst #86] addi x0,x0,0
Register Write to Reg: 0x00 Val: 0x00000000
[inst #87] addi x0,x0,0
Register Write to Reg: 0x00 Val: 0x00000000
[inst #88] addi x0,x0,0
Register Write to Reg: 0x00 Val: 0x00000000
[inst #89] and x7,x28,x7
Register Write to Reg: 0x07 Val: 0x00000000
[inst #90] addi x0,x0,0
Register Write to Reg: 0x00 Val: 0x00000000
[inst #91] addi x0,x0,0
Register Write to Reg: 0x00 Val: 0x00000000
[inst #92] addi x0,x0,0
Register Write to Reg: 0x00 Val: 0x00000000
[inst #93] slt x7,x0,x7
Register Write to Reg: 0x07 Val: 0x00000000
[inst #94] addi x0,x0,0
Register Write to Reg: 0x00 Val: 0x00000000
[inst #95] addi x0,x0,0
Register Write to Reg: 0x00 Val: 0x00000000
[inst #96] addi x0,x0,0
Register Write to Reg: 0x00 Val: 0x00000000
[inst #97] andi x7,x7,255
Register Write to Reg: 0x07 Val: 0x00000000
[inst #98] add x2,x0,x8
Register Write to Reg: 0x02 Val: 0x10010FB8
[inst #99] addi x0,x0,0
Register Write to Reg: 0x00 Val: 0x00000000
[inst #100] addi x0,x0,0
Register Write to Reg: 0x00 Val: 0x00000000
[inst #101] addi x0,x0,0
Register Write to Reg: 0x00 Val: 0x00000000
[inst #102] lw x8,28(x2)
Register Write to Reg: 0x08 Val: 0x10010FD8
[inst #103] addi x2,x2,32
Register Write to Reg: 0x02 Val: 0x10010FD8
[inst #104] jalr x0,x1,0
Register Write to Reg: 0x00 Val: 0x00400B28
[inst #105] xori x7,x7,1
Register Write to Reg: 0x07 Val: 0x00000001
[inst #106] addi x0,x0,0
Register Write to Reg: 0x00 Val: 0x00000000
[inst #107] addi x0,x0,0
Register Write to Reg: 0x00 Val: 0x00000000
[inst #108] addi x0,x0,0
Register Write to Reg: 0x00 Val: 0x00000000
[inst #109] andi x7,x7,255
Register Write to Reg: 0x07 Val: 0x00000001
[inst #110] addi x0,x0,0
Register Write to Reg: 0x00 Val: 0x00000000
[inst #111] addi x0,x0,0
Register Write to Reg: 0x00 Val: 0x00000000
[inst #112] addi x0,x0,0
Register Write to Reg: 0x00 Val: 0x00000000
[inst #113] beq x7,x0,48
[inst #114] addi x0,x0,0
Register Write to Reg: 0x00 Val: 0x00000000
[inst #115] addi x0,x0,0
Register Write to Reg: 0x00 Val: 0x00000000
[inst #116] lw x29,24(x8)
Register Write to Reg: 0x1D Val: 0x00000000
[inst #117] lui x1,1024
Register Write to Reg: 0x01 Val: 0x00400000
[inst #118] addi x0,x0,0
Register Write to Reg: 0x00 Val: 0x00000000
[inst #119] addi x0,x0,0
Register Write to Reg: 0x00 Val: 0x00000000
[inst #120] addi x0,x0,0
Register Write to Reg: 0x00 Val: 0x00000000
[inst #121] addi x1,x1,232
Register Write to Reg: 0x01 Val: 0x004000E8
[inst #122] jal x0,812
Register Write to Reg: 0x00 Val: 0x004000E0
[inst #123] addi x2,x2,-48
Register Write to Reg: 0x02 Val: 0x10010FA8
[inst #124] addi x0,x0,0
Register Write to Reg: 0x00 Val: 0x00000000
[inst #125] addi x0,x0,0
Register Write to Reg: 0x00 Val: 0x00000000
[inst #126] addi x0,x0,0
Register Write to Reg: 0x00 Val: 0x00000000
[inst #127] sw x1,44(x2)
Memory Write to Addr: 0x10010FD4 Val: 0x004000E8
[inst #128] sw x8,40(x2)
Memory Write to Addr: 0x10010FD0 Val: 0x10010FD8
[inst #129] add x8,x0,x2
Register Write to Reg: 0x08 Val: 0x10010FA8
[inst #130] addi x0,x0,0
Register Write to Reg: 0x00 Val: 0x00000000
[inst #131] addi x0,x0,0
Register Write to Reg: 0x00 Val: 0x00000000
[inst #132] addi x0,x0,0
Register Write to Reg: 0x00 Val: 0x00000000
[inst #133] sw x29,48(x8)
Memory Write to Addr: 0x10010FD8 Val: 0x00000000
[inst #134] lw x29,48(x8)
Register Write to Reg: 0x1D Val: 0x00000000
[inst #135] lui x1,1024
Register Write to Reg: 0x01 Val: 0x00400000
[inst #136] addi x0,x0,0
Register Write to Reg: 0x00 Val: 0x00000000
[inst #137] addi x0,x0,0
Register Write to Reg: 0x00 Val: 0x00000000
[inst #138] addi x0,x0,0
Register Write to Reg: 0x00 Val: 0x00000000
[inst #139] addi x1,x1,1112
Register Write to Reg: 0x01 Val: 0x00400458
[inst #140] jal x0,1072
Register Write to Reg: 0x00 Val: 0x00400450
[inst #141] addi x2,x2,-32
Register Write to Reg: 0x02 Val: 0x10010F88
[inst #142] addi x0,x0,0
Register Write to Reg: 0x00 Val: 0x00000000
[inst #143] addi x0,x0,0
Register Write to Reg: 0x00 Val: 0x00000000
[inst #144] addi x0,x0,0
Register Write to Reg: 0x00 Val: 0x00000000
[inst #145] sw x8,28(x2)
Memory Write to Addr: 0x10010FA4 Val: 0x10010FA8
[inst #146] add x8,x0,x2
Register Write to Reg: 0x08 Val: 0x10010F88
[inst #147] addi x0,x0,0
Register Write to Reg: 0x00 Val: 0x00000000
[inst #148] addi x0,x0,0
Register Write to Reg: 0x00 Val: 0x00000000
[inst #149] addi x0,x0,0
Register Write to Reg: 0x00 Val: 0x00000000
[inst #150] sw x29,32(x8)
Memory Write to Addr: 0x10010FA8 Val: 0x00000000
[inst #151] addi x7,x0,1
Register Write to Reg: 0x07 Val: 0x00000001
[inst #152] addi x0,x0,0
Register Write to Reg: 0x00 Val: 0x00000000
[inst #153] addi x0,x0,0
Register Write to Reg: 0x00 Val: 0x00000000
[inst #154] addi x0,x0,0
Register Write to Reg: 0x00 Val: 0x00000000
[inst #155] sw x7,8(x8)
Memory Write to Addr: 0x10010F90 Val: 0x00000001
[inst #156] sw x0,12(x8)
Memory Write to Addr: 0x10010F94 Val: 0x00000000
[inst #157] jal x0,84
Register Write to Reg: 0x00 Val: 0x004008C0
[inst #158] lw x28,12(x8)
Register Write to Reg: 0x1C Val: 0x00000000
[inst #159] lw x7,32(x8)
Register Write to Reg: 0x07 Val: 0x00000000
[inst #160] addi x0,x0,0
Register Write to Reg: 0x00 Val: 0x00000000
[inst #161] addi x0,x0,0
Register Write to Reg: 0x00 Val: 0x00000000
[inst #162] addi x0,x0,0
Register Write to Reg: 0x00 Val: 0x00000000
[inst #163] slt x7,x28,x7
Register Write to Reg: 0x07 Val: 0x00000000
[inst #164] addi x0,x0,0
Register Write to Reg: 0x00 Val: 0x00000000
[inst #165] addi x0,x0,0
Register Write to Reg: 0x00 Val: 0x00000000
[inst #166] addi x0,x0,0
Register Write to Reg: 0x00 Val: 0x00000000
[inst #167] beq x7,x0,24
[inst #168] lui x7,65552
Register Write to Reg: 0x07 Val: 0x10010000
[inst #169] addi x0,x0,0
Register Write to Reg: 0x00 Val: 0x00000000
[inst #170] addi x0,x0,0
Register Write to Reg: 0x00 Val: 0x00000000
[inst #171] addi x0,x0,0
Register Write to Reg: 0x00 Val: 0x00000000
[inst #172] addi x7,x7,36
Register Write to Reg: 0x07 Val: 0x10010024
[inst #173] addi x0,x0,0
Register Write to Reg: 0x00 Val: 0x00000000
[inst #174] addi x0,x0,0
Register Write to Reg: 0x00 Val: 0x00000000
[inst #175] addi x0,x0,0
Register Write to Reg: 0x00 Val: 0x00000000
[inst #176] sw x7,16(x8)
Memory Write to Addr: 0x10010F98 Val: 0x10010024
[inst #177] lw x7,16(x8)
Register Write to Reg: 0x07 Val: 0x10010024
[inst #178] addi x0,x0,0
Register Write to Reg: 0x00 Val: 0x00000000
[inst #179] addi x0,x0,0
Register Write to Reg: 0x00 Val: 0x00000000
[inst #180] addi x0,x0,0
Register Write to Reg: 0x00 Val: 0x00000000
[inst #181] lw x28,0(x7)
Register Write to Reg: 0x1C Val: 0x00000000
[inst #182] lw x7,8(x8)
Register Write to Reg: 0x07 Val: 0x00000001
[inst #183] addi x0,x0,0
Register Write to Reg: 0x00 Val: 0x00000000
[inst #184] addi x0,x0,0
Register Write to Reg: 0x00 Val: 0x00000000
[inst #185] addi x0,x0,0
Register Write to Reg: 0x00 Val: 0x00000000
[inst #186] or x28,x28,x7
Register Write to Reg: 0x1C Val: 0x00000001
[inst #187] lw x7,16(x8)
Register Write to Reg: 0x07 Val: 0x10010024
[inst #188] addi x0,x0,0
Register Write to Reg: 0x00 Val: 0x00000000
[inst #189] addi x0,x0,0
Register Write to Reg: 0x00 Val: 0x00000000
[inst #190] addi x0,x0,0
Register Write to Reg: 0x00 Val: 0x00000000
[inst #191] sw x28,0(x7)
Memory Write to Addr: 0x10010024 Val: 0x00000001
[inst #192] add x2,x0,x8
Register Write to Reg: 0x02 Val: 0x10010F88
[inst #193] addi x0,x0,0
Register Write to Reg: 0x00 Val: 0x00000000
[inst #194] addi x0,x0,0
Register Write to Reg: 0x00 Val: 0x00000000
[inst #195] addi x0,x0,0
Register Write to Reg: 0x00 Val: 0x00000000
[inst #196] lw x8,28(x2)
Register Write to Reg: 0x08 Val: 0x10010FA8
[inst #197] addi x2,x2,32
Register Write to Reg: 0x02 Val: 0x10010FA8
[inst #198] jalr x0,x1,0
Register Write to Reg: 0x00 Val: 0x004009C8
[inst #199] addi x7,x8,28
Register Write to Reg: 0x07 Val: 0x10010FC4
[inst #200] lw x30,48(x8)
Register Write to Reg: 0x1E Val: 0x00000000
[inst #201] addi x0,x0,0
Register Write to Reg: 0x00 Val: 0x00000000
[inst #202] addi x0,x0,0
Register Write to Reg: 0x00 Val: 0x00000000
[inst #203] add x29,x0,x7
Register Write to Reg: 0x1D Val: 0x10010FC4
[inst #204] lui x1,1024
Register Write to Reg: 0x01 Val: 0x00400000
[inst #205] addi x0,x0,0
Register Write to Reg: 0x00 Val: 0x00000000
[inst #206] addi x0,x0,0
Register Write to Reg: 0x00 Val: 0x00000000
[inst #207] addi x0,x0,0
Register Write to Reg: 0x00 Val: 0x00000000
[inst #208] addi x1,x1,1164
Register Write to Reg: 0x01 Val: 0x0040048C
[inst #209] jal x0,80
Register Write to Reg: 0x00 Val: 0x00400484
[inst #210] addi x2,x2,-24
Register Write to Reg: 0x02 Val: 0x10010F90
[inst #211] addi x0,x0,0
Register Write to Reg: 0x00 Val: 0x00000000
[inst #212] addi x0,x0,0
Register Write to Reg: 0x00 Val: 0x00000000
[inst #213] addi x0,x0,0
Register Write to Reg: 0x00 Val: 0x00000000
[inst #214] sw x8,20(x2)
Memory Write to Addr: 0x10010FA4 Val: 0x10010FA8
[inst #215] add x8,x0,x2
Register Write to Reg: 0x08 Val: 0x10010F90
[inst #216] addi x0,x0,0
Register Write to Reg: 0x00 Val: 0x00000000
[inst #217] addi x0,x0,0
Register Write to Reg: 0x00 Val: 0x00000000
[inst #218] addi x0,x0,0
Register Write to Reg: 0x00 Val: 0x00000000
[inst #219] sub x31,x8,x2
Register Write to Reg: 0x1F Val: 0x00000000
[inst #220] sw x29,24(x8)
Memory Write to Addr: 0x10010FA8 Val: 0x10010FC4
[inst #221] sw x30,28(x8)
Memory Write to Addr: 0x10010FAC Val: 0x00000000
[inst #222] lw x7,28(x8)
Register Write to Reg: 0x07 Val: 0x00000000
[inst #223] addi x0,x0,0
Register Write to Reg: 0x00 Val: 0x00000000
[inst #224] addi x0,x0,0
Register Write to Reg: 0x00 Val: 0x00000000
[inst #225] addi x0,x0,0
Register Write to Reg: 0x00 Val: 0x00000000
[inst #226] sw x7,8(x8)
Memory Write to Addr: 0x10010F98 Val: 0x00000000
[inst #227] sw x0,12(x8)
Memory Write to Addr: 0x10010F9C Val: 0x00000000
[inst #228] lw x7,24(x8)
Register Write to Reg: 0x07 Val: 0x10010FC4
[inst #229] lw x29,8(x8)
Register Write to Reg: 0x1D Val: 0x00000000
[inst #230] lw x28,12(x8)
Register Write to Reg: 0x1C Val: 0x00000000
[inst #231] addi x0,x0,0
Register Write to Reg: 0x00 Val: 0x00000000
[inst #232] addi x0,x0,0
Register Write to Reg: 0x00 Val: 0x00000000
[inst #233] sw x29,0(x7)
Memory Write to Addr: 0x10010FC4 Val: 0x00000000
[inst #234] sw x28,4(x7)
Memory Write to Addr: 0x10010FC8 Val: 0x00000000
[inst #235] lw x7,24(x8)
Register Write to Reg: 0x07 Val: 0x10010FC4
[inst #236] add x2,x0,x8
Register Write to Reg: 0x02 Val: 0x10010F90
[inst #237] addi x0,x0,0
Register Write to Reg: 0x00 Val: 0x00000000
[inst #238] addi x0,x0,0
Register Write to Reg: 0x00 Val: 0x00000000
[inst #239] addi x0,x0,0
Register Write to Reg: 0x00 Val: 0x00000000
[inst #240] lw x8,20(x2)
Register Write to Reg: 0x08 Val: 0x10010FA8
[inst #241] addi x2,x2,24
Register Write to Reg: 0x02 Val: 0x10010FA8
[inst #242] jalr x0,x1,0
Register Write to Reg: 0x00 Val: 0x00400554
[inst #243] addi x7,x8,28
Register Write to Reg: 0x07 Val: 0x10010FC4
[inst #244] addi x0,x0,0
Register Write to Reg: 0x00 Val: 0x00000000
[inst #245] addi x0,x0,0
Register Write to Reg: 0x00 Val: 0x00000000
[inst #246] addi x0,x0,0
Register Write to Reg: 0x00 Val: 0x00000000
[inst #247] add x29,x0,x7
Register Write to Reg: 0x1D Val: 0x10010FC4
[inst #248] lui x1,1024
Register Write to Reg: 0x01 Val: 0x00400000
[inst #249] addi x0,x0,0
Register Write to Reg: 0x00 Val: 0x00000000
[inst #250] addi x0,x0,0
Register Write to Reg: 0x00 Val: 0x00000000
[inst #251] addi x0,x0,0
Register Write to Reg: 0x00 Val: 0x00000000
[inst #252] addi x1,x1,1216
Register Write to Reg: 0x01 Val: 0x004004C0
[inst #253] jal x0,168
Register Write to Reg: 0x00 Val: 0x004004B8
[inst #254] addi x2,x2,-32
Register Write to Reg: 0x02 Val: 0x10010F88
[inst #255] addi x0,x0,0
Register Write to Reg: 0x00 Val: 0x00000000
[inst #256] addi x0,x0,0
Register Write to Reg: 0x00 Val: 0x00000000
[inst #257] addi x0,x0,0
Register Write to Reg: 0x00 Val: 0x00000000
[inst #258] sw x1,28(x2)
Memory Write to Addr: 0x10010FA4 Val: 0x004004C0
[inst #259] sw x8,24(x2)
Memory Write to Addr: 0x10010FA0 Val: 0x10010FA8
[inst #260] add x8,x0,x2
Register Write to Reg: 0x08 Val: 0x10010F88
[inst #261] addi x0,x0,0
Register Write to Reg: 0x00 Val: 0x00000000
[inst #262] addi x0,x0,0
Register Write to Reg: 0x00 Val: 0x00000000
[inst #263] addi x0,x0,0
Register Write to Reg: 0x00 Val: 0x00000000
[inst #264] sw x29,32(x8)
Memory Write to Addr: 0x10010FA8 Val: 0x10010FC4
[inst #265] jal x0,240
Register Write to Reg: 0x00 Val: 0x0040058C
[inst #266] lw x7,32(x8)
Register Write to Reg: 0x07 Val: 0x10010FC4
[inst #267] addi x0,x0,0
Register Write to Reg: 0x00 Val: 0x00000000
[inst #268] addi x0,x0,0
Register Write to Reg: 0x00 Val: 0x00000000
[inst #269] addi x0,x0,0
Register Write to Reg: 0x00 Val: 0x00000000
[inst #270] lw x7,4(x7)
Register Write to Reg: 0x07 Val: 0x00000000
[inst #271] addi x0,x0,0
Register Write to Reg: 0x00 Val: 0x00000000
[inst #272] addi x0,x0,0
Register Write to Reg: 0x00 Val: 0x00000000
[inst #273] addi x0,x0,0
Register Write to Reg: 0x00 Val: 0x00000000
[inst #274] slti x7,x7,4
Register Write to Reg: 0x07 Val: 0x00000001
[inst #275] addi x0,x0,0
Register Write to Reg: 0x00 Val: 0x00000000
[inst #276] addi x0,x0,0
Register Write to Reg: 0x00 Val: 0x00000000
[inst #277] addi x0,x0,0
Register Write to Reg: 0x00 Val: 0x00000000
[inst #278] beq x7,x0,24
[inst #279] addi x0,x0,0
Register Write to Reg: 0x00 Val: 0x00000000
[inst #280] addi x0,x0,0
Register Write to Reg: 0x00 Val: 0x00000000
[inst #281] jal x0,-288
Register Write to Reg: 0x00 Val: 0x004006B8
[inst #282] lw x7,32(x8)
Register Write to Reg: 0x07 Val: 0x10010FC4
[inst #283] addi x0,x0,0
Register Write to Reg: 0x00 Val: 0x00000000
[inst #284] addi x0,x0,0
Register Write to Reg: 0x00 Val: 0x00000000
[inst #285] addi x0,x0,0
Register Write to Reg: 0x00 Val: 0x00000000
[inst #286] lw x28,0(x7)
Register Write to Reg: 0x1C Val: 0x00000000
[inst #287] lw x7,32(x8)
Register Write to Reg: 0x07 Val: 0x10010FC4
[inst #288] addi x0,x0,0
Register Write to Reg: 0x00 Val: 0x00000000
[inst #289] addi x0,x0,0
Register Write to Reg: 0x00 Val: 0x00000000
[inst #290] addi x0,x0,0
Register Write to Reg: 0x00 Val: 0x00000000
[inst #291] lw x7,4(x7)
Register Write to Reg: 0x07 Val: 0x00000000
[inst #292] addi x0,x0,0
Register Write to Reg: 0x00 Val: 0x00000000
[inst #293] addi x0,x0,0
Register Write to Reg: 0x00 Val: 0x00000000
[inst #294] addi x0,x0,0
Register Write to Reg: 0x00 Val: 0x00000000
[inst #295] add x30,x0,x7
Register Write to Reg: 0x1E Val: 0x00000000
[inst #296] add x29,x0,x28
Register Write to Reg: 0x1D Val: 0x00000000
[inst #297] lui x1,1024
Register Write to Reg: 0x01 Val: 0x00400000
[inst #298] addi x0,x0,0
Register Write to Reg: 0x00 Val: 0x00000000
[inst #299] addi x0,x0,0
Register Write to Reg: 0x00 Val: 0x00000000
[inst #300] addi x0,x0,0
Register Write to Reg: 0x00 Val: 0x00000000
[inst #301] addi x1,x1,1520
Register Write to Reg: 0x01 Val: 0x004005F0
[inst #302] jal x0,272
Register Write to Reg: 0x00 Val: 0x004005E8
[inst #303] addi x2,x2,-32
Register Write to Reg: 0x02 Val: 0x10010F68
[inst #304] addi x0,x0,0
Register Write to Reg: 0x00 Val: 0x00000000
[inst #305] addi x0,x0,0
Register Write to Reg: 0x00 Val: 0x00000000
[inst #306] addi x0,x0,0
Register Write to Reg: 0x00 Val: 0x00000000
[inst #307] sw x8,28(x2)
Memory Write to Addr: 0x10010F84 Val: 0x10010F88
[inst #308] add x8,x0,x2
Register Write to Reg: 0x08 Val: 0x10010F68
[inst #309] addi x0,x0,0
Register Write to Reg: 0x00 Val: 0x00000000
[inst #310] addi x0,x0,0
Register Write to Reg: 0x00 Val: 0x00000000
[inst #311] addi x0,x0,0
Register Write to Reg: 0x00 Val: 0x00000000
[inst #312] sw x29,32(x8)
Memory Write to Addr: 0x10010F88 Val: 0x00000000
[inst #313] sw x30,36(x8)
Memory Write to Addr: 0x10010F8C Val: 0x00000000
[inst #314] lui x7,65552
Register Write to Reg: 0x07 Val: 0x10010000
[inst #315] addi x0,x0,0
Register Write to Reg: 0x00 Val: 0x00000000
[inst #316] addi x0,x0,0
Register Write to Reg: 0x00 Val: 0x00000000
[inst #317] addi x0,x0,0
Register Write to Reg: 0x00 Val: 0x00000000
[inst #318] addi x7,x7,20
Register Write to Reg: 0x07 Val: 0x10010014
[inst #319] lw x28,32(x8)
Register Write to Reg: 0x1C Val: 0x00000000
[inst #320] addi x0,x0,0
Register Write to Reg: 0x00 Val: 0x00000000
[inst #321] addi x0,x0,0
Register Write to Reg: 0x00 Val: 0x00000000
[inst #322] addi x0,x0,0
Register Write to Reg: 0x00 Val: 0x00000000
[inst #323] slli x28,x28,2
Register Write to Reg: 0x1C Val: 0x00000000
[inst #324] addi x0,x0,0
Register Write to Reg: 0x00 Val: 0x00000000
[inst #325] addi x0,x0,0
Register Write to Reg: 0x00 Val: 0x00000000
[inst #326] addi x0,x0,0
Register Write to Reg: 0x00 Val: 0x00000000
[inst #327] add x7,x28,x7
Register Write to Reg: 0x07 Val: 0x10010014
[inst #328] addi x0,x0,0
Register Write to Reg: 0x00 Val: 0x00000000
[inst #329] addi x0,x0,0
Register Write to Reg: 0x00 Val: 0x00000000
[inst #330] addi x0,x0,0
Register Write to Reg: 0x00 Val: 0x00000000
[inst #331] lw x7,0(x7)
Register Write to Reg: 0x07 Val: 0x00000006
[inst #332] addi x0,x0,0
Register Write to Reg: 0x00 Val: 0x00000000
[inst #333] addi x0,x0,0
Register Write to Reg: 0x00 Val: 0x00000000
[inst #334] addi x0,x0,0
Register Write to Reg: 0x00 Val: 0x00000000
[inst #335] sw x7,16(x8)
Memory Write to Addr: 0x10010F78 Val: 0x00000006
[inst #336] addi x7,x0,1
Register Write to Reg: 0x07 Val: 0x00000001
[inst #337] addi x0,x0,0
Register Write to Reg: 0x00 Val: 0x00000000
[inst #338] addi x0,x0,0
Register Write to Reg: 0x00 Val: 0x00000000
[inst #339] addi x0,x0,0
Register Write to Reg: 0x00 Val: 0x00000000
[inst #340] sw x7,8(x8)
Memory Write to Addr: 0x10010F70 Val: 0x00000001
[inst #341] sw x0,12(x8)
Memory Write to Addr: 0x10010F74 Val: 0x00000000
[inst #342] jal x0,84
Register Write to Reg: 0x00 Val: 0x00400794
[inst #343] lw x28,12(x8)
Register Write to Reg: 0x1C Val: 0x00000000
[inst #344] lw x7,36(x8)
Register Write to Reg: 0x07 Val: 0x00000000
[inst #345] addi x0,x0,0
Register Write to Reg: 0x00 Val: 0x00000000
[inst #346] addi x0,x0,0
Register Write to Reg: 0x00 Val: 0x00000000
[inst #347] addi x0,x0,0
Register Write to Reg: 0x00 Val: 0x00000000
[inst #348] slt x7,x28,x7
Register Write to Reg: 0x07 Val: 0x00000000
[inst #349] addi x0,x0,0
Register Write to Reg: 0x00 Val: 0x00000000
[inst #350] addi x0,x0,0
Register Write to Reg: 0x00 Val: 0x00000000
[inst #351] addi x0,x0,0
Register Write to Reg: 0x00 Val: 0x00000000
[inst #352] beq x7,x0,24
[inst #353] lw x28,8(x8)
Register Write to Reg: 0x1C Val: 0x00000001
[inst #354] lw x7,16(x8)
Register Write to Reg: 0x07 Val: 0x00000006
[inst #355] addi x0,x0,0
Register Write to Reg: 0x00 Val: 0x00000000
[inst #356] addi x0,x0,0
Register Write to Reg: 0x00 Val: 0x00000000
[inst #357] addi x0,x0,0
Register Write to Reg: 0x00 Val: 0x00000000
[inst #358] and x7,x28,x7
Register Write to Reg: 0x07 Val: 0x00000000
[inst #359] addi x0,x0,0
Register Write to Reg: 0x00 Val: 0x00000000
[inst #360] addi x0,x0,0
Register Write to Reg: 0x00 Val: 0x00000000
[inst #361] addi x0,x0,0
Register Write to Reg: 0x00 Val: 0x00000000
[inst #362] slt x7,x0,x7
Register Write to Reg: 0x07 Val: 0x00000000
[inst #363] addi x0,x0,0
Register Write to Reg: 0x00 Val: 0x00000000
[inst #364] addi x0,x0,0
Register Write to Reg: 0x00 Val: 0x00000000
[inst #365] addi x0,x0,0
Register Write to Reg: 0x00 Val: 0x00000000
[inst #366] andi x7,x7,255
Register Write to Reg: 0x07 Val: 0x00000000
[inst #367] add x2,x0,x8
Register Write to Reg: 0x02 Val: 0x10010F68
[inst #368] addi x0,x0,0
Register Write to Reg: 0x00 Val: 0x00000000
[inst #369] addi x0,x0,0
Register Write to Reg: 0x00 Val: 0x00000000
[inst #370] addi x0,x0,0
Register Write to Reg: 0x00 Val: 0x00000000
[inst #371] lw x8,28(x2)
Register Write to Reg: 0x08 Val: 0x10010F88
[inst #372] addi x2,x2,32
Register Write to Reg: 0x02 Val: 0x10010F88
[inst #373] jalr x0,x1,0
Register Write to Reg: 0x00 Val: 0x00400874
[inst #374] beq x7,x0,80
[inst #375] lw x7,32(x8)
Register Write to Reg: 0x07 Val: 0x10010FC4
[inst #376] addi x0,x0,0
Register Write to Reg: 0x00 Val: 0x00000000
[inst #377] addi x0,x0,0
Register Write to Reg: 0x00 Val: 0x00000000
[inst #378] addi x0,x0,0
Register Write to Reg: 0x00 Val: 0x00000000
[inst #379] lw x7,4(x7)
Register Write to Reg: 0x07 Val: 0x00000000
[inst #380] addi x0,x0,0
Register Write to Reg: 0x00 Val: 0x00000000
[inst #381] addi x0,x0,0
Register Write to Reg: 0x00 Val: 0x00000000
[inst #382] addi x0,x0,0
Register Write to Reg: 0x00 Val: 0x00000000
[inst #383] addi x28,x7,1
Register Write to Reg: 0x1C Val: 0x00000001
[inst #384] lw x7,32(x8)
Register Write to Reg: 0x07 Val: 0x10010FC4
[inst #385] addi x0,x0,0
Register Write to Reg: 0x00 Val: 0x00000000
[inst #386] addi x0,x0,0
Register Write to Reg: 0x00 Val: 0x00000000
[inst #387] addi x0,x0,0
Register Write to Reg: 0x00 Val: 0x00000000
[inst #388] sw x28,4(x7)
Memory Write to Addr: 0x10010FC8 Val: 0x00000001
[inst #389] lw x7,32(x8)
Register Write to Reg: 0x07 Val: 0x10010FC4
[inst #390] addi x0,x0,0
Register Write to Reg: 0x00 Val: 0x00000000
[inst #391] addi x0,x0,0
Register Write to Reg: 0x00 Val: 0x00000000
[inst #392] addi x0,x0,0
Register Write to Reg: 0x00 Val: 0x00000000
[inst #393] lw x7,4(x7)
Register Write to Reg: 0x07 Val: 0x00000001
[inst #394] addi x0,x0,0
Register Write to Reg: 0x00 Val: 0x00000000
[inst #395] addi x0,x0,0
Register Write to Reg: 0x00 Val: 0x00000000
[inst #396] addi x0,x0,0
Register Write to Reg: 0x00 Val: 0x00000000
[inst #397] slti x7,x7,4
Register Write to Reg: 0x07 Val: 0x00000001
[inst #398] addi x0,x0,0
Register Write to Reg: 0x00 Val: 0x00000000
[inst #399] addi x0,x0,0
Register Write to Reg: 0x00 Val: 0x00000000
[inst #400] addi x0,x0,0
Register Write to Reg: 0x00 Val: 0x00000000
[inst #401] beq x7,x0,24
[inst #402] addi x0,x0,0
Register Write to Reg: 0x00 Val: 0x00000000
[inst #403] addi x0,x0,0
Register Write to Reg: 0x00 Val: 0x00000000
[inst #404] jal x0,-288
Register Write to Reg: 0x00 Val: 0x004006B8
[inst #405] lw x7,32(x8)
Register Write to Reg: 0x07 Val: 0x10010FC4
[inst #406] addi x0,x0,0
Register Write to Reg: 0x00 Val: 0x00000000
[inst #407] addi x0,x0,0
Register Write to Reg: 0x00 Val: 0x00000000
[inst #408] addi x0,x0,0
Register Write to Reg: 0x00 Val: 0x00000000
[inst #409] lw x28,0(x7)
Register Write to Reg: 0x1C Val: 0x00000000
[inst #410] lw x7,32(x8)
Register Write to Reg: 0x07 Val: 0x10010FC4
[inst #411] addi x0,x0,0
Register Write to Reg: 0x00 Val: 0x00000000
[inst #412] addi x0,x0,0
Register Write to Reg: 0x00 Val: 0x00000000
[inst #413] addi x0,x0,0
Register Write to Reg: 0x00 Val: 0x00000000
[inst #414] lw x7,4(x7)
Register Write to Reg: 0x07 Val: 0x00000001
[inst #415] addi x0,x0,0
Register Write to Reg: 0x00 Val: 0x00000000
[inst #416] addi x0,x0,0
Register Write to Reg: 0x00 Val: 0x00000000
[inst #417] addi x0,x0,0
Register Write to Reg: 0x00 Val: 0x00000000
[inst #418] add x30,x0,x7
Register Write to Reg: 0x1E Val: 0x00000001
[inst #419] add x29,x0,x28
Register Write to Reg: 0x1D Val: 0x00000000
[inst #420] lui x1,1024
Register Write to Reg: 0x01 Val: 0x00400000
[inst #421] addi x0,x0,0
Register Write to Reg: 0x00 Val: 0x00000000
[inst #422] addi x0,x0,0
Register Write to Reg: 0x00 Val: 0x00000000
[inst #423] addi x0,x0,0
Register Write to Reg: 0x00 Val: 0x00000000
[inst #424] addi x1,x1,1520
Register Write to Reg: 0x01 Val: 0x004005F0
[inst #425] jal x0,272
Register Write to Reg: 0x00 Val: 0x004005E8
[inst #426] addi x2,x2,-32
Register Write to Reg: 0x02 Val: 0x10010F68
[inst #427] addi x0,x0,0
Register Write to Reg: 0x00 Val: 0x00000000
[inst #428] addi x0,x0,0
Register Write to Reg: 0x00 Val: 0x00000000
[inst #429] addi x0,x0,0
Register Write to Reg: 0x00 Val: 0x00000000
[inst #430] sw x8,28(x2)
Memory Write to Addr: 0x10010F84 Val: 0x10010F88
[inst #431] add x8,x0,x2
Register Write to Reg: 0x08 Val: 0x10010F68
[inst #432] addi x0,x0,0
Register Write to Reg: 0x00 Val: 0x00000000
[inst #433] addi x0,x0,0
Register Write to Reg: 0x00 Val: 0x00000000
[inst #434] addi x0,x0,0
Register Write to Reg: 0x00 Val: 0x00000000
[inst #435] sw x29,32(x8)
Memory Write to Addr: 0x10010F88 Val: 0x00000000
[inst #436] sw x30,36(x8)
Memory Write to Addr: 0x10010F8C Val: 0x00000001
[inst #437] lui x7,65552
Register Write to Reg: 0x07 Val: 0x10010000
[inst #438] addi x0,x0,0
Register Write to Reg: 0x00 Val: 0x00000000
[inst #439] addi x0,x0,0
Register Write to Reg: 0x00 Val: 0x00000000
[inst #440] addi x0,x0,0
Register Write to Reg: 0x00 Val: 0x00000000
[inst #441] addi x7,x7,20
Register Write to Reg: 0x07 Val: 0x10010014
[inst #442] lw x28,32(x8)
Register Write to Reg: 0x1C Val: 0x00000000
[inst #443] addi x0,x0,0
Register Write to Reg: 0x00 Val: 0x00000000
[inst #444] addi x0,x0,0
Register Write to Reg: 0x00 Val: 0x00000000
[inst #445] addi x0,x0,0
Register Write to Reg: 0x00 Val: 0x00000000
[inst #446] slli x28,x28,2
Register Write to Reg: 0x1C Val: 0x00000000
[inst #447] addi x0,x0,0
Register Write to Reg: 0x00 Val: 0x00000000
[inst #448] addi x0,x0,0
Register Write to Reg: 0x00 Val: 0x00000000
[inst #449] addi x0,x0,0
Register Write to Reg: 0x00 Val: 0x00000000
[inst #450] add x7,x28,x7
Register Write to Reg: 0x07 Val: 0x10010014
[inst #451] addi x0,x0,0
Register Write to Reg: 0x00 Val: 0x00000000
[inst #452] addi x0,x0,0
Register Write to Reg: 0x00 Val: 0x00000000
[inst #453] addi x0,x0,0
Register Write to Reg: 0x00 Val: 0x00000000
[inst #454] lw x7,0(x7)
Register Write to Reg: 0x07 Val: 0x00000006
[inst #455] addi x0,x0,0
Register Write to Reg: 0x00 Val: 0x00000000
[inst #456] addi x0,x0,0
Register Write to Reg: 0x00 Val: 0x00000000
[inst #457] addi x0,x0,0
Register Write to Reg: 0x00 Val: 0x00000000
[inst #458] sw x7,16(x8)
Memory Write to Addr: 0x10010F78 Val: 0x00000006
[inst #459] addi x7,x0,1
Register Write to Reg: 0x07 Val: 0x00000001
[inst #460] addi x0,x0,0
Register Write to Reg: 0x00 Val: 0x00000000
[inst #461] addi x0,x0,0
Register Write to Reg: 0x00 Val: 0x00000000
[inst #462] addi x0,x0,0
Register Write to Reg: 0x00 Val: 0x00000000
[inst #463] sw x7,8(x8)
Memory Write to Addr: 0x10010F70 Val: 0x00000001
[inst #464] sw x0,12(x8)
Memory Write to Addr: 0x10010F74 Val: 0x00000000
[inst #465] jal x0,84
Register Write to Reg: 0x00 Val: 0x00400794
[inst #466] lw x28,12(x8)
Register Write to Reg: 0x1C Val: 0x00000000
[inst #467] lw x7,36(x8)
Register Write to Reg: 0x07 Val: 0x00000001
[inst #468] addi x0,x0,0
Register Write to Reg: 0x00 Val: 0x00000000
[inst #469] addi x0,x0,0
Register Write to Reg: 0x00 Val: 0x00000000
[inst #470] addi x0,x0,0
Register Write to Reg: 0x00 Val: 0x00000000
[inst #471] slt x7,x28,x7
Register Write to Reg: 0x07 Val: 0x00000001
[inst #472] addi x0,x0,0
Register Write to Reg: 0x00 Val: 0x00000000
[inst #473] addi x0,x0,0
Register Write to Reg: 0x00 Val: 0x00000000
[inst #474] addi x0,x0,0
Register Write to Reg: 0x00 Val: 0x00000000
[inst #475] beq x7,x0,24
[inst #476] addi x0,x0,0
Register Write to Reg: 0x00 Val: 0x00000000
[inst #477] addi x0,x0,0
Register Write to Reg: 0x00 Val: 0x00000000
[inst #478] jal x0,-120
Register Write to Reg: 0x00 Val: 0x00400818
[inst #479] lw x7,8(x8)
Register Write to Reg: 0x07 Val: 0x00000001
[inst #480] addi x0,x0,0
Register Write to Reg: 0x00 Val: 0x00000000
[inst #481] addi x0,x0,0
Register Write to Reg: 0x00 Val: 0x00000000
[inst #482] addi x0,x0,0
Register Write to Reg: 0x00 Val: 0x00000000
[inst #483] slli x7,x7,1
Register Write to Reg: 0x07 Val: 0x00000002
[inst #484] addi x0,x0,0
Register Write to Reg: 0x00 Val: 0x00000000
[inst #485] addi x0,x0,0
Register Write to Reg: 0x00 Val: 0x00000000
[inst #486] addi x0,x0,0
Register Write to Reg: 0x00 Val: 0x00000000
[inst #487] sw x7,8(x8)
Memory Write to Addr: 0x10010F70 Val: 0x00000002
[inst #488] lw x7,12(x8)
Register Write to Reg: 0x07 Val: 0x00000000
[inst #489] addi x0,x0,0
Register Write to Reg: 0x00 Val: 0x00000000
[inst #490] addi x0,x0,0
Register Write to Reg: 0x00 Val: 0x00000000
[inst #491] addi x0,x0,0
Register Write to Reg: 0x00 Val: 0x00000000
[inst #492] addi x7,x7,1
Register Write to Reg: 0x07 Val: 0x00000001
[inst #493] addi x0,x0,0
Register Write to Reg: 0x00 Val: 0x00000000
[inst #494] addi x0,x0,0
Register Write to Reg: 0x00 Val: 0x00000000
[inst #495] addi x0,x0,0
Register Write to Reg: 0x00 Val: 0x00000000
[inst #496] sw x7,12(x8)
Memory Write to Addr: 0x10010F74 Val: 0x00000001
[inst #497] lw x28,12(x8)
Register Write to Reg: 0x1C Val: 0x00000001
[inst #498] lw x7,36(x8)
Register Write to Reg: 0x07 Val: 0x00000001
[inst #499] addi x0,x0,0
Register Write to Reg: 0x00 Val: 0x00000000
[inst #500] addi x0,x0,0
Register Write to Reg: 0x00 Val: 0x00000000
[inst #501] addi x0,x0,0
Register Write to Reg: 0x00 Val: 0x00000000
[inst #502] slt x7,x28,x7
Register Write to Reg: 0x07 Val: 0x00000000
[inst #503] addi x0,x0,0
Register Write to Reg: 0x00 Val: 0x00000000
[inst #504] addi x0,x0,0
Register Write to Reg: 0x00 Val: 0x00000000
[inst #505] addi x0,x0,0
Register Write to Reg: 0x00 Val: 0x00000000
[inst #506] beq x7,x0,24
[inst #507] lw x28,8(x8)
Register Write to Reg: 0x1C Val: 0x00000002
[inst #508] lw x7,16(x8)
Register Write to Reg: 0x07 Val: 0x00000006
[inst #509] addi x0,x0,0
Register Write to Reg: 0x00 Val: 0x00000000
[inst #510] addi x0,x0,0
Register Write to Reg: 0x00 Val: 0x00000000
[inst #511] addi x0,x0,0
Register Write to Reg: 0x00 Val: 0x00000000
[inst #512] and x7,x28,x7
Register Write to Reg: 0x07 Val: 0x00000002
[inst #513] addi x0,x0,0
Register Write to Reg: 0x00 Val: 0x00000000
[inst #514] addi x0,x0,0
Register Write to Reg: 0x00 Val: 0x00000000
[inst #515] addi x0,x0,0
Register Write to Reg: 0x00 Val: 0x00000000
[inst #516] slt x7,x0,x7
Register Write to Reg: 0x07 Val: 0x00000001
[inst #517] addi x0,x0,0
Register Write to Reg: 0x00 Val: 0x00000000
[inst #518] addi x0,x0,0
Register Write to Reg: 0x00 Val: 0x00000000
[inst #519] addi x0,x0,0
Register Write to Reg: 0x00 Val: 0x00000000
[inst #520] andi x7,x7,255
Register Write to Reg: 0x07 Val: 0x00000001
[inst #521] add x2,x0,x8
Register Write to Reg: 0x02 Val: 0x10010F68
[inst #522] addi x0,x0,0
Register Write to Reg: 0x00 Val: 0x00000000
[inst #523] addi x0,x0,0
Register Write to Reg: 0x00 Val: 0x00000000
[inst #524] addi x0,x0,0
Register Write to Reg: 0x00 Val: 0x00000000
[inst #525] lw x8,28(x2)
Register Write to Reg: 0x08 Val: 0x10010F88
[inst #526] addi x2,x2,32
Register Write to Reg: 0x02 Val: 0x10010F88
[inst #527] jalr x0,x1,0
Register Write to Reg: 0x00 Val: 0x00400874
[inst #528] beq x7,x0,80
[inst #529] addi x0,x0,0
Register Write to Reg: 0x00 Val: 0x00000000
[inst #530] addi x0,x0,0
Register Write to Reg: 0x00 Val: 0x00000000
[inst #531] lw x7,32(x8)
Register Write to Reg: 0x07 Val: 0x10010FC4
[inst #532] addi x0,x0,0
Register Write to Reg: 0x00 Val: 0x00000000
[inst #533] addi x0,x0,0
Register Write to Reg: 0x00 Val: 0x00000000
[inst #534] addi x0,x0,0
Register Write to Reg: 0x00 Val: 0x00000000
[inst #535] lw x7,4(x7)
Register Write to Reg: 0x07 Val: 0x00000001
[inst #536] addi x0,x0,0
Register Write to Reg: 0x00 Val: 0x00000000
[inst #537] addi x0,x0,0
Register Write to Reg: 0x00 Val: 0x00000000
[inst #538] addi x0,x0,0
Register Write to Reg: 0x00 Val: 0x00000000
[inst #539] addi x29,x7,1
Register Write to Reg: 0x1D Val: 0x00000002
[inst #540] lw x28,32(x8)
Register Write to Reg: 0x1C Val: 0x10010FC4
[inst #541] addi x0,x0,0
Register Write to Reg: 0x00 Val: 0x00000000
[inst #542] addi x0,x0,0
Register Write to Reg: 0x00 Val: 0x00000000
[inst #543] addi x0,x0,0
Register Write to Reg: 0x00 Val: 0x00000000
[inst #544] sw x29,4(x28)
Memory Write to Addr: 0x10010FC8 Val: 0x00000002
[inst #545] jal x0,144
Register Write to Reg: 0x00 Val: 0x00400638
[inst #546] add x2,x0,x8
Register Write to Reg: 0x02 Val: 0x10010F88
[inst #547] addi x0,x0,0
Register Write to Reg: 0x00 Val: 0x00000000
[inst #548] addi x0,x0,0
Register Write to Reg: 0x00 Val: 0x00000000
[inst #549] addi x0,x0,0
Register Write to Reg: 0x00 Val: 0x00000000
[inst #550] lw x1,28(x2)
Register Write to Reg: 0x01 Val: 0x004004C0
[inst #551] lw x8,24(x2)
Register Write to Reg: 0x08 Val: 0x10010FA8
[inst #552] addi x2,x2,32
Register Write to Reg: 0x02 Val: 0x10010FA8
[inst #553] addi x0,x0,0
Register Write to Reg: 0x00 Val: 0x00000000
[inst #554] jalr x0,x1,0
Register Write to Reg: 0x00 Val: 0x004006E8
[inst #555] sw x7,24(x8)
Memory Write to Addr: 0x10010FC0 Val: 0x00000001
[inst #556] jal x0,-552
Register Write to Reg: 0x00 Val: 0x004004C8
[inst #557] lw x28,24(x8)
Register Write to Reg: 0x1C Val: 0x00000001
[inst #558] addi x7,x0,-1
Register Write to Reg: 0x07 Val: 0xFFFFFFFF
[inst #559] addi x0,x0,0
Register Write to Reg: 0x00 Val: 0x00000000
[inst #560] addi x0,x0,0
Register Write to Reg: 0x00 Val: 0x00000000
[inst #561] addi x0,x0,0
Register Write to Reg: 0x00 Val: 0x00000000
[inst #562] beq x28,x7,24
[inst #563] addi x0,x0,0
Register Write to Reg: 0x00 Val: 0x00000000
[inst #564] addi x0,x0,0
Register Write to Reg: 0x00 Val: 0x00000000
[inst #565] jal x0,-204
Register Write to Reg: 0x00 Val: 0x004002C0
[inst #566] lw x29,24(x8)
Register Write to Reg: 0x1D Val: 0x00000001
[inst #567] lui x1,1024
Register Write to Reg: 0x01 Val: 0x00400000
[inst #568] addi x0,x0,0
Register Write to Reg: 0x00 Val: 0x00000000
[inst #569] addi x0,x0,0
Register Write to Reg: 0x00 Val: 0x00000000
[inst #570] addi x0,x0,0
Register Write to Reg: 0x00 Val: 0x00000000
[inst #571] addi x1,x1,532
Register Write to Reg: 0x01 Val: 0x00400214
[inst #572] jal x0,1992
Register Write to Reg: 0x00 Val: 0x0040020C
[inst #573] addi x2,x2,-32
Register Write to Reg: 0x02 Val: 0x10010F88
[inst #574] addi x0,x0,0
Register Write to Reg: 0x00 Val: 0x00000000
[inst #575] addi x0,x0,0
Register Write to Reg: 0x00 Val: 0x00000000
[inst #576] addi x0,x0,0
Register Write to Reg: 0x00 Val: 0x00000000
[inst #577] sw x8,28(x2)
Memory Write to Addr: 0x10010FA4 Val: 0x10010FA8
[inst #578] add x8,x0,x2
Register Write to Reg: 0x08 Val: 0x10010F88
[inst #579] addi x0,x0,0
Register Write to Reg: 0x00 Val: 0x00000000
[inst #580] addi x0,x0,0
Register Write to Reg: 0x00 Val: 0x00000000
[inst #581] addi x0,x0,0
Register Write to Reg: 0x00 Val: 0x00000000
[inst #582] sw x29,32(x8)
Memory Write to Addr: 0x10010FA8 Val: 0x00000001
[inst #583] ori x7,x0,1
Register Write to Reg: 0x07 Val: 0x00000001
[inst #584] addi x0,x0,0
Register Write to Reg: 0x00 Val: 0x00000000
[inst #585] addi x0,x0,0
Register Write to Reg: 0x00 Val: 0x00000000
[inst #586] addi x0,x0,0
Register Write to Reg: 0x00 Val: 0x00000000
[inst #587] sw x7,8(x8)
Memory Write to Addr: 0x10010F90 Val: 0x00000001
[inst #588] sw x0,12(x8)
Memory Write to Addr: 0x10010F94 Val: 0x00000000
[inst #589] jal x0,84
Register Write to Reg: 0x00 Val: 0x00400A14
[inst #590] lw x28,12(x8)
Register Write to Reg: 0x1C Val: 0x00000000
[inst #591] lw x7,32(x8)
Register Write to Reg: 0x07 Val: 0x00000001
[inst #592] addi x0,x0,0
Register Write to Reg: 0x00 Val: 0x00000000
[inst #593] addi x0,x0,0
Register Write to Reg: 0x00 Val: 0x00000000
[inst #594] addi x0,x0,0
Register Write to Reg: 0x00 Val: 0x00000000
[inst #595] slt x7,x28,x7
Register Write to Reg: 0x07 Val: 0x00000001
[inst #596] addi x0,x0,0
Register Write to Reg: 0x00 Val: 0x00000000
[inst #597] addi x0,x0,0
Register Write to Reg: 0x00 Val: 0x00000000
[inst #598] addi x0,x0,0
Register Write to Reg: 0x00 Val: 0x00000000
[inst #599] beq x7,x0,24
[inst #600] addi x0,x0,0
Register Write to Reg: 0x00 Val: 0x00000000
[inst #601] addi x0,x0,0
Register Write to Reg: 0x00 Val: 0x00000000
[inst #602] jal x0,-120
Register Write to Reg: 0x00 Val: 0x00400A98
[inst #603] lw x7,8(x8)
Register Write to Reg: 0x07 Val: 0x00000001
[inst #604] addi x0,x0,0
Register Write to Reg: 0x00 Val: 0x00000000
[inst #605] addi x0,x0,0
Register Write to Reg: 0x00 Val: 0x00000000
[inst #606] addi x0,x0,0
Register Write to Reg: 0x00 Val: 0x00000000
[inst #607] slli x7,x7,8
Register Write to Reg: 0x07 Val: 0x00000100
[inst #608] addi x0,x0,0
Register Write to Reg: 0x00 Val: 0x00000000
[inst #609] addi x0,x0,0
Register Write to Reg: 0x00 Val: 0x00000000
[inst #610] addi x0,x0,0
Register Write to Reg: 0x00 Val: 0x00000000
[inst #611] sw x7,8(x8)
Memory Write to Addr: 0x10010F90 Val: 0x00000100
[inst #612] lw x7,12(x8)
Register Write to Reg: 0x07 Val: 0x00000000
[inst #613] addi x0,x0,0
Register Write to Reg: 0x00 Val: 0x00000000
[inst #614] addi x0,x0,0
Register Write to Reg: 0x00 Val: 0x00000000
[inst #615] addi x0,x0,0
Register Write to Reg: 0x00 Val: 0x00000000
[inst #616] addi x7,x7,1
Register Write to Reg: 0x07 Val: 0x00000001
[inst #617] addi x0,x0,0
Register Write to Reg: 0x00 Val: 0x00000000
[inst #618] addi x0,x0,0
Register Write to Reg: 0x00 Val: 0x00000000
[inst #619] addi x0,x0,0
Register Write to Reg: 0x00 Val: 0x00000000
[inst #620] sw x7,12(x8)
Memory Write to Addr: 0x10010F94 Val: 0x00000001
[inst #621] lw x28,12(x8)
Register Write to Reg: 0x1C Val: 0x00000001
[inst #622] lw x7,32(x8)
Register Write to Reg: 0x07 Val: 0x00000001
[inst #623] addi x0,x0,0
Register Write to Reg: 0x00 Val: 0x00000000
[inst #624] addi x0,x0,0
Register Write to Reg: 0x00 Val: 0x00000000
[inst #625] addi x0,x0,0
Register Write to Reg: 0x00 Val: 0x00000000
[inst #626] slt x7,x28,x7
Register Write to Reg: 0x07 Val: 0x00000000
[inst #627] addi x0,x0,0
Register Write to Reg: 0x00 Val: 0x00000000
[inst #628] addi x0,x0,0
Register Write to Reg: 0x00 Val: 0x00000000
[inst #629] addi x0,x0,0
Register Write to Reg: 0x00 Val: 0x00000000
[inst #630] beq x7,x0,24
[inst #631] lui x7,65552
Register Write to Reg: 0x07 Val: 0x10010000
[inst #632] addi x0,x0,0
Register Write to Reg: 0x00 Val: 0x00000000
[inst #633] addi x0,x0,0
Register Write to Reg: 0x00 Val: 0x00000000
[inst #634] addi x0,x0,0
Register Write to Reg: 0x00 Val: 0x00000000
[inst #635] addi x7,x7,36
Register Write to Reg: 0x07 Val: 0x10010024
[inst #636] addi x0,x0,0
Register Write to Reg: 0x00 Val: 0x00000000
[inst #637] addi x0,x0,0
Register Write to Reg: 0x00 Val: 0x00000000
[inst #638] addi x0,x0,0
Register Write to Reg: 0x00 Val: 0x00000000
[inst #639] lw x7,0(x7)
Register Write to Reg: 0x07 Val: 0x00000001
[inst #640] addi x0,x0,0
Register Write to Reg: 0x00 Val: 0x00000000
[inst #641] addi x0,x0,0
Register Write to Reg: 0x00 Val: 0x00000000
[inst #642] addi x0,x0,0
Register Write to Reg: 0x00 Val: 0x00000000
[inst #643] sw x7,16(x8)
Memory Write to Addr: 0x10010F98 Val: 0x00000001
[inst #644] lw x28,16(x8)
Register Write to Reg: 0x1C Val: 0x00000001
[inst #645] lw x7,8(x8)
Register Write to Reg: 0x07 Val: 0x00000100
[inst #646] addi x0,x0,0
Register Write to Reg: 0x00 Val: 0x00000000
[inst #647] addi x0,x0,0
Register Write to Reg: 0x00 Val: 0x00000000
[inst #648] addi x0,x0,0
Register Write to Reg: 0x00 Val: 0x00000000
[inst #649] and x7,x28,x7
Register Write to Reg: 0x07 Val: 0x00000000
[inst #650] addi x0,x0,0
Register Write to Reg: 0x00 Val: 0x00000000
[inst #651] addi x0,x0,0
Register Write to Reg: 0x00 Val: 0x00000000
[inst #652] addi x0,x0,0
Register Write to Reg: 0x00 Val: 0x00000000
[inst #653] slt x7,x0,x7
Register Write to Reg: 0x07 Val: 0x00000000
[inst #654] addi x0,x0,0
Register Write to Reg: 0x00 Val: 0x00000000
[inst #655] addi x0,x0,0
Register Write to Reg: 0x00 Val: 0x00000000
[inst #656] addi x0,x0,0
Register Write to Reg: 0x00 Val: 0x00000000
[inst #657] andi x7,x7,255
Register Write to Reg: 0x07 Val: 0x00000000
[inst #658] add x2,x0,x8
Register Write to Reg: 0x02 Val: 0x10010F88
[inst #659] addi x0,x0,0
Register Write to Reg: 0x00 Val: 0x00000000
[inst #660] addi x0,x0,0
Register Write to Reg: 0x00 Val: 0x00000000
[inst #661] addi x0,x0,0
Register Write to Reg: 0x00 Val: 0x00000000
[inst #662] lw x8,28(x2)
Register Write to Reg: 0x08 Val: 0x10010FA8
[inst #663] addi x2,x2,32
Register Write to Reg: 0x02 Val: 0x10010FA8
[inst #664] jalr x0,x1,0
Register Write to Reg: 0x00 Val: 0x00400B28
[inst #665] xori x7,x7,1
Register Write to Reg: 0x07 Val: 0x00000001
[inst #666] addi x0,x0,0
Register Write to Reg: 0x00 Val: 0x00000000
[inst #667] addi x0,x0,0
Register Write to Reg: 0x00 Val: 0x00000000
[inst #668] addi x0,x0,0
Register Write to Reg: 0x00 Val: 0x00000000
[inst #669] andi x7,x7,255
Register Write to Reg: 0x07 Val: 0x00000001
[inst #670] addi x0,x0,0
Register Write to Reg: 0x00 Val: 0x00000000
[inst #671] addi x0,x0,0
Register Write to Reg: 0x00 Val: 0x00000000
[inst #672] addi x0,x0,0
Register Write to Reg: 0x00 Val: 0x00000000
[inst #673] beq x7,x0,48
[inst #674] addi x0,x0,0
Register Write to Reg: 0x00 Val: 0x00000000
[inst #675] addi x0,x0,0
Register Write to Reg: 0x00 Val: 0x00000000
[inst #676] lw x29,24(x8)
Register Write to Reg: 0x1D Val: 0x00000001
[inst #677] lui x1,1024
Register Write to Reg: 0x01 Val: 0x00400000
[inst #678] addi x0,x0,0
Register Write to Reg: 0x00 Val: 0x00000000
[inst #679] addi x0,x0,0
Register Write to Reg: 0x00 Val: 0x00000000
[inst #680] addi x0,x0,0
Register Write to Reg: 0x00 Val: 0x00000000
[inst #681] addi x1,x1,612
Register Write to Reg: 0x01 Val: 0x00400264
[inst #682] jal x0,432
Register Write to Reg: 0x00 Val: 0x0040025C
[inst #683] addi x2,x2,-48
Register Write to Reg: 0x02 Val: 0x10010F78
[inst #684] addi x0,x0,0
Register Write to Reg: 0x00 Val: 0x00000000
[inst #685] addi x0,x0,0
Register Write to Reg: 0x00 Val: 0x00000000
[inst #686] addi x0,x0,0
Register Write to Reg: 0x00 Val: 0x00000000
[inst #687] sw x1,44(x2)
Memory Write to Addr: 0x10010FA4 Val: 0x00400264
[inst #688] sw x8,40(x2)
Memory Write to Addr: 0x10010FA0 Val: 0x10010FA8
[inst #689] add x8,x0,x2
Register Write to Reg: 0x08 Val: 0x10010F78
[inst #690] addi x0,x0,0
Register Write to Reg: 0x00 Val: 0x00000000
[inst #691] addi x0,x0,0
Register Write to Reg: 0x00 Val: 0x00000000
[inst #692] addi x0,x0,0
Register Write to Reg: 0x00 Val: 0x00000000
[inst #693] sw x29,48(x8)
Memory Write to Addr: 0x10010FA8 Val: 0x00000001
[inst #694] lw x29,48(x8)
Register Write to Reg: 0x1D Val: 0x00000001
[inst #695] lui x1,1024
Register Write to Reg: 0x01 Val: 0x00400000
[inst #696] addi x0,x0,0
Register Write to Reg: 0x00 Val: 0x00000000
[inst #697] addi x0,x0,0
Register Write to Reg: 0x00 Val: 0x00000000
[inst #698] addi x0,x0,0
Register Write to Reg: 0x00 Val: 0x00000000
[inst #699] addi x1,x1,1112
Register Write to Reg: 0x01 Val: 0x00400458
[inst #700] jal x0,1072
Register Write to Reg: 0x00 Val: 0x00400450
[inst #701] addi x2,x2,-32
Register Write to Reg: 0x02 Val: 0x10010F58
[inst #702] addi x0,x0,0
Register Write to Reg: 0x00 Val: 0x00000000
[inst #703] addi x0,x0,0
Register Write to Reg: 0x00 Val: 0x00000000
[inst #704] addi x0,x0,0
Register Write to Reg: 0x00 Val: 0x00000000
[inst #705] sw x8,28(x2)
Memory Write to Addr: 0x10010F74 Val: 0x10010F78
[inst #706] add x8,x0,x2
Register Write to Reg: 0x08 Val: 0x10010F58
[inst #707] addi x0,x0,0
Register Write to Reg: 0x00 Val: 0x00000000
[inst #708] addi x0,x0,0
Register Write to Reg: 0x00 Val: 0x00000000
[inst #709] addi x0,x0,0
Register Write to Reg: 0x00 Val: 0x00000000
[inst #710] sw x29,32(x8)
Memory Write to Addr: 0x10010F78 Val: 0x00000001
[inst #711] addi x7,x0,1
Register Write to Reg: 0x07 Val: 0x00000001
[inst #712] addi x0,x0,0
Register Write to Reg: 0x00 Val: 0x00000000
[inst #713] addi x0,x0,0
Register Write to Reg: 0x00 Val: 0x00000000
[inst #714] addi x0,x0,0
Register Write to Reg: 0x00 Val: 0x00000000
[inst #715] sw x7,8(x8)
Memory Write to Addr: 0x10010F60 Val: 0x00000001
[inst #716] sw x0,12(x8)
Memory Write to Addr: 0x10010F64 Val: 0x00000000
[inst #717] jal x0,84
Register Write to Reg: 0x00 Val: 0x004008C0
[inst #718] lw x28,12(x8)
Register Write to Reg: 0x1C Val: 0x00000000
[inst #719] lw x7,32(x8)
Register Write to Reg: 0x07 Val: 0x00000001
[inst #720] addi x0,x0,0
Register Write to Reg: 0x00 Val: 0x00000000
[inst #721] addi x0,x0,0
Register Write to Reg: 0x00 Val: 0x00000000
[inst #722] addi x0,x0,0
Register Write to Reg: 0x00 Val: 0x00000000
[inst #723] slt x7,x28,x7
Register Write to Reg: 0x07 Val: 0x00000001
[inst #724] addi x0,x0,0
Register Write to Reg: 0x00 Val: 0x00000000
[inst #725] addi x0,x0,0
Register Write to Reg: 0x00 Val: 0x00000000
[inst #726] addi x0,x0,0
Register Write to Reg: 0x00 Val: 0x00000000
[inst #727] beq x7,x0,24
[inst #728] addi x0,x0,0
Register Write to Reg: 0x00 Val: 0x00000000
[inst #729] addi x0,x0,0
Register Write to Reg: 0x00 Val: 0x00000000
[inst #730] jal x0,-120
Register Write to Reg: 0x00 Val: 0x00400944
[inst #731] lw x7,8(x8)
Register Write to Reg: 0x07 Val: 0x00000001
[inst #732] addi x0,x0,0
Register Write to Reg: 0x00 Val: 0x00000000
[inst #733] addi x0,x0,0
Register Write to Reg: 0x00 Val: 0x00000000
[inst #734] addi x0,x0,0
Register Write to Reg: 0x00 Val: 0x00000000
[inst #735] slli x7,x7,8
Register Write to Reg: 0x07 Val: 0x00000100
[inst #736] addi x0,x0,0
Register Write to Reg: 0x00 Val: 0x00000000
[inst #737] addi x0,x0,0
Register Write to Reg: 0x00 Val: 0x00000000
[inst #738] addi x0,x0,0
Register Write to Reg: 0x00 Val: 0x00000000
[inst #739] sw x7,8(x8)
Memory Write to Addr: 0x10010F60 Val: 0x00000100
[inst #740] lw x7,12(x8)
Register Write to Reg: 0x07 Val: 0x00000000
[inst #741] addi x0,x0,0
Register Write to Reg: 0x00 Val: 0x00000000
[inst #742] addi x0,x0,0
Register Write to Reg: 0x00 Val: 0x00000000
[inst #743] addi x0,x0,0
Register Write to Reg: 0x00 Val: 0x00000000
[inst #744] addi x7,x7,1
Register Write to Reg: 0x07 Val: 0x00000001
[inst #745] addi x0,x0,0
Register Write to Reg: 0x00 Val: 0x00000000
[inst #746] addi x0,x0,0
Register Write to Reg: 0x00 Val: 0x00000000
[inst #747] addi x0,x0,0
Register Write to Reg: 0x00 Val: 0x00000000
[inst #748] sw x7,12(x8)
Memory Write to Addr: 0x10010F64 Val: 0x00000001
[inst #749] lw x28,12(x8)
Register Write to Reg: 0x1C Val: 0x00000001
[inst #750] lw x7,32(x8)
Register Write to Reg: 0x07 Val: 0x00000001
[inst #751] addi x0,x0,0
Register Write to Reg: 0x00 Val: 0x00000000
[inst #752] addi x0,x0,0
Register Write to Reg: 0x00 Val: 0x00000000
[inst #753] addi x0,x0,0
Register Write to Reg: 0x00 Val: 0x00000000
[inst #754] slt x7,x28,x7
Register Write to Reg: 0x07 Val: 0x00000000
[inst #755] addi x0,x0,0
Register Write to Reg: 0x00 Val: 0x00000000
[inst #756] addi x0,x0,0
Register Write to Reg: 0x00 Val: 0x00000000
[inst #757] addi x0,x0,0
Register Write to Reg: 0x00 Val: 0x00000000
[inst #758] beq x7,x0,24
[inst #759] lui x7,65552
Register Write to Reg: 0x07 Val: 0x10010000
[inst #760] addi x0,x0,0
Register Write to Reg: 0x00 Val: 0x00000000
[inst #761] addi x0,x0,0
Register Write to Reg: 0x00 Val: 0x00000000
[inst #762] addi x0,x0,0
Register Write to Reg: 0x00 Val: 0x00000000
[inst #763] addi x7,x7,36
Register Write to Reg: 0x07 Val: 0x10010024
[inst #764] addi x0,x0,0
Register Write to Reg: 0x00 Val: 0x00000000
[inst #765] addi x0,x0,0
Register Write to Reg: 0x00 Val: 0x00000000
[inst #766] addi x0,x0,0
Register Write to Reg: 0x00 Val: 0x00000000
[inst #767] sw x7,16(x8)
Memory Write to Addr: 0x10010F68 Val: 0x10010024
[inst #768] lw x7,16(x8)
Register Write to Reg: 0x07 Val: 0x10010024
[inst #769] addi x0,x0,0
Register Write to Reg: 0x00 Val: 0x00000000
[inst #770] addi x0,x0,0
Register Write to Reg: 0x00 Val: 0x00000000
[inst #771] addi x0,x0,0
Register Write to Reg: 0x00 Val: 0x00000000
[inst #772] lw x28,0(x7)
Register Write to Reg: 0x1C Val: 0x00000001
[inst #773] lw x7,8(x8)
Register Write to Reg: 0x07 Val: 0x00000100
[inst #774] addi x0,x0,0
Register Write to Reg: 0x00 Val: 0x00000000
[inst #775] addi x0,x0,0
Register Write to Reg: 0x00 Val: 0x00000000
[inst #776] addi x0,x0,0
Register Write to Reg: 0x00 Val: 0x00000000
[inst #777] or x28,x28,x7
Register Write to Reg: 0x1C Val: 0x00000101
[inst #778] lw x7,16(x8)
Register Write to Reg: 0x07 Val: 0x10010024
[inst #779] addi x0,x0,0
Register Write to Reg: 0x00 Val: 0x00000000
[inst #780] addi x0,x0,0
Register Write to Reg: 0x00 Val: 0x00000000
[inst #781] addi x0,x0,0
Register Write to Reg: 0x00 Val: 0x00000000
[inst #782] sw x28,0(x7)
Memory Write to Addr: 0x10010024 Val: 0x00000101
[inst #783] add x2,x0,x8
Register Write to Reg: 0x02 Val: 0x10010F58
[inst #784] addi x0,x0,0
Register Write to Reg: 0x00 Val: 0x00000000
[inst #785] addi x0,x0,0
Register Write to Reg: 0x00 Val: 0x00000000
[inst #786] addi x0,x0,0
Register Write to Reg: 0x00 Val: 0x00000000
[inst #787] lw x8,28(x2)
Register Write to Reg: 0x08 Val: 0x10010F78
[inst #788] addi x2,x2,32
Register Write to Reg: 0x02 Val: 0x10010F78
[inst #789] jalr x0,x1,0
Register Write to Reg: 0x00 Val: 0x004009C8
[inst #790] addi x7,x8,28
Register Write to Reg: 0x07 Val: 0x10010F94
[inst #791] lw x30,48(x8)
Register Write to Reg: 0x1E Val: 0x00000001
[inst #792] addi x0,x0,0
Register Write to Reg: 0x00 Val: 0x00000000
[inst #793] addi x0,x0,0
Register Write to Reg: 0x00 Val: 0x00000000
[inst #794] add x29,x0,x7
Register Write to Reg: 0x1D Val: 0x10010F94
[inst #795] lui x1,1024
Register Write to Reg: 0x01 Val: 0x00400000
[inst #796] addi x0,x0,0
Register Write to Reg: 0x00 Val: 0x00000000
[inst #797] addi x0,x0,0
Register Write to Reg: 0x00 Val: 0x00000000
[inst #798] addi x0,x0,0
Register Write to Reg: 0x00 Val: 0x00000000
[inst #799] addi x1,x1,1164
Register Write to Reg: 0x01 Val: 0x0040048C
[inst #800] jal x0,80
Register Write to Reg: 0x00 Val: 0x00400484
[inst #801] addi x2,x2,-24
Register Write to Reg: 0x02 Val: 0x10010F60
[inst #802] addi x0,x0,0
Register Write to Reg: 0x00 Val: 0x00000000
[inst #803] addi x0,x0,0
Register Write to Reg: 0x00 Val: 0x00000000
[inst #804] addi x0,x0,0
Register Write to Reg: 0x00 Val: 0x00000000
[inst #805] sw x8,20(x2)
Memory Write to Addr: 0x10010F74 Val: 0x10010F78
[inst #806] add x8,x0,x2
Register Write to Reg: 0x08 Val: 0x10010F60
[inst #807] addi x0,x0,0
Register Write to Reg: 0x00 Val: 0x00000000
[inst #808] addi x0,x0,0
Register Write to Reg: 0x00 Val: 0x00000000
[inst #809] addi x0,x0,0
Register Write to Reg: 0x00 Val: 0x00000000
[inst #810] sub x31,x8,x2
Register Write to Reg: 0x1F Val: 0x00000000
[inst #811] sw x29,24(x8)
Memory Write to Addr: 0x10010F78 Val: 0x10010F94
[inst #812] sw x30,28(x8)
Memory Write to Addr: 0x10010F7C Val: 0x00000001
[inst #813] lw x7,28(x8)
Register Write to Reg: 0x07 Val: 0x00000001
[inst #814] addi x0,x0,0
Register Write to Reg: 0x00 Val: 0x00000000
[inst #815] addi x0,x0,0
Register Write to Reg: 0x00 Val: 0x00000000
[inst #816] addi x0,x0,0
Register Write to Reg: 0x00 Val: 0x00000000
[inst #817] sw x7,8(x8)
Memory Write to Addr: 0x10010F68 Val: 0x00000001
[inst #818] sw x0,12(x8)
Memory Write to Addr: 0x10010F6C Val: 0x00000000
[inst #819] lw x7,24(x8)
Register Write to Reg: 0x07 Val: 0x10010F94
[inst #820] lw x29,8(x8)
Register Write to Reg: 0x1D Val: 0x00000001
[inst #821] lw x28,12(x8)
Register Write to Reg: 0x1C Val: 0x00000000
[inst #822] addi x0,x0,0
Register Write to Reg: 0x00 Val: 0x00000000
[inst #823] addi x0,x0,0
Register Write to Reg: 0x00 Val: 0x00000000
[inst #824] sw x29,0(x7)
Memory Write to Addr: 0x10010F94 Val: 0x00000001
[inst #825] sw x28,4(x7)
Memory Write to Addr: 0x10010F98 Val: 0x00000000
[inst #826] lw x7,24(x8)
Register Write to Reg: 0x07 Val: 0x10010F94
[inst #827] add x2,x0,x8
Register Write to Reg: 0x02 Val: 0x10010F60
[inst #828] addi x0,x0,0
Register Write to Reg: 0x00 Val: 0x00000000
[inst #829] addi x0,x0,0
Register Write to Reg: 0x00 Val: 0x00000000
[inst #830] addi x0,x0,0
Register Write to Reg: 0x00 Val: 0x00000000
[inst #831] lw x8,20(x2)
Register Write to Reg: 0x08 Val: 0x10010F78
[inst #832] addi x2,x2,24
Register Write to Reg: 0x02 Val: 0x10010F78
[inst #833] jalr x0,x1,0
Register Write to Reg: 0x00 Val: 0x00400554
[inst #834] addi x7,x8,28
Register Write to Reg: 0x07 Val: 0x10010F94
[inst #835] addi x0,x0,0
Register Write to Reg: 0x00 Val: 0x00000000
[inst #836] addi x0,x0,0
Register Write to Reg: 0x00 Val: 0x00000000
[inst #837] addi x0,x0,0
Register Write to Reg: 0x00 Val: 0x00000000
[inst #838] add x29,x0,x7
Register Write to Reg: 0x1D Val: 0x10010F94
[inst #839] lui x1,1024
Register Write to Reg: 0x01 Val: 0x00400000
[inst #840] addi x0,x0,0
Register Write to Reg: 0x00 Val: 0x00000000
[inst #841] addi x0,x0,0
Register Write to Reg: 0x00 Val: 0x00000000
[inst #842] addi x0,x0,0
Register Write to Reg: 0x00 Val: 0x00000000
[inst #843] addi x1,x1,1216
Register Write to Reg: 0x01 Val: 0x004004C0
[inst #844] jal x0,168
Register Write to Reg: 0x00 Val: 0x004004B8
[inst #845] addi x2,x2,-32
Register Write to Reg: 0x02 Val: 0x10010F58
[inst #846] addi x0,x0,0
Register Write to Reg: 0x00 Val: 0x00000000
[inst #847] addi x0,x0,0
Register Write to Reg: 0x00 Val: 0x00000000
[inst #848] addi x0,x0,0
Register Write to Reg: 0x00 Val: 0x00000000
[inst #849] sw x1,28(x2)
Memory Write to Addr: 0x10010F74 Val: 0x004004C0
[inst #850] sw x8,24(x2)
Memory Write to Addr: 0x10010F70 Val: 0x10010F78
[inst #851] add x8,x0,x2
Register Write to Reg: 0x08 Val: 0x10010F58
[inst #852] addi x0,x0,0
Register Write to Reg: 0x00 Val: 0x00000000
[inst #853] addi x0,x0,0
Register Write to Reg: 0x00 Val: 0x00000000
[inst #854] addi x0,x0,0
Register Write to Reg: 0x00 Val: 0x00000000
[inst #855] sw x29,32(x8)
Memory Write to Addr: 0x10010F78 Val: 0x10010F94
[inst #856] jal x0,240
Register Write to Reg: 0x00 Val: 0x0040058C
[inst #857] lw x7,32(x8)
Register Write to Reg: 0x07 Val: 0x10010F94
[inst #858] addi x0,x0,0
Register Write to Reg: 0x00 Val: 0x00000000
[inst #859] addi x0,x0,0
Register Write to Reg: 0x00 Val: 0x00000000
[inst #860] addi x0,x0,0
Register Write to Reg: 0x00 Val: 0x00000000
[inst #861] lw x7,4(x7)
Register Write to Reg: 0x07 Val: 0x00000000
[inst #862] addi x0,x0,0
Register Write to Reg: 0x00 Val: 0x00000000
[inst #863] addi x0,x0,0
Register Write to Reg: 0x00 Val: 0x00000000
[inst #864] addi x0,x0,0
Register Write to Reg: 0x00 Val: 0x00000000
[inst #865] slti x7,x7,4
Register Write to Reg: 0x07 Val: 0x00000001
[inst #866] addi x0,x0,0
Register Write to Reg: 0x00 Val: 0x00000000
[inst #867] addi x0,x0,0
Register Write to Reg: 0x00 Val: 0x00000000
[inst #868] addi x0,x0,0
Register Write to Reg: 0x00 Val: 0x00000000
[inst #869] beq x7,x0,24
[inst #870] addi x0,x0,0
Register Write to Reg: 0x00 Val: 0x00000000
[inst #871] addi x0,x0,0
Register Write to Reg: 0x00 Val: 0x00000000
[inst #872] jal x0,-288
Register Write to Reg: 0x00 Val: 0x004006B8
[inst #873] lw x7,32(x8)
Register Write to Reg: 0x07 Val: 0x10010F94
[inst #874] addi x0,x0,0
Register Write to Reg: 0x00 Val: 0x00000000
[inst #875] addi x0,x0,0
Register Write to Reg: 0x00 Val: 0x00000000
[inst #876] addi x0,x0,0
Register Write to Reg: 0x00 Val: 0x00000000
[inst #877] lw x28,0(x7)
Register Write to Reg: 0x1C Val: 0x00000001
[inst #878] lw x7,32(x8)
Register Write to Reg: 0x07 Val: 0x10010F94
[inst #879] addi x0,x0,0
Register Write to Reg: 0x00 Val: 0x00000000
[inst #880] addi x0,x0,0
Register Write to Reg: 0x00 Val: 0x00000000
[inst #881] addi x0,x0,0
Register Write to Reg: 0x00 Val: 0x00000000
[inst #882] lw x7,4(x7)
Register Write to Reg: 0x07 Val: 0x00000000
[inst #883] addi x0,x0,0
Register Write to Reg: 0x00 Val: 0x00000000
[inst #884] addi x0,x0,0
Register Write to Reg: 0x00 Val: 0x00000000
[inst #885] addi x0,x0,0
Register Write to Reg: 0x00 Val: 0x00000000
[inst #886] add x30,x0,x7
Register Write to Reg: 0x1E Val: 0x00000000
[inst #887] add x29,x0,x28
Register Write to Reg: 0x1D Val: 0x00000001
[inst #888] lui x1,1024
Register Write to Reg: 0x01 Val: 0x00400000
[inst #889] addi x0,x0,0
Register Write to Reg: 0x00 Val: 0x00000000
[inst #890] addi x0,x0,0
Register Write to Reg: 0x00 Val: 0x00000000
[inst #891] addi x0,x0,0
Register Write to Reg: 0x00 Val: 0x00000000
[inst #892] addi x1,x1,1520
Register Write to Reg: 0x01 Val: 0x004005F0
[inst #893] jal x0,272
Register Write to Reg: 0x00 Val: 0x004005E8
[inst #894] addi x2,x2,-32
Register Write to Reg: 0x02 Val: 0x10010F38
[inst #895] addi x0,x0,0
Register Write to Reg: 0x00 Val: 0x00000000
[inst #896] addi x0,x0,0
Register Write to Reg: 0x00 Val: 0x00000000
[inst #897] addi x0,x0,0
Register Write to Reg: 0x00 Val: 0x00000000
[inst #898] sw x8,28(x2)
Memory Write to Addr: 0x10010F54 Val: 0x10010F58
[inst #899] add x8,x0,x2
Register Write to Reg: 0x08 Val: 0x10010F38
[inst #900] addi x0,x0,0
Register Write to Reg: 0x00 Val: 0x00000000
[inst #901] addi x0,x0,0
Register Write to Reg: 0x00 Val: 0x00000000
[inst #902] addi x0,x0,0
Register Write to Reg: 0x00 Val: 0x00000000
[inst #903] sw x29,32(x8)
Memory Write to Addr: 0x10010F58 Val: 0x00000001
[inst #904] sw x30,36(x8)
Memory Write to Addr: 0x10010F5C Val: 0x00000000
[inst #905] lui x7,65552
Register Write to Reg: 0x07 Val: 0x10010000
[inst #906] addi x0,x0,0
Register Write to Reg: 0x00 Val: 0x00000000
[inst #907] addi x0,x0,0
Register Write to Reg: 0x00 Val: 0x00000000
[inst #908] addi x0,x0,0
Register Write to Reg: 0x00 Val: 0x00000000
[inst #909] addi x7,x7,20
Register Write to Reg: 0x07 Val: 0x10010014
[inst #910] lw x28,32(x8)
Register Write to Reg: 0x1C Val: 0x00000001
[inst #911] addi x0,x0,0
Register Write to Reg: 0x00 Val: 0x00000000
[inst #912] addi x0,x0,0
Register Write to Reg: 0x00 Val: 0x00000000
[inst #913] addi x0,x0,0
Register Write to Reg: 0x00 Val: 0x00000000
[inst #914] slli x28,x28,2
Register Write to Reg: 0x1C Val: 0x00000004
[inst #915] addi x0,x0,0
Register Write to Reg: 0x00 Val: 0x00000000
[inst #916] addi x0,x0,0
Register Write to Reg: 0x00 Val: 0x00000000
[inst #917] addi x0,x0,0
Register Write to Reg: 0x00 Val: 0x00000000
[inst #918] add x7,x28,x7
Register Write to Reg: 0x07 Val: 0x10010018
[inst #919] addi x0,x0,0
Register Write to Reg: 0x00 Val: 0x00000000
[inst #920] addi x0,x0,0
Register Write to Reg: 0x00 Val: 0x00000000
[inst #921] addi x0,x0,0
Register Write to Reg: 0x00 Val: 0x00000000
[inst #922] lw x7,0(x7)
Register Write to Reg: 0x07 Val: 0x00000000
[inst #923] addi x0,x0,0
Register Write to Reg: 0x00 Val: 0x00000000
[inst #924] addi x0,x0,0
Register Write to Reg: 0x00 Val: 0x00000000
[inst #925] addi x0,x0,0
Register Write to Reg: 0x00 Val: 0x00000000
[inst #926] sw x7,16(x8)
Memory Write to Addr: 0x10010F48 Val: 0x00000000
[inst #927] addi x7,x0,1
Register Write to Reg: 0x07 Val: 0x00000001
[inst #928] addi x0,x0,0
Register Write to Reg: 0x00 Val: 0x00000000
[inst #929] addi x0,x0,0
Register Write to Reg: 0x00 Val: 0x00000000
[inst #930] addi x0,x0,0
Register Write to Reg: 0x00 Val: 0x00000000
[inst #931] sw x7,8(x8)
Memory Write to Addr: 0x10010F40 Val: 0x00000001
[inst #932] sw x0,12(x8)
Memory Write to Addr: 0x10010F44 Val: 0x00000000
[inst #933] jal x0,84
Register Write to Reg: 0x00 Val: 0x00400794
[inst #934] lw x28,12(x8)
Register Write to Reg: 0x1C Val: 0x00000000
[inst #935] lw x7,36(x8)
Register Write to Reg: 0x07 Val: 0x00000000
[inst #936] addi x0,x0,0
Register Write to Reg: 0x00 Val: 0x00000000
[inst #937] addi x0,x0,0
Register Write to Reg: 0x00 Val: 0x00000000
[inst #938] addi x0,x0,0
Register Write to Reg: 0x00 Val: 0x00000000
[inst #939] slt x7,x28,x7
Register Write to Reg: 0x07 Val: 0x00000000
[inst #940] addi x0,x0,0
Register Write to Reg: 0x00 Val: 0x00000000
[inst #941] addi x0,x0,0
Register Write to Reg: 0x00 Val: 0x00000000
[inst #942] addi x0,x0,0
Register Write to Reg: 0x00 Val: 0x00000000
[inst #943] beq x7,x0,24
[inst #944] lw x28,8(x8)
Register Write to Reg: 0x1C Val: 0x00000001
[inst #945] lw x7,16(x8)
Register Write to Reg: 0x07 Val: 0x00000000
[inst #946] addi x0,x0,0
Register Write to Reg: 0x00 Val: 0x00000000
[inst #947] addi x0,x0,0
Register Write to Reg: 0x00 Val: 0x00000000
[inst #948] addi x0,x0,0
Register Write to Reg: 0x00 Val: 0x00000000
[inst #949] and x7,x28,x7
Register Write to Reg: 0x07 Val: 0x00000000
[inst #950] addi x0,x0,0
Register Write to Reg: 0x00 Val: 0x00000000
[inst #951] addi x0,x0,0
Register Write to Reg: 0x00 Val: 0x00000000
[inst #952] addi x0,x0,0
Register Write to Reg: 0x00 Val: 0x00000000
[inst #953] slt x7,x0,x7
Register Write to Reg: 0x07 Val: 0x00000000
[inst #954] addi x0,x0,0
Register Write to Reg: 0x00 Val: 0x00000000
[inst #955] addi x0,x0,0
Register Write to Reg: 0x00 Val: 0x00000000
[inst #956] addi x0,x0,0
Register Write to Reg: 0x00 Val: 0x00000000
[inst #957] andi x7,x7,255
Register Write to Reg: 0x07 Val: 0x00000000
[inst #958] add x2,x0,x8
Register Write to Reg: 0x02 Val: 0x10010F38
[inst #959] addi x0,x0,0
Register Write to Reg: 0x00 Val: 0x00000000
[inst #960] addi x0,x0,0
Register Write to Reg: 0x00 Val: 0x00000000
[inst #961] addi x0,x0,0
Register Write to Reg: 0x00 Val: 0x00000000
[inst #962] lw x8,28(x2)
Register Write to Reg: 0x08 Val: 0x10010F58
[inst #963] addi x2,x2,32
Register Write to Reg: 0x02 Val: 0x10010F58
[inst #964] jalr x0,x1,0
Register Write to Reg: 0x00 Val: 0x00400874
[inst #965] beq x7,x0,80
[inst #966] lw x7,32(x8)
Register Write to Reg: 0x07 Val: 0x10010F94
[inst #967] addi x0,x0,0
Register Write to Reg: 0x00 Val: 0x00000000
[inst #968] addi x0,x0,0
Register Write to Reg: 0x00 Val: 0x00000000
[inst #969] addi x0,x0,0
Register Write to Reg: 0x00 Val: 0x00000000
[inst #970] lw x7,4(x7)
Register Write to Reg: 0x07 Val: 0x00000000
[inst #971] addi x0,x0,0
Register Write to Reg: 0x00 Val: 0x00000000
[inst #972] addi x0,x0,0
Register Write to Reg: 0x00 Val: 0x00000000
[inst #973] addi x0,x0,0
Register Write to Reg: 0x00 Val: 0x00000000
[inst #974] addi x28,x7,1
Register Write to Reg: 0x1C Val: 0x00000001
[inst #975] lw x7,32(x8)
Register Write to Reg: 0x07 Val: 0x10010F94
[inst #976] addi x0,x0,0
Register Write to Reg: 0x00 Val: 0x00000000
[inst #977] addi x0,x0,0
Register Write to Reg: 0x00 Val: 0x00000000
[inst #978] addi x0,x0,0
Register Write to Reg: 0x00 Val: 0x00000000
[inst #979] sw x28,4(x7)
Memory Write to Addr: 0x10010F98 Val: 0x00000001
[inst #980] lw x7,32(x8)
Register Write to Reg: 0x07 Val: 0x10010F94
[inst #981] addi x0,x0,0
Register Write to Reg: 0x00 Val: 0x00000000
[inst #982] addi x0,x0,0
Register Write to Reg: 0x00 Val: 0x00000000
[inst #983] addi x0,x0,0
Register Write to Reg: 0x00 Val: 0x00000000
[inst #984] lw x7,4(x7)
Register Write to Reg: 0x07 Val: 0x00000001
[inst #985] addi x0,x0,0
Register Write to Reg: 0x00 Val: 0x00000000
[inst #986] addi x0,x0,0
Register Write to Reg: 0x00 Val: 0x00000000
[inst #987] addi x0,x0,0
Register Write to Reg: 0x00 Val: 0x00000000
[inst #988] slti x7,x7,4
Register Write to Reg: 0x07 Val: 0x00000001
[inst #989] addi x0,x0,0
Register Write to Reg: 0x00 Val: 0x00000000
[inst #990] addi x0,x0,0
Register Write to Reg: 0x00 Val: 0x00000000
[inst #991] addi x0,x0,0
Register Write to Reg: 0x00 Val: 0x00000000
[inst #992] beq x7,x0,24
[inst #993] addi x0,x0,0
Register Write to Reg: 0x00 Val: 0x00000000
[inst #994] addi x0,x0,0
Register Write to Reg: 0x00 Val: 0x00000000
[inst #995] jal x0,-288
Register Write to Reg: 0x00 Val: 0x004006B8
[inst #996] lw x7,32(x8)
Register Write to Reg: 0x07 Val: 0x10010F94
[inst #997] addi x0,x0,0
Register Write to Reg: 0x00 Val: 0x00000000
[inst #998] addi x0,x0,0
Register Write to Reg: 0x00 Val: 0x00000000
[inst #999] addi x0,x0,0
Register Write to Reg: 0x00 Val: 0x00000000
[inst #1000] lw x28,0(x7)
Register Write to Reg: 0x1C Val: 0x00000001
[inst #1001] lw x7,32(x8)
Register Write to Reg: 0x07 Val: 0x10010F94
[inst #1002] addi x0,x0,0
Register Write to Reg: 0x00 Val: 0x00000000
[inst #1003] addi x0,x0,0
Register Write to Reg: 0x00 Val: 0x00000000
[inst #1004] addi x0,x0,0
Register Write to Reg: 0x00 Val: 0x00000000
[inst #1005] lw x7,4(x7)
Register Write to Reg: 0x07 Val: 0x00000001
[inst #1006] addi x0,x0,0
Register Write to Reg: 0x00 Val: 0x00000000
[inst #1007] addi x0,x0,0
Register Write to Reg: 0x00 Val: 0x00000000
[inst #1008] addi x0,x0,0
Register Write to Reg: 0x00 Val: 0x00000000
[inst #1009] add x30,x0,x7
Register Write to Reg: 0x1E Val: 0x00000001
[inst #1010] add x29,x0,x28
Register Write to Reg: 0x1D Val: 0x00000001
[inst #1011] lui x1,1024
Register Write to Reg: 0x01 Val: 0x00400000
[inst #1012] addi x0,x0,0
Register Write to Reg: 0x00 Val: 0x00000000
[inst #1013] addi x0,x0,0
Register Write to Reg: 0x00 Val: 0x00000000
[inst #1014] addi x0,x0,0
Register Write to Reg: 0x00 Val: 0x00000000
[inst #1015] addi x1,x1,1520
Register Write to Reg: 0x01 Val: 0x004005F0
[inst #1016] jal x0,272
Register Write to Reg: 0x00 Val: 0x004005E8
[inst #1017] addi x2,x2,-32
Register Write to Reg: 0x02 Val: 0x10010F38
[inst #1018] addi x0,x0,0
Register Write to Reg: 0x00 Val: 0x00000000
[inst #1019] addi x0,x0,0
Register Write to Reg: 0x00 Val: 0x00000000
[inst #1020] addi x0,x0,0
Register Write to Reg: 0x00 Val: 0x00000000
[inst #1021] sw x8,28(x2)
Memory Write to Addr: 0x10010F54 Val: 0x10010F58
[inst #1022] add x8,x0,x2
Register Write to Reg: 0x08 Val: 0x10010F38
[inst #1023] addi x0,x0,0
Register Write to Reg: 0x00 Val: 0x00000000
[inst #1024] addi x0,x0,0
Register Write to Reg: 0x00 Val: 0x00000000
[inst #1025] addi x0,x0,0
Register Write to Reg: 0x00 Val: 0x00000000
[inst #1026] sw x29,32(x8)
Memory Write to Addr: 0x10010F58 Val: 0x00000001
[inst #1027] sw x30,36(x8)
Memory Write to Addr: 0x10010F5C Val: 0x00000001
[inst #1028] lui x7,65552
Register Write to Reg: 0x07 Val: 0x10010000
[inst #1029] addi x0,x0,0
Register Write to Reg: 0x00 Val: 0x00000000
[inst #1030] addi x0,x0,0
Register Write to Reg: 0x00 Val: 0x00000000
[inst #1031] addi x0,x0,0
Register Write to Reg: 0x00 Val: 0x00000000
[inst #1032] addi x7,x7,20
Register Write to Reg: 0x07 Val: 0x10010014
[inst #1033] lw x28,32(x8)
Register Write to Reg: 0x1C Val: 0x00000001
[inst #1034] addi x0,x0,0
Register Write to Reg: 0x00 Val: 0x00000000
[inst #1035] addi x0,x0,0
Register Write to Reg: 0x00 Val: 0x00000000
[inst #1036] addi x0,x0,0
Register Write to Reg: 0x00 Val: 0x00000000
[inst #1037] slli x28,x28,2
Register Write to Reg: 0x1C Val: 0x00000004
[inst #1038] addi x0,x0,0
Register Write to Reg: 0x00 Val: 0x00000000
[inst #1039] addi x0,x0,0
Register Write to Reg: 0x00 Val: 0x00000000
[inst #1040] addi x0,x0,0
Register Write to Reg: 0x00 Val: 0x00000000
[inst #1041] add x7,x28,x7
Register Write to Reg: 0x07 Val: 0x10010018
[inst #1042] addi x0,x0,0
Register Write to Reg: 0x00 Val: 0x00000000
[inst #1043] addi x0,x0,0
Register Write to Reg: 0x00 Val: 0x00000000
[inst #1044] addi x0,x0,0
Register Write to Reg: 0x00 Val: 0x00000000
[inst #1045] lw x7,0(x7)
Register Write to Reg: 0x07 Val: 0x00000000
[inst #1046] addi x0,x0,0
Register Write to Reg: 0x00 Val: 0x00000000
[inst #1047] addi x0,x0,0
Register Write to Reg: 0x00 Val: 0x00000000
[inst #1048] addi x0,x0,0
Register Write to Reg: 0x00 Val: 0x00000000
[inst #1049] sw x7,16(x8)
Memory Write to Addr: 0x10010F48 Val: 0x00000000
[inst #1050] addi x7,x0,1
Register Write to Reg: 0x07 Val: 0x00000001
[inst #1051] addi x0,x0,0
Register Write to Reg: 0x00 Val: 0x00000000
[inst #1052] addi x0,x0,0
Register Write to Reg: 0x00 Val: 0x00000000
[inst #1053] addi x0,x0,0
Register Write to Reg: 0x00 Val: 0x00000000
[inst #1054] sw x7,8(x8)
Memory Write to Addr: 0x10010F40 Val: 0x00000001
[inst #1055] sw x0,12(x8)
Memory Write to Addr: 0x10010F44 Val: 0x00000000
[inst #1056] jal x0,84
Register Write to Reg: 0x00 Val: 0x00400794
[inst #1057] lw x28,12(x8)
Register Write to Reg: 0x1C Val: 0x00000000
[inst #1058] lw x7,36(x8)
Register Write to Reg: 0x07 Val: 0x00000001
[inst #1059] addi x0,x0,0
Register Write to Reg: 0x00 Val: 0x00000000
[inst #1060] addi x0,x0,0
Register Write to Reg: 0x00 Val: 0x00000000
[inst #1061] addi x0,x0,0
Register Write to Reg: 0x00 Val: 0x00000000
[inst #1062] slt x7,x28,x7
Register Write to Reg: 0x07 Val: 0x00000001
[inst #1063] addi x0,x0,0
Register Write to Reg: 0x00 Val: 0x00000000
[inst #1064] addi x0,x0,0
Register Write to Reg: 0x00 Val: 0x00000000
[inst #1065] addi x0,x0,0
Register Write to Reg: 0x00 Val: 0x00000000
[inst #1066] beq x7,x0,24
[inst #1067] addi x0,x0,0
Register Write to Reg: 0x00 Val: 0x00000000
[inst #1068] addi x0,x0,0
Register Write to Reg: 0x00 Val: 0x00000000
[inst #1069] jal x0,-120
Register Write to Reg: 0x00 Val: 0x00400818
[inst #1070] lw x7,8(x8)
Register Write to Reg: 0x07 Val: 0x00000001
[inst #1071] addi x0,x0,0
Register Write to Reg: 0x00 Val: 0x00000000
[inst #1072] addi x0,x0,0
Register Write to Reg: 0x00 Val: 0x00000000
[inst #1073] addi x0,x0,0
Register Write to Reg: 0x00 Val: 0x00000000
[inst #1074] slli x7,x7,1
Register Write to Reg: 0x07 Val: 0x00000002
[inst #1075] addi x0,x0,0
Register Write to Reg: 0x00 Val: 0x00000000
[inst #1076] addi x0,x0,0
Register Write to Reg: 0x00 Val: 0x00000000
[inst #1077] addi x0,x0,0
Register Write to Reg: 0x00 Val: 0x00000000
[inst #1078] sw x7,8(x8)
Memory Write to Addr: 0x10010F40 Val: 0x00000002
[inst #1079] lw x7,12(x8)
Register Write to Reg: 0x07 Val: 0x00000000
[inst #1080] addi x0,x0,0
Register Write to Reg: 0x00 Val: 0x00000000
[inst #1081] addi x0,x0,0
Register Write to Reg: 0x00 Val: 0x00000000
[inst #1082] addi x0,x0,0
Register Write to Reg: 0x00 Val: 0x00000000
[inst #1083] addi x7,x7,1
Register Write to Reg: 0x07 Val: 0x00000001
[inst #1084] addi x0,x0,0
Register Write to Reg: 0x00 Val: 0x00000000
[inst #1085] addi x0,x0,0
Register Write to Reg: 0x00 Val: 0x00000000
[inst #1086] addi x0,x0,0
Register Write to Reg: 0x00 Val: 0x00000000
[inst #1087] sw x7,12(x8)
Memory Write to Addr: 0x10010F44 Val: 0x00000001
[inst #1088] lw x28,12(x8)
Register Write to Reg: 0x1C Val: 0x00000001
[inst #1089] lw x7,36(x8)
Register Write to Reg: 0x07 Val: 0x00000001
[inst #1090] addi x0,x0,0
Register Write to Reg: 0x00 Val: 0x00000000
[inst #1091] addi x0,x0,0
Register Write to Reg: 0x00 Val: 0x00000000
[inst #1092] addi x0,x0,0
Register Write to Reg: 0x00 Val: 0x00000000
[inst #1093] slt x7,x28,x7
Register Write to Reg: 0x07 Val: 0x00000000
[inst #1094] addi x0,x0,0
Register Write to Reg: 0x00 Val: 0x00000000
[inst #1095] addi x0,x0,0
Register Write to Reg: 0x00 Val: 0x00000000
[inst #1096] addi x0,x0,0
Register Write to Reg: 0x00 Val: 0x00000000
[inst #1097] beq x7,x0,24
[inst #1098] lw x28,8(x8)
Register Write to Reg: 0x1C Val: 0x00000002
[inst #1099] lw x7,16(x8)
Register Write to Reg: 0x07 Val: 0x00000000
[inst #1100] addi x0,x0,0
Register Write to Reg: 0x00 Val: 0x00000000
[inst #1101] addi x0,x0,0
Register Write to Reg: 0x00 Val: 0x00000000
[inst #1102] addi x0,x0,0
Register Write to Reg: 0x00 Val: 0x00000000
[inst #1103] and x7,x28,x7
Register Write to Reg: 0x07 Val: 0x00000000
[inst #1104] addi x0,x0,0
Register Write to Reg: 0x00 Val: 0x00000000
[inst #1105] addi x0,x0,0
Register Write to Reg: 0x00 Val: 0x00000000
[inst #1106] addi x0,x0,0
Register Write to Reg: 0x00 Val: 0x00000000
[inst #1107] slt x7,x0,x7
Register Write to Reg: 0x07 Val: 0x00000000
[inst #1108] addi x0,x0,0
Register Write to Reg: 0x00 Val: 0x00000000
[inst #1109] addi x0,x0,0
Register Write to Reg: 0x00 Val: 0x00000000
[inst #1110] addi x0,x0,0
Register Write to Reg: 0x00 Val: 0x00000000
[inst #1111] andi x7,x7,255
Register Write to Reg: 0x07 Val: 0x00000000
[inst #1112] add x2,x0,x8
Register Write to Reg: 0x02 Val: 0x10010F38
[inst #1113] addi x0,x0,0
Register Write to Reg: 0x00 Val: 0x00000000
[inst #1114] addi x0,x0,0
Register Write to Reg: 0x00 Val: 0x00000000
[inst #1115] addi x0,x0,0
Register Write to Reg: 0x00 Val: 0x00000000
[inst #1116] lw x8,28(x2)
Register Write to Reg: 0x08 Val: 0x10010F58
[inst #1117] addi x2,x2,32
Register Write to Reg: 0x02 Val: 0x10010F58
[inst #1118] jalr x0,x1,0
Register Write to Reg: 0x00 Val: 0x00400874
[inst #1119] beq x7,x0,80
[inst #1120] lw x7,32(x8)
Register Write to Reg: 0x07 Val: 0x10010F94
[inst #1121] addi x0,x0,0
Register Write to Reg: 0x00 Val: 0x00000000
[inst #1122] addi x0,x0,0
Register Write to Reg: 0x00 Val: 0x00000000
[inst #1123] addi x0,x0,0
Register Write to Reg: 0x00 Val: 0x00000000
[inst #1124] lw x7,4(x7)
Register Write to Reg: 0x07 Val: 0x00000001
[inst #1125] addi x0,x0,0
Register Write to Reg: 0x00 Val: 0x00000000
[inst #1126] addi x0,x0,0
Register Write to Reg: 0x00 Val: 0x00000000
[inst #1127] addi x0,x0,0
Register Write to Reg: 0x00 Val: 0x00000000
[inst #1128] addi x28,x7,1
Register Write to Reg: 0x1C Val: 0x00000002
[inst #1129] lw x7,32(x8)
Register Write to Reg: 0x07 Val: 0x10010F94
[inst #1130] addi x0,x0,0
Register Write to Reg: 0x00 Val: 0x00000000
[inst #1131] addi x0,x0,0
Register Write to Reg: 0x00 Val: 0x00000000
[inst #1132] addi x0,x0,0
Register Write to Reg: 0x00 Val: 0x00000000
[inst #1133] sw x28,4(x7)
Memory Write to Addr: 0x10010F98 Val: 0x00000002
[inst #1134] lw x7,32(x8)
Register Write to Reg: 0x07 Val: 0x10010F94
[inst #1135] addi x0,x0,0
Register Write to Reg: 0x00 Val: 0x00000000
[inst #1136] addi x0,x0,0
Register Write to Reg: 0x00 Val: 0x00000000
[inst #1137] addi x0,x0,0
Register Write to Reg: 0x00 Val: 0x00000000
[inst #1138] lw x7,4(x7)
Register Write to Reg: 0x07 Val: 0x00000002
[inst #1139] addi x0,x0,0
Register Write to Reg: 0x00 Val: 0x00000000
[inst #1140] addi x0,x0,0
Register Write to Reg: 0x00 Val: 0x00000000
[inst #1141] addi x0,x0,0
Register Write to Reg: 0x00 Val: 0x00000000
[inst #1142] slti x7,x7,4
Register Write to Reg: 0x07 Val: 0x00000001
[inst #1143] addi x0,x0,0
Register Write to Reg: 0x00 Val: 0x00000000
[inst #1144] addi x0,x0,0
Register Write to Reg: 0x00 Val: 0x00000000
[inst #1145] addi x0,x0,0
Register Write to Reg: 0x00 Val: 0x00000000
[inst #1146] beq x7,x0,24
[inst #1147] addi x0,x0,0
Register Write to Reg: 0x00 Val: 0x00000000
[inst #1148] addi x0,x0,0
Register Write to Reg: 0x00 Val: 0x00000000
[inst #1149] jal x0,-288
Register Write to Reg: 0x00 Val: 0x004006B8
[inst #1150] lw x7,32(x8)
Register Write to Reg: 0x07 Val: 0x10010F94
[inst #1151] addi x0,x0,0
Register Write to Reg: 0x00 Val: 0x00000000
[inst #1152] addi x0,x0,0
Register Write to Reg: 0x00 Val: 0x00000000
[inst #1153] addi x0,x0,0
Register Write to Reg: 0x00 Val: 0x00000000
[inst #1154] lw x28,0(x7)
Register Write to Reg: 0x1C Val: 0x00000001
[inst #1155] lw x7,32(x8)
Register Write to Reg: 0x07 Val: 0x10010F94
[inst #1156] addi x0,x0,0
Register Write to Reg: 0x00 Val: 0x00000000
[inst #1157] addi x0,x0,0
Register Write to Reg: 0x00 Val: 0x00000000
[inst #1158] addi x0,x0,0
Register Write to Reg: 0x00 Val: 0x00000000
[inst #1159] lw x7,4(x7)
Register Write to Reg: 0x07 Val: 0x00000002
[inst #1160] addi x0,x0,0
Register Write to Reg: 0x00 Val: 0x00000000
[inst #1161] addi x0,x0,0
Register Write to Reg: 0x00 Val: 0x00000000
[inst #1162] addi x0,x0,0
Register Write to Reg: 0x00 Val: 0x00000000
[inst #1163] add x30,x0,x7
Register Write to Reg: 0x1E Val: 0x00000002
[inst #1164] add x29,x0,x28
Register Write to Reg: 0x1D Val: 0x00000001
[inst #1165] lui x1,1024
Register Write to Reg: 0x01 Val: 0x00400000
[inst #1166] addi x0,x0,0
Register Write to Reg: 0x00 Val: 0x00000000
[inst #1167] addi x0,x0,0
Register Write to Reg: 0x00 Val: 0x00000000
[inst #1168] addi x0,x0,0
Register Write to Reg: 0x00 Val: 0x00000000
[inst #1169] addi x1,x1,1520
Register Write to Reg: 0x01 Val: 0x004005F0
[inst #1170] jal x0,272
Register Write to Reg: 0x00 Val: 0x004005E8
[inst #1171] addi x2,x2,-32
Register Write to Reg: 0x02 Val: 0x10010F38
[inst #1172] addi x0,x0,0
Register Write to Reg: 0x00 Val: 0x00000000
[inst #1173] addi x0,x0,0
Register Write to Reg: 0x00 Val: 0x00000000
[inst #1174] addi x0,x0,0
Register Write to Reg: 0x00 Val: 0x00000000
[inst #1175] sw x8,28(x2)
Memory Write to Addr: 0x10010F54 Val: 0x10010F58
[inst #1176] add x8,x0,x2
Register Write to Reg: 0x08 Val: 0x10010F38
[inst #1177] addi x0,x0,0
Register Write to Reg: 0x00 Val: 0x00000000
[inst #1178] addi x0,x0,0
Register Write to Reg: 0x00 Val: 0x00000000
[inst #1179] addi x0,x0,0
Register Write to Reg: 0x00 Val: 0x00000000
[inst #1180] sw x29,32(x8)
Memory Write to Addr: 0x10010F58 Val: 0x00000001
[inst #1181] sw x30,36(x8)
Memory Write to Addr: 0x10010F5C Val: 0x00000002
[inst #1182] lui x7,65552
Register Write to Reg: 0x07 Val: 0x10010000
[inst #1183] addi x0,x0,0
Register Write to Reg: 0x00 Val: 0x00000000
[inst #1184] addi x0,x0,0
Register Write to Reg: 0x00 Val: 0x00000000
[inst #1185] addi x0,x0,0
Register Write to Reg: 0x00 Val: 0x00000000
[inst #1186] addi x7,x7,20
Register Write to Reg: 0x07 Val: 0x10010014
[inst #1187] lw x28,32(x8)
Register Write to Reg: 0x1C Val: 0x00000001
[inst #1188] addi x0,x0,0
Register Write to Reg: 0x00 Val: 0x00000000
[inst #1189] addi x0,x0,0
Register Write to Reg: 0x00 Val: 0x00000000
[inst #1190] addi x0,x0,0
Register Write to Reg: 0x00 Val: 0x00000000
[inst #1191] slli x28,x28,2
Register Write to Reg: 0x1C Val: 0x00000004
[inst #1192] addi x0,x0,0
Register Write to Reg: 0x00 Val: 0x00000000
[inst #1193] addi x0,x0,0
Register Write to Reg: 0x00 Val: 0x00000000
[inst #1194] addi x0,x0,0
Register Write to Reg: 0x00 Val: 0x00000000
[inst #1195] add x7,x28,x7
Register Write to Reg: 0x07 Val: 0x10010018
[inst #1196] addi x0,x0,0
Register Write to Reg: 0x00 Val: 0x00000000
[inst #1197] addi x0,x0,0
Register Write to Reg: 0x00 Val: 0x00000000
[inst #1198] addi x0,x0,0
Register Write to Reg: 0x00 Val: 0x00000000
[inst #1199] lw x7,0(x7)
Register Write to Reg: 0x07 Val: 0x00000000
[inst #1200] addi x0,x0,0
Register Write to Reg: 0x00 Val: 0x00000000
[inst #1201] addi x0,x0,0
Register Write to Reg: 0x00 Val: 0x00000000
[inst #1202] addi x0,x0,0
Register Write to Reg: 0x00 Val: 0x00000000
[inst #1203] sw x7,16(x8)
Memory Write to Addr: 0x10010F48 Val: 0x00000000
[inst #1204] addi x7,x0,1
Register Write to Reg: 0x07 Val: 0x00000001
[inst #1205] addi x0,x0,0
Register Write to Reg: 0x00 Val: 0x00000000
[inst #1206] addi x0,x0,0
Register Write to Reg: 0x00 Val: 0x00000000
[inst #1207] addi x0,x0,0
Register Write to Reg: 0x00 Val: 0x00000000
[inst #1208] sw x7,8(x8)
Memory Write to Addr: 0x10010F40 Val: 0x00000001
[inst #1209] sw x0,12(x8)
Memory Write to Addr: 0x10010F44 Val: 0x00000000
[inst #1210] jal x0,84
Register Write to Reg: 0x00 Val: 0x00400794
[inst #1211] lw x28,12(x8)
Register Write to Reg: 0x1C Val: 0x00000000
[inst #1212] lw x7,36(x8)
Register Write to Reg: 0x07 Val: 0x00000002
[inst #1213] addi x0,x0,0
Register Write to Reg: 0x00 Val: 0x00000000
[inst #1214] addi x0,x0,0
Register Write to Reg: 0x00 Val: 0x00000000
[inst #1215] addi x0,x0,0
Register Write to Reg: 0x00 Val: 0x00000000
[inst #1216] slt x7,x28,x7
Register Write to Reg: 0x07 Val: 0x00000001
[inst #1217] addi x0,x0,0
Register Write to Reg: 0x00 Val: 0x00000000
[inst #1218] addi x0,x0,0
Register Write to Reg: 0x00 Val: 0x00000000
[inst #1219] addi x0,x0,0
Register Write to Reg: 0x00 Val: 0x00000000
[inst #1220] beq x7,x0,24
[inst #1221] addi x0,x0,0
Register Write to Reg: 0x00 Val: 0x00000000
[inst #1222] addi x0,x0,0
Register Write to Reg: 0x00 Val: 0x00000000
[inst #1223] jal x0,-120
Register Write to Reg: 0x00 Val: 0x00400818
[inst #1224] lw x7,8(x8)
Register Write to Reg: 0x07 Val: 0x00000001
[inst #1225] addi x0,x0,0
Register Write to Reg: 0x00 Val: 0x00000000
[inst #1226] addi x0,x0,0
Register Write to Reg: 0x00 Val: 0x00000000
[inst #1227] addi x0,x0,0
Register Write to Reg: 0x00 Val: 0x00000000
[inst #1228] slli x7,x7,1
Register Write to Reg: 0x07 Val: 0x00000002
[inst #1229] addi x0,x0,0
Register Write to Reg: 0x00 Val: 0x00000000
[inst #1230] addi x0,x0,0
Register Write to Reg: 0x00 Val: 0x00000000
[inst #1231] addi x0,x0,0
Register Write to Reg: 0x00 Val: 0x00000000
[inst #1232] sw x7,8(x8)
Memory Write to Addr: 0x10010F40 Val: 0x00000002
[inst #1233] lw x7,12(x8)
Register Write to Reg: 0x07 Val: 0x00000000
[inst #1234] addi x0,x0,0
Register Write to Reg: 0x00 Val: 0x00000000
[inst #1235] addi x0,x0,0
Register Write to Reg: 0x00 Val: 0x00000000
[inst #1236] addi x0,x0,0
Register Write to Reg: 0x00 Val: 0x00000000
[inst #1237] addi x7,x7,1
Register Write to Reg: 0x07 Val: 0x00000001
[inst #1238] addi x0,x0,0
Register Write to Reg: 0x00 Val: 0x00000000
[inst #1239] addi x0,x0,0
Register Write to Reg: 0x00 Val: 0x00000000
[inst #1240] addi x0,x0,0
Register Write to Reg: 0x00 Val: 0x00000000
[inst #1241] sw x7,12(x8)
Memory Write to Addr: 0x10010F44 Val: 0x00000001
[inst #1242] lw x28,12(x8)
Register Write to Reg: 0x1C Val: 0x00000001
[inst #1243] lw x7,36(x8)
Register Write to Reg: 0x07 Val: 0x00000002
[inst #1244] addi x0,x0,0
Register Write to Reg: 0x00 Val: 0x00000000
[inst #1245] addi x0,x0,0
Register Write to Reg: 0x00 Val: 0x00000000
[inst #1246] addi x0,x0,0
Register Write to Reg: 0x00 Val: 0x00000000
[inst #1247] slt x7,x28,x7
Register Write to Reg: 0x07 Val: 0x00000001
[inst #1248] addi x0,x0,0
Register Write to Reg: 0x00 Val: 0x00000000
[inst #1249] addi x0,x0,0
Register Write to Reg: 0x00 Val: 0x00000000
[inst #1250] addi x0,x0,0
Register Write to Reg: 0x00 Val: 0x00000000
[inst #1251] beq x7,x0,24
[inst #1252] addi x0,x0,0
Register Write to Reg: 0x00 Val: 0x00000000
[inst #1253] addi x0,x0,0
Register Write to Reg: 0x00 Val: 0x00000000
[inst #1254] jal x0,-120
Register Write to Reg: 0x00 Val: 0x00400818
[inst #1255] lw x7,8(x8)
Register Write to Reg: 0x07 Val: 0x00000002
[inst #1256] addi x0,x0,0
Register Write to Reg: 0x00 Val: 0x00000000
[inst #1257] addi x0,x0,0
Register Write to Reg: 0x00 Val: 0x00000000
[inst #1258] addi x0,x0,0
Register Write to Reg: 0x00 Val: 0x00000000
[inst #1259] slli x7,x7,1
Register Write to Reg: 0x07 Val: 0x00000004
[inst #1260] addi x0,x0,0
Register Write to Reg: 0x00 Val: 0x00000000
[inst #1261] addi x0,x0,0
Register Write to Reg: 0x00 Val: 0x00000000
[inst #1262] addi x0,x0,0
Register Write to Reg: 0x00 Val: 0x00000000
[inst #1263] sw x7,8(x8)
Memory Write to Addr: 0x10010F40 Val: 0x00000004
[inst #1264] lw x7,12(x8)
Register Write to Reg: 0x07 Val: 0x00000001
[inst #1265] addi x0,x0,0
Register Write to Reg: 0x00 Val: 0x00000000
[inst #1266] addi x0,x0,0
Register Write to Reg: 0x00 Val: 0x00000000
[inst #1267] addi x0,x0,0
Register Write to Reg: 0x00 Val: 0x00000000
[inst #1268] addi x7,x7,1
Register Write to Reg: 0x07 Val: 0x00000002
[inst #1269] addi x0,x0,0
Register Write to Reg: 0x00 Val: 0x00000000
[inst #1270] addi x0,x0,0
Register Write to Reg: 0x00 Val: 0x00000000
[inst #1271] addi x0,x0,0
Register Write to Reg: 0x00 Val: 0x00000000
[inst #1272] sw x7,12(x8)
Memory Write to Addr: 0x10010F44 Val: 0x00000002
[inst #1273] lw x28,12(x8)
Register Write to Reg: 0x1C Val: 0x00000002
[inst #1274] lw x7,36(x8)
Register Write to Reg: 0x07 Val: 0x00000002
[inst #1275] addi x0,x0,0
Register Write to Reg: 0x00 Val: 0x00000000
[inst #1276] addi x0,x0,0
Register Write to Reg: 0x00 Val: 0x00000000
[inst #1277] addi x0,x0,0
Register Write to Reg: 0x00 Val: 0x00000000
[inst #1278] slt x7,x28,x7
Register Write to Reg: 0x07 Val: 0x00000000
[inst #1279] addi x0,x0,0
Register Write to Reg: 0x00 Val: 0x00000000
[inst #1280] addi x0,x0,0
Register Write to Reg: 0x00 Val: 0x00000000
[inst #1281] addi x0,x0,0
Register Write to Reg: 0x00 Val: 0x00000000
[inst #1282] beq x7,x0,24
[inst #1283] lw x28,8(x8)
Register Write to Reg: 0x1C Val: 0x00000004
[inst #1284] lw x7,16(x8)
Register Write to Reg: 0x07 Val: 0x00000000
[inst #1285] addi x0,x0,0
Register Write to Reg: 0x00 Val: 0x00000000
[inst #1286] addi x0,x0,0
Register Write to Reg: 0x00 Val: 0x00000000
[inst #1287] addi x0,x0,0
Register Write to Reg: 0x00 Val: 0x00000000
[inst #1288] and x7,x28,x7
Register Write to Reg: 0x07 Val: 0x00000000
[inst #1289] addi x0,x0,0
Register Write to Reg: 0x00 Val: 0x00000000
[inst #1290] addi x0,x0,0
Register Write to Reg: 0x00 Val: 0x00000000
[inst #1291] addi x0,x0,0
Register Write to Reg: 0x00 Val: 0x00000000
[inst #1292] slt x7,x0,x7
Register Write to Reg: 0x07 Val: 0x00000000
[inst #1293] addi x0,x0,0
Register Write to Reg: 0x00 Val: 0x00000000
[inst #1294] addi x0,x0,0
Register Write to Reg: 0x00 Val: 0x00000000
[inst #1295] addi x0,x0,0
Register Write to Reg: 0x00 Val: 0x00000000
[inst #1296] andi x7,x7,255
Register Write to Reg: 0x07 Val: 0x00000000
[inst #1297] add x2,x0,x8
Register Write to Reg: 0x02 Val: 0x10010F38
[inst #1298] addi x0,x0,0
Register Write to Reg: 0x00 Val: 0x00000000
[inst #1299] addi x0,x0,0
Register Write to Reg: 0x00 Val: 0x00000000
[inst #1300] addi x0,x0,0
Register Write to Reg: 0x00 Val: 0x00000000
[inst #1301] lw x8,28(x2)
Register Write to Reg: 0x08 Val: 0x10010F58
[inst #1302] addi x2,x2,32
Register Write to Reg: 0x02 Val: 0x10010F58
[inst #1303] jalr x0,x1,0
Register Write to Reg: 0x00 Val: 0x00400874
[inst #1304] beq x7,x0,80
[inst #1305] lw x7,32(x8)
Register Write to Reg: 0x07 Val: 0x10010F94
[inst #1306] addi x0,x0,0
Register Write to Reg: 0x00 Val: 0x00000000
[inst #1307] addi x0,x0,0
Register Write to Reg: 0x00 Val: 0x00000000
[inst #1308] addi x0,x0,0
Register Write to Reg: 0x00 Val: 0x00000000
[inst #1309] lw x7,4(x7)
Register Write to Reg: 0x07 Val: 0x00000002
[inst #1310] addi x0,x0,0
Register Write to Reg: 0x00 Val: 0x00000000
[inst #1311] addi x0,x0,0
Register Write to Reg: 0x00 Val: 0x00000000
[inst #1312] addi x0,x0,0
Register Write to Reg: 0x00 Val: 0x00000000
[inst #1313] addi x28,x7,1
Register Write to Reg: 0x1C Val: 0x00000003
[inst #1314] lw x7,32(x8)
Register Write to Reg: 0x07 Val: 0x10010F94
[inst #1315] addi x0,x0,0
Register Write to Reg: 0x00 Val: 0x00000000
[inst #1316] addi x0,x0,0
Register Write to Reg: 0x00 Val: 0x00000000
[inst #1317] addi x0,x0,0
Register Write to Reg: 0x00 Val: 0x00000000
[inst #1318] sw x28,4(x7)
Memory Write to Addr: 0x10010F98 Val: 0x00000003
[inst #1319] lw x7,32(x8)
Register Write to Reg: 0x07 Val: 0x10010F94
[inst #1320] addi x0,x0,0
Register Write to Reg: 0x00 Val: 0x00000000
[inst #1321] addi x0,x0,0
Register Write to Reg: 0x00 Val: 0x00000000
[inst #1322] addi x0,x0,0
Register Write to Reg: 0x00 Val: 0x00000000
[inst #1323] lw x7,4(x7)
Register Write to Reg: 0x07 Val: 0x00000003
[inst #1324] addi x0,x0,0
Register Write to Reg: 0x00 Val: 0x00000000
[inst #1325] addi x0,x0,0
Register Write to Reg: 0x00 Val: 0x00000000
[inst #1326] addi x0,x0,0
Register Write to Reg: 0x00 Val: 0x00000000
[inst #1327] slti x7,x7,4
Register Write to Reg: 0x07 Val: 0x00000001
[inst #1328] addi x0,x0,0
Register Write to Reg: 0x00 Val: 0x00000000
[inst #1329] addi x0,x0,0
Register Write to Reg: 0x00 Val: 0x00000000
[inst #1330] addi x0,x0,0
Register Write to Reg: 0x00 Val: 0x00000000
[inst #1331] beq x7,x0,24
[inst #1332] addi x0,x0,0
Register Write to Reg: 0x00 Val: 0x00000000
[inst #1333] addi x0,x0,0
Register Write to Reg: 0x00 Val: 0x00000000
[inst #1334] jal x0,-288
Register Write to Reg: 0x00 Val: 0x004006B8
[inst #1335] lw x7,32(x8)
Register Write to Reg: 0x07 Val: 0x10010F94
[inst #1336] addi x0,x0,0
Register Write to Reg: 0x00 Val: 0x00000000
[inst #1337] addi x0,x0,0
Register Write to Reg: 0x00 Val: 0x00000000
[inst #1338] addi x0,x0,0
Register Write to Reg: 0x00 Val: 0x00000000
[inst #1339] lw x28,0(x7)
Register Write to Reg: 0x1C Val: 0x00000001
[inst #1340] lw x7,32(x8)
Register Write to Reg: 0x07 Val: 0x10010F94
[inst #1341] addi x0,x0,0
Register Write to Reg: 0x00 Val: 0x00000000
[inst #1342] addi x0,x0,0
Register Write to Reg: 0x00 Val: 0x00000000
[inst #1343] addi x0,x0,0
Register Write to Reg: 0x00 Val: 0x00000000
[inst #1344] lw x7,4(x7)
Register Write to Reg: 0x07 Val: 0x00000003
[inst #1345] addi x0,x0,0
Register Write to Reg: 0x00 Val: 0x00000000
[inst #1346] addi x0,x0,0
Register Write to Reg: 0x00 Val: 0x00000000
[inst #1347] addi x0,x0,0
Register Write to Reg: 0x00 Val: 0x00000000
[inst #1348] add x30,x0,x7
Register Write to Reg: 0x1E Val: 0x00000003
[inst #1349] add x29,x0,x28
Register Write to Reg: 0x1D Val: 0x00000001
[inst #1350] lui x1,1024
Register Write to Reg: 0x01 Val: 0x00400000
[inst #1351] addi x0,x0,0
Register Write to Reg: 0x00 Val: 0x00000000
[inst #1352] addi x0,x0,0
Register Write to Reg: 0x00 Val: 0x00000000
[inst #1353] addi x0,x0,0
Register Write to Reg: 0x00 Val: 0x00000000
[inst #1354] addi x1,x1,1520
Register Write to Reg: 0x01 Val: 0x004005F0
[inst #1355] jal x0,272
Register Write to Reg: 0x00 Val: 0x004005E8
[inst #1356] addi x2,x2,-32
Register Write to Reg: 0x02 Val: 0x10010F38
[inst #1357] addi x0,x0,0
Register Write to Reg: 0x00 Val: 0x00000000
[inst #1358] addi x0,x0,0
Register Write to Reg: 0x00 Val: 0x00000000
[inst #1359] addi x0,x0,0
Register Write to Reg: 0x00 Val: 0x00000000
[inst #1360] sw x8,28(x2)
Memory Write to Addr: 0x10010F54 Val: 0x10010F58
[inst #1361] add x8,x0,x2
Register Write to Reg: 0x08 Val: 0x10010F38
[inst #1362] addi x0,x0,0
Register Write to Reg: 0x00 Val: 0x00000000
[inst #1363] addi x0,x0,0
Register Write to Reg: 0x00 Val: 0x00000000
[inst #1364] addi x0,x0,0
Register Write to Reg: 0x00 Val: 0x00000000
[inst #1365] sw x29,32(x8)
Memory Write to Addr: 0x10010F58 Val: 0x00000001
[inst #1366] sw x30,36(x8)
Memory Write to Addr: 0x10010F5C Val: 0x00000003
[inst #1367] lui x7,65552
Register Write to Reg: 0x07 Val: 0x10010000
[inst #1368] addi x0,x0,0
Register Write to Reg: 0x00 Val: 0x00000000
[inst #1369] addi x0,x0,0
Register Write to Reg: 0x00 Val: 0x00000000
[inst #1370] addi x0,x0,0
Register Write to Reg: 0x00 Val: 0x00000000
[inst #1371] addi x7,x7,20
Register Write to Reg: 0x07 Val: 0x10010014
[inst #1372] lw x28,32(x8)
Register Write to Reg: 0x1C Val: 0x00000001
[inst #1373] addi x0,x0,0
Register Write to Reg: 0x00 Val: 0x00000000
[inst #1374] addi x0,x0,0
Register Write to Reg: 0x00 Val: 0x00000000
[inst #1375] addi x0,x0,0
Register Write to Reg: 0x00 Val: 0x00000000
[inst #1376] slli x28,x28,2
Register Write to Reg: 0x1C Val: 0x00000004
[inst #1377] addi x0,x0,0
Register Write to Reg: 0x00 Val: 0x00000000
[inst #1378] addi x0,x0,0
Register Write to Reg: 0x00 Val: 0x00000000
[inst #1379] addi x0,x0,0
Register Write to Reg: 0x00 Val: 0x00000000
[inst #1380] add x7,x28,x7
Register Write to Reg: 0x07 Val: 0x10010018
[inst #1381] addi x0,x0,0
Register Write to Reg: 0x00 Val: 0x00000000
[inst #1382] addi x0,x0,0
Register Write to Reg: 0x00 Val: 0x00000000
[inst #1383] addi x0,x0,0
Register Write to Reg: 0x00 Val: 0x00000000
[inst #1384] lw x7,0(x7)
Register Write to Reg: 0x07 Val: 0x00000000
[inst #1385] addi x0,x0,0
Register Write to Reg: 0x00 Val: 0x00000000
[inst #1386] addi x0,x0,0
Register Write to Reg: 0x00 Val: 0x00000000
[inst #1387] addi x0,x0,0
Register Write to Reg: 0x00 Val: 0x00000000
[inst #1388] sw x7,16(x8)
Memory Write to Addr: 0x10010F48 Val: 0x00000000
[inst #1389] addi x7,x0,1
Register Write to Reg: 0x07 Val: 0x00000001
[inst #1390] addi x0,x0,0
Register Write to Reg: 0x00 Val: 0x00000000
[inst #1391] addi x0,x0,0
Register Write to Reg: 0x00 Val: 0x00000000
[inst #1392] addi x0,x0,0
Register Write to Reg: 0x00 Val: 0x00000000
[inst #1393] sw x7,8(x8)
Memory Write to Addr: 0x10010F40 Val: 0x00000001
[inst #1394] sw x0,12(x8)
Memory Write to Addr: 0x10010F44 Val: 0x00000000
[inst #1395] jal x0,84
Register Write to Reg: 0x00 Val: 0x00400794
[inst #1396] lw x28,12(x8)
Register Write to Reg: 0x1C Val: 0x00000000
[inst #1397] lw x7,36(x8)
Register Write to Reg: 0x07 Val: 0x00000003
[inst #1398] addi x0,x0,0
Register Write to Reg: 0x00 Val: 0x00000000
[inst #1399] addi x0,x0,0
Register Write to Reg: 0x00 Val: 0x00000000
[inst #1400] addi x0,x0,0
Register Write to Reg: 0x00 Val: 0x00000000
[inst #1401] slt x7,x28,x7
Register Write to Reg: 0x07 Val: 0x00000001
[inst #1402] addi x0,x0,0
Register Write to Reg: 0x00 Val: 0x00000000
[inst #1403] addi x0,x0,0
Register Write to Reg: 0x00 Val: 0x00000000
[inst #1404] addi x0,x0,0
Register Write to Reg: 0x00 Val: 0x00000000
[inst #1405] beq x7,x0,24
[inst #1406] addi x0,x0,0
Register Write to Reg: 0x00 Val: 0x00000000
[inst #1407] addi x0,x0,0
Register Write to Reg: 0x00 Val: 0x00000000
[inst #1408] jal x0,-120
Register Write to Reg: 0x00 Val: 0x00400818
[inst #1409] lw x7,8(x8)
Register Write to Reg: 0x07 Val: 0x00000001
[inst #1410] addi x0,x0,0
Register Write to Reg: 0x00 Val: 0x00000000
[inst #1411] addi x0,x0,0
Register Write to Reg: 0x00 Val: 0x00000000
[inst #1412] addi x0,x0,0
Register Write to Reg: 0x00 Val: 0x00000000
[inst #1413] slli x7,x7,1
Register Write to Reg: 0x07 Val: 0x00000002
[inst #1414] addi x0,x0,0
Register Write to Reg: 0x00 Val: 0x00000000
[inst #1415] addi x0,x0,0
Register Write to Reg: 0x00 Val: 0x00000000
[inst #1416] addi x0,x0,0
Register Write to Reg: 0x00 Val: 0x00000000
[inst #1417] sw x7,8(x8)
Memory Write to Addr: 0x10010F40 Val: 0x00000002
[inst #1418] lw x7,12(x8)
Register Write to Reg: 0x07 Val: 0x00000000
[inst #1419] addi x0,x0,0
Register Write to Reg: 0x00 Val: 0x00000000
[inst #1420] addi x0,x0,0
Register Write to Reg: 0x00 Val: 0x00000000
[inst #1421] addi x0,x0,0
Register Write to Reg: 0x00 Val: 0x00000000
[inst #1422] addi x7,x7,1
Register Write to Reg: 0x07 Val: 0x00000001
[inst #1423] addi x0,x0,0
Register Write to Reg: 0x00 Val: 0x00000000
[inst #1424] addi x0,x0,0
Register Write to Reg: 0x00 Val: 0x00000000
[inst #1425] addi x0,x0,0
Register Write to Reg: 0x00 Val: 0x00000000
[inst #1426] sw x7,12(x8)
Memory Write to Addr: 0x10010F44 Val: 0x00000001
[inst #1427] lw x28,12(x8)
Register Write to Reg: 0x1C Val: 0x00000001
[inst #1428] lw x7,36(x8)
Register Write to Reg: 0x07 Val: 0x00000003
[inst #1429] addi x0,x0,0
Register Write to Reg: 0x00 Val: 0x00000000
[inst #1430] addi x0,x0,0
Register Write to Reg: 0x00 Val: 0x00000000
[inst #1431] addi x0,x0,0
Register Write to Reg: 0x00 Val: 0x00000000
[inst #1432] slt x7,x28,x7
Register Write to Reg: 0x07 Val: 0x00000001
[inst #1433] addi x0,x0,0
Register Write to Reg: 0x00 Val: 0x00000000
[inst #1434] addi x0,x0,0
Register Write to Reg: 0x00 Val: 0x00000000
[inst #1435] addi x0,x0,0
Register Write to Reg: 0x00 Val: 0x00000000
[inst #1436] beq x7,x0,24
[inst #1437] addi x0,x0,0
Register Write to Reg: 0x00 Val: 0x00000000
[inst #1438] addi x0,x0,0
Register Write to Reg: 0x00 Val: 0x00000000
[inst #1439] jal x0,-120
Register Write to Reg: 0x00 Val: 0x00400818
[inst #1440] lw x7,8(x8)
Register Write to Reg: 0x07 Val: 0x00000002
[inst #1441] addi x0,x0,0
Register Write to Reg: 0x00 Val: 0x00000000
[inst #1442] addi x0,x0,0
Register Write to Reg: 0x00 Val: 0x00000000
[inst #1443] addi x0,x0,0
Register Write to Reg: 0x00 Val: 0x00000000
[inst #1444] slli x7,x7,1
Register Write to Reg: 0x07 Val: 0x00000004
[inst #1445] addi x0,x0,0
Register Write to Reg: 0x00 Val: 0x00000000
[inst #1446] addi x0,x0,0
Register Write to Reg: 0x00 Val: 0x00000000
[inst #1447] addi x0,x0,0
Register Write to Reg: 0x00 Val: 0x00000000
[inst #1448] sw x7,8(x8)
Memory Write to Addr: 0x10010F40 Val: 0x00000004
[inst #1449] lw x7,12(x8)
Register Write to Reg: 0x07 Val: 0x00000001
[inst #1450] addi x0,x0,0
Register Write to Reg: 0x00 Val: 0x00000000
[inst #1451] addi x0,x0,0
Register Write to Reg: 0x00 Val: 0x00000000
[inst #1452] addi x0,x0,0
Register Write to Reg: 0x00 Val: 0x00000000
[inst #1453] addi x7,x7,1
Register Write to Reg: 0x07 Val: 0x00000002
[inst #1454] addi x0,x0,0
Register Write to Reg: 0x00 Val: 0x00000000
[inst #1455] addi x0,x0,0
Register Write to Reg: 0x00 Val: 0x00000000
[inst #1456] addi x0,x0,0
Register Write to Reg: 0x00 Val: 0x00000000
[inst #1457] sw x7,12(x8)
Memory Write to Addr: 0x10010F44 Val: 0x00000002
[inst #1458] lw x28,12(x8)
Register Write to Reg: 0x1C Val: 0x00000002
[inst #1459] lw x7,36(x8)
Register Write to Reg: 0x07 Val: 0x00000003
[inst #1460] addi x0,x0,0
Register Write to Reg: 0x00 Val: 0x00000000
[inst #1461] addi x0,x0,0
Register Write to Reg: 0x00 Val: 0x00000000
[inst #1462] addi x0,x0,0
Register Write to Reg: 0x00 Val: 0x00000000
[inst #1463] slt x7,x28,x7
Register Write to Reg: 0x07 Val: 0x00000001
[inst #1464] addi x0,x0,0
Register Write to Reg: 0x00 Val: 0x00000000
[inst #1465] addi x0,x0,0
Register Write to Reg: 0x00 Val: 0x00000000
[inst #1466] addi x0,x0,0
Register Write to Reg: 0x00 Val: 0x00000000
[inst #1467] beq x7,x0,24
[inst #1468] addi x0,x0,0
Register Write to Reg: 0x00 Val: 0x00000000
[inst #1469] addi x0,x0,0
Register Write to Reg: 0x00 Val: 0x00000000
[inst #1470] jal x0,-120
Register Write to Reg: 0x00 Val: 0x00400818
[inst #1471] lw x7,8(x8)
Register Write to Reg: 0x07 Val: 0x00000004
[inst #1472] addi x0,x0,0
Register Write to Reg: 0x00 Val: 0x00000000
[inst #1473] addi x0,x0,0
Register Write to Reg: 0x00 Val: 0x00000000
[inst #1474] addi x0,x0,0
Register Write to Reg: 0x00 Val: 0x00000000
[inst #1475] slli x7,x7,1
Register Write to Reg: 0x07 Val: 0x00000008
[inst #1476] addi x0,x0,0
Register Write to Reg: 0x00 Val: 0x00000000
[inst #1477] addi x0,x0,0
Register Write to Reg: 0x00 Val: 0x00000000
[inst #1478] addi x0,x0,0
Register Write to Reg: 0x00 Val: 0x00000000
[inst #1479] sw x7,8(x8)
Memory Write to Addr: 0x10010F40 Val: 0x00000008
[inst #1480] lw x7,12(x8)
Register Write to Reg: 0x07 Val: 0x00000002
[inst #1481] addi x0,x0,0
Register Write to Reg: 0x00 Val: 0x00000000
[inst #1482] addi x0,x0,0
Register Write to Reg: 0x00 Val: 0x00000000
[inst #1483] addi x0,x0,0
Register Write to Reg: 0x00 Val: 0x00000000
[inst #1484] addi x7,x7,1
Register Write to Reg: 0x07 Val: 0x00000003
[inst #1485] addi x0,x0,0
Register Write to Reg: 0x00 Val: 0x00000000
[inst #1486] addi x0,x0,0
Register Write to Reg: 0x00 Val: 0x00000000
[inst #1487] addi x0,x0,0
Register Write to Reg: 0x00 Val: 0x00000000
[inst #1488] sw x7,12(x8)
Memory Write to Addr: 0x10010F44 Val: 0x00000003
[inst #1489] lw x28,12(x8)
Register Write to Reg: 0x1C Val: 0x00000003
[inst #1490] lw x7,36(x8)
Register Write to Reg: 0x07 Val: 0x00000003
[inst #1491] addi x0,x0,0
Register Write to Reg: 0x00 Val: 0x00000000
[inst #1492] addi x0,x0,0
Register Write to Reg: 0x00 Val: 0x00000000
[inst #1493] addi x0,x0,0
Register Write to Reg: 0x00 Val: 0x00000000
[inst #1494] slt x7,x28,x7
Register Write to Reg: 0x07 Val: 0x00000000
[inst #1495] addi x0,x0,0
Register Write to Reg: 0x00 Val: 0x00000000
[inst #1496] addi x0,x0,0
Register Write to Reg: 0x00 Val: 0x00000000
[inst #1497] addi x0,x0,0
Register Write to Reg: 0x00 Val: 0x00000000
[inst #1498] beq x7,x0,24
[inst #1499] lw x28,8(x8)
Register Write to Reg: 0x1C Val: 0x00000008
[inst #1500] lw x7,16(x8)
Register Write to Reg: 0x07 Val: 0x00000000
[inst #1501] addi x0,x0,0
Register Write to Reg: 0x00 Val: 0x00000000
[inst #1502] addi x0,x0,0
Register Write to Reg: 0x00 Val: 0x00000000
[inst #1503] addi x0,x0,0
Register Write to Reg: 0x00 Val: 0x00000000
[inst #1504] and x7,x28,x7
Register Write to Reg: 0x07 Val: 0x00000000
[inst #1505] addi x0,x0,0
Register Write to Reg: 0x00 Val: 0x00000000
[inst #1506] addi x0,x0,0
Register Write to Reg: 0x00 Val: 0x00000000
[inst #1507] addi x0,x0,0
Register Write to Reg: 0x00 Val: 0x00000000
[inst #1508] slt x7,x0,x7
Register Write to Reg: 0x07 Val: 0x00000000
[inst #1509] addi x0,x0,0
Register Write to Reg: 0x00 Val: 0x00000000
[inst #1510] addi x0,x0,0
Register Write to Reg: 0x00 Val: 0x00000000
[inst #1511] addi x0,x0,0
Register Write to Reg: 0x00 Val: 0x00000000
[inst #1512] andi x7,x7,255
Register Write to Reg: 0x07 Val: 0x00000000
[inst #1513] add x2,x0,x8
Register Write to Reg: 0x02 Val: 0x10010F38
[inst #1514] addi x0,x0,0
Register Write to Reg: 0x00 Val: 0x00000000
[inst #1515] addi x0,x0,0
Register Write to Reg: 0x00 Val: 0x00000000
[inst #1516] addi x0,x0,0
Register Write to Reg: 0x00 Val: 0x00000000
[inst #1517] lw x8,28(x2)
Register Write to Reg: 0x08 Val: 0x10010F58
[inst #1518] addi x2,x2,32
Register Write to Reg: 0x02 Val: 0x10010F58
[inst #1519] jalr x0,x1,0
Register Write to Reg: 0x00 Val: 0x00400874
[inst #1520] beq x7,x0,80
[inst #1521] lw x7,32(x8)
Register Write to Reg: 0x07 Val: 0x10010F94
[inst #1522] addi x0,x0,0
Register Write to Reg: 0x00 Val: 0x00000000
[inst #1523] addi x0,x0,0
Register Write to Reg: 0x00 Val: 0x00000000
[inst #1524] addi x0,x0,0
Register Write to Reg: 0x00 Val: 0x00000000
[inst #1525] lw x7,4(x7)
Register Write to Reg: 0x07 Val: 0x00000003
[inst #1526] addi x0,x0,0
Register Write to Reg: 0x00 Val: 0x00000000
[inst #1527] addi x0,x0,0
Register Write to Reg: 0x00 Val: 0x00000000
[inst #1528] addi x0,x0,0
Register Write to Reg: 0x00 Val: 0x00000000
[inst #1529] addi x28,x7,1
Register Write to Reg: 0x1C Val: 0x00000004
[inst #1530] lw x7,32(x8)
Register Write to Reg: 0x07 Val: 0x10010F94
[inst #1531] addi x0,x0,0
Register Write to Reg: 0x00 Val: 0x00000000
[inst #1532] addi x0,x0,0
Register Write to Reg: 0x00 Val: 0x00000000
[inst #1533] addi x0,x0,0
Register Write to Reg: 0x00 Val: 0x00000000
[inst #1534] sw x28,4(x7)
Memory Write to Addr: 0x10010F98 Val: 0x00000004
[inst #1535] lw x7,32(x8)
Register Write to Reg: 0x07 Val: 0x10010F94
[inst #1536] addi x0,x0,0
Register Write to Reg: 0x00 Val: 0x00000000
[inst #1537] addi x0,x0,0
Register Write to Reg: 0x00 Val: 0x00000000
[inst #1538] addi x0,x0,0
Register Write to Reg: 0x00 Val: 0x00000000
[inst #1539] lw x7,4(x7)
Register Write to Reg: 0x07 Val: 0x00000004
[inst #1540] addi x0,x0,0
Register Write to Reg: 0x00 Val: 0x00000000
[inst #1541] addi x0,x0,0
Register Write to Reg: 0x00 Val: 0x00000000
[inst #1542] addi x0,x0,0
Register Write to Reg: 0x00 Val: 0x00000000
[inst #1543] slti x7,x7,4
Register Write to Reg: 0x07 Val: 0x00000000
[inst #1544] addi x0,x0,0
Register Write to Reg: 0x00 Val: 0x00000000
[inst #1545] addi x0,x0,0
Register Write to Reg: 0x00 Val: 0x00000000
[inst #1546] addi x0,x0,0
Register Write to Reg: 0x00 Val: 0x00000000
[inst #1547] beq x7,x0,24
[inst #1548] addi x7,x0,-1
Register Write to Reg: 0x07 Val: 0xFFFFFFFF
[inst #1549] add x2,x0,x8
Register Write to Reg: 0x02 Val: 0x10010F58
[inst #1550] addi x0,x0,0
Register Write to Reg: 0x00 Val: 0x00000000
[inst #1551] addi x0,x0,0
Register Write to Reg: 0x00 Val: 0x00000000
[inst #1552] addi x0,x0,0
Register Write to Reg: 0x00 Val: 0x00000000
[inst #1553] lw x1,28(x2)
Register Write to Reg: 0x01 Val: 0x004004C0
[inst #1554] lw x8,24(x2)
Register Write to Reg: 0x08 Val: 0x10010F78
[inst #1555] addi x2,x2,32
Register Write to Reg: 0x02 Val: 0x10010F78
[inst #1556] addi x0,x0,0
Register Write to Reg: 0x00 Val: 0x00000000
[inst #1557] jalr x0,x1,0
Register Write to Reg: 0x00 Val: 0x004006E8
[inst #1558] sw x7,24(x8)
Memory Write to Addr: 0x10010F90 Val: 0xFFFFFFFF
[inst #1559] jal x0,-552
Register Write to Reg: 0x00 Val: 0x004004C8
[inst #1560] lw x28,24(x8)
Register Write to Reg: 0x1C Val: 0xFFFFFFFF
[inst #1561] addi x7,x0,-1
Register Write to Reg: 0x07 Val: 0xFFFFFFFF
[inst #1562] addi x0,x0,0
Register Write to Reg: 0x00 Val: 0x00000000
[inst #1563] addi x0,x0,0
Register Write to Reg: 0x00 Val: 0x00000000
[inst #1564] addi x0,x0,0
Register Write to Reg: 0x00 Val: 0x00000000
[inst #1565] beq x28,x7,24
[inst #1566] lui x7,65552
Register Write to Reg: 0x07 Val: 0x10010000
[inst #1567] addi x0,x0,0
Register Write to Reg: 0x00 Val: 0x00000000
[inst #1568] addi x0,x0,0
Register Write to Reg: 0x00 Val: 0x00000000
[inst #1569] addi x0,x0,0
Register Write to Reg: 0x00 Val: 0x00000000
[inst #1570] addi x7,x7,40
Register Write to Reg: 0x07 Val: 0x10010028
[inst #1571] addi x0,x0,0
Register Write to Reg: 0x00 Val: 0x00000000
[inst #1572] addi x0,x0,0
Register Write to Reg: 0x00 Val: 0x00000000
[inst #1573] addi x0,x0,0
Register Write to Reg: 0x00 Val: 0x00000000
[inst #1574] lw x7,0(x7)
Register Write to Reg: 0x07 Val: 0x00000003
[inst #1575] addi x0,x0,0
Register Write to Reg: 0x00 Val: 0x00000000
[inst #1576] addi x0,x0,0
Register Write to Reg: 0x00 Val: 0x00000000
[inst #1577] addi x0,x0,0
Register Write to Reg: 0x00 Val: 0x00000000
[inst #1578] addi x29,x7,-1
Register Write to Reg: 0x1D Val: 0x00000002
[inst #1579] lui x28,65552
Register Write to Reg: 0x1C Val: 0x10010000
[inst #1580] addi x0,x0,0
Register Write to Reg: 0x00 Val: 0x00000000
[inst #1581] addi x0,x0,0
Register Write to Reg: 0x00 Val: 0x00000000
[inst #1582] addi x0,x0,0
Register Write to Reg: 0x00 Val: 0x00000000
[inst #1583] addi x28,x28,40
Register Write to Reg: 0x1C Val: 0x10010028
[inst #1584] lui x29,65552
Register Write to Reg: 0x1D Val: 0x10010000
[inst #1585] addi x0,x0,0
Register Write to Reg: 0x00 Val: 0x00000000
[inst #1586] addi x0,x0,0
Register Write to Reg: 0x00 Val: 0x00000000
[inst #1587] addi x0,x0,0
Register Write to Reg: 0x00 Val: 0x00000000
[inst #1588] addi x29,x29,0
Register Write to Reg: 0x1D Val: 0x10010000
[inst #1589] slli x28,x7,2
Register Write to Reg: 0x1C Val: 0x0000000C
[inst #1590] addi x0,x0,0
Register Write to Reg: 0x00 Val: 0x00000000
[inst #1591] addi x0,x0,0
Register Write to Reg: 0x00 Val: 0x00000000
[inst #1592] addi x0,x0,0
Register Write to Reg: 0x00 Val: 0x00000000
[inst #1593] srli x28,x28,1
Register Write to Reg: 0x1C Val: 0x00000006
[inst #1594] addi x0,x0,0
Register Write to Reg: 0x00 Val: 0x00000000
[inst #1595] addi x0,x0,0
Register Write to Reg: 0x00 Val: 0x00000000
[inst #1596] addi x0,x0,0
Register Write to Reg: 0x00 Val: 0x00000000
[inst #1597] srai x28,x28,1
Register Write to Reg: 0x1C Val: 0x00000003
[inst #1598] addi x0,x0,0
Register Write to Reg: 0x00 Val: 0x00000000
[inst #1599] addi x0,x0,0
Register Write to Reg: 0x00 Val: 0x00000000
[inst #1600] addi x0,x0,0
Register Write to Reg: 0x00 Val: 0x00000000
[inst #1601] slli x28,x28,2
Register Write to Reg: 0x1C Val: 0x0000000C
[inst #1602] xor x31,x1,x7
Register Write to Reg: 0x1F Val: 0x004004C3
[inst #1603] or x31,x1,x7
Register Write to Reg: 0x1F Val: 0x004004C3
[inst #1604] addi x0,x0,0
Register Write to Reg: 0x00 Val: 0x00000000
[inst #1605] addi x0,x0,0
Register Write to Reg: 0x00 Val: 0x00000000
[inst #1606] addi x0,x0,0
Register Write to Reg: 0x00 Val: 0x00000000
[inst #1607] sub x31,x0,x31
Register Write to Reg: 0x1F Val: 0xFFBFFB3D
[inst #1608] lui x7,65552
Register Write to Reg: 0x07 Val: 0x10010000
[inst #1609] addi x0,x0,0
Register Write to Reg: 0x00 Val: 0x00000000
[inst #1610] addi x0,x0,0
Register Write to Reg: 0x00 Val: 0x00000000
[inst #1611] addi x0,x0,0
Register Write to Reg: 0x00 Val: 0x00000000
[inst #1612] addi x7,x7,0
Register Write to Reg: 0x07 Val: 0x10010000
[inst #1613] lui x11,1
Register Write to Reg: 0x0B Val: 0x00001000
[inst #1614] addi x0,x0,0
Register Write to Reg: 0x00 Val: 0x00000000
[inst #1615] addi x0,x0,0
Register Write to Reg: 0x00 Val: 0x00000000
[inst #1616] addi x0,x0,0
Register Write to Reg: 0x00 Val: 0x00000000
[inst #1617] addi x11,x11,-1
Register Write to Reg: 0x0B Val: 0x00000FFF
[inst #1618] addi x0,x0,0
Register Write to Reg: 0x00 Val: 0x00000000
[inst #1619] addi x0,x0,0
Register Write to Reg: 0x00 Val: 0x00000000
[inst #1620] addi x0,x0,0
Register Write to Reg: 0x00 Val: 0x00000000
[inst #1621] and x31,x7,x11
Register Write to Reg: 0x1F Val: 0x00000000
[inst #1622] addi x0,x0,0
Register Write to Reg: 0x00 Val: 0x00000000
[inst #1623] addi x0,x0,0
Register Write to Reg: 0x00 Val: 0x00000000
[inst #1624] addi x0,x0,0
Register Write to Reg: 0x00 Val: 0x00000000
[inst #1625] add x7,x29,x31
Register Write to Reg: 0x07 Val: 0x10010000
[inst #1626] addi x0,x0,0
Register Write to Reg: 0x00 Val: 0x00000000
[inst #1627] addi x0,x0,0
Register Write to Reg: 0x00 Val: 0x00000000
[inst #1628] addi x0,x0,0
Register Write to Reg: 0x00 Val: 0x00000000
[inst #1629] add x7,x28,x7
Register Write to Reg: 0x07 Val: 0x1001000C
[inst #1630] lw x28,48(x8)
Register Write to Reg: 0x1C Val: 0x00000001
[inst #1631] addi x0,x0,0
Register Write to Reg: 0x00 Val: 0x00000000
[inst #1632] addi x0,x0,0
Register Write to Reg: 0x00 Val: 0x00000000
[inst #1633] addi x0,x0,0
Register Write to Reg: 0x00 Val: 0x00000000
[inst #1634] sw x28,0(x7)
Memory Write to Addr: 0x1001000C Val: 0x00000001
[inst #1635] add x2,x0,x8
Register Write to Reg: 0x02 Val: 0x10010F78
[inst #1636] addi x0,x0,0
Register Write to Reg: 0x00 Val: 0x00000000
[inst #1637] addi x0,x0,0
Register Write to Reg: 0x00 Val: 0x00000000
[inst #1638] addi x0,x0,0
Register Write to Reg: 0x00 Val: 0x00000000
[inst #1639] lw x1,44(x2)
Register Write to Reg: 0x01 Val: 0x00400264
[inst #1640] lw x8,40(x2)
Register Write to Reg: 0x08 Val: 0x10010FA8
[inst #1641] addi x2,x2,48
Register Write to Reg: 0x02 Val: 0x10010FA8
[inst #1642] addi x0,x0,0
Register Write to Reg: 0x00 Val: 0x00000000
[inst #1643] jalr x0,x1,0
Register Write to Reg: 0x00 Val: 0x00400400
[inst #1644] addi x7,x8,28
Register Write to Reg: 0x07 Val: 0x10010FC4
[inst #1645] addi x0,x0,0
Register Write to Reg: 0x00 Val: 0x00000000
[inst #1646] addi x0,x0,0
Register Write to Reg: 0x00 Val: 0x00000000
[inst #1647] addi x0,x0,0
Register Write to Reg: 0x00 Val: 0x00000000
[inst #1648] add x29,x0,x7
Register Write to Reg: 0x1D Val: 0x10010FC4
[inst #1649] lui x1,1024
Register Write to Reg: 0x01 Val: 0x00400000
[inst #1650] addi x0,x0,0
Register Write to Reg: 0x00 Val: 0x00000000
[inst #1651] addi x0,x0,0
Register Write to Reg: 0x00 Val: 0x00000000
[inst #1652] addi x0,x0,0
Register Write to Reg: 0x00 Val: 0x00000000
[inst #1653] addi x1,x1,664
Register Write to Reg: 0x01 Val: 0x00400298
[inst #1654] jal x0,720
Register Write to Reg: 0x00 Val: 0x00400290
[inst #1655] addi x2,x2,-32
Register Write to Reg: 0x02 Val: 0x10010F88
[inst #1656] addi x0,x0,0
Register Write to Reg: 0x00 Val: 0x00000000
[inst #1657] addi x0,x0,0
Register Write to Reg: 0x00 Val: 0x00000000
[inst #1658] addi x0,x0,0
Register Write to Reg: 0x00 Val: 0x00000000
[inst #1659] sw x1,28(x2)
Memory Write to Addr: 0x10010FA4 Val: 0x00400298
[inst #1660] sw x8,24(x2)
Memory Write to Addr: 0x10010FA0 Val: 0x10010FA8
[inst #1661] add x8,x0,x2
Register Write to Reg: 0x08 Val: 0x10010F88
[inst #1662] addi x0,x0,0
Register Write to Reg: 0x00 Val: 0x00000000
[inst #1663] addi x0,x0,0
Register Write to Reg: 0x00 Val: 0x00000000
[inst #1664] addi x0,x0,0
Register Write to Reg: 0x00 Val: 0x00000000
[inst #1665] sw x29,32(x8)
Memory Write to Addr: 0x10010FA8 Val: 0x10010FC4
[inst #1666] jal x0,240
Register Write to Reg: 0x00 Val: 0x0040058C
[inst #1667] lw x7,32(x8)
Register Write to Reg: 0x07 Val: 0x10010FC4
[inst #1668] addi x0,x0,0
Register Write to Reg: 0x00 Val: 0x00000000
[inst #1669] addi x0,x0,0
Register Write to Reg: 0x00 Val: 0x00000000
[inst #1670] addi x0,x0,0
Register Write to Reg: 0x00 Val: 0x00000000
[inst #1671] lw x7,4(x7)
Register Write to Reg: 0x07 Val: 0x00000002
[inst #1672] addi x0,x0,0
Register Write to Reg: 0x00 Val: 0x00000000
[inst #1673] addi x0,x0,0
Register Write to Reg: 0x00 Val: 0x00000000
[inst #1674] addi x0,x0,0
Register Write to Reg: 0x00 Val: 0x00000000
[inst #1675] slti x7,x7,4
Register Write to Reg: 0x07 Val: 0x00000001
[inst #1676] addi x0,x0,0
Register Write to Reg: 0x00 Val: 0x00000000
[inst #1677] addi x0,x0,0
Register Write to Reg: 0x00 Val: 0x00000000
[inst #1678] addi x0,x0,0
Register Write to Reg: 0x00 Val: 0x00000000
[inst #1679] beq x7,x0,24
[inst #1680] addi x0,x0,0
Register Write to Reg: 0x00 Val: 0x00000000
[inst #1681] addi x0,x0,0
Register Write to Reg: 0x00 Val: 0x00000000
[inst #1682] jal x0,-288
Register Write to Reg: 0x00 Val: 0x004006B8
[inst #1683] lw x7,32(x8)
Register Write to Reg: 0x07 Val: 0x10010FC4
[inst #1684] addi x0,x0,0
Register Write to Reg: 0x00 Val: 0x00000000
[inst #1685] addi x0,x0,0
Register Write to Reg: 0x00 Val: 0x00000000
[inst #1686] addi x0,x0,0
Register Write to Reg: 0x00 Val: 0x00000000
[inst #1687] lw x28,0(x7)
Register Write to Reg: 0x1C Val: 0x00000000
[inst #1688] lw x7,32(x8)
Register Write to Reg: 0x07 Val: 0x10010FC4
[inst #1689] addi x0,x0,0
Register Write to Reg: 0x00 Val: 0x00000000
[inst #1690] addi x0,x0,0
Register Write to Reg: 0x00 Val: 0x00000000
[inst #1691] addi x0,x0,0
Register Write to Reg: 0x00 Val: 0x00000000
[inst #1692] lw x7,4(x7)
Register Write to Reg: 0x07 Val: 0x00000002
[inst #1693] addi x0,x0,0
Register Write to Reg: 0x00 Val: 0x00000000
[inst #1694] addi x0,x0,0
Register Write to Reg: 0x00 Val: 0x00000000
[inst #1695] addi x0,x0,0
Register Write to Reg: 0x00 Val: 0x00000000
[inst #1696] add x30,x0,x7
Register Write to Reg: 0x1E Val: 0x00000002
[inst #1697] add x29,x0,x28
Register Write to Reg: 0x1D Val: 0x00000000
[inst #1698] lui x1,1024
Register Write to Reg: 0x01 Val: 0x00400000
[inst #1699] addi x0,x0,0
Register Write to Reg: 0x00 Val: 0x00000000
[inst #1700] addi x0,x0,0
Register Write to Reg: 0x00 Val: 0x00000000
[inst #1701] addi x0,x0,0
Register Write to Reg: 0x00 Val: 0x00000000
[inst #1702] addi x1,x1,1520
Register Write to Reg: 0x01 Val: 0x004005F0
[inst #1703] jal x0,272
Register Write to Reg: 0x00 Val: 0x004005E8
[inst #1704] addi x2,x2,-32
Register Write to Reg: 0x02 Val: 0x10010F68
[inst #1705] addi x0,x0,0
Register Write to Reg: 0x00 Val: 0x00000000
[inst #1706] addi x0,x0,0
Register Write to Reg: 0x00 Val: 0x00000000
[inst #1707] addi x0,x0,0
Register Write to Reg: 0x00 Val: 0x00000000
[inst #1708] sw x8,28(x2)
Memory Write to Addr: 0x10010F84 Val: 0x10010F88
[inst #1709] add x8,x0,x2
Register Write to Reg: 0x08 Val: 0x10010F68
[inst #1710] addi x0,x0,0
Register Write to Reg: 0x00 Val: 0x00000000
[inst #1711] addi x0,x0,0
Register Write to Reg: 0x00 Val: 0x00000000
[inst #1712] addi x0,x0,0
Register Write to Reg: 0x00 Val: 0x00000000
[inst #1713] sw x29,32(x8)
Memory Write to Addr: 0x10010F88 Val: 0x00000000
[inst #1714] sw x30,36(x8)
Memory Write to Addr: 0x10010F8C Val: 0x00000002
[inst #1715] lui x7,65552
Register Write to Reg: 0x07 Val: 0x10010000
[inst #1716] addi x0,x0,0
Register Write to Reg: 0x00 Val: 0x00000000
[inst #1717] addi x0,x0,0
Register Write to Reg: 0x00 Val: 0x00000000
[inst #1718] addi x0,x0,0
Register Write to Reg: 0x00 Val: 0x00000000
[inst #1719] addi x7,x7,20
Register Write to Reg: 0x07 Val: 0x10010014
[inst #1720] lw x28,32(x8)
Register Write to Reg: 0x1C Val: 0x00000000
[inst #1721] addi x0,x0,0
Register Write to Reg: 0x00 Val: 0x00000000
[inst #1722] addi x0,x0,0
Register Write to Reg: 0x00 Val: 0x00000000
[inst #1723] addi x0,x0,0
Register Write to Reg: 0x00 Val: 0x00000000
[inst #1724] slli x28,x28,2
Register Write to Reg: 0x1C Val: 0x00000000
[inst #1725] addi x0,x0,0
Register Write to Reg: 0x00 Val: 0x00000000
[inst #1726] addi x0,x0,0
Register Write to Reg: 0x00 Val: 0x00000000
[inst #1727] addi x0,x0,0
Register Write to Reg: 0x00 Val: 0x00000000
[inst #1728] add x7,x28,x7
Register Write to Reg: 0x07 Val: 0x10010014
[inst #1729] addi x0,x0,0
Register Write to Reg: 0x00 Val: 0x00000000
[inst #1730] addi x0,x0,0
Register Write to Reg: 0x00 Val: 0x00000000
[inst #1731] addi x0,x0,0
Register Write to Reg: 0x00 Val: 0x00000000
[inst #1732] lw x7,0(x7)
Register Write to Reg: 0x07 Val: 0x00000006
[inst #1733] addi x0,x0,0
Register Write to Reg: 0x00 Val: 0x00000000
[inst #1734] addi x0,x0,0
Register Write to Reg: 0x00 Val: 0x00000000
[inst #1735] addi x0,x0,0
Register Write to Reg: 0x00 Val: 0x00000000
[inst #1736] sw x7,16(x8)
Memory Write to Addr: 0x10010F78 Val: 0x00000006
[inst #1737] addi x7,x0,1
Register Write to Reg: 0x07 Val: 0x00000001
[inst #1738] addi x0,x0,0
Register Write to Reg: 0x00 Val: 0x00000000
[inst #1739] addi x0,x0,0
Register Write to Reg: 0x00 Val: 0x00000000
[inst #1740] addi x0,x0,0
Register Write to Reg: 0x00 Val: 0x00000000
[inst #1741] sw x7,8(x8)
Memory Write to Addr: 0x10010F70 Val: 0x00000001
[inst #1742] sw x0,12(x8)
Memory Write to Addr: 0x10010F74 Val: 0x00000000
[inst #1743] jal x0,84
Register Write to Reg: 0x00 Val: 0x00400794
[inst #1744] lw x28,12(x8)
Register Write to Reg: 0x1C Val: 0x00000000
[inst #1745] lw x7,36(x8)
Register Write to Reg: 0x07 Val: 0x00000002
[inst #1746] addi x0,x0,0
Register Write to Reg: 0x00 Val: 0x00000000
[inst #1747] addi x0,x0,0
Register Write to Reg: 0x00 Val: 0x00000000
[inst #1748] addi x0,x0,0
Register Write to Reg: 0x00 Val: 0x00000000
[inst #1749] slt x7,x28,x7
Register Write to Reg: 0x07 Val: 0x00000001
[inst #1750] addi x0,x0,0
Register Write to Reg: 0x00 Val: 0x00000000
[inst #1751] addi x0,x0,0
Register Write to Reg: 0x00 Val: 0x00000000
[inst #1752] addi x0,x0,0
Register Write to Reg: 0x00 Val: 0x00000000
[inst #1753] beq x7,x0,24
[inst #1754] addi x0,x0,0
Register Write to Reg: 0x00 Val: 0x00000000
[inst #1755] addi x0,x0,0
Register Write to Reg: 0x00 Val: 0x00000000
[inst #1756] jal x0,-120
Register Write to Reg: 0x00 Val: 0x00400818
[inst #1757] lw x7,8(x8)
Register Write to Reg: 0x07 Val: 0x00000001
[inst #1758] addi x0,x0,0
Register Write to Reg: 0x00 Val: 0x00000000
[inst #1759] addi x0,x0,0
Register Write to Reg: 0x00 Val: 0x00000000
[inst #1760] addi x0,x0,0
Register Write to Reg: 0x00 Val: 0x00000000
[inst #1761] slli x7,x7,1
Register Write to Reg: 0x07 Val: 0x00000002
[inst #1762] addi x0,x0,0
Register Write to Reg: 0x00 Val: 0x00000000
[inst #1763] addi x0,x0,0
Register Write to Reg: 0x00 Val: 0x00000000
[inst #1764] addi x0,x0,0
Register Write to Reg: 0x00 Val: 0x00000000
[inst #1765] sw x7,8(x8)
Memory Write to Addr: 0x10010F70 Val: 0x00000002
[inst #1766] lw x7,12(x8)
Register Write to Reg: 0x07 Val: 0x00000000
[inst #1767] addi x0,x0,0
Register Write to Reg: 0x00 Val: 0x00000000
[inst #1768] addi x0,x0,0
Register Write to Reg: 0x00 Val: 0x00000000
[inst #1769] addi x0,x0,0
Register Write to Reg: 0x00 Val: 0x00000000
[inst #1770] addi x7,x7,1
Register Write to Reg: 0x07 Val: 0x00000001
[inst #1771] addi x0,x0,0
Register Write to Reg: 0x00 Val: 0x00000000
[inst #1772] addi x0,x0,0
Register Write to Reg: 0x00 Val: 0x00000000
[inst #1773] addi x0,x0,0
Register Write to Reg: 0x00 Val: 0x00000000
[inst #1774] sw x7,12(x8)
Memory Write to Addr: 0x10010F74 Val: 0x00000001
[inst #1775] lw x28,12(x8)
Register Write to Reg: 0x1C Val: 0x00000001
[inst #1776] lw x7,36(x8)
Register Write to Reg: 0x07 Val: 0x00000002
[inst #1777] addi x0,x0,0
Register Write to Reg: 0x00 Val: 0x00000000
[inst #1778] addi x0,x0,0
Register Write to Reg: 0x00 Val: 0x00000000
[inst #1779] addi x0,x0,0
Register Write to Reg: 0x00 Val: 0x00000000
[inst #1780] slt x7,x28,x7
Register Write to Reg: 0x07 Val: 0x00000001
[inst #1781] addi x0,x0,0
Register Write to Reg: 0x00 Val: 0x00000000
[inst #1782] addi x0,x0,0
Register Write to Reg: 0x00 Val: 0x00000000
[inst #1783] addi x0,x0,0
Register Write to Reg: 0x00 Val: 0x00000000
[inst #1784] beq x7,x0,24
[inst #1785] addi x0,x0,0
Register Write to Reg: 0x00 Val: 0x00000000
[inst #1786] addi x0,x0,0
Register Write to Reg: 0x00 Val: 0x00000000
[inst #1787] jal x0,-120
Register Write to Reg: 0x00 Val: 0x00400818
[inst #1788] lw x7,8(x8)
Register Write to Reg: 0x07 Val: 0x00000002
[inst #1789] addi x0,x0,0
Register Write to Reg: 0x00 Val: 0x00000000
[inst #1790] addi x0,x0,0
Register Write to Reg: 0x00 Val: 0x00000000
[inst #1791] addi x0,x0,0
Register Write to Reg: 0x00 Val: 0x00000000
[inst #1792] slli x7,x7,1
Register Write to Reg: 0x07 Val: 0x00000004
[inst #1793] addi x0,x0,0
Register Write to Reg: 0x00 Val: 0x00000000
[inst #1794] addi x0,x0,0
Register Write to Reg: 0x00 Val: 0x00000000
[inst #1795] addi x0,x0,0
Register Write to Reg: 0x00 Val: 0x00000000
[inst #1796] sw x7,8(x8)
Memory Write to Addr: 0x10010F70 Val: 0x00000004
[inst #1797] lw x7,12(x8)
Register Write to Reg: 0x07 Val: 0x00000001
[inst #1798] addi x0,x0,0
Register Write to Reg: 0x00 Val: 0x00000000
[inst #1799] addi x0,x0,0
Register Write to Reg: 0x00 Val: 0x00000000
[inst #1800] addi x0,x0,0
Register Write to Reg: 0x00 Val: 0x00000000
[inst #1801] addi x7,x7,1
Register Write to Reg: 0x07 Val: 0x00000002
[inst #1802] addi x0,x0,0
Register Write to Reg: 0x00 Val: 0x00000000
[inst #1803] addi x0,x0,0
Register Write to Reg: 0x00 Val: 0x00000000
[inst #1804] addi x0,x0,0
Register Write to Reg: 0x00 Val: 0x00000000
[inst #1805] sw x7,12(x8)
Memory Write to Addr: 0x10010F74 Val: 0x00000002
[inst #1806] lw x28,12(x8)
Register Write to Reg: 0x1C Val: 0x00000002
[inst #1807] lw x7,36(x8)
Register Write to Reg: 0x07 Val: 0x00000002
[inst #1808] addi x0,x0,0
Register Write to Reg: 0x00 Val: 0x00000000
[inst #1809] addi x0,x0,0
Register Write to Reg: 0x00 Val: 0x00000000
[inst #1810] addi x0,x0,0
Register Write to Reg: 0x00 Val: 0x00000000
[inst #1811] slt x7,x28,x7
Register Write to Reg: 0x07 Val: 0x00000000
[inst #1812] addi x0,x0,0
Register Write to Reg: 0x00 Val: 0x00000000
[inst #1813] addi x0,x0,0
Register Write to Reg: 0x00 Val: 0x00000000
[inst #1814] addi x0,x0,0
Register Write to Reg: 0x00 Val: 0x00000000
[inst #1815] beq x7,x0,24
[inst #1816] lw x28,8(x8)
Register Write to Reg: 0x1C Val: 0x00000004
[inst #1817] lw x7,16(x8)
Register Write to Reg: 0x07 Val: 0x00000006
[inst #1818] addi x0,x0,0
Register Write to Reg: 0x00 Val: 0x00000000
[inst #1819] addi x0,x0,0
Register Write to Reg: 0x00 Val: 0x00000000
[inst #1820] addi x0,x0,0
Register Write to Reg: 0x00 Val: 0x00000000
[inst #1821] and x7,x28,x7
Register Write to Reg: 0x07 Val: 0x00000004
[inst #1822] addi x0,x0,0
Register Write to Reg: 0x00 Val: 0x00000000
[inst #1823] addi x0,x0,0
Register Write to Reg: 0x00 Val: 0x00000000
[inst #1824] addi x0,x0,0
Register Write to Reg: 0x00 Val: 0x00000000
[inst #1825] slt x7,x0,x7
Register Write to Reg: 0x07 Val: 0x00000001
[inst #1826] addi x0,x0,0
Register Write to Reg: 0x00 Val: 0x00000000
[inst #1827] addi x0,x0,0
Register Write to Reg: 0x00 Val: 0x00000000
[inst #1828] addi x0,x0,0
Register Write to Reg: 0x00 Val: 0x00000000
[inst #1829] andi x7,x7,255
Register Write to Reg: 0x07 Val: 0x00000001
[inst #1830] add x2,x0,x8
Register Write to Reg: 0x02 Val: 0x10010F68
[inst #1831] addi x0,x0,0
Register Write to Reg: 0x00 Val: 0x00000000
[inst #1832] addi x0,x0,0
Register Write to Reg: 0x00 Val: 0x00000000
[inst #1833] addi x0,x0,0
Register Write to Reg: 0x00 Val: 0x00000000
[inst #1834] lw x8,28(x2)
Register Write to Reg: 0x08 Val: 0x10010F88
[inst #1835] addi x2,x2,32
Register Write to Reg: 0x02 Val: 0x10010F88
[inst #1836] jalr x0,x1,0
Register Write to Reg: 0x00 Val: 0x00400874
[inst #1837] beq x7,x0,80
[inst #1838] addi x0,x0,0
Register Write to Reg: 0x00 Val: 0x00000000
[inst #1839] addi x0,x0,0
Register Write to Reg: 0x00 Val: 0x00000000
[inst #1840] lw x7,32(x8)
Register Write to Reg: 0x07 Val: 0x10010FC4
[inst #1841] addi x0,x0,0
Register Write to Reg: 0x00 Val: 0x00000000
[inst #1842] addi x0,x0,0
Register Write to Reg: 0x00 Val: 0x00000000
[inst #1843] addi x0,x0,0
Register Write to Reg: 0x00 Val: 0x00000000
[inst #1844] lw x7,4(x7)
Register Write to Reg: 0x07 Val: 0x00000002
[inst #1845] addi x0,x0,0
Register Write to Reg: 0x00 Val: 0x00000000
[inst #1846] addi x0,x0,0
Register Write to Reg: 0x00 Val: 0x00000000
[inst #1847] addi x0,x0,0
Register Write to Reg: 0x00 Val: 0x00000000
[inst #1848] addi x29,x7,1
Register Write to Reg: 0x1D Val: 0x00000003
[inst #1849] lw x28,32(x8)
Register Write to Reg: 0x1C Val: 0x10010FC4
[inst #1850] addi x0,x0,0
Register Write to Reg: 0x00 Val: 0x00000000
[inst #1851] addi x0,x0,0
Register Write to Reg: 0x00 Val: 0x00000000
[inst #1852] addi x0,x0,0
Register Write to Reg: 0x00 Val: 0x00000000
[inst #1853] sw x29,4(x28)
Memory Write to Addr: 0x10010FC8 Val: 0x00000003
[inst #1854] jal x0,144
Register Write to Reg: 0x00 Val: 0x00400638
[inst #1855] add x2,x0,x8
Register Write to Reg: 0x02 Val: 0x10010F88
[inst #1856] addi x0,x0,0
Register Write to Reg: 0x00 Val: 0x00000000
[inst #1857] addi x0,x0,0
Register Write to Reg: 0x00 Val: 0x00000000
[inst #1858] addi x0,x0,0
Register Write to Reg: 0x00 Val: 0x00000000
[inst #1859] lw x1,28(x2)
Register Write to Reg: 0x01 Val: 0x00400298
[inst #1860] lw x8,24(x2)
Register Write to Reg: 0x08 Val: 0x10010FA8
[inst #1861] addi x2,x2,32
Register Write to Reg: 0x02 Val: 0x10010FA8
[inst #1862] addi x0,x0,0
Register Write to Reg: 0x00 Val: 0x00000000
[inst #1863] jalr x0,x1,0
Register Write to Reg: 0x00 Val: 0x004006E8
[inst #1864] sw x7,24(x8)
Memory Write to Addr: 0x10010FC0 Val: 0x00000002
[inst #1865] lw x28,24(x8)
Register Write to Reg: 0x1C Val: 0x00000002
[inst #1866] addi x7,x0,-1
Register Write to Reg: 0x07 Val: 0xFFFFFFFF
[inst #1867] addi x0,x0,0
Register Write to Reg: 0x00 Val: 0x00000000
[inst #1868] addi x0,x0,0
Register Write to Reg: 0x00 Val: 0x00000000
[inst #1869] addi x0,x0,0
Register Write to Reg: 0x00 Val: 0x00000000
[inst #1870] beq x28,x7,24
[inst #1871] addi x0,x0,0
Register Write to Reg: 0x00 Val: 0x00000000
[inst #1872] addi x0,x0,0
Register Write to Reg: 0x00 Val: 0x00000000
[inst #1873] jal x0,-204
Register Write to Reg: 0x00 Val: 0x004002C0
[inst #1874] lw x29,24(x8)
Register Write to Reg: 0x1D Val: 0x00000002
[inst #1875] lui x1,1024
Register Write to Reg: 0x01 Val: 0x00400000
[inst #1876] addi x0,x0,0
Register Write to Reg: 0x00 Val: 0x00000000
[inst #1877] addi x0,x0,0
Register Write to Reg: 0x00 Val: 0x00000000
[inst #1878] addi x0,x0,0
Register Write to Reg: 0x00 Val: 0x00000000
[inst #1879] addi x1,x1,532
Register Write to Reg: 0x01 Val: 0x00400214
[inst #1880] jal x0,1992
Register Write to Reg: 0x00 Val: 0x0040020C
[inst #1881] addi x2,x2,-32
Register Write to Reg: 0x02 Val: 0x10010F88
[inst #1882] addi x0,x0,0
Register Write to Reg: 0x00 Val: 0x00000000
[inst #1883] addi x0,x0,0
Register Write to Reg: 0x00 Val: 0x00000000
[inst #1884] addi x0,x0,0
Register Write to Reg: 0x00 Val: 0x00000000
[inst #1885] sw x8,28(x2)
Memory Write to Addr: 0x10010FA4 Val: 0x10010FA8
[inst #1886] add x8,x0,x2
Register Write to Reg: 0x08 Val: 0x10010F88
[inst #1887] addi x0,x0,0
Register Write to Reg: 0x00 Val: 0x00000000
[inst #1888] addi x0,x0,0
Register Write to Reg: 0x00 Val: 0x00000000
[inst #1889] addi x0,x0,0
Register Write to Reg: 0x00 Val: 0x00000000
[inst #1890] sw x29,32(x8)
Memory Write to Addr: 0x10010FA8 Val: 0x00000002
[inst #1891] ori x7,x0,1
Register Write to Reg: 0x07 Val: 0x00000001
[inst #1892] addi x0,x0,0
Register Write to Reg: 0x00 Val: 0x00000000
[inst #1893] addi x0,x0,0
Register Write to Reg: 0x00 Val: 0x00000000
[inst #1894] addi x0,x0,0
Register Write to Reg: 0x00 Val: 0x00000000
[inst #1895] sw x7,8(x8)
Memory Write to Addr: 0x10010F90 Val: 0x00000001
[inst #1896] sw x0,12(x8)
Memory Write to Addr: 0x10010F94 Val: 0x00000000
[inst #1897] jal x0,84
Register Write to Reg: 0x00 Val: 0x00400A14
[inst #1898] lw x28,12(x8)
Register Write to Reg: 0x1C Val: 0x00000000
[inst #1899] lw x7,32(x8)
Register Write to Reg: 0x07 Val: 0x00000002
[inst #1900] addi x0,x0,0
Register Write to Reg: 0x00 Val: 0x00000000
[inst #1901] addi x0,x0,0
Register Write to Reg: 0x00 Val: 0x00000000
[inst #1902] addi x0,x0,0
Register Write to Reg: 0x00 Val: 0x00000000
[inst #1903] slt x7,x28,x7
Register Write to Reg: 0x07 Val: 0x00000001
[inst #1904] addi x0,x0,0
Register Write to Reg: 0x00 Val: 0x00000000
[inst #1905] addi x0,x0,0
Register Write to Reg: 0x00 Val: 0x00000000
[inst #1906] addi x0,x0,0
Register Write to Reg: 0x00 Val: 0x00000000
[inst #1907] beq x7,x0,24
[inst #1908] addi x0,x0,0
Register Write to Reg: 0x00 Val: 0x00000000
[inst #1909] addi x0,x0,0
Register Write to Reg: 0x00 Val: 0x00000000
[inst #1910] jal x0,-120
Register Write to Reg: 0x00 Val: 0x00400A98
[inst #1911] lw x7,8(x8)
Register Write to Reg: 0x07 Val: 0x00000001
[inst #1912] addi x0,x0,0
Register Write to Reg: 0x00 Val: 0x00000000
[inst #1913] addi x0,x0,0
Register Write to Reg: 0x00 Val: 0x00000000
[inst #1914] addi x0,x0,0
Register Write to Reg: 0x00 Val: 0x00000000
[inst #1915] slli x7,x7,8
Register Write to Reg: 0x07 Val: 0x00000100
[inst #1916] addi x0,x0,0
Register Write to Reg: 0x00 Val: 0x00000000
[inst #1917] addi x0,x0,0
Register Write to Reg: 0x00 Val: 0x00000000
[inst #1918] addi x0,x0,0
Register Write to Reg: 0x00 Val: 0x00000000
[inst #1919] sw x7,8(x8)
Memory Write to Addr: 0x10010F90 Val: 0x00000100
[inst #1920] lw x7,12(x8)
Register Write to Reg: 0x07 Val: 0x00000000
[inst #1921] addi x0,x0,0
Register Write to Reg: 0x00 Val: 0x00000000
[inst #1922] addi x0,x0,0
Register Write to Reg: 0x00 Val: 0x00000000
[inst #1923] addi x0,x0,0
Register Write to Reg: 0x00 Val: 0x00000000
[inst #1924] addi x7,x7,1
Register Write to Reg: 0x07 Val: 0x00000001
[inst #1925] addi x0,x0,0
Register Write to Reg: 0x00 Val: 0x00000000
[inst #1926] addi x0,x0,0
Register Write to Reg: 0x00 Val: 0x00000000
[inst #1927] addi x0,x0,0
Register Write to Reg: 0x00 Val: 0x00000000
[inst #1928] sw x7,12(x8)
Memory Write to Addr: 0x10010F94 Val: 0x00000001
[inst #1929] lw x28,12(x8)
Register Write to Reg: 0x1C Val: 0x00000001
[inst #1930] lw x7,32(x8)
Register Write to Reg: 0x07 Val: 0x00000002
[inst #1931] addi x0,x0,0
Register Write to Reg: 0x00 Val: 0x00000000
[inst #1932] addi x0,x0,0
Register Write to Reg: 0x00 Val: 0x00000000
[inst #1933] addi x0,x0,0
Register Write to Reg: 0x00 Val: 0x00000000
[inst #1934] slt x7,x28,x7
Register Write to Reg: 0x07 Val: 0x00000001
[inst #1935] addi x0,x0,0
Register Write to Reg: 0x00 Val: 0x00000000
[inst #1936] addi x0,x0,0
Register Write to Reg: 0x00 Val: 0x00000000
[inst #1937] addi x0,x0,0
Register Write to Reg: 0x00 Val: 0x00000000
[inst #1938] beq x7,x0,24
[inst #1939] addi x0,x0,0
Register Write to Reg: 0x00 Val: 0x00000000
[inst #1940] addi x0,x0,0
Register Write to Reg: 0x00 Val: 0x00000000
[inst #1941] jal x0,-120
Register Write to Reg: 0x00 Val: 0x00400A98
[inst #1942] lw x7,8(x8)
Register Write to Reg: 0x07 Val: 0x00000100
[inst #1943] addi x0,x0,0
Register Write to Reg: 0x00 Val: 0x00000000
[inst #1944] addi x0,x0,0
Register Write to Reg: 0x00 Val: 0x00000000
[inst #1945] addi x0,x0,0
Register Write to Reg: 0x00 Val: 0x00000000
[inst #1946] slli x7,x7,8
Register Write to Reg: 0x07 Val: 0x00010000
[inst #1947] addi x0,x0,0
Register Write to Reg: 0x00 Val: 0x00000000
[inst #1948] addi x0,x0,0
Register Write to Reg: 0x00 Val: 0x00000000
[inst #1949] addi x0,x0,0
Register Write to Reg: 0x00 Val: 0x00000000
[inst #1950] sw x7,8(x8)
Memory Write to Addr: 0x10010F90 Val: 0x00010000
[inst #1951] lw x7,12(x8)
Register Write to Reg: 0x07 Val: 0x00000001
[inst #1952] addi x0,x0,0
Register Write to Reg: 0x00 Val: 0x00000000
[inst #1953] addi x0,x0,0
Register Write to Reg: 0x00 Val: 0x00000000
[inst #1954] addi x0,x0,0
Register Write to Reg: 0x00 Val: 0x00000000
[inst #1955] addi x7,x7,1
Register Write to Reg: 0x07 Val: 0x00000002
[inst #1956] addi x0,x0,0
Register Write to Reg: 0x00 Val: 0x00000000
[inst #1957] addi x0,x0,0
Register Write to Reg: 0x00 Val: 0x00000000
[inst #1958] addi x0,x0,0
Register Write to Reg: 0x00 Val: 0x00000000
[inst #1959] sw x7,12(x8)
Memory Write to Addr: 0x10010F94 Val: 0x00000002
[inst #1960] lw x28,12(x8)
Register Write to Reg: 0x1C Val: 0x00000002
[inst #1961] lw x7,32(x8)
Register Write to Reg: 0x07 Val: 0x00000002
[inst #1962] addi x0,x0,0
Register Write to Reg: 0x00 Val: 0x00000000
[inst #1963] addi x0,x0,0
Register Write to Reg: 0x00 Val: 0x00000000
[inst #1964] addi x0,x0,0
Register Write to Reg: 0x00 Val: 0x00000000
[inst #1965] slt x7,x28,x7
Register Write to Reg: 0x07 Val: 0x00000000
[inst #1966] addi x0,x0,0
Register Write to Reg: 0x00 Val: 0x00000000
[inst #1967] addi x0,x0,0
Register Write to Reg: 0x00 Val: 0x00000000
[inst #1968] addi x0,x0,0
Register Write to Reg: 0x00 Val: 0x00000000
[inst #1969] beq x7,x0,24
[inst #1970] lui x7,65552
Register Write to Reg: 0x07 Val: 0x10010000
[inst #1971] addi x0,x0,0
Register Write to Reg: 0x00 Val: 0x00000000
[inst #1972] addi x0,x0,0
Register Write to Reg: 0x00 Val: 0x00000000
[inst #1973] addi x0,x0,0
Register Write to Reg: 0x00 Val: 0x00000000
[inst #1974] addi x7,x7,36
Register Write to Reg: 0x07 Val: 0x10010024
[inst #1975] addi x0,x0,0
Register Write to Reg: 0x00 Val: 0x00000000
[inst #1976] addi x0,x0,0
Register Write to Reg: 0x00 Val: 0x00000000
[inst #1977] addi x0,x0,0
Register Write to Reg: 0x00 Val: 0x00000000
[inst #1978] lw x7,0(x7)
Register Write to Reg: 0x07 Val: 0x00000101
[inst #1979] addi x0,x0,0
Register Write to Reg: 0x00 Val: 0x00000000
[inst #1980] addi x0,x0,0
Register Write to Reg: 0x00 Val: 0x00000000
[inst #1981] addi x0,x0,0
Register Write to Reg: 0x00 Val: 0x00000000
[inst #1982] sw x7,16(x8)
Memory Write to Addr: 0x10010F98 Val: 0x00000101
[inst #1983] lw x28,16(x8)
Register Write to Reg: 0x1C Val: 0x00000101
[inst #1984] lw x7,8(x8)
Register Write to Reg: 0x07 Val: 0x00010000
[inst #1985] addi x0,x0,0
Register Write to Reg: 0x00 Val: 0x00000000
[inst #1986] addi x0,x0,0
Register Write to Reg: 0x00 Val: 0x00000000
[inst #1987] addi x0,x0,0
Register Write to Reg: 0x00 Val: 0x00000000
[inst #1988] and x7,x28,x7
Register Write to Reg: 0x07 Val: 0x00000000
[inst #1989] addi x0,x0,0
Register Write to Reg: 0x00 Val: 0x00000000
[inst #1990] addi x0,x0,0
Register Write to Reg: 0x00 Val: 0x00000000
[inst #1991] addi x0,x0,0
Register Write to Reg: 0x00 Val: 0x00000000
[inst #1992] slt x7,x0,x7
Register Write to Reg: 0x07 Val: 0x00000000
[inst #1993] addi x0,x0,0
Register Write to Reg: 0x00 Val: 0x00000000
[inst #1994] addi x0,x0,0
Register Write to Reg: 0x00 Val: 0x00000000
[inst #1995] addi x0,x0,0
Register Write to Reg: 0x00 Val: 0x00000000
[inst #1996] andi x7,x7,255
Register Write to Reg: 0x07 Val: 0x00000000
[inst #1997] add x2,x0,x8
Register Write to Reg: 0x02 Val: 0x10010F88
[inst #1998] addi x0,x0,0
Register Write to Reg: 0x00 Val: 0x00000000
[inst #1999] addi x0,x0,0
Register Write to Reg: 0x00 Val: 0x00000000
[inst #2000] addi x0,x0,0
Register Write to Reg: 0x00 Val: 0x00000000
[inst #2001] lw x8,28(x2)
Register Write to Reg: 0x08 Val: 0x10010FA8
[inst #2002] addi x2,x2,32
Register Write to Reg: 0x02 Val: 0x10010FA8
[inst #2003] jalr x0,x1,0
Register Write to Reg: 0x00 Val: 0x00400B28
[inst #2004] xori x7,x7,1
Register Write to Reg: 0x07 Val: 0x00000001
[inst #2005] addi x0,x0,0
Register Write to Reg: 0x00 Val: 0x00000000
[inst #2006] addi x0,x0,0
Register Write to Reg: 0x00 Val: 0x00000000
[inst #2007] addi x0,x0,0
Register Write to Reg: 0x00 Val: 0x00000000
[inst #2008] andi x7,x7,255
Register Write to Reg: 0x07 Val: 0x00000001
[inst #2009] addi x0,x0,0
Register Write to Reg: 0x00 Val: 0x00000000
[inst #2010] addi x0,x0,0
Register Write to Reg: 0x00 Val: 0x00000000
[inst #2011] addi x0,x0,0
Register Write to Reg: 0x00 Val: 0x00000000
[inst #2012] beq x7,x0,48
[inst #2013] addi x0,x0,0
Register Write to Reg: 0x00 Val: 0x00000000
[inst #2014] addi x0,x0,0
Register Write to Reg: 0x00 Val: 0x00000000
[inst #2015] lw x29,24(x8)
Register Write to Reg: 0x1D Val: 0x00000002
[inst #2016] lui x1,1024
Register Write to Reg: 0x01 Val: 0x00400000
[inst #2017] addi x0,x0,0
Register Write to Reg: 0x00 Val: 0x00000000
[inst #2018] addi x0,x0,0
Register Write to Reg: 0x00 Val: 0x00000000
[inst #2019] addi x0,x0,0
Register Write to Reg: 0x00 Val: 0x00000000
[inst #2020] addi x1,x1,612
Register Write to Reg: 0x01 Val: 0x00400264
[inst #2021] jal x0,432
Register Write to Reg: 0x00 Val: 0x0040025C
[inst #2022] addi x2,x2,-48
Register Write to Reg: 0x02 Val: 0x10010F78
[inst #2023] addi x0,x0,0
Register Write to Reg: 0x00 Val: 0x00000000
[inst #2024] addi x0,x0,0
Register Write to Reg: 0x00 Val: 0x00000000
[inst #2025] addi x0,x0,0
Register Write to Reg: 0x00 Val: 0x00000000
[inst #2026] sw x1,44(x2)
Memory Write to Addr: 0x10010FA4 Val: 0x00400264
[inst #2027] sw x8,40(x2)
Memory Write to Addr: 0x10010FA0 Val: 0x10010FA8
[inst #2028] add x8,x0,x2
Register Write to Reg: 0x08 Val: 0x10010F78
[inst #2029] addi x0,x0,0
Register Write to Reg: 0x00 Val: 0x00000000
[inst #2030] addi x0,x0,0
Register Write to Reg: 0x00 Val: 0x00000000
[inst #2031] addi x0,x0,0
Register Write to Reg: 0x00 Val: 0x00000000
[inst #2032] sw x29,48(x8)
Memory Write to Addr: 0x10010FA8 Val: 0x00000002
[inst #2033] lw x29,48(x8)
Register Write to Reg: 0x1D Val: 0x00000002
[inst #2034] lui x1,1024
Register Write to Reg: 0x01 Val: 0x00400000
[inst #2035] addi x0,x0,0
Register Write to Reg: 0x00 Val: 0x00000000
[inst #2036] addi x0,x0,0
Register Write to Reg: 0x00 Val: 0x00000000
[inst #2037] addi x0,x0,0
Register Write to Reg: 0x00 Val: 0x00000000
[inst #2038] addi x1,x1,1112
Register Write to Reg: 0x01 Val: 0x00400458
[inst #2039] jal x0,1072
Register Write to Reg: 0x00 Val: 0x00400450
[inst #2040] addi x2,x2,-32
Register Write to Reg: 0x02 Val: 0x10010F58
[inst #2041] addi x0,x0,0
Register Write to Reg: 0x00 Val: 0x00000000
[inst #2042] addi x0,x0,0
Register Write to Reg: 0x00 Val: 0x00000000
[inst #2043] addi x0,x0,0
Register Write to Reg: 0x00 Val: 0x00000000
[inst #2044] sw x8,28(x2)
Memory Write to Addr: 0x10010F74 Val: 0x10010F78
[inst #2045] add x8,x0,x2
Register Write to Reg: 0x08 Val: 0x10010F58
[inst #2046] addi x0,x0,0
Register Write to Reg: 0x00 Val: 0x00000000
[inst #2047] addi x0,x0,0
Register Write to Reg: 0x00 Val: 0x00000000
[inst #2048] addi x0,x0,0
Register Write to Reg: 0x00 Val: 0x00000000
[inst #2049] sw x29,32(x8)
Memory Write to Addr: 0x10010F78 Val: 0x00000002
[inst #2050] addi x7,x0,1
Register Write to Reg: 0x07 Val: 0x00000001
[inst #2051] addi x0,x0,0
Register Write to Reg: 0x00 Val: 0x00000000
[inst #2052] addi x0,x0,0
Register Write to Reg: 0x00 Val: 0x00000000
[inst #2053] addi x0,x0,0
Register Write to Reg: 0x00 Val: 0x00000000
[inst #2054] sw x7,8(x8)
Memory Write to Addr: 0x10010F60 Val: 0x00000001
[inst #2055] sw x0,12(x8)
Memory Write to Addr: 0x10010F64 Val: 0x00000000
[inst #2056] jal x0,84
Register Write to Reg: 0x00 Val: 0x004008C0
[inst #2057] lw x28,12(x8)
Register Write to Reg: 0x1C Val: 0x00000000
[inst #2058] lw x7,32(x8)
Register Write to Reg: 0x07 Val: 0x00000002
[inst #2059] addi x0,x0,0
Register Write to Reg: 0x00 Val: 0x00000000
[inst #2060] addi x0,x0,0
Register Write to Reg: 0x00 Val: 0x00000000
[inst #2061] addi x0,x0,0
Register Write to Reg: 0x00 Val: 0x00000000
[inst #2062] slt x7,x28,x7
Register Write to Reg: 0x07 Val: 0x00000001
[inst #2063] addi x0,x0,0
Register Write to Reg: 0x00 Val: 0x00000000
[inst #2064] addi x0,x0,0
Register Write to Reg: 0x00 Val: 0x00000000
[inst #2065] addi x0,x0,0
Register Write to Reg: 0x00 Val: 0x00000000
[inst #2066] beq x7,x0,24
[inst #2067] addi x0,x0,0
Register Write to Reg: 0x00 Val: 0x00000000
[inst #2068] addi x0,x0,0
Register Write to Reg: 0x00 Val: 0x00000000
[inst #2069] jal x0,-120
Register Write to Reg: 0x00 Val: 0x00400944
[inst #2070] lw x7,8(x8)
Register Write to Reg: 0x07 Val: 0x00000001
[inst #2071] addi x0,x0,0
Register Write to Reg: 0x00 Val: 0x00000000
[inst #2072] addi x0,x0,0
Register Write to Reg: 0x00 Val: 0x00000000
[inst #2073] addi x0,x0,0
Register Write to Reg: 0x00 Val: 0x00000000
[inst #2074] slli x7,x7,8
Register Write to Reg: 0x07 Val: 0x00000100
[inst #2075] addi x0,x0,0
Register Write to Reg: 0x00 Val: 0x00000000
[inst #2076] addi x0,x0,0
Register Write to Reg: 0x00 Val: 0x00000000
[inst #2077] addi x0,x0,0
Register Write to Reg: 0x00 Val: 0x00000000
[inst #2078] sw x7,8(x8)
Memory Write to Addr: 0x10010F60 Val: 0x00000100
[inst #2079] lw x7,12(x8)
Register Write to Reg: 0x07 Val: 0x00000000
[inst #2080] addi x0,x0,0
Register Write to Reg: 0x00 Val: 0x00000000
[inst #2081] addi x0,x0,0
Register Write to Reg: 0x00 Val: 0x00000000
[inst #2082] addi x0,x0,0
Register Write to Reg: 0x00 Val: 0x00000000
[inst #2083] addi x7,x7,1
Register Write to Reg: 0x07 Val: 0x00000001
[inst #2084] addi x0,x0,0
Register Write to Reg: 0x00 Val: 0x00000000
[inst #2085] addi x0,x0,0
Register Write to Reg: 0x00 Val: 0x00000000
[inst #2086] addi x0,x0,0
Register Write to Reg: 0x00 Val: 0x00000000
[inst #2087] sw x7,12(x8)
Memory Write to Addr: 0x10010F64 Val: 0x00000001
[inst #2088] lw x28,12(x8)
Register Write to Reg: 0x1C Val: 0x00000001
[inst #2089] lw x7,32(x8)
Register Write to Reg: 0x07 Val: 0x00000002
[inst #2090] addi x0,x0,0
Register Write to Reg: 0x00 Val: 0x00000000
[inst #2091] addi x0,x0,0
Register Write to Reg: 0x00 Val: 0x00000000
[inst #2092] addi x0,x0,0
Register Write to Reg: 0x00 Val: 0x00000000
[inst #2093] slt x7,x28,x7
Register Write to Reg: 0x07 Val: 0x00000001
[inst #2094] addi x0,x0,0
Register Write to Reg: 0x00 Val: 0x00000000
[inst #2095] addi x0,x0,0
Register Write to Reg: 0x00 Val: 0x00000000
[inst #2096] addi x0,x0,0
Register Write to Reg: 0x00 Val: 0x00000000
[inst #2097] beq x7,x0,24
[inst #2098] addi x0,x0,0
Register Write to Reg: 0x00 Val: 0x00000000
[inst #2099] addi x0,x0,0
Register Write to Reg: 0x00 Val: 0x00000000
[inst #2100] jal x0,-120
Register Write to Reg: 0x00 Val: 0x00400944
[inst #2101] lw x7,8(x8)
Register Write to Reg: 0x07 Val: 0x00000100
[inst #2102] addi x0,x0,0
Register Write to Reg: 0x00 Val: 0x00000000
[inst #2103] addi x0,x0,0
Register Write to Reg: 0x00 Val: 0x00000000
[inst #2104] addi x0,x0,0
Register Write to Reg: 0x00 Val: 0x00000000
[inst #2105] slli x7,x7,8
Register Write to Reg: 0x07 Val: 0x00010000
[inst #2106] addi x0,x0,0
Register Write to Reg: 0x00 Val: 0x00000000
[inst #2107] addi x0,x0,0
Register Write to Reg: 0x00 Val: 0x00000000
[inst #2108] addi x0,x0,0
Register Write to Reg: 0x00 Val: 0x00000000
[inst #2109] sw x7,8(x8)
Memory Write to Addr: 0x10010F60 Val: 0x00010000
[inst #2110] lw x7,12(x8)
Register Write to Reg: 0x07 Val: 0x00000001
[inst #2111] addi x0,x0,0
Register Write to Reg: 0x00 Val: 0x00000000
[inst #2112] addi x0,x0,0
Register Write to Reg: 0x00 Val: 0x00000000
[inst #2113] addi x0,x0,0
Register Write to Reg: 0x00 Val: 0x00000000
[inst #2114] addi x7,x7,1
Register Write to Reg: 0x07 Val: 0x00000002
[inst #2115] addi x0,x0,0
Register Write to Reg: 0x00 Val: 0x00000000
[inst #2116] addi x0,x0,0
Register Write to Reg: 0x00 Val: 0x00000000
[inst #2117] addi x0,x0,0
Register Write to Reg: 0x00 Val: 0x00000000
[inst #2118] sw x7,12(x8)
Memory Write to Addr: 0x10010F64 Val: 0x00000002
[inst #2119] lw x28,12(x8)
Register Write to Reg: 0x1C Val: 0x00000002
[inst #2120] lw x7,32(x8)
Register Write to Reg: 0x07 Val: 0x00000002
[inst #2121] addi x0,x0,0
Register Write to Reg: 0x00 Val: 0x00000000
[inst #2122] addi x0,x0,0
Register Write to Reg: 0x00 Val: 0x00000000
[inst #2123] addi x0,x0,0
Register Write to Reg: 0x00 Val: 0x00000000
[inst #2124] slt x7,x28,x7
Register Write to Reg: 0x07 Val: 0x00000000
[inst #2125] addi x0,x0,0
Register Write to Reg: 0x00 Val: 0x00000000
[inst #2126] addi x0,x0,0
Register Write to Reg: 0x00 Val: 0x00000000
[inst #2127] addi x0,x0,0
Register Write to Reg: 0x00 Val: 0x00000000
[inst #2128] beq x7,x0,24
[inst #2129] lui x7,65552
Register Write to Reg: 0x07 Val: 0x10010000
[inst #2130] addi x0,x0,0
Register Write to Reg: 0x00 Val: 0x00000000
[inst #2131] addi x0,x0,0
Register Write to Reg: 0x00 Val: 0x00000000
[inst #2132] addi x0,x0,0
Register Write to Reg: 0x00 Val: 0x00000000
[inst #2133] addi x7,x7,36
Register Write to Reg: 0x07 Val: 0x10010024
[inst #2134] addi x0,x0,0
Register Write to Reg: 0x00 Val: 0x00000000
[inst #2135] addi x0,x0,0
Register Write to Reg: 0x00 Val: 0x00000000
[inst #2136] addi x0,x0,0
Register Write to Reg: 0x00 Val: 0x00000000
[inst #2137] sw x7,16(x8)
Memory Write to Addr: 0x10010F68 Val: 0x10010024
[inst #2138] lw x7,16(x8)
Register Write to Reg: 0x07 Val: 0x10010024
[inst #2139] addi x0,x0,0
Register Write to Reg: 0x00 Val: 0x00000000
[inst #2140] addi x0,x0,0
Register Write to Reg: 0x00 Val: 0x00000000
[inst #2141] addi x0,x0,0
Register Write to Reg: 0x00 Val: 0x00000000
[inst #2142] lw x28,0(x7)
Register Write to Reg: 0x1C Val: 0x00000101
[inst #2143] lw x7,8(x8)
Register Write to Reg: 0x07 Val: 0x00010000
[inst #2144] addi x0,x0,0
Register Write to Reg: 0x00 Val: 0x00000000
[inst #2145] addi x0,x0,0
Register Write to Reg: 0x00 Val: 0x00000000
[inst #2146] addi x0,x0,0
Register Write to Reg: 0x00 Val: 0x00000000
[inst #2147] or x28,x28,x7
Register Write to Reg: 0x1C Val: 0x00010101
[inst #2148] lw x7,16(x8)
Register Write to Reg: 0x07 Val: 0x10010024
[inst #2149] addi x0,x0,0
Register Write to Reg: 0x00 Val: 0x00000000
[inst #2150] addi x0,x0,0
Register Write to Reg: 0x00 Val: 0x00000000
[inst #2151] addi x0,x0,0
Register Write to Reg: 0x00 Val: 0x00000000
[inst #2152] sw x28,0(x7)
Memory Write to Addr: 0x10010024 Val: 0x00010101
[inst #2153] add x2,x0,x8
Register Write to Reg: 0x02 Val: 0x10010F58
[inst #2154] addi x0,x0,0
Register Write to Reg: 0x00 Val: 0x00000000
[inst #2155] addi x0,x0,0
Register Write to Reg: 0x00 Val: 0x00000000
[inst #2156] addi x0,x0,0
Register Write to Reg: 0x00 Val: 0x00000000
[inst #2157] lw x8,28(x2)
Register Write to Reg: 0x08 Val: 0x10010F78
[inst #2158] addi x2,x2,32
Register Write to Reg: 0x02 Val: 0x10010F78
[inst #2159] jalr x0,x1,0
Register Write to Reg: 0x00 Val: 0x004009C8
[inst #2160] addi x7,x8,28
Register Write to Reg: 0x07 Val: 0x10010F94
[inst #2161] lw x30,48(x8)
Register Write to Reg: 0x1E Val: 0x00000002
[inst #2162] addi x0,x0,0
Register Write to Reg: 0x00 Val: 0x00000000
[inst #2163] addi x0,x0,0
Register Write to Reg: 0x00 Val: 0x00000000
[inst #2164] add x29,x0,x7
Register Write to Reg: 0x1D Val: 0x10010F94
[inst #2165] lui x1,1024
Register Write to Reg: 0x01 Val: 0x00400000
[inst #2166] addi x0,x0,0
Register Write to Reg: 0x00 Val: 0x00000000
[inst #2167] addi x0,x0,0
Register Write to Reg: 0x00 Val: 0x00000000
[inst #2168] addi x0,x0,0
Register Write to Reg: 0x00 Val: 0x00000000
[inst #2169] addi x1,x1,1164
Register Write to Reg: 0x01 Val: 0x0040048C
[inst #2170] jal x0,80
Register Write to Reg: 0x00 Val: 0x00400484
[inst #2171] addi x2,x2,-24
Register Write to Reg: 0x02 Val: 0x10010F60
[inst #2172] addi x0,x0,0
Register Write to Reg: 0x00 Val: 0x00000000
[inst #2173] addi x0,x0,0
Register Write to Reg: 0x00 Val: 0x00000000
[inst #2174] addi x0,x0,0
Register Write to Reg: 0x00 Val: 0x00000000
[inst #2175] sw x8,20(x2)
Memory Write to Addr: 0x10010F74 Val: 0x10010F78
[inst #2176] add x8,x0,x2
Register Write to Reg: 0x08 Val: 0x10010F60
[inst #2177] addi x0,x0,0
Register Write to Reg: 0x00 Val: 0x00000000
[inst #2178] addi x0,x0,0
Register Write to Reg: 0x00 Val: 0x00000000
[inst #2179] addi x0,x0,0
Register Write to Reg: 0x00 Val: 0x00000000
[inst #2180] sub x31,x8,x2
Register Write to Reg: 0x1F Val: 0x00000000
[inst #2181] sw x29,24(x8)
Memory Write to Addr: 0x10010F78 Val: 0x10010F94
[inst #2182] sw x30,28(x8)
Memory Write to Addr: 0x10010F7C Val: 0x00000002
[inst #2183] lw x7,28(x8)
Register Write to Reg: 0x07 Val: 0x00000002
[inst #2184] addi x0,x0,0
Register Write to Reg: 0x00 Val: 0x00000000
[inst #2185] addi x0,x0,0
Register Write to Reg: 0x00 Val: 0x00000000
[inst #2186] addi x0,x0,0
Register Write to Reg: 0x00 Val: 0x00000000
[inst #2187] sw x7,8(x8)
Memory Write to Addr: 0x10010F68 Val: 0x00000002
[inst #2188] sw x0,12(x8)
Memory Write to Addr: 0x10010F6C Val: 0x00000000
[inst #2189] lw x7,24(x8)
Register Write to Reg: 0x07 Val: 0x10010F94
[inst #2190] lw x29,8(x8)
Register Write to Reg: 0x1D Val: 0x00000002
[inst #2191] lw x28,12(x8)
Register Write to Reg: 0x1C Val: 0x00000000
[inst #2192] addi x0,x0,0
Register Write to Reg: 0x00 Val: 0x00000000
[inst #2193] addi x0,x0,0
Register Write to Reg: 0x00 Val: 0x00000000
[inst #2194] sw x29,0(x7)
Memory Write to Addr: 0x10010F94 Val: 0x00000002
[inst #2195] sw x28,4(x7)
Memory Write to Addr: 0x10010F98 Val: 0x00000000
[inst #2196] lw x7,24(x8)
Register Write to Reg: 0x07 Val: 0x10010F94
[inst #2197] add x2,x0,x8
Register Write to Reg: 0x02 Val: 0x10010F60
[inst #2198] addi x0,x0,0
Register Write to Reg: 0x00 Val: 0x00000000
[inst #2199] addi x0,x0,0
Register Write to Reg: 0x00 Val: 0x00000000
[inst #2200] addi x0,x0,0
Register Write to Reg: 0x00 Val: 0x00000000
[inst #2201] lw x8,20(x2)
Register Write to Reg: 0x08 Val: 0x10010F78
[inst #2202] addi x2,x2,24
Register Write to Reg: 0x02 Val: 0x10010F78
[inst #2203] jalr x0,x1,0
Register Write to Reg: 0x00 Val: 0x00400554
[inst #2204] addi x7,x8,28
Register Write to Reg: 0x07 Val: 0x10010F94
[inst #2205] addi x0,x0,0
Register Write to Reg: 0x00 Val: 0x00000000
[inst #2206] addi x0,x0,0
Register Write to Reg: 0x00 Val: 0x00000000
[inst #2207] addi x0,x0,0
Register Write to Reg: 0x00 Val: 0x00000000
[inst #2208] add x29,x0,x7
Register Write to Reg: 0x1D Val: 0x10010F94
[inst #2209] lui x1,1024
Register Write to Reg: 0x01 Val: 0x00400000
[inst #2210] addi x0,x0,0
Register Write to Reg: 0x00 Val: 0x00000000
[inst #2211] addi x0,x0,0
Register Write to Reg: 0x00 Val: 0x00000000
[inst #2212] addi x0,x0,0
Register Write to Reg: 0x00 Val: 0x00000000
[inst #2213] addi x1,x1,1216
Register Write to Reg: 0x01 Val: 0x004004C0
[inst #2214] jal x0,168
Register Write to Reg: 0x00 Val: 0x004004B8
[inst #2215] addi x2,x2,-32
Register Write to Reg: 0x02 Val: 0x10010F58
[inst #2216] addi x0,x0,0
Register Write to Reg: 0x00 Val: 0x00000000
[inst #2217] addi x0,x0,0
Register Write to Reg: 0x00 Val: 0x00000000
[inst #2218] addi x0,x0,0
Register Write to Reg: 0x00 Val: 0x00000000
[inst #2219] sw x1,28(x2)
Memory Write to Addr: 0x10010F74 Val: 0x004004C0
[inst #2220] sw x8,24(x2)
Memory Write to Addr: 0x10010F70 Val: 0x10010F78
[inst #2221] add x8,x0,x2
Register Write to Reg: 0x08 Val: 0x10010F58
[inst #2222] addi x0,x0,0
Register Write to Reg: 0x00 Val: 0x00000000
[inst #2223] addi x0,x0,0
Register Write to Reg: 0x00 Val: 0x00000000
[inst #2224] addi x0,x0,0
Register Write to Reg: 0x00 Val: 0x00000000
[inst #2225] sw x29,32(x8)
Memory Write to Addr: 0x10010F78 Val: 0x10010F94
[inst #2226] jal x0,240
Register Write to Reg: 0x00 Val: 0x0040058C
[inst #2227] lw x7,32(x8)
Register Write to Reg: 0x07 Val: 0x10010F94
[inst #2228] addi x0,x0,0
Register Write to Reg: 0x00 Val: 0x00000000
[inst #2229] addi x0,x0,0
Register Write to Reg: 0x00 Val: 0x00000000
[inst #2230] addi x0,x0,0
Register Write to Reg: 0x00 Val: 0x00000000
[inst #2231] lw x7,4(x7)
Register Write to Reg: 0x07 Val: 0x00000000
[inst #2232] addi x0,x0,0
Register Write to Reg: 0x00 Val: 0x00000000
[inst #2233] addi x0,x0,0
Register Write to Reg: 0x00 Val: 0x00000000
[inst #2234] addi x0,x0,0
Register Write to Reg: 0x00 Val: 0x00000000
[inst #2235] slti x7,x7,4
Register Write to Reg: 0x07 Val: 0x00000001
[inst #2236] addi x0,x0,0
Register Write to Reg: 0x00 Val: 0x00000000
[inst #2237] addi x0,x0,0
Register Write to Reg: 0x00 Val: 0x00000000
[inst #2238] addi x0,x0,0
Register Write to Reg: 0x00 Val: 0x00000000
[inst #2239] beq x7,x0,24
[inst #2240] addi x0,x0,0
Register Write to Reg: 0x00 Val: 0x00000000
[inst #2241] addi x0,x0,0
Register Write to Reg: 0x00 Val: 0x00000000
[inst #2242] jal x0,-288
Register Write to Reg: 0x00 Val: 0x004006B8
[inst #2243] lw x7,32(x8)
Register Write to Reg: 0x07 Val: 0x10010F94
[inst #2244] addi x0,x0,0
Register Write to Reg: 0x00 Val: 0x00000000
[inst #2245] addi x0,x0,0
Register Write to Reg: 0x00 Val: 0x00000000
[inst #2246] addi x0,x0,0
Register Write to Reg: 0x00 Val: 0x00000000
[inst #2247] lw x28,0(x7)
Register Write to Reg: 0x1C Val: 0x00000002
[inst #2248] lw x7,32(x8)
Register Write to Reg: 0x07 Val: 0x10010F94
[inst #2249] addi x0,x0,0
Register Write to Reg: 0x00 Val: 0x00000000
[inst #2250] addi x0,x0,0
Register Write to Reg: 0x00 Val: 0x00000000
[inst #2251] addi x0,x0,0
Register Write to Reg: 0x00 Val: 0x00000000
[inst #2252] lw x7,4(x7)
Register Write to Reg: 0x07 Val: 0x00000000
[inst #2253] addi x0,x0,0
Register Write to Reg: 0x00 Val: 0x00000000
[inst #2254] addi x0,x0,0
Register Write to Reg: 0x00 Val: 0x00000000
[inst #2255] addi x0,x0,0
Register Write to Reg: 0x00 Val: 0x00000000
[inst #2256] add x30,x0,x7
Register Write to Reg: 0x1E Val: 0x00000000
[inst #2257] add x29,x0,x28
Register Write to Reg: 0x1D Val: 0x00000002
[inst #2258] lui x1,1024
Register Write to Reg: 0x01 Val: 0x00400000
[inst #2259] addi x0,x0,0
Register Write to Reg: 0x00 Val: 0x00000000
[inst #2260] addi x0,x0,0
Register Write to Reg: 0x00 Val: 0x00000000
[inst #2261] addi x0,x0,0
Register Write to Reg: 0x00 Val: 0x00000000
[inst #2262] addi x1,x1,1520
Register Write to Reg: 0x01 Val: 0x004005F0
[inst #2263] jal x0,272
Register Write to Reg: 0x00 Val: 0x004005E8
[inst #2264] addi x2,x2,-32
Register Write to Reg: 0x02 Val: 0x10010F38
[inst #2265] addi x0,x0,0
Register Write to Reg: 0x00 Val: 0x00000000
[inst #2266] addi x0,x0,0
Register Write to Reg: 0x00 Val: 0x00000000
[inst #2267] addi x0,x0,0
Register Write to Reg: 0x00 Val: 0x00000000
[inst #2268] sw x8,28(x2)
Memory Write to Addr: 0x10010F54 Val: 0x10010F58
[inst #2269] add x8,x0,x2
Register Write to Reg: 0x08 Val: 0x10010F38
[inst #2270] addi x0,x0,0
Register Write to Reg: 0x00 Val: 0x00000000
[inst #2271] addi x0,x0,0
Register Write to Reg: 0x00 Val: 0x00000000
[inst #2272] addi x0,x0,0
Register Write to Reg: 0x00 Val: 0x00000000
[inst #2273] sw x29,32(x8)
Memory Write to Addr: 0x10010F58 Val: 0x00000002
[inst #2274] sw x30,36(x8)
Memory Write to Addr: 0x10010F5C Val: 0x00000000
[inst #2275] lui x7,65552
Register Write to Reg: 0x07 Val: 0x10010000
[inst #2276] addi x0,x0,0
Register Write to Reg: 0x00 Val: 0x00000000
[inst #2277] addi x0,x0,0
Register Write to Reg: 0x00 Val: 0x00000000
[inst #2278] addi x0,x0,0
Register Write to Reg: 0x00 Val: 0x00000000
[inst #2279] addi x7,x7,20
Register Write to Reg: 0x07 Val: 0x10010014
[inst #2280] lw x28,32(x8)
Register Write to Reg: 0x1C Val: 0x00000002
[inst #2281] addi x0,x0,0
Register Write to Reg: 0x00 Val: 0x00000000
[inst #2282] addi x0,x0,0
Register Write to Reg: 0x00 Val: 0x00000000
[inst #2283] addi x0,x0,0
Register Write to Reg: 0x00 Val: 0x00000000
[inst #2284] slli x28,x28,2
Register Write to Reg: 0x1C Val: 0x00000008
[inst #2285] addi x0,x0,0
Register Write to Reg: 0x00 Val: 0x00000000
[inst #2286] addi x0,x0,0
Register Write to Reg: 0x00 Val: 0x00000000
[inst #2287] addi x0,x0,0
Register Write to Reg: 0x00 Val: 0x00000000
[inst #2288] add x7,x28,x7
Register Write to Reg: 0x07 Val: 0x1001001C
[inst #2289] addi x0,x0,0
Register Write to Reg: 0x00 Val: 0x00000000
[inst #2290] addi x0,x0,0
Register Write to Reg: 0x00 Val: 0x00000000
[inst #2291] addi x0,x0,0
Register Write to Reg: 0x00 Val: 0x00000000
[inst #2292] lw x7,0(x7)
Register Write to Reg: 0x07 Val: 0x00000000
[inst #2293] addi x0,x0,0
Register Write to Reg: 0x00 Val: 0x00000000
[inst #2294] addi x0,x0,0
Register Write to Reg: 0x00 Val: 0x00000000
[inst #2295] addi x0,x0,0
Register Write to Reg: 0x00 Val: 0x00000000
[inst #2296] sw x7,16(x8)
Memory Write to Addr: 0x10010F48 Val: 0x00000000
[inst #2297] addi x7,x0,1
Register Write to Reg: 0x07 Val: 0x00000001
[inst #2298] addi x0,x0,0
Register Write to Reg: 0x00 Val: 0x00000000
[inst #2299] addi x0,x0,0
Register Write to Reg: 0x00 Val: 0x00000000
[inst #2300] addi x0,x0,0
Register Write to Reg: 0x00 Val: 0x00000000
[inst #2301] sw x7,8(x8)
Memory Write to Addr: 0x10010F40 Val: 0x00000001
[inst #2302] sw x0,12(x8)
Memory Write to Addr: 0x10010F44 Val: 0x00000000
[inst #2303] jal x0,84
Register Write to Reg: 0x00 Val: 0x00400794
[inst #2304] lw x28,12(x8)
Register Write to Reg: 0x1C Val: 0x00000000
[inst #2305] lw x7,36(x8)
Register Write to Reg: 0x07 Val: 0x00000000
[inst #2306] addi x0,x0,0
Register Write to Reg: 0x00 Val: 0x00000000
[inst #2307] addi x0,x0,0
Register Write to Reg: 0x00 Val: 0x00000000
[inst #2308] addi x0,x0,0
Register Write to Reg: 0x00 Val: 0x00000000
[inst #2309] slt x7,x28,x7
Register Write to Reg: 0x07 Val: 0x00000000
[inst #2310] addi x0,x0,0
Register Write to Reg: 0x00 Val: 0x00000000
[inst #2311] addi x0,x0,0
Register Write to Reg: 0x00 Val: 0x00000000
[inst #2312] addi x0,x0,0
Register Write to Reg: 0x00 Val: 0x00000000
[inst #2313] beq x7,x0,24
[inst #2314] lw x28,8(x8)
Register Write to Reg: 0x1C Val: 0x00000001
[inst #2315] lw x7,16(x8)
Register Write to Reg: 0x07 Val: 0x00000000
[inst #2316] addi x0,x0,0
Register Write to Reg: 0x00 Val: 0x00000000
[inst #2317] addi x0,x0,0
Register Write to Reg: 0x00 Val: 0x00000000
[inst #2318] addi x0,x0,0
Register Write to Reg: 0x00 Val: 0x00000000
[inst #2319] and x7,x28,x7
Register Write to Reg: 0x07 Val: 0x00000000
[inst #2320] addi x0,x0,0
Register Write to Reg: 0x00 Val: 0x00000000
[inst #2321] addi x0,x0,0
Register Write to Reg: 0x00 Val: 0x00000000
[inst #2322] addi x0,x0,0
Register Write to Reg: 0x00 Val: 0x00000000
[inst #2323] slt x7,x0,x7
Register Write to Reg: 0x07 Val: 0x00000000
[inst #2324] addi x0,x0,0
Register Write to Reg: 0x00 Val: 0x00000000
[inst #2325] addi x0,x0,0
Register Write to Reg: 0x00 Val: 0x00000000
[inst #2326] addi x0,x0,0
Register Write to Reg: 0x00 Val: 0x00000000
[inst #2327] andi x7,x7,255
Register Write to Reg: 0x07 Val: 0x00000000
[inst #2328] add x2,x0,x8
Register Write to Reg: 0x02 Val: 0x10010F38
[inst #2329] addi x0,x0,0
Register Write to Reg: 0x00 Val: 0x00000000
[inst #2330] addi x0,x0,0
Register Write to Reg: 0x00 Val: 0x00000000
[inst #2331] addi x0,x0,0
Register Write to Reg: 0x00 Val: 0x00000000
[inst #2332] lw x8,28(x2)
Register Write to Reg: 0x08 Val: 0x10010F58
[inst #2333] addi x2,x2,32
Register Write to Reg: 0x02 Val: 0x10010F58
[inst #2334] jalr x0,x1,0
Register Write to Reg: 0x00 Val: 0x00400874
[inst #2335] beq x7,x0,80
[inst #2336] lw x7,32(x8)
Register Write to Reg: 0x07 Val: 0x10010F94
[inst #2337] addi x0,x0,0
Register Write to Reg: 0x00 Val: 0x00000000
[inst #2338] addi x0,x0,0
Register Write to Reg: 0x00 Val: 0x00000000
[inst #2339] addi x0,x0,0
Register Write to Reg: 0x00 Val: 0x00000000
[inst #2340] lw x7,4(x7)
Register Write to Reg: 0x07 Val: 0x00000000
[inst #2341] addi x0,x0,0
Register Write to Reg: 0x00 Val: 0x00000000
[inst #2342] addi x0,x0,0
Register Write to Reg: 0x00 Val: 0x00000000
[inst #2343] addi x0,x0,0
Register Write to Reg: 0x00 Val: 0x00000000
[inst #2344] addi x28,x7,1
Register Write to Reg: 0x1C Val: 0x00000001
[inst #2345] lw x7,32(x8)
Register Write to Reg: 0x07 Val: 0x10010F94
[inst #2346] addi x0,x0,0
Register Write to Reg: 0x00 Val: 0x00000000
[inst #2347] addi x0,x0,0
Register Write to Reg: 0x00 Val: 0x00000000
[inst #2348] addi x0,x0,0
Register Write to Reg: 0x00 Val: 0x00000000
[inst #2349] sw x28,4(x7)
Memory Write to Addr: 0x10010F98 Val: 0x00000001
[inst #2350] lw x7,32(x8)
Register Write to Reg: 0x07 Val: 0x10010F94
[inst #2351] addi x0,x0,0
Register Write to Reg: 0x00 Val: 0x00000000
[inst #2352] addi x0,x0,0
Register Write to Reg: 0x00 Val: 0x00000000
[inst #2353] addi x0,x0,0
Register Write to Reg: 0x00 Val: 0x00000000
[inst #2354] lw x7,4(x7)
Register Write to Reg: 0x07 Val: 0x00000001
[inst #2355] addi x0,x0,0
Register Write to Reg: 0x00 Val: 0x00000000
[inst #2356] addi x0,x0,0
Register Write to Reg: 0x00 Val: 0x00000000
[inst #2357] addi x0,x0,0
Register Write to Reg: 0x00 Val: 0x00000000
[inst #2358] slti x7,x7,4
Register Write to Reg: 0x07 Val: 0x00000001
[inst #2359] addi x0,x0,0
Register Write to Reg: 0x00 Val: 0x00000000
[inst #2360] addi x0,x0,0
Register Write to Reg: 0x00 Val: 0x00000000
[inst #2361] addi x0,x0,0
Register Write to Reg: 0x00 Val: 0x00000000
[inst #2362] beq x7,x0,24
[inst #2363] addi x0,x0,0
Register Write to Reg: 0x00 Val: 0x00000000
[inst #2364] addi x0,x0,0
Register Write to Reg: 0x00 Val: 0x00000000
[inst #2365] jal x0,-288
Register Write to Reg: 0x00 Val: 0x004006B8
[inst #2366] lw x7,32(x8)
Register Write to Reg: 0x07 Val: 0x10010F94
[inst #2367] addi x0,x0,0
Register Write to Reg: 0x00 Val: 0x00000000
[inst #2368] addi x0,x0,0
Register Write to Reg: 0x00 Val: 0x00000000
[inst #2369] addi x0,x0,0
Register Write to Reg: 0x00 Val: 0x00000000
[inst #2370] lw x28,0(x7)
Register Write to Reg: 0x1C Val: 0x00000002
[inst #2371] lw x7,32(x8)
Register Write to Reg: 0x07 Val: 0x10010F94
[inst #2372] addi x0,x0,0
Register Write to Reg: 0x00 Val: 0x00000000
[inst #2373] addi x0,x0,0
Register Write to Reg: 0x00 Val: 0x00000000
[inst #2374] addi x0,x0,0
Register Write to Reg: 0x00 Val: 0x00000000
[inst #2375] lw x7,4(x7)
Register Write to Reg: 0x07 Val: 0x00000001
[inst #2376] addi x0,x0,0
Register Write to Reg: 0x00 Val: 0x00000000
[inst #2377] addi x0,x0,0
Register Write to Reg: 0x00 Val: 0x00000000
[inst #2378] addi x0,x0,0
Register Write to Reg: 0x00 Val: 0x00000000
[inst #2379] add x30,x0,x7
Register Write to Reg: 0x1E Val: 0x00000001
[inst #2380] add x29,x0,x28
Register Write to Reg: 0x1D Val: 0x00000002
[inst #2381] lui x1,1024
Register Write to Reg: 0x01 Val: 0x00400000
[inst #2382] addi x0,x0,0
Register Write to Reg: 0x00 Val: 0x00000000
[inst #2383] addi x0,x0,0
Register Write to Reg: 0x00 Val: 0x00000000
[inst #2384] addi x0,x0,0
Register Write to Reg: 0x00 Val: 0x00000000
[inst #2385] addi x1,x1,1520
Register Write to Reg: 0x01 Val: 0x004005F0
[inst #2386] jal x0,272
Register Write to Reg: 0x00 Val: 0x004005E8
[inst #2387] addi x2,x2,-32
Register Write to Reg: 0x02 Val: 0x10010F38
[inst #2388] addi x0,x0,0
Register Write to Reg: 0x00 Val: 0x00000000
[inst #2389] addi x0,x0,0
Register Write to Reg: 0x00 Val: 0x00000000
[inst #2390] addi x0,x0,0
Register Write to Reg: 0x00 Val: 0x00000000
[inst #2391] sw x8,28(x2)
Memory Write to Addr: 0x10010F54 Val: 0x10010F58
[inst #2392] add x8,x0,x2
Register Write to Reg: 0x08 Val: 0x10010F38
[inst #2393] addi x0,x0,0
Register Write to Reg: 0x00 Val: 0x00000000
[inst #2394] addi x0,x0,0
Register Write to Reg: 0x00 Val: 0x00000000
[inst #2395] addi x0,x0,0
Register Write to Reg: 0x00 Val: 0x00000000
[inst #2396] sw x29,32(x8)
Memory Write to Addr: 0x10010F58 Val: 0x00000002
[inst #2397] sw x30,36(x8)
Memory Write to Addr: 0x10010F5C Val: 0x00000001
[inst #2398] lui x7,65552
Register Write to Reg: 0x07 Val: 0x10010000
[inst #2399] addi x0,x0,0
Register Write to Reg: 0x00 Val: 0x00000000
[inst #2400] addi x0,x0,0
Register Write to Reg: 0x00 Val: 0x00000000
[inst #2401] addi x0,x0,0
Register Write to Reg: 0x00 Val: 0x00000000
[inst #2402] addi x7,x7,20
Register Write to Reg: 0x07 Val: 0x10010014
[inst #2403] lw x28,32(x8)
Register Write to Reg: 0x1C Val: 0x00000002
[inst #2404] addi x0,x0,0
Register Write to Reg: 0x00 Val: 0x00000000
[inst #2405] addi x0,x0,0
Register Write to Reg: 0x00 Val: 0x00000000
[inst #2406] addi x0,x0,0
Register Write to Reg: 0x00 Val: 0x00000000
[inst #2407] slli x28,x28,2
Register Write to Reg: 0x1C Val: 0x00000008
[inst #2408] addi x0,x0,0
Register Write to Reg: 0x00 Val: 0x00000000
[inst #2409] addi x0,x0,0
Register Write to Reg: 0x00 Val: 0x00000000
[inst #2410] addi x0,x0,0
Register Write to Reg: 0x00 Val: 0x00000000
[inst #2411] add x7,x28,x7
Register Write to Reg: 0x07 Val: 0x1001001C
[inst #2412] addi x0,x0,0
Register Write to Reg: 0x00 Val: 0x00000000
[inst #2413] addi x0,x0,0
Register Write to Reg: 0x00 Val: 0x00000000
[inst #2414] addi x0,x0,0
Register Write to Reg: 0x00 Val: 0x00000000
[inst #2415] lw x7,0(x7)
Register Write to Reg: 0x07 Val: 0x00000000
[inst #2416] addi x0,x0,0
Register Write to Reg: 0x00 Val: 0x00000000
[inst #2417] addi x0,x0,0
Register Write to Reg: 0x00 Val: 0x00000000
[inst #2418] addi x0,x0,0
Register Write to Reg: 0x00 Val: 0x00000000
[inst #2419] sw x7,16(x8)
Memory Write to Addr: 0x10010F48 Val: 0x00000000
[inst #2420] addi x7,x0,1
Register Write to Reg: 0x07 Val: 0x00000001
[inst #2421] addi x0,x0,0
Register Write to Reg: 0x00 Val: 0x00000000
[inst #2422] addi x0,x0,0
Register Write to Reg: 0x00 Val: 0x00000000
[inst #2423] addi x0,x0,0
Register Write to Reg: 0x00 Val: 0x00000000
[inst #2424] sw x7,8(x8)
Memory Write to Addr: 0x10010F40 Val: 0x00000001
[inst #2425] sw x0,12(x8)
Memory Write to Addr: 0x10010F44 Val: 0x00000000
[inst #2426] jal x0,84
Register Write to Reg: 0x00 Val: 0x00400794
[inst #2427] lw x28,12(x8)
Register Write to Reg: 0x1C Val: 0x00000000
[inst #2428] lw x7,36(x8)
Register Write to Reg: 0x07 Val: 0x00000001
[inst #2429] addi x0,x0,0
Register Write to Reg: 0x00 Val: 0x00000000
[inst #2430] addi x0,x0,0
Register Write to Reg: 0x00 Val: 0x00000000
[inst #2431] addi x0,x0,0
Register Write to Reg: 0x00 Val: 0x00000000
[inst #2432] slt x7,x28,x7
Register Write to Reg: 0x07 Val: 0x00000001
[inst #2433] addi x0,x0,0
Register Write to Reg: 0x00 Val: 0x00000000
[inst #2434] addi x0,x0,0
Register Write to Reg: 0x00 Val: 0x00000000
[inst #2435] addi x0,x0,0
Register Write to Reg: 0x00 Val: 0x00000000
[inst #2436] beq x7,x0,24
[inst #2437] addi x0,x0,0
Register Write to Reg: 0x00 Val: 0x00000000
[inst #2438] addi x0,x0,0
Register Write to Reg: 0x00 Val: 0x00000000
[inst #2439] jal x0,-120
Register Write to Reg: 0x00 Val: 0x00400818
[inst #2440] lw x7,8(x8)
Register Write to Reg: 0x07 Val: 0x00000001
[inst #2441] addi x0,x0,0
Register Write to Reg: 0x00 Val: 0x00000000
[inst #2442] addi x0,x0,0
Register Write to Reg: 0x00 Val: 0x00000000
[inst #2443] addi x0,x0,0
Register Write to Reg: 0x00 Val: 0x00000000
[inst #2444] slli x7,x7,1
Register Write to Reg: 0x07 Val: 0x00000002
[inst #2445] addi x0,x0,0
Register Write to Reg: 0x00 Val: 0x00000000
[inst #2446] addi x0,x0,0
Register Write to Reg: 0x00 Val: 0x00000000
[inst #2447] addi x0,x0,0
Register Write to Reg: 0x00 Val: 0x00000000
[inst #2448] sw x7,8(x8)
Memory Write to Addr: 0x10010F40 Val: 0x00000002
[inst #2449] lw x7,12(x8)
Register Write to Reg: 0x07 Val: 0x00000000
[inst #2450] addi x0,x0,0
Register Write to Reg: 0x00 Val: 0x00000000
[inst #2451] addi x0,x0,0
Register Write to Reg: 0x00 Val: 0x00000000
[inst #2452] addi x0,x0,0
Register Write to Reg: 0x00 Val: 0x00000000
[inst #2453] addi x7,x7,1
Register Write to Reg: 0x07 Val: 0x00000001
[inst #2454] addi x0,x0,0
Register Write to Reg: 0x00 Val: 0x00000000
[inst #2455] addi x0,x0,0
Register Write to Reg: 0x00 Val: 0x00000000
[inst #2456] addi x0,x0,0
Register Write to Reg: 0x00 Val: 0x00000000
[inst #2457] sw x7,12(x8)
Memory Write to Addr: 0x10010F44 Val: 0x00000001
[inst #2458] lw x28,12(x8)
Register Write to Reg: 0x1C Val: 0x00000001
[inst #2459] lw x7,36(x8)
Register Write to Reg: 0x07 Val: 0x00000001
[inst #2460] addi x0,x0,0
Register Write to Reg: 0x00 Val: 0x00000000
[inst #2461] addi x0,x0,0
Register Write to Reg: 0x00 Val: 0x00000000
[inst #2462] addi x0,x0,0
Register Write to Reg: 0x00 Val: 0x00000000
[inst #2463] slt x7,x28,x7
Register Write to Reg: 0x07 Val: 0x00000000
[inst #2464] addi x0,x0,0
Register Write to Reg: 0x00 Val: 0x00000000
[inst #2465] addi x0,x0,0
Register Write to Reg: 0x00 Val: 0x00000000
[inst #2466] addi x0,x0,0
Register Write to Reg: 0x00 Val: 0x00000000
[inst #2467] beq x7,x0,24
[inst #2468] lw x28,8(x8)
Register Write to Reg: 0x1C Val: 0x00000002
[inst #2469] lw x7,16(x8)
Register Write to Reg: 0x07 Val: 0x00000000
[inst #2470] addi x0,x0,0
Register Write to Reg: 0x00 Val: 0x00000000
[inst #2471] addi x0,x0,0
Register Write to Reg: 0x00 Val: 0x00000000
[inst #2472] addi x0,x0,0
Register Write to Reg: 0x00 Val: 0x00000000
[inst #2473] and x7,x28,x7
Register Write to Reg: 0x07 Val: 0x00000000
[inst #2474] addi x0,x0,0
Register Write to Reg: 0x00 Val: 0x00000000
[inst #2475] addi x0,x0,0
Register Write to Reg: 0x00 Val: 0x00000000
[inst #2476] addi x0,x0,0
Register Write to Reg: 0x00 Val: 0x00000000
[inst #2477] slt x7,x0,x7
Register Write to Reg: 0x07 Val: 0x00000000
[inst #2478] addi x0,x0,0
Register Write to Reg: 0x00 Val: 0x00000000
[inst #2479] addi x0,x0,0
Register Write to Reg: 0x00 Val: 0x00000000
[inst #2480] addi x0,x0,0
Register Write to Reg: 0x00 Val: 0x00000000
[inst #2481] andi x7,x7,255
Register Write to Reg: 0x07 Val: 0x00000000
[inst #2482] add x2,x0,x8
Register Write to Reg: 0x02 Val: 0x10010F38
[inst #2483] addi x0,x0,0
Register Write to Reg: 0x00 Val: 0x00000000
[inst #2484] addi x0,x0,0
Register Write to Reg: 0x00 Val: 0x00000000
[inst #2485] addi x0,x0,0
Register Write to Reg: 0x00 Val: 0x00000000
[inst #2486] lw x8,28(x2)
Register Write to Reg: 0x08 Val: 0x10010F58
[inst #2487] addi x2,x2,32
Register Write to Reg: 0x02 Val: 0x10010F58
[inst #2488] jalr x0,x1,0
Register Write to Reg: 0x00 Val: 0x00400874
[inst #2489] beq x7,x0,80
[inst #2490] lw x7,32(x8)
Register Write to Reg: 0x07 Val: 0x10010F94
[inst #2491] addi x0,x0,0
Register Write to Reg: 0x00 Val: 0x00000000
[inst #2492] addi x0,x0,0
Register Write to Reg: 0x00 Val: 0x00000000
[inst #2493] addi x0,x0,0
Register Write to Reg: 0x00 Val: 0x00000000
[inst #2494] lw x7,4(x7)
Register Write to Reg: 0x07 Val: 0x00000001
[inst #2495] addi x0,x0,0
Register Write to Reg: 0x00 Val: 0x00000000
[inst #2496] addi x0,x0,0
Register Write to Reg: 0x00 Val: 0x00000000
[inst #2497] addi x0,x0,0
Register Write to Reg: 0x00 Val: 0x00000000
[inst #2498] addi x28,x7,1
Register Write to Reg: 0x1C Val: 0x00000002
[inst #2499] lw x7,32(x8)
Register Write to Reg: 0x07 Val: 0x10010F94
[inst #2500] addi x0,x0,0
Register Write to Reg: 0x00 Val: 0x00000000
[inst #2501] addi x0,x0,0
Register Write to Reg: 0x00 Val: 0x00000000
[inst #2502] addi x0,x0,0
Register Write to Reg: 0x00 Val: 0x00000000
[inst #2503] sw x28,4(x7)
Memory Write to Addr: 0x10010F98 Val: 0x00000002
[inst #2504] lw x7,32(x8)
Register Write to Reg: 0x07 Val: 0x10010F94
[inst #2505] addi x0,x0,0
Register Write to Reg: 0x00 Val: 0x00000000
[inst #2506] addi x0,x0,0
Register Write to Reg: 0x00 Val: 0x00000000
[inst #2507] addi x0,x0,0
Register Write to Reg: 0x00 Val: 0x00000000
[inst #2508] lw x7,4(x7)
Register Write to Reg: 0x07 Val: 0x00000002
[inst #2509] addi x0,x0,0
Register Write to Reg: 0x00 Val: 0x00000000
[inst #2510] addi x0,x0,0
Register Write to Reg: 0x00 Val: 0x00000000
[inst #2511] addi x0,x0,0
Register Write to Reg: 0x00 Val: 0x00000000
[inst #2512] slti x7,x7,4
Register Write to Reg: 0x07 Val: 0x00000001
[inst #2513] addi x0,x0,0
Register Write to Reg: 0x00 Val: 0x00000000
[inst #2514] addi x0,x0,0
Register Write to Reg: 0x00 Val: 0x00000000
[inst #2515] addi x0,x0,0
Register Write to Reg: 0x00 Val: 0x00000000
[inst #2516] beq x7,x0,24
[inst #2517] addi x0,x0,0
Register Write to Reg: 0x00 Val: 0x00000000
[inst #2518] addi x0,x0,0
Register Write to Reg: 0x00 Val: 0x00000000
[inst #2519] jal x0,-288
Register Write to Reg: 0x00 Val: 0x004006B8
[inst #2520] lw x7,32(x8)
Register Write to Reg: 0x07 Val: 0x10010F94
[inst #2521] addi x0,x0,0
Register Write to Reg: 0x00 Val: 0x00000000
[inst #2522] addi x0,x0,0
Register Write to Reg: 0x00 Val: 0x00000000
[inst #2523] addi x0,x0,0
Register Write to Reg: 0x00 Val: 0x00000000
[inst #2524] lw x28,0(x7)
Register Write to Reg: 0x1C Val: 0x00000002
[inst #2525] lw x7,32(x8)
Register Write to Reg: 0x07 Val: 0x10010F94
[inst #2526] addi x0,x0,0
Register Write to Reg: 0x00 Val: 0x00000000
[inst #2527] addi x0,x0,0
Register Write to Reg: 0x00 Val: 0x00000000
[inst #2528] addi x0,x0,0
Register Write to Reg: 0x00 Val: 0x00000000
[inst #2529] lw x7,4(x7)
Register Write to Reg: 0x07 Val: 0x00000002
[inst #2530] addi x0,x0,0
Register Write to Reg: 0x00 Val: 0x00000000
[inst #2531] addi x0,x0,0
Register Write to Reg: 0x00 Val: 0x00000000
[inst #2532] addi x0,x0,0
Register Write to Reg: 0x00 Val: 0x00000000
[inst #2533] add x30,x0,x7
Register Write to Reg: 0x1E Val: 0x00000002
[inst #2534] add x29,x0,x28
Register Write to Reg: 0x1D Val: 0x00000002
[inst #2535] lui x1,1024
Register Write to Reg: 0x01 Val: 0x00400000
[inst #2536] addi x0,x0,0
Register Write to Reg: 0x00 Val: 0x00000000
[inst #2537] addi x0,x0,0
Register Write to Reg: 0x00 Val: 0x00000000
[inst #2538] addi x0,x0,0
Register Write to Reg: 0x00 Val: 0x00000000
[inst #2539] addi x1,x1,1520
Register Write to Reg: 0x01 Val: 0x004005F0
[inst #2540] jal x0,272
Register Write to Reg: 0x00 Val: 0x004005E8
[inst #2541] addi x2,x2,-32
Register Write to Reg: 0x02 Val: 0x10010F38
[inst #2542] addi x0,x0,0
Register Write to Reg: 0x00 Val: 0x00000000
[inst #2543] addi x0,x0,0
Register Write to Reg: 0x00 Val: 0x00000000
[inst #2544] addi x0,x0,0
Register Write to Reg: 0x00 Val: 0x00000000
[inst #2545] sw x8,28(x2)
Memory Write to Addr: 0x10010F54 Val: 0x10010F58
[inst #2546] add x8,x0,x2
Register Write to Reg: 0x08 Val: 0x10010F38
[inst #2547] addi x0,x0,0
Register Write to Reg: 0x00 Val: 0x00000000
[inst #2548] addi x0,x0,0
Register Write to Reg: 0x00 Val: 0x00000000
[inst #2549] addi x0,x0,0
Register Write to Reg: 0x00 Val: 0x00000000
[inst #2550] sw x29,32(x8)
Memory Write to Addr: 0x10010F58 Val: 0x00000002
[inst #2551] sw x30,36(x8)
Memory Write to Addr: 0x10010F5C Val: 0x00000002
[inst #2552] lui x7,65552
Register Write to Reg: 0x07 Val: 0x10010000
[inst #2553] addi x0,x0,0
Register Write to Reg: 0x00 Val: 0x00000000
[inst #2554] addi x0,x0,0
Register Write to Reg: 0x00 Val: 0x00000000
[inst #2555] addi x0,x0,0
Register Write to Reg: 0x00 Val: 0x00000000
[inst #2556] addi x7,x7,20
Register Write to Reg: 0x07 Val: 0x10010014
[inst #2557] lw x28,32(x8)
Register Write to Reg: 0x1C Val: 0x00000002
[inst #2558] addi x0,x0,0
Register Write to Reg: 0x00 Val: 0x00000000
[inst #2559] addi x0,x0,0
Register Write to Reg: 0x00 Val: 0x00000000
[inst #2560] addi x0,x0,0
Register Write to Reg: 0x00 Val: 0x00000000
[inst #2561] slli x28,x28,2
Register Write to Reg: 0x1C Val: 0x00000008
[inst #2562] addi x0,x0,0
Register Write to Reg: 0x00 Val: 0x00000000
[inst #2563] addi x0,x0,0
Register Write to Reg: 0x00 Val: 0x00000000
[inst #2564] addi x0,x0,0
Register Write to Reg: 0x00 Val: 0x00000000
[inst #2565] add x7,x28,x7
Register Write to Reg: 0x07 Val: 0x1001001C
[inst #2566] addi x0,x0,0
Register Write to Reg: 0x00 Val: 0x00000000
[inst #2567] addi x0,x0,0
Register Write to Reg: 0x00 Val: 0x00000000
[inst #2568] addi x0,x0,0
Register Write to Reg: 0x00 Val: 0x00000000
[inst #2569] lw x7,0(x7)
Register Write to Reg: 0x07 Val: 0x00000000
[inst #2570] addi x0,x0,0
Register Write to Reg: 0x00 Val: 0x00000000
[inst #2571] addi x0,x0,0
Register Write to Reg: 0x00 Val: 0x00000000
[inst #2572] addi x0,x0,0
Register Write to Reg: 0x00 Val: 0x00000000
[inst #2573] sw x7,16(x8)
Memory Write to Addr: 0x10010F48 Val: 0x00000000
[inst #2574] addi x7,x0,1
Register Write to Reg: 0x07 Val: 0x00000001
[inst #2575] addi x0,x0,0
Register Write to Reg: 0x00 Val: 0x00000000
[inst #2576] addi x0,x0,0
Register Write to Reg: 0x00 Val: 0x00000000
[inst #2577] addi x0,x0,0
Register Write to Reg: 0x00 Val: 0x00000000
[inst #2578] sw x7,8(x8)
Memory Write to Addr: 0x10010F40 Val: 0x00000001
[inst #2579] sw x0,12(x8)
Memory Write to Addr: 0x10010F44 Val: 0x00000000
[inst #2580] jal x0,84
Register Write to Reg: 0x00 Val: 0x00400794
[inst #2581] lw x28,12(x8)
Register Write to Reg: 0x1C Val: 0x00000000
[inst #2582] lw x7,36(x8)
Register Write to Reg: 0x07 Val: 0x00000002
[inst #2583] addi x0,x0,0
Register Write to Reg: 0x00 Val: 0x00000000
[inst #2584] addi x0,x0,0
Register Write to Reg: 0x00 Val: 0x00000000
[inst #2585] addi x0,x0,0
Register Write to Reg: 0x00 Val: 0x00000000
[inst #2586] slt x7,x28,x7
Register Write to Reg: 0x07 Val: 0x00000001
[inst #2587] addi x0,x0,0
Register Write to Reg: 0x00 Val: 0x00000000
[inst #2588] addi x0,x0,0
Register Write to Reg: 0x00 Val: 0x00000000
[inst #2589] addi x0,x0,0
Register Write to Reg: 0x00 Val: 0x00000000
[inst #2590] beq x7,x0,24
[inst #2591] addi x0,x0,0
Register Write to Reg: 0x00 Val: 0x00000000
[inst #2592] addi x0,x0,0
Register Write to Reg: 0x00 Val: 0x00000000
[inst #2593] jal x0,-120
Register Write to Reg: 0x00 Val: 0x00400818
[inst #2594] lw x7,8(x8)
Register Write to Reg: 0x07 Val: 0x00000001
[inst #2595] addi x0,x0,0
Register Write to Reg: 0x00 Val: 0x00000000
[inst #2596] addi x0,x0,0
Register Write to Reg: 0x00 Val: 0x00000000
[inst #2597] addi x0,x0,0
Register Write to Reg: 0x00 Val: 0x00000000
[inst #2598] slli x7,x7,1
Register Write to Reg: 0x07 Val: 0x00000002
[inst #2599] addi x0,x0,0
Register Write to Reg: 0x00 Val: 0x00000000
[inst #2600] addi x0,x0,0
Register Write to Reg: 0x00 Val: 0x00000000
[inst #2601] addi x0,x0,0
Register Write to Reg: 0x00 Val: 0x00000000
[inst #2602] sw x7,8(x8)
Memory Write to Addr: 0x10010F40 Val: 0x00000002
[inst #2603] lw x7,12(x8)
Register Write to Reg: 0x07 Val: 0x00000000
[inst #2604] addi x0,x0,0
Register Write to Reg: 0x00 Val: 0x00000000
[inst #2605] addi x0,x0,0
Register Write to Reg: 0x00 Val: 0x00000000
[inst #2606] addi x0,x0,0
Register Write to Reg: 0x00 Val: 0x00000000
[inst #2607] addi x7,x7,1
Register Write to Reg: 0x07 Val: 0x00000001
[inst #2608] addi x0,x0,0
Register Write to Reg: 0x00 Val: 0x00000000
[inst #2609] addi x0,x0,0
Register Write to Reg: 0x00 Val: 0x00000000
[inst #2610] addi x0,x0,0
Register Write to Reg: 0x00 Val: 0x00000000
[inst #2611] sw x7,12(x8)
Memory Write to Addr: 0x10010F44 Val: 0x00000001
[inst #2612] lw x28,12(x8)
Register Write to Reg: 0x1C Val: 0x00000001
[inst #2613] lw x7,36(x8)
Register Write to Reg: 0x07 Val: 0x00000002
[inst #2614] addi x0,x0,0
Register Write to Reg: 0x00 Val: 0x00000000
[inst #2615] addi x0,x0,0
Register Write to Reg: 0x00 Val: 0x00000000
[inst #2616] addi x0,x0,0
Register Write to Reg: 0x00 Val: 0x00000000
[inst #2617] slt x7,x28,x7
Register Write to Reg: 0x07 Val: 0x00000001
[inst #2618] addi x0,x0,0
Register Write to Reg: 0x00 Val: 0x00000000
[inst #2619] addi x0,x0,0
Register Write to Reg: 0x00 Val: 0x00000000
[inst #2620] addi x0,x0,0
Register Write to Reg: 0x00 Val: 0x00000000
[inst #2621] beq x7,x0,24
[inst #2622] addi x0,x0,0
Register Write to Reg: 0x00 Val: 0x00000000
[inst #2623] addi x0,x0,0
Register Write to Reg: 0x00 Val: 0x00000000
[inst #2624] jal x0,-120
Register Write to Reg: 0x00 Val: 0x00400818
[inst #2625] lw x7,8(x8)
Register Write to Reg: 0x07 Val: 0x00000002
[inst #2626] addi x0,x0,0
Register Write to Reg: 0x00 Val: 0x00000000
[inst #2627] addi x0,x0,0
Register Write to Reg: 0x00 Val: 0x00000000
[inst #2628] addi x0,x0,0
Register Write to Reg: 0x00 Val: 0x00000000
[inst #2629] slli x7,x7,1
Register Write to Reg: 0x07 Val: 0x00000004
[inst #2630] addi x0,x0,0
Register Write to Reg: 0x00 Val: 0x00000000
[inst #2631] addi x0,x0,0
Register Write to Reg: 0x00 Val: 0x00000000
[inst #2632] addi x0,x0,0
Register Write to Reg: 0x00 Val: 0x00000000
[inst #2633] sw x7,8(x8)
Memory Write to Addr: 0x10010F40 Val: 0x00000004
[inst #2634] lw x7,12(x8)
Register Write to Reg: 0x07 Val: 0x00000001
[inst #2635] addi x0,x0,0
Register Write to Reg: 0x00 Val: 0x00000000
[inst #2636] addi x0,x0,0
Register Write to Reg: 0x00 Val: 0x00000000
[inst #2637] addi x0,x0,0
Register Write to Reg: 0x00 Val: 0x00000000
[inst #2638] addi x7,x7,1
Register Write to Reg: 0x07 Val: 0x00000002
[inst #2639] addi x0,x0,0
Register Write to Reg: 0x00 Val: 0x00000000
[inst #2640] addi x0,x0,0
Register Write to Reg: 0x00 Val: 0x00000000
[inst #2641] addi x0,x0,0
Register Write to Reg: 0x00 Val: 0x00000000
[inst #2642] sw x7,12(x8)
Memory Write to Addr: 0x10010F44 Val: 0x00000002
[inst #2643] lw x28,12(x8)
Register Write to Reg: 0x1C Val: 0x00000002
[inst #2644] lw x7,36(x8)
Register Write to Reg: 0x07 Val: 0x00000002
[inst #2645] addi x0,x0,0
Register Write to Reg: 0x00 Val: 0x00000000
[inst #2646] addi x0,x0,0
Register Write to Reg: 0x00 Val: 0x00000000
[inst #2647] addi x0,x0,0
Register Write to Reg: 0x00 Val: 0x00000000
[inst #2648] slt x7,x28,x7
Register Write to Reg: 0x07 Val: 0x00000000
[inst #2649] addi x0,x0,0
Register Write to Reg: 0x00 Val: 0x00000000
[inst #2650] addi x0,x0,0
Register Write to Reg: 0x00 Val: 0x00000000
[inst #2651] addi x0,x0,0
Register Write to Reg: 0x00 Val: 0x00000000
[inst #2652] beq x7,x0,24
[inst #2653] lw x28,8(x8)
Register Write to Reg: 0x1C Val: 0x00000004
[inst #2654] lw x7,16(x8)
Register Write to Reg: 0x07 Val: 0x00000000
[inst #2655] addi x0,x0,0
Register Write to Reg: 0x00 Val: 0x00000000
[inst #2656] addi x0,x0,0
Register Write to Reg: 0x00 Val: 0x00000000
[inst #2657] addi x0,x0,0
Register Write to Reg: 0x00 Val: 0x00000000
[inst #2658] and x7,x28,x7
Register Write to Reg: 0x07 Val: 0x00000000
[inst #2659] addi x0,x0,0
Register Write to Reg: 0x00 Val: 0x00000000
[inst #2660] addi x0,x0,0
Register Write to Reg: 0x00 Val: 0x00000000
[inst #2661] addi x0,x0,0
Register Write to Reg: 0x00 Val: 0x00000000
[inst #2662] slt x7,x0,x7
Register Write to Reg: 0x07 Val: 0x00000000
[inst #2663] addi x0,x0,0
Register Write to Reg: 0x00 Val: 0x00000000
[inst #2664] addi x0,x0,0
Register Write to Reg: 0x00 Val: 0x00000000
[inst #2665] addi x0,x0,0
Register Write to Reg: 0x00 Val: 0x00000000
[inst #2666] andi x7,x7,255
Register Write to Reg: 0x07 Val: 0x00000000
[inst #2667] add x2,x0,x8
Register Write to Reg: 0x02 Val: 0x10010F38
[inst #2668] addi x0,x0,0
Register Write to Reg: 0x00 Val: 0x00000000
[inst #2669] addi x0,x0,0
Register Write to Reg: 0x00 Val: 0x00000000
[inst #2670] addi x0,x0,0
Register Write to Reg: 0x00 Val: 0x00000000
[inst #2671] lw x8,28(x2)
Register Write to Reg: 0x08 Val: 0x10010F58
[inst #2672] addi x2,x2,32
Register Write to Reg: 0x02 Val: 0x10010F58
[inst #2673] jalr x0,x1,0
Register Write to Reg: 0x00 Val: 0x00400874
[inst #2674] beq x7,x0,80
[inst #2675] lw x7,32(x8)
Register Write to Reg: 0x07 Val: 0x10010F94
[inst #2676] addi x0,x0,0
Register Write to Reg: 0x00 Val: 0x00000000
[inst #2677] addi x0,x0,0
Register Write to Reg: 0x00 Val: 0x00000000
[inst #2678] addi x0,x0,0
Register Write to Reg: 0x00 Val: 0x00000000
[inst #2679] lw x7,4(x7)
Register Write to Reg: 0x07 Val: 0x00000002
[inst #2680] addi x0,x0,0
Register Write to Reg: 0x00 Val: 0x00000000
[inst #2681] addi x0,x0,0
Register Write to Reg: 0x00 Val: 0x00000000
[inst #2682] addi x0,x0,0
Register Write to Reg: 0x00 Val: 0x00000000
[inst #2683] addi x28,x7,1
Register Write to Reg: 0x1C Val: 0x00000003
[inst #2684] lw x7,32(x8)
Register Write to Reg: 0x07 Val: 0x10010F94
[inst #2685] addi x0,x0,0
Register Write to Reg: 0x00 Val: 0x00000000
[inst #2686] addi x0,x0,0
Register Write to Reg: 0x00 Val: 0x00000000
[inst #2687] addi x0,x0,0
Register Write to Reg: 0x00 Val: 0x00000000
[inst #2688] sw x28,4(x7)
Memory Write to Addr: 0x10010F98 Val: 0x00000003
[inst #2689] lw x7,32(x8)
Register Write to Reg: 0x07 Val: 0x10010F94
[inst #2690] addi x0,x0,0
Register Write to Reg: 0x00 Val: 0x00000000
[inst #2691] addi x0,x0,0
Register Write to Reg: 0x00 Val: 0x00000000
[inst #2692] addi x0,x0,0
Register Write to Reg: 0x00 Val: 0x00000000
[inst #2693] lw x7,4(x7)
Register Write to Reg: 0x07 Val: 0x00000003
[inst #2694] addi x0,x0,0
Register Write to Reg: 0x00 Val: 0x00000000
[inst #2695] addi x0,x0,0
Register Write to Reg: 0x00 Val: 0x00000000
[inst #2696] addi x0,x0,0
Register Write to Reg: 0x00 Val: 0x00000000
[inst #2697] slti x7,x7,4
Register Write to Reg: 0x07 Val: 0x00000001
[inst #2698] addi x0,x0,0
Register Write to Reg: 0x00 Val: 0x00000000
[inst #2699] addi x0,x0,0
Register Write to Reg: 0x00 Val: 0x00000000
[inst #2700] addi x0,x0,0
Register Write to Reg: 0x00 Val: 0x00000000
[inst #2701] beq x7,x0,24
[inst #2702] addi x0,x0,0
Register Write to Reg: 0x00 Val: 0x00000000
[inst #2703] addi x0,x0,0
Register Write to Reg: 0x00 Val: 0x00000000
[inst #2704] jal x0,-288
Register Write to Reg: 0x00 Val: 0x004006B8
[inst #2705] lw x7,32(x8)
Register Write to Reg: 0x07 Val: 0x10010F94
[inst #2706] addi x0,x0,0
Register Write to Reg: 0x00 Val: 0x00000000
[inst #2707] addi x0,x0,0
Register Write to Reg: 0x00 Val: 0x00000000
[inst #2708] addi x0,x0,0
Register Write to Reg: 0x00 Val: 0x00000000
[inst #2709] lw x28,0(x7)
Register Write to Reg: 0x1C Val: 0x00000002
[inst #2710] lw x7,32(x8)
Register Write to Reg: 0x07 Val: 0x10010F94
[inst #2711] addi x0,x0,0
Register Write to Reg: 0x00 Val: 0x00000000
[inst #2712] addi x0,x0,0
Register Write to Reg: 0x00 Val: 0x00000000
[inst #2713] addi x0,x0,0
Register Write to Reg: 0x00 Val: 0x00000000
[inst #2714] lw x7,4(x7)
Register Write to Reg: 0x07 Val: 0x00000003
[inst #2715] addi x0,x0,0
Register Write to Reg: 0x00 Val: 0x00000000
[inst #2716] addi x0,x0,0
Register Write to Reg: 0x00 Val: 0x00000000
[inst #2717] addi x0,x0,0
Register Write to Reg: 0x00 Val: 0x00000000
[inst #2718] add x30,x0,x7
Register Write to Reg: 0x1E Val: 0x00000003
[inst #2719] add x29,x0,x28
Register Write to Reg: 0x1D Val: 0x00000002
[inst #2720] lui x1,1024
Register Write to Reg: 0x01 Val: 0x00400000
[inst #2721] addi x0,x0,0
Register Write to Reg: 0x00 Val: 0x00000000
[inst #2722] addi x0,x0,0
Register Write to Reg: 0x00 Val: 0x00000000
[inst #2723] addi x0,x0,0
Register Write to Reg: 0x00 Val: 0x00000000
[inst #2724] addi x1,x1,1520
Register Write to Reg: 0x01 Val: 0x004005F0
[inst #2725] jal x0,272
Register Write to Reg: 0x00 Val: 0x004005E8
[inst #2726] addi x2,x2,-32
Register Write to Reg: 0x02 Val: 0x10010F38
[inst #2727] addi x0,x0,0
Register Write to Reg: 0x00 Val: 0x00000000
[inst #2728] addi x0,x0,0
Register Write to Reg: 0x00 Val: 0x00000000
[inst #2729] addi x0,x0,0
Register Write to Reg: 0x00 Val: 0x00000000
[inst #2730] sw x8,28(x2)
Memory Write to Addr: 0x10010F54 Val: 0x10010F58
[inst #2731] add x8,x0,x2
Register Write to Reg: 0x08 Val: 0x10010F38
[inst #2732] addi x0,x0,0
Register Write to Reg: 0x00 Val: 0x00000000
[inst #2733] addi x0,x0,0
Register Write to Reg: 0x00 Val: 0x00000000
[inst #2734] addi x0,x0,0
Register Write to Reg: 0x00 Val: 0x00000000
[inst #2735] sw x29,32(x8)
Memory Write to Addr: 0x10010F58 Val: 0x00000002
[inst #2736] sw x30,36(x8)
Memory Write to Addr: 0x10010F5C Val: 0x00000003
[inst #2737] lui x7,65552
Register Write to Reg: 0x07 Val: 0x10010000
[inst #2738] addi x0,x0,0
Register Write to Reg: 0x00 Val: 0x00000000
[inst #2739] addi x0,x0,0
Register Write to Reg: 0x00 Val: 0x00000000
[inst #2740] addi x0,x0,0
Register Write to Reg: 0x00 Val: 0x00000000
[inst #2741] addi x7,x7,20
Register Write to Reg: 0x07 Val: 0x10010014
[inst #2742] lw x28,32(x8)
Register Write to Reg: 0x1C Val: 0x00000002
[inst #2743] addi x0,x0,0
Register Write to Reg: 0x00 Val: 0x00000000
[inst #2744] addi x0,x0,0
Register Write to Reg: 0x00 Val: 0x00000000
[inst #2745] addi x0,x0,0
Register Write to Reg: 0x00 Val: 0x00000000
[inst #2746] slli x28,x28,2
Register Write to Reg: 0x1C Val: 0x00000008
[inst #2747] addi x0,x0,0
Register Write to Reg: 0x00 Val: 0x00000000
[inst #2748] addi x0,x0,0
Register Write to Reg: 0x00 Val: 0x00000000
[inst #2749] addi x0,x0,0
Register Write to Reg: 0x00 Val: 0x00000000
[inst #2750] add x7,x28,x7
Register Write to Reg: 0x07 Val: 0x1001001C
[inst #2751] addi x0,x0,0
Register Write to Reg: 0x00 Val: 0x00000000
[inst #2752] addi x0,x0,0
Register Write to Reg: 0x00 Val: 0x00000000
[inst #2753] addi x0,x0,0
Register Write to Reg: 0x00 Val: 0x00000000
[inst #2754] lw x7,0(x7)
Register Write to Reg: 0x07 Val: 0x00000000
[inst #2755] addi x0,x0,0
Register Write to Reg: 0x00 Val: 0x00000000
[inst #2756] addi x0,x0,0
Register Write to Reg: 0x00 Val: 0x00000000
[inst #2757] addi x0,x0,0
Register Write to Reg: 0x00 Val: 0x00000000
[inst #2758] sw x7,16(x8)
Memory Write to Addr: 0x10010F48 Val: 0x00000000
[inst #2759] addi x7,x0,1
Register Write to Reg: 0x07 Val: 0x00000001
[inst #2760] addi x0,x0,0
Register Write to Reg: 0x00 Val: 0x00000000
[inst #2761] addi x0,x0,0
Register Write to Reg: 0x00 Val: 0x00000000
[inst #2762] addi x0,x0,0
Register Write to Reg: 0x00 Val: 0x00000000
[inst #2763] sw x7,8(x8)
Memory Write to Addr: 0x10010F40 Val: 0x00000001
[inst #2764] sw x0,12(x8)
Memory Write to Addr: 0x10010F44 Val: 0x00000000
[inst #2765] jal x0,84
Register Write to Reg: 0x00 Val: 0x00400794
[inst #2766] lw x28,12(x8)
Register Write to Reg: 0x1C Val: 0x00000000
[inst #2767] lw x7,36(x8)
Register Write to Reg: 0x07 Val: 0x00000003
[inst #2768] addi x0,x0,0
Register Write to Reg: 0x00 Val: 0x00000000
[inst #2769] addi x0,x0,0
Register Write to Reg: 0x00 Val: 0x00000000
[inst #2770] addi x0,x0,0
Register Write to Reg: 0x00 Val: 0x00000000
[inst #2771] slt x7,x28,x7
Register Write to Reg: 0x07 Val: 0x00000001
[inst #2772] addi x0,x0,0
Register Write to Reg: 0x00 Val: 0x00000000
[inst #2773] addi x0,x0,0
Register Write to Reg: 0x00 Val: 0x00000000
[inst #2774] addi x0,x0,0
Register Write to Reg: 0x00 Val: 0x00000000
[inst #2775] beq x7,x0,24
[inst #2776] addi x0,x0,0
Register Write to Reg: 0x00 Val: 0x00000000
[inst #2777] addi x0,x0,0
Register Write to Reg: 0x00 Val: 0x00000000
[inst #2778] jal x0,-120
Register Write to Reg: 0x00 Val: 0x00400818
[inst #2779] lw x7,8(x8)
Register Write to Reg: 0x07 Val: 0x00000001
[inst #2780] addi x0,x0,0
Register Write to Reg: 0x00 Val: 0x00000000
[inst #2781] addi x0,x0,0
Register Write to Reg: 0x00 Val: 0x00000000
[inst #2782] addi x0,x0,0
Register Write to Reg: 0x00 Val: 0x00000000
[inst #2783] slli x7,x7,1
Register Write to Reg: 0x07 Val: 0x00000002
[inst #2784] addi x0,x0,0
Register Write to Reg: 0x00 Val: 0x00000000
[inst #2785] addi x0,x0,0
Register Write to Reg: 0x00 Val: 0x00000000
[inst #2786] addi x0,x0,0
Register Write to Reg: 0x00 Val: 0x00000000
[inst #2787] sw x7,8(x8)
Memory Write to Addr: 0x10010F40 Val: 0x00000002
[inst #2788] lw x7,12(x8)
Register Write to Reg: 0x07 Val: 0x00000000
[inst #2789] addi x0,x0,0
Register Write to Reg: 0x00 Val: 0x00000000
[inst #2790] addi x0,x0,0
Register Write to Reg: 0x00 Val: 0x00000000
[inst #2791] addi x0,x0,0
Register Write to Reg: 0x00 Val: 0x00000000
[inst #2792] addi x7,x7,1
Register Write to Reg: 0x07 Val: 0x00000001
[inst #2793] addi x0,x0,0
Register Write to Reg: 0x00 Val: 0x00000000
[inst #2794] addi x0,x0,0
Register Write to Reg: 0x00 Val: 0x00000000
[inst #2795] addi x0,x0,0
Register Write to Reg: 0x00 Val: 0x00000000
[inst #2796] sw x7,12(x8)
Memory Write to Addr: 0x10010F44 Val: 0x00000001
[inst #2797] lw x28,12(x8)
Register Write to Reg: 0x1C Val: 0x00000001
[inst #2798] lw x7,36(x8)
Register Write to Reg: 0x07 Val: 0x00000003
[inst #2799] addi x0,x0,0
Register Write to Reg: 0x00 Val: 0x00000000
[inst #2800] addi x0,x0,0
Register Write to Reg: 0x00 Val: 0x00000000
[inst #2801] addi x0,x0,0
Register Write to Reg: 0x00 Val: 0x00000000
[inst #2802] slt x7,x28,x7
Register Write to Reg: 0x07 Val: 0x00000001
[inst #2803] addi x0,x0,0
Register Write to Reg: 0x00 Val: 0x00000000
[inst #2804] addi x0,x0,0
Register Write to Reg: 0x00 Val: 0x00000000
[inst #2805] addi x0,x0,0
Register Write to Reg: 0x00 Val: 0x00000000
[inst #2806] beq x7,x0,24
[inst #2807] addi x0,x0,0
Register Write to Reg: 0x00 Val: 0x00000000
[inst #2808] addi x0,x0,0
Register Write to Reg: 0x00 Val: 0x00000000
[inst #2809] jal x0,-120
Register Write to Reg: 0x00 Val: 0x00400818
[inst #2810] lw x7,8(x8)
Register Write to Reg: 0x07 Val: 0x00000002
[inst #2811] addi x0,x0,0
Register Write to Reg: 0x00 Val: 0x00000000
[inst #2812] addi x0,x0,0
Register Write to Reg: 0x00 Val: 0x00000000
[inst #2813] addi x0,x0,0
Register Write to Reg: 0x00 Val: 0x00000000
[inst #2814] slli x7,x7,1
Register Write to Reg: 0x07 Val: 0x00000004
[inst #2815] addi x0,x0,0
Register Write to Reg: 0x00 Val: 0x00000000
[inst #2816] addi x0,x0,0
Register Write to Reg: 0x00 Val: 0x00000000
[inst #2817] addi x0,x0,0
Register Write to Reg: 0x00 Val: 0x00000000
[inst #2818] sw x7,8(x8)
Memory Write to Addr: 0x10010F40 Val: 0x00000004
[inst #2819] lw x7,12(x8)
Register Write to Reg: 0x07 Val: 0x00000001
[inst #2820] addi x0,x0,0
Register Write to Reg: 0x00 Val: 0x00000000
[inst #2821] addi x0,x0,0
Register Write to Reg: 0x00 Val: 0x00000000
[inst #2822] addi x0,x0,0
Register Write to Reg: 0x00 Val: 0x00000000
[inst #2823] addi x7,x7,1
Register Write to Reg: 0x07 Val: 0x00000002
[inst #2824] addi x0,x0,0
Register Write to Reg: 0x00 Val: 0x00000000
[inst #2825] addi x0,x0,0
Register Write to Reg: 0x00 Val: 0x00000000
[inst #2826] addi x0,x0,0
Register Write to Reg: 0x00 Val: 0x00000000
[inst #2827] sw x7,12(x8)
Memory Write to Addr: 0x10010F44 Val: 0x00000002
[inst #2828] lw x28,12(x8)
Register Write to Reg: 0x1C Val: 0x00000002
[inst #2829] lw x7,36(x8)
Register Write to Reg: 0x07 Val: 0x00000003
[inst #2830] addi x0,x0,0
Register Write to Reg: 0x00 Val: 0x00000000
[inst #2831] addi x0,x0,0
Register Write to Reg: 0x00 Val: 0x00000000
[inst #2832] addi x0,x0,0
Register Write to Reg: 0x00 Val: 0x00000000
[inst #2833] slt x7,x28,x7
Register Write to Reg: 0x07 Val: 0x00000001
[inst #2834] addi x0,x0,0
Register Write to Reg: 0x00 Val: 0x00000000
[inst #2835] addi x0,x0,0
Register Write to Reg: 0x00 Val: 0x00000000
[inst #2836] addi x0,x0,0
Register Write to Reg: 0x00 Val: 0x00000000
[inst #2837] beq x7,x0,24
[inst #2838] addi x0,x0,0
Register Write to Reg: 0x00 Val: 0x00000000
[inst #2839] addi x0,x0,0
Register Write to Reg: 0x00 Val: 0x00000000
[inst #2840] jal x0,-120
Register Write to Reg: 0x00 Val: 0x00400818
[inst #2841] lw x7,8(x8)
Register Write to Reg: 0x07 Val: 0x00000004
[inst #2842] addi x0,x0,0
Register Write to Reg: 0x00 Val: 0x00000000
[inst #2843] addi x0,x0,0
Register Write to Reg: 0x00 Val: 0x00000000
[inst #2844] addi x0,x0,0
Register Write to Reg: 0x00 Val: 0x00000000
[inst #2845] slli x7,x7,1
Register Write to Reg: 0x07 Val: 0x00000008
[inst #2846] addi x0,x0,0
Register Write to Reg: 0x00 Val: 0x00000000
[inst #2847] addi x0,x0,0
Register Write to Reg: 0x00 Val: 0x00000000
[inst #2848] addi x0,x0,0
Register Write to Reg: 0x00 Val: 0x00000000
[inst #2849] sw x7,8(x8)
Memory Write to Addr: 0x10010F40 Val: 0x00000008
[inst #2850] lw x7,12(x8)
Register Write to Reg: 0x07 Val: 0x00000002
[inst #2851] addi x0,x0,0
Register Write to Reg: 0x00 Val: 0x00000000
[inst #2852] addi x0,x0,0
Register Write to Reg: 0x00 Val: 0x00000000
[inst #2853] addi x0,x0,0
Register Write to Reg: 0x00 Val: 0x00000000
[inst #2854] addi x7,x7,1
Register Write to Reg: 0x07 Val: 0x00000003
[inst #2855] addi x0,x0,0
Register Write to Reg: 0x00 Val: 0x00000000
[inst #2856] addi x0,x0,0
Register Write to Reg: 0x00 Val: 0x00000000
[inst #2857] addi x0,x0,0
Register Write to Reg: 0x00 Val: 0x00000000
[inst #2858] sw x7,12(x8)
Memory Write to Addr: 0x10010F44 Val: 0x00000003
[inst #2859] lw x28,12(x8)
Register Write to Reg: 0x1C Val: 0x00000003
[inst #2860] lw x7,36(x8)
Register Write to Reg: 0x07 Val: 0x00000003
[inst #2861] addi x0,x0,0
Register Write to Reg: 0x00 Val: 0x00000000
[inst #2862] addi x0,x0,0
Register Write to Reg: 0x00 Val: 0x00000000
[inst #2863] addi x0,x0,0
Register Write to Reg: 0x00 Val: 0x00000000
[inst #2864] slt x7,x28,x7
Register Write to Reg: 0x07 Val: 0x00000000
[inst #2865] addi x0,x0,0
Register Write to Reg: 0x00 Val: 0x00000000
[inst #2866] addi x0,x0,0
Register Write to Reg: 0x00 Val: 0x00000000
[inst #2867] addi x0,x0,0
Register Write to Reg: 0x00 Val: 0x00000000
[inst #2868] beq x7,x0,24
[inst #2869] lw x28,8(x8)
Register Write to Reg: 0x1C Val: 0x00000008
[inst #2870] lw x7,16(x8)
Register Write to Reg: 0x07 Val: 0x00000000
[inst #2871] addi x0,x0,0
Register Write to Reg: 0x00 Val: 0x00000000
[inst #2872] addi x0,x0,0
Register Write to Reg: 0x00 Val: 0x00000000
[inst #2873] addi x0,x0,0
Register Write to Reg: 0x00 Val: 0x00000000
[inst #2874] and x7,x28,x7
Register Write to Reg: 0x07 Val: 0x00000000
[inst #2875] addi x0,x0,0
Register Write to Reg: 0x00 Val: 0x00000000
[inst #2876] addi x0,x0,0
Register Write to Reg: 0x00 Val: 0x00000000
[inst #2877] addi x0,x0,0
Register Write to Reg: 0x00 Val: 0x00000000
[inst #2878] slt x7,x0,x7
Register Write to Reg: 0x07 Val: 0x00000000
[inst #2879] addi x0,x0,0
Register Write to Reg: 0x00 Val: 0x00000000
[inst #2880] addi x0,x0,0
Register Write to Reg: 0x00 Val: 0x00000000
[inst #2881] addi x0,x0,0
Register Write to Reg: 0x00 Val: 0x00000000
[inst #2882] andi x7,x7,255
Register Write to Reg: 0x07 Val: 0x00000000
[inst #2883] add x2,x0,x8
Register Write to Reg: 0x02 Val: 0x10010F38
[inst #2884] addi x0,x0,0
Register Write to Reg: 0x00 Val: 0x00000000
[inst #2885] addi x0,x0,0
Register Write to Reg: 0x00 Val: 0x00000000
[inst #2886] addi x0,x0,0
Register Write to Reg: 0x00 Val: 0x00000000
[inst #2887] lw x8,28(x2)
Register Write to Reg: 0x08 Val: 0x10010F58
[inst #2888] addi x2,x2,32
Register Write to Reg: 0x02 Val: 0x10010F58
[inst #2889] jalr x0,x1,0
Register Write to Reg: 0x00 Val: 0x00400874
[inst #2890] beq x7,x0,80
[inst #2891] lw x7,32(x8)
Register Write to Reg: 0x07 Val: 0x10010F94
[inst #2892] addi x0,x0,0
Register Write to Reg: 0x00 Val: 0x00000000
[inst #2893] addi x0,x0,0
Register Write to Reg: 0x00 Val: 0x00000000
[inst #2894] addi x0,x0,0
Register Write to Reg: 0x00 Val: 0x00000000
[inst #2895] lw x7,4(x7)
Register Write to Reg: 0x07 Val: 0x00000003
[inst #2896] addi x0,x0,0
Register Write to Reg: 0x00 Val: 0x00000000
[inst #2897] addi x0,x0,0
Register Write to Reg: 0x00 Val: 0x00000000
[inst #2898] addi x0,x0,0
Register Write to Reg: 0x00 Val: 0x00000000
[inst #2899] addi x28,x7,1
Register Write to Reg: 0x1C Val: 0x00000004
[inst #2900] lw x7,32(x8)
Register Write to Reg: 0x07 Val: 0x10010F94
[inst #2901] addi x0,x0,0
Register Write to Reg: 0x00 Val: 0x00000000
[inst #2902] addi x0,x0,0
Register Write to Reg: 0x00 Val: 0x00000000
[inst #2903] addi x0,x0,0
Register Write to Reg: 0x00 Val: 0x00000000
[inst #2904] sw x28,4(x7)
Memory Write to Addr: 0x10010F98 Val: 0x00000004
[inst #2905] lw x7,32(x8)
Register Write to Reg: 0x07 Val: 0x10010F94
[inst #2906] addi x0,x0,0
Register Write to Reg: 0x00 Val: 0x00000000
[inst #2907] addi x0,x0,0
Register Write to Reg: 0x00 Val: 0x00000000
[inst #2908] addi x0,x0,0
Register Write to Reg: 0x00 Val: 0x00000000
[inst #2909] lw x7,4(x7)
Register Write to Reg: 0x07 Val: 0x00000004
[inst #2910] addi x0,x0,0
Register Write to Reg: 0x00 Val: 0x00000000
[inst #2911] addi x0,x0,0
Register Write to Reg: 0x00 Val: 0x00000000
[inst #2912] addi x0,x0,0
Register Write to Reg: 0x00 Val: 0x00000000
[inst #2913] slti x7,x7,4
Register Write to Reg: 0x07 Val: 0x00000000
[inst #2914] addi x0,x0,0
Register Write to Reg: 0x00 Val: 0x00000000
[inst #2915] addi x0,x0,0
Register Write to Reg: 0x00 Val: 0x00000000
[inst #2916] addi x0,x0,0
Register Write to Reg: 0x00 Val: 0x00000000
[inst #2917] beq x7,x0,24
[inst #2918] addi x7,x0,-1
Register Write to Reg: 0x07 Val: 0xFFFFFFFF
[inst #2919] add x2,x0,x8
Register Write to Reg: 0x02 Val: 0x10010F58
[inst #2920] addi x0,x0,0
Register Write to Reg: 0x00 Val: 0x00000000
[inst #2921] addi x0,x0,0
Register Write to Reg: 0x00 Val: 0x00000000
[inst #2922] addi x0,x0,0
Register Write to Reg: 0x00 Val: 0x00000000
[inst #2923] lw x1,28(x2)
Register Write to Reg: 0x01 Val: 0x004004C0
[inst #2924] lw x8,24(x2)
Register Write to Reg: 0x08 Val: 0x10010F78
[inst #2925] addi x2,x2,32
Register Write to Reg: 0x02 Val: 0x10010F78
[inst #2926] addi x0,x0,0
Register Write to Reg: 0x00 Val: 0x00000000
[inst #2927] jalr x0,x1,0
Register Write to Reg: 0x00 Val: 0x004006E8
[inst #2928] sw x7,24(x8)
Memory Write to Addr: 0x10010F90 Val: 0xFFFFFFFF
[inst #2929] jal x0,-552
Register Write to Reg: 0x00 Val: 0x004004C8
[inst #2930] lw x28,24(x8)
Register Write to Reg: 0x1C Val: 0xFFFFFFFF
[inst #2931] addi x7,x0,-1
Register Write to Reg: 0x07 Val: 0xFFFFFFFF
[inst #2932] addi x0,x0,0
Register Write to Reg: 0x00 Val: 0x00000000
[inst #2933] addi x0,x0,0
Register Write to Reg: 0x00 Val: 0x00000000
[inst #2934] addi x0,x0,0
Register Write to Reg: 0x00 Val: 0x00000000
[inst #2935] beq x28,x7,24
[inst #2936] lui x7,65552
Register Write to Reg: 0x07 Val: 0x10010000
[inst #2937] addi x0,x0,0
Register Write to Reg: 0x00 Val: 0x00000000
[inst #2938] addi x0,x0,0
Register Write to Reg: 0x00 Val: 0x00000000
[inst #2939] addi x0,x0,0
Register Write to Reg: 0x00 Val: 0x00000000
[inst #2940] addi x7,x7,40
Register Write to Reg: 0x07 Val: 0x10010028
[inst #2941] addi x0,x0,0
Register Write to Reg: 0x00 Val: 0x00000000
[inst #2942] addi x0,x0,0
Register Write to Reg: 0x00 Val: 0x00000000
[inst #2943] addi x0,x0,0
Register Write to Reg: 0x00 Val: 0x00000000
[inst #2944] lw x7,0(x7)
Register Write to Reg: 0x07 Val: 0x00000003
[inst #2945] addi x0,x0,0
Register Write to Reg: 0x00 Val: 0x00000000
[inst #2946] addi x0,x0,0
Register Write to Reg: 0x00 Val: 0x00000000
[inst #2947] addi x0,x0,0
Register Write to Reg: 0x00 Val: 0x00000000
[inst #2948] addi x29,x7,-1
Register Write to Reg: 0x1D Val: 0x00000002
[inst #2949] lui x28,65552
Register Write to Reg: 0x1C Val: 0x10010000
[inst #2950] addi x0,x0,0
Register Write to Reg: 0x00 Val: 0x00000000
[inst #2951] addi x0,x0,0
Register Write to Reg: 0x00 Val: 0x00000000
[inst #2952] addi x0,x0,0
Register Write to Reg: 0x00 Val: 0x00000000
[inst #2953] addi x28,x28,40
Register Write to Reg: 0x1C Val: 0x10010028
[inst #2954] lui x29,65552
Register Write to Reg: 0x1D Val: 0x10010000
[inst #2955] addi x0,x0,0
Register Write to Reg: 0x00 Val: 0x00000000
[inst #2956] addi x0,x0,0
Register Write to Reg: 0x00 Val: 0x00000000
[inst #2957] addi x0,x0,0
Register Write to Reg: 0x00 Val: 0x00000000
[inst #2958] addi x29,x29,0
Register Write to Reg: 0x1D Val: 0x10010000
[inst #2959] slli x28,x7,2
Register Write to Reg: 0x1C Val: 0x0000000C
[inst #2960] addi x0,x0,0
Register Write to Reg: 0x00 Val: 0x00000000
[inst #2961] addi x0,x0,0
Register Write to Reg: 0x00 Val: 0x00000000
[inst #2962] addi x0,x0,0
Register Write to Reg: 0x00 Val: 0x00000000
[inst #2963] srli x28,x28,1
Register Write to Reg: 0x1C Val: 0x00000006
[inst #2964] addi x0,x0,0
Register Write to Reg: 0x00 Val: 0x00000000
[inst #2965] addi x0,x0,0
Register Write to Reg: 0x00 Val: 0x00000000
[inst #2966] addi x0,x0,0
Register Write to Reg: 0x00 Val: 0x00000000
[inst #2967] srai x28,x28,1
Register Write to Reg: 0x1C Val: 0x00000003
[inst #2968] addi x0,x0,0
Register Write to Reg: 0x00 Val: 0x00000000
[inst #2969] addi x0,x0,0
Register Write to Reg: 0x00 Val: 0x00000000
[inst #2970] addi x0,x0,0
Register Write to Reg: 0x00 Val: 0x00000000
[inst #2971] slli x28,x28,2
Register Write to Reg: 0x1C Val: 0x0000000C
[inst #2972] xor x31,x1,x7
Register Write to Reg: 0x1F Val: 0x004004C3
[inst #2973] or x31,x1,x7
Register Write to Reg: 0x1F Val: 0x004004C3
[inst #2974] addi x0,x0,0
Register Write to Reg: 0x00 Val: 0x00000000
[inst #2975] addi x0,x0,0
Register Write to Reg: 0x00 Val: 0x00000000
[inst #2976] addi x0,x0,0
Register Write to Reg: 0x00 Val: 0x00000000
[inst #2977] sub x31,x0,x31
Register Write to Reg: 0x1F Val: 0xFFBFFB3D
[inst #2978] lui x7,65552
Register Write to Reg: 0x07 Val: 0x10010000
[inst #2979] addi x0,x0,0
Register Write to Reg: 0x00 Val: 0x00000000
[inst #2980] addi x0,x0,0
Register Write to Reg: 0x00 Val: 0x00000000
[inst #2981] addi x0,x0,0
Register Write to Reg: 0x00 Val: 0x00000000
[inst #2982] addi x7,x7,0
Register Write to Reg: 0x07 Val: 0x10010000
[inst #2983] lui x11,1
Register Write to Reg: 0x0B Val: 0x00001000
[inst #2984] addi x0,x0,0
Register Write to Reg: 0x00 Val: 0x00000000
[inst #2985] addi x0,x0,0
Register Write to Reg: 0x00 Val: 0x00000000
[inst #2986] addi x0,x0,0
Register Write to Reg: 0x00 Val: 0x00000000
[inst #2987] addi x11,x11,-1
Register Write to Reg: 0x0B Val: 0x00000FFF
[inst #2988] addi x0,x0,0
Register Write to Reg: 0x00 Val: 0x00000000
[inst #2989] addi x0,x0,0
Register Write to Reg: 0x00 Val: 0x00000000
[inst #2990] addi x0,x0,0
Register Write to Reg: 0x00 Val: 0x00000000
[inst #2991] and x31,x7,x11
Register Write to Reg: 0x1F Val: 0x00000000
[inst #2992] addi x0,x0,0
Register Write to Reg: 0x00 Val: 0x00000000
[inst #2993] addi x0,x0,0
Register Write to Reg: 0x00 Val: 0x00000000
[inst #2994] addi x0,x0,0
Register Write to Reg: 0x00 Val: 0x00000000
[inst #2995] add x7,x29,x31
Register Write to Reg: 0x07 Val: 0x10010000
[inst #2996] addi x0,x0,0
Register Write to Reg: 0x00 Val: 0x00000000
[inst #2997] addi x0,x0,0
Register Write to Reg: 0x00 Val: 0x00000000
[inst #2998] addi x0,x0,0
Register Write to Reg: 0x00 Val: 0x00000000
[inst #2999] add x7,x28,x7
Register Write to Reg: 0x07 Val: 0x1001000C
[inst #3000] lw x28,48(x8)
Register Write to Reg: 0x1C Val: 0x00000002
[inst #3001] addi x0,x0,0
Register Write to Reg: 0x00 Val: 0x00000000
[inst #3002] addi x0,x0,0
Register Write to Reg: 0x00 Val: 0x00000000
[inst #3003] addi x0,x0,0
Register Write to Reg: 0x00 Val: 0x00000000
[inst #3004] sw x28,0(x7)
Memory Write to Addr: 0x1001000C Val: 0x00000002
[inst #3005] add x2,x0,x8
Register Write to Reg: 0x02 Val: 0x10010F78
[inst #3006] addi x0,x0,0
Register Write to Reg: 0x00 Val: 0x00000000
[inst #3007] addi x0,x0,0
Register Write to Reg: 0x00 Val: 0x00000000
[inst #3008] addi x0,x0,0
Register Write to Reg: 0x00 Val: 0x00000000
[inst #3009] lw x1,44(x2)
Register Write to Reg: 0x01 Val: 0x00400264
[inst #3010] lw x8,40(x2)
Register Write to Reg: 0x08 Val: 0x10010FA8
[inst #3011] addi x2,x2,48
Register Write to Reg: 0x02 Val: 0x10010FA8
[inst #3012] addi x0,x0,0
Register Write to Reg: 0x00 Val: 0x00000000
[inst #3013] jalr x0,x1,0
Register Write to Reg: 0x00 Val: 0x00400400
[inst #3014] addi x7,x8,28
Register Write to Reg: 0x07 Val: 0x10010FC4
[inst #3015] addi x0,x0,0
Register Write to Reg: 0x00 Val: 0x00000000
[inst #3016] addi x0,x0,0
Register Write to Reg: 0x00 Val: 0x00000000
[inst #3017] addi x0,x0,0
Register Write to Reg: 0x00 Val: 0x00000000
[inst #3018] add x29,x0,x7
Register Write to Reg: 0x1D Val: 0x10010FC4
[inst #3019] lui x1,1024
Register Write to Reg: 0x01 Val: 0x00400000
[inst #3020] addi x0,x0,0
Register Write to Reg: 0x00 Val: 0x00000000
[inst #3021] addi x0,x0,0
Register Write to Reg: 0x00 Val: 0x00000000
[inst #3022] addi x0,x0,0
Register Write to Reg: 0x00 Val: 0x00000000
[inst #3023] addi x1,x1,664
Register Write to Reg: 0x01 Val: 0x00400298
[inst #3024] jal x0,720
Register Write to Reg: 0x00 Val: 0x00400290
[inst #3025] addi x2,x2,-32
Register Write to Reg: 0x02 Val: 0x10010F88
[inst #3026] addi x0,x0,0
Register Write to Reg: 0x00 Val: 0x00000000
[inst #3027] addi x0,x0,0
Register Write to Reg: 0x00 Val: 0x00000000
[inst #3028] addi x0,x0,0
Register Write to Reg: 0x00 Val: 0x00000000
[inst #3029] sw x1,28(x2)
Memory Write to Addr: 0x10010FA4 Val: 0x00400298
[inst #3030] sw x8,24(x2)
Memory Write to Addr: 0x10010FA0 Val: 0x10010FA8
[inst #3031] add x8,x0,x2
Register Write to Reg: 0x08 Val: 0x10010F88
[inst #3032] addi x0,x0,0
Register Write to Reg: 0x00 Val: 0x00000000
[inst #3033] addi x0,x0,0
Register Write to Reg: 0x00 Val: 0x00000000
[inst #3034] addi x0,x0,0
Register Write to Reg: 0x00 Val: 0x00000000
[inst #3035] sw x29,32(x8)
Memory Write to Addr: 0x10010FA8 Val: 0x10010FC4
[inst #3036] jal x0,240
Register Write to Reg: 0x00 Val: 0x0040058C
[inst #3037] lw x7,32(x8)
Register Write to Reg: 0x07 Val: 0x10010FC4
[inst #3038] addi x0,x0,0
Register Write to Reg: 0x00 Val: 0x00000000
[inst #3039] addi x0,x0,0
Register Write to Reg: 0x00 Val: 0x00000000
[inst #3040] addi x0,x0,0
Register Write to Reg: 0x00 Val: 0x00000000
[inst #3041] lw x7,4(x7)
Register Write to Reg: 0x07 Val: 0x00000003
[inst #3042] addi x0,x0,0
Register Write to Reg: 0x00 Val: 0x00000000
[inst #3043] addi x0,x0,0
Register Write to Reg: 0x00 Val: 0x00000000
[inst #3044] addi x0,x0,0
Register Write to Reg: 0x00 Val: 0x00000000
[inst #3045] slti x7,x7,4
Register Write to Reg: 0x07 Val: 0x00000001
[inst #3046] addi x0,x0,0
Register Write to Reg: 0x00 Val: 0x00000000
[inst #3047] addi x0,x0,0
Register Write to Reg: 0x00 Val: 0x00000000
[inst #3048] addi x0,x0,0
Register Write to Reg: 0x00 Val: 0x00000000
[inst #3049] beq x7,x0,24
[inst #3050] addi x0,x0,0
Register Write to Reg: 0x00 Val: 0x00000000
[inst #3051] addi x0,x0,0
Register Write to Reg: 0x00 Val: 0x00000000
[inst #3052] jal x0,-288
Register Write to Reg: 0x00 Val: 0x004006B8
[inst #3053] lw x7,32(x8)
Register Write to Reg: 0x07 Val: 0x10010FC4
[inst #3054] addi x0,x0,0
Register Write to Reg: 0x00 Val: 0x00000000
[inst #3055] addi x0,x0,0
Register Write to Reg: 0x00 Val: 0x00000000
[inst #3056] addi x0,x0,0
Register Write to Reg: 0x00 Val: 0x00000000
[inst #3057] lw x28,0(x7)
Register Write to Reg: 0x1C Val: 0x00000000
[inst #3058] lw x7,32(x8)
Register Write to Reg: 0x07 Val: 0x10010FC4
[inst #3059] addi x0,x0,0
Register Write to Reg: 0x00 Val: 0x00000000
[inst #3060] addi x0,x0,0
Register Write to Reg: 0x00 Val: 0x00000000
[inst #3061] addi x0,x0,0
Register Write to Reg: 0x00 Val: 0x00000000
[inst #3062] lw x7,4(x7)
Register Write to Reg: 0x07 Val: 0x00000003
[inst #3063] addi x0,x0,0
Register Write to Reg: 0x00 Val: 0x00000000
[inst #3064] addi x0,x0,0
Register Write to Reg: 0x00 Val: 0x00000000
[inst #3065] addi x0,x0,0
Register Write to Reg: 0x00 Val: 0x00000000
[inst #3066] add x30,x0,x7
Register Write to Reg: 0x1E Val: 0x00000003
[inst #3067] add x29,x0,x28
Register Write to Reg: 0x1D Val: 0x00000000
[inst #3068] lui x1,1024
Register Write to Reg: 0x01 Val: 0x00400000
[inst #3069] addi x0,x0,0
Register Write to Reg: 0x00 Val: 0x00000000
[inst #3070] addi x0,x0,0
Register Write to Reg: 0x00 Val: 0x00000000
[inst #3071] addi x0,x0,0
Register Write to Reg: 0x00 Val: 0x00000000
[inst #3072] addi x1,x1,1520
Register Write to Reg: 0x01 Val: 0x004005F0
[inst #3073] jal x0,272
Register Write to Reg: 0x00 Val: 0x004005E8
[inst #3074] addi x2,x2,-32
Register Write to Reg: 0x02 Val: 0x10010F68
[inst #3075] addi x0,x0,0
Register Write to Reg: 0x00 Val: 0x00000000
[inst #3076] addi x0,x0,0
Register Write to Reg: 0x00 Val: 0x00000000
[inst #3077] addi x0,x0,0
Register Write to Reg: 0x00 Val: 0x00000000
[inst #3078] sw x8,28(x2)
Memory Write to Addr: 0x10010F84 Val: 0x10010F88
[inst #3079] add x8,x0,x2
Register Write to Reg: 0x08 Val: 0x10010F68
[inst #3080] addi x0,x0,0
Register Write to Reg: 0x00 Val: 0x00000000
[inst #3081] addi x0,x0,0
Register Write to Reg: 0x00 Val: 0x00000000
[inst #3082] addi x0,x0,0
Register Write to Reg: 0x00 Val: 0x00000000
[inst #3083] sw x29,32(x8)
Memory Write to Addr: 0x10010F88 Val: 0x00000000
[inst #3084] sw x30,36(x8)
Memory Write to Addr: 0x10010F8C Val: 0x00000003
[inst #3085] lui x7,65552
Register Write to Reg: 0x07 Val: 0x10010000
[inst #3086] addi x0,x0,0
Register Write to Reg: 0x00 Val: 0x00000000
[inst #3087] addi x0,x0,0
Register Write to Reg: 0x00 Val: 0x00000000
[inst #3088] addi x0,x0,0
Register Write to Reg: 0x00 Val: 0x00000000
[inst #3089] addi x7,x7,20
Register Write to Reg: 0x07 Val: 0x10010014
[inst #3090] lw x28,32(x8)
Register Write to Reg: 0x1C Val: 0x00000000
[inst #3091] addi x0,x0,0
Register Write to Reg: 0x00 Val: 0x00000000
[inst #3092] addi x0,x0,0
Register Write to Reg: 0x00 Val: 0x00000000
[inst #3093] addi x0,x0,0
Register Write to Reg: 0x00 Val: 0x00000000
[inst #3094] slli x28,x28,2
Register Write to Reg: 0x1C Val: 0x00000000
[inst #3095] addi x0,x0,0
Register Write to Reg: 0x00 Val: 0x00000000
[inst #3096] addi x0,x0,0
Register Write to Reg: 0x00 Val: 0x00000000
[inst #3097] addi x0,x0,0
Register Write to Reg: 0x00 Val: 0x00000000
[inst #3098] add x7,x28,x7
Register Write to Reg: 0x07 Val: 0x10010014
[inst #3099] addi x0,x0,0
Register Write to Reg: 0x00 Val: 0x00000000
[inst #3100] addi x0,x0,0
Register Write to Reg: 0x00 Val: 0x00000000
[inst #3101] addi x0,x0,0
Register Write to Reg: 0x00 Val: 0x00000000
[inst #3102] lw x7,0(x7)
Register Write to Reg: 0x07 Val: 0x00000006
[inst #3103] addi x0,x0,0
Register Write to Reg: 0x00 Val: 0x00000000
[inst #3104] addi x0,x0,0
Register Write to Reg: 0x00 Val: 0x00000000
[inst #3105] addi x0,x0,0
Register Write to Reg: 0x00 Val: 0x00000000
[inst #3106] sw x7,16(x8)
Memory Write to Addr: 0x10010F78 Val: 0x00000006
[inst #3107] addi x7,x0,1
Register Write to Reg: 0x07 Val: 0x00000001
[inst #3108] addi x0,x0,0
Register Write to Reg: 0x00 Val: 0x00000000
[inst #3109] addi x0,x0,0
Register Write to Reg: 0x00 Val: 0x00000000
[inst #3110] addi x0,x0,0
Register Write to Reg: 0x00 Val: 0x00000000
[inst #3111] sw x7,8(x8)
Memory Write to Addr: 0x10010F70 Val: 0x00000001
[inst #3112] sw x0,12(x8)
Memory Write to Addr: 0x10010F74 Val: 0x00000000
[inst #3113] jal x0,84
Register Write to Reg: 0x00 Val: 0x00400794
[inst #3114] lw x28,12(x8)
Register Write to Reg: 0x1C Val: 0x00000000
[inst #3115] lw x7,36(x8)
Register Write to Reg: 0x07 Val: 0x00000003
[inst #3116] addi x0,x0,0
Register Write to Reg: 0x00 Val: 0x00000000
[inst #3117] addi x0,x0,0
Register Write to Reg: 0x00 Val: 0x00000000
[inst #3118] addi x0,x0,0
Register Write to Reg: 0x00 Val: 0x00000000
[inst #3119] slt x7,x28,x7
Register Write to Reg: 0x07 Val: 0x00000001
[inst #3120] addi x0,x0,0
Register Write to Reg: 0x00 Val: 0x00000000
[inst #3121] addi x0,x0,0
Register Write to Reg: 0x00 Val: 0x00000000
[inst #3122] addi x0,x0,0
Register Write to Reg: 0x00 Val: 0x00000000
[inst #3123] beq x7,x0,24
[inst #3124] addi x0,x0,0
Register Write to Reg: 0x00 Val: 0x00000000
[inst #3125] addi x0,x0,0
Register Write to Reg: 0x00 Val: 0x00000000
[inst #3126] jal x0,-120
Register Write to Reg: 0x00 Val: 0x00400818
[inst #3127] lw x7,8(x8)
Register Write to Reg: 0x07 Val: 0x00000001
[inst #3128] addi x0,x0,0
Register Write to Reg: 0x00 Val: 0x00000000
[inst #3129] addi x0,x0,0
Register Write to Reg: 0x00 Val: 0x00000000
[inst #3130] addi x0,x0,0
Register Write to Reg: 0x00 Val: 0x00000000
[inst #3131] slli x7,x7,1
Register Write to Reg: 0x07 Val: 0x00000002
[inst #3132] addi x0,x0,0
Register Write to Reg: 0x00 Val: 0x00000000
[inst #3133] addi x0,x0,0
Register Write to Reg: 0x00 Val: 0x00000000
[inst #3134] addi x0,x0,0
Register Write to Reg: 0x00 Val: 0x00000000
[inst #3135] sw x7,8(x8)
Memory Write to Addr: 0x10010F70 Val: 0x00000002
[inst #3136] lw x7,12(x8)
Register Write to Reg: 0x07 Val: 0x00000000
[inst #3137] addi x0,x0,0
Register Write to Reg: 0x00 Val: 0x00000000
[inst #3138] addi x0,x0,0
Register Write to Reg: 0x00 Val: 0x00000000
[inst #3139] addi x0,x0,0
Register Write to Reg: 0x00 Val: 0x00000000
[inst #3140] addi x7,x7,1
Register Write to Reg: 0x07 Val: 0x00000001
[inst #3141] addi x0,x0,0
Register Write to Reg: 0x00 Val: 0x00000000
[inst #3142] addi x0,x0,0
Register Write to Reg: 0x00 Val: 0x00000000
[inst #3143] addi x0,x0,0
Register Write to Reg: 0x00 Val: 0x00000000
[inst #3144] sw x7,12(x8)
Memory Write to Addr: 0x10010F74 Val: 0x00000001
[inst #3145] lw x28,12(x8)
Register Write to Reg: 0x1C Val: 0x00000001
[inst #3146] lw x7,36(x8)
Register Write to Reg: 0x07 Val: 0x00000003
[inst #3147] addi x0,x0,0
Register Write to Reg: 0x00 Val: 0x00000000
[inst #3148] addi x0,x0,0
Register Write to Reg: 0x00 Val: 0x00000000
[inst #3149] addi x0,x0,0
Register Write to Reg: 0x00 Val: 0x00000000
[inst #3150] slt x7,x28,x7
Register Write to Reg: 0x07 Val: 0x00000001
[inst #3151] addi x0,x0,0
Register Write to Reg: 0x00 Val: 0x00000000
[inst #3152] addi x0,x0,0
Register Write to Reg: 0x00 Val: 0x00000000
[inst #3153] addi x0,x0,0
Register Write to Reg: 0x00 Val: 0x00000000
[inst #3154] beq x7,x0,24
[inst #3155] addi x0,x0,0
Register Write to Reg: 0x00 Val: 0x00000000
[inst #3156] addi x0,x0,0
Register Write to Reg: 0x00 Val: 0x00000000
[inst #3157] jal x0,-120
Register Write to Reg: 0x00 Val: 0x00400818
[inst #3158] lw x7,8(x8)
Register Write to Reg: 0x07 Val: 0x00000002
[inst #3159] addi x0,x0,0
Register Write to Reg: 0x00 Val: 0x00000000
[inst #3160] addi x0,x0,0
Register Write to Reg: 0x00 Val: 0x00000000
[inst #3161] addi x0,x0,0
Register Write to Reg: 0x00 Val: 0x00000000
[inst #3162] slli x7,x7,1
Register Write to Reg: 0x07 Val: 0x00000004
[inst #3163] addi x0,x0,0
Register Write to Reg: 0x00 Val: 0x00000000
[inst #3164] addi x0,x0,0
Register Write to Reg: 0x00 Val: 0x00000000
[inst #3165] addi x0,x0,0
Register Write to Reg: 0x00 Val: 0x00000000
[inst #3166] sw x7,8(x8)
Memory Write to Addr: 0x10010F70 Val: 0x00000004
[inst #3167] lw x7,12(x8)
Register Write to Reg: 0x07 Val: 0x00000001
[inst #3168] addi x0,x0,0
Register Write to Reg: 0x00 Val: 0x00000000
[inst #3169] addi x0,x0,0
Register Write to Reg: 0x00 Val: 0x00000000
[inst #3170] addi x0,x0,0
Register Write to Reg: 0x00 Val: 0x00000000
[inst #3171] addi x7,x7,1
Register Write to Reg: 0x07 Val: 0x00000002
[inst #3172] addi x0,x0,0
Register Write to Reg: 0x00 Val: 0x00000000
[inst #3173] addi x0,x0,0
Register Write to Reg: 0x00 Val: 0x00000000
[inst #3174] addi x0,x0,0
Register Write to Reg: 0x00 Val: 0x00000000
[inst #3175] sw x7,12(x8)
Memory Write to Addr: 0x10010F74 Val: 0x00000002
[inst #3176] lw x28,12(x8)
Register Write to Reg: 0x1C Val: 0x00000002
[inst #3177] lw x7,36(x8)
Register Write to Reg: 0x07 Val: 0x00000003
[inst #3178] addi x0,x0,0
Register Write to Reg: 0x00 Val: 0x00000000
[inst #3179] addi x0,x0,0
Register Write to Reg: 0x00 Val: 0x00000000
[inst #3180] addi x0,x0,0
Register Write to Reg: 0x00 Val: 0x00000000
[inst #3181] slt x7,x28,x7
Register Write to Reg: 0x07 Val: 0x00000001
[inst #3182] addi x0,x0,0
Register Write to Reg: 0x00 Val: 0x00000000
[inst #3183] addi x0,x0,0
Register Write to Reg: 0x00 Val: 0x00000000
[inst #3184] addi x0,x0,0
Register Write to Reg: 0x00 Val: 0x00000000
[inst #3185] beq x7,x0,24
[inst #3186] addi x0,x0,0
Register Write to Reg: 0x00 Val: 0x00000000
[inst #3187] addi x0,x0,0
Register Write to Reg: 0x00 Val: 0x00000000
[inst #3188] jal x0,-120
Register Write to Reg: 0x00 Val: 0x00400818
[inst #3189] lw x7,8(x8)
Register Write to Reg: 0x07 Val: 0x00000004
[inst #3190] addi x0,x0,0
Register Write to Reg: 0x00 Val: 0x00000000
[inst #3191] addi x0,x0,0
Register Write to Reg: 0x00 Val: 0x00000000
[inst #3192] addi x0,x0,0
Register Write to Reg: 0x00 Val: 0x00000000
[inst #3193] slli x7,x7,1
Register Write to Reg: 0x07 Val: 0x00000008
[inst #3194] addi x0,x0,0
Register Write to Reg: 0x00 Val: 0x00000000
[inst #3195] addi x0,x0,0
Register Write to Reg: 0x00 Val: 0x00000000
[inst #3196] addi x0,x0,0
Register Write to Reg: 0x00 Val: 0x00000000
[inst #3197] sw x7,8(x8)
Memory Write to Addr: 0x10010F70 Val: 0x00000008
[inst #3198] lw x7,12(x8)
Register Write to Reg: 0x07 Val: 0x00000002
[inst #3199] addi x0,x0,0
Register Write to Reg: 0x00 Val: 0x00000000
[inst #3200] addi x0,x0,0
Register Write to Reg: 0x00 Val: 0x00000000
[inst #3201] addi x0,x0,0
Register Write to Reg: 0x00 Val: 0x00000000
[inst #3202] addi x7,x7,1
Register Write to Reg: 0x07 Val: 0x00000003
[inst #3203] addi x0,x0,0
Register Write to Reg: 0x00 Val: 0x00000000
[inst #3204] addi x0,x0,0
Register Write to Reg: 0x00 Val: 0x00000000
[inst #3205] addi x0,x0,0
Register Write to Reg: 0x00 Val: 0x00000000
[inst #3206] sw x7,12(x8)
Memory Write to Addr: 0x10010F74 Val: 0x00000003
[inst #3207] lw x28,12(x8)
Register Write to Reg: 0x1C Val: 0x00000003
[inst #3208] lw x7,36(x8)
Register Write to Reg: 0x07 Val: 0x00000003
[inst #3209] addi x0,x0,0
Register Write to Reg: 0x00 Val: 0x00000000
[inst #3210] addi x0,x0,0
Register Write to Reg: 0x00 Val: 0x00000000
[inst #3211] addi x0,x0,0
Register Write to Reg: 0x00 Val: 0x00000000
[inst #3212] slt x7,x28,x7
Register Write to Reg: 0x07 Val: 0x00000000
[inst #3213] addi x0,x0,0
Register Write to Reg: 0x00 Val: 0x00000000
[inst #3214] addi x0,x0,0
Register Write to Reg: 0x00 Val: 0x00000000
[inst #3215] addi x0,x0,0
Register Write to Reg: 0x00 Val: 0x00000000
[inst #3216] beq x7,x0,24
[inst #3217] lw x28,8(x8)
Register Write to Reg: 0x1C Val: 0x00000008
[inst #3218] lw x7,16(x8)
Register Write to Reg: 0x07 Val: 0x00000006
[inst #3219] addi x0,x0,0
Register Write to Reg: 0x00 Val: 0x00000000
[inst #3220] addi x0,x0,0
Register Write to Reg: 0x00 Val: 0x00000000
[inst #3221] addi x0,x0,0
Register Write to Reg: 0x00 Val: 0x00000000
[inst #3222] and x7,x28,x7
Register Write to Reg: 0x07 Val: 0x00000000
[inst #3223] addi x0,x0,0
Register Write to Reg: 0x00 Val: 0x00000000
[inst #3224] addi x0,x0,0
Register Write to Reg: 0x00 Val: 0x00000000
[inst #3225] addi x0,x0,0
Register Write to Reg: 0x00 Val: 0x00000000
[inst #3226] slt x7,x0,x7
Register Write to Reg: 0x07 Val: 0x00000000
[inst #3227] addi x0,x0,0
Register Write to Reg: 0x00 Val: 0x00000000
[inst #3228] addi x0,x0,0
Register Write to Reg: 0x00 Val: 0x00000000
[inst #3229] addi x0,x0,0
Register Write to Reg: 0x00 Val: 0x00000000
[inst #3230] andi x7,x7,255
Register Write to Reg: 0x07 Val: 0x00000000
[inst #3231] add x2,x0,x8
Register Write to Reg: 0x02 Val: 0x10010F68
[inst #3232] addi x0,x0,0
Register Write to Reg: 0x00 Val: 0x00000000
[inst #3233] addi x0,x0,0
Register Write to Reg: 0x00 Val: 0x00000000
[inst #3234] addi x0,x0,0
Register Write to Reg: 0x00 Val: 0x00000000
[inst #3235] lw x8,28(x2)
Register Write to Reg: 0x08 Val: 0x10010F88
[inst #3236] addi x2,x2,32
Register Write to Reg: 0x02 Val: 0x10010F88
[inst #3237] jalr x0,x1,0
Register Write to Reg: 0x00 Val: 0x00400874
[inst #3238] beq x7,x0,80
[inst #3239] lw x7,32(x8)
Register Write to Reg: 0x07 Val: 0x10010FC4
[inst #3240] addi x0,x0,0
Register Write to Reg: 0x00 Val: 0x00000000
[inst #3241] addi x0,x0,0
Register Write to Reg: 0x00 Val: 0x00000000
[inst #3242] addi x0,x0,0
Register Write to Reg: 0x00 Val: 0x00000000
[inst #3243] lw x7,4(x7)
Register Write to Reg: 0x07 Val: 0x00000003
[inst #3244] addi x0,x0,0
Register Write to Reg: 0x00 Val: 0x00000000
[inst #3245] addi x0,x0,0
Register Write to Reg: 0x00 Val: 0x00000000
[inst #3246] addi x0,x0,0
Register Write to Reg: 0x00 Val: 0x00000000
[inst #3247] addi x28,x7,1
Register Write to Reg: 0x1C Val: 0x00000004
[inst #3248] lw x7,32(x8)
Register Write to Reg: 0x07 Val: 0x10010FC4
[inst #3249] addi x0,x0,0
Register Write to Reg: 0x00 Val: 0x00000000
[inst #3250] addi x0,x0,0
Register Write to Reg: 0x00 Val: 0x00000000
[inst #3251] addi x0,x0,0
Register Write to Reg: 0x00 Val: 0x00000000
[inst #3252] sw x28,4(x7)
Memory Write to Addr: 0x10010FC8 Val: 0x00000004
[inst #3253] lw x7,32(x8)
Register Write to Reg: 0x07 Val: 0x10010FC4
[inst #3254] addi x0,x0,0
Register Write to Reg: 0x00 Val: 0x00000000
[inst #3255] addi x0,x0,0
Register Write to Reg: 0x00 Val: 0x00000000
[inst #3256] addi x0,x0,0
Register Write to Reg: 0x00 Val: 0x00000000
[inst #3257] lw x7,4(x7)
Register Write to Reg: 0x07 Val: 0x00000004
[inst #3258] addi x0,x0,0
Register Write to Reg: 0x00 Val: 0x00000000
[inst #3259] addi x0,x0,0
Register Write to Reg: 0x00 Val: 0x00000000
[inst #3260] addi x0,x0,0
Register Write to Reg: 0x00 Val: 0x00000000
[inst #3261] slti x7,x7,4
Register Write to Reg: 0x07 Val: 0x00000000
[inst #3262] addi x0,x0,0
Register Write to Reg: 0x00 Val: 0x00000000
[inst #3263] addi x0,x0,0
Register Write to Reg: 0x00 Val: 0x00000000
[inst #3264] addi x0,x0,0
Register Write to Reg: 0x00 Val: 0x00000000
[inst #3265] beq x7,x0,24
[inst #3266] addi x7,x0,-1
Register Write to Reg: 0x07 Val: 0xFFFFFFFF
[inst #3267] add x2,x0,x8
Register Write to Reg: 0x02 Val: 0x10010F88
[inst #3268] addi x0,x0,0
Register Write to Reg: 0x00 Val: 0x00000000
[inst #3269] addi x0,x0,0
Register Write to Reg: 0x00 Val: 0x00000000
[inst #3270] addi x0,x0,0
Register Write to Reg: 0x00 Val: 0x00000000
[inst #3271] lw x1,28(x2)
Register Write to Reg: 0x01 Val: 0x00400298
[inst #3272] lw x8,24(x2)
Register Write to Reg: 0x08 Val: 0x10010FA8
[inst #3273] addi x2,x2,32
Register Write to Reg: 0x02 Val: 0x10010FA8
[inst #3274] addi x0,x0,0
Register Write to Reg: 0x00 Val: 0x00000000
[inst #3275] jalr x0,x1,0
Register Write to Reg: 0x00 Val: 0x004006E8
[inst #3276] sw x7,24(x8)
Memory Write to Addr: 0x10010FC0 Val: 0xFFFFFFFF
[inst #3277] lw x28,24(x8)
Register Write to Reg: 0x1C Val: 0xFFFFFFFF
[inst #3278] addi x7,x0,-1
Register Write to Reg: 0x07 Val: 0xFFFFFFFF
[inst #3279] addi x0,x0,0
Register Write to Reg: 0x00 Val: 0x00000000
[inst #3280] addi x0,x0,0
Register Write to Reg: 0x00 Val: 0x00000000
[inst #3281] addi x0,x0,0
Register Write to Reg: 0x00 Val: 0x00000000
[inst #3282] beq x28,x7,24
[inst #3283] lui x7,65552
Register Write to Reg: 0x07 Val: 0x10010000
[inst #3284] addi x0,x0,0
Register Write to Reg: 0x00 Val: 0x00000000
[inst #3285] addi x0,x0,0
Register Write to Reg: 0x00 Val: 0x00000000
[inst #3286] addi x0,x0,0
Register Write to Reg: 0x00 Val: 0x00000000
[inst #3287] addi x7,x7,40
Register Write to Reg: 0x07 Val: 0x10010028
[inst #3288] addi x0,x0,0
Register Write to Reg: 0x00 Val: 0x00000000
[inst #3289] addi x0,x0,0
Register Write to Reg: 0x00 Val: 0x00000000
[inst #3290] addi x0,x0,0
Register Write to Reg: 0x00 Val: 0x00000000
[inst #3291] lw x7,0(x7)
Register Write to Reg: 0x07 Val: 0x00000003
[inst #3292] addi x0,x0,0
Register Write to Reg: 0x00 Val: 0x00000000
[inst #3293] addi x0,x0,0
Register Write to Reg: 0x00 Val: 0x00000000
[inst #3294] addi x0,x0,0
Register Write to Reg: 0x00 Val: 0x00000000
[inst #3295] addi x29,x7,-1
Register Write to Reg: 0x1D Val: 0x00000002
[inst #3296] lui x28,65552
Register Write to Reg: 0x1C Val: 0x10010000
[inst #3297] addi x0,x0,0
Register Write to Reg: 0x00 Val: 0x00000000
[inst #3298] addi x0,x0,0
Register Write to Reg: 0x00 Val: 0x00000000
[inst #3299] addi x0,x0,0
Register Write to Reg: 0x00 Val: 0x00000000
[inst #3300] addi x28,x28,40
Register Write to Reg: 0x1C Val: 0x10010028
[inst #3301] lui x29,65552
Register Write to Reg: 0x1D Val: 0x10010000
[inst #3302] addi x0,x0,0
Register Write to Reg: 0x00 Val: 0x00000000
[inst #3303] addi x0,x0,0
Register Write to Reg: 0x00 Val: 0x00000000
[inst #3304] addi x0,x0,0
Register Write to Reg: 0x00 Val: 0x00000000
[inst #3305] addi x29,x29,0
Register Write to Reg: 0x1D Val: 0x10010000
[inst #3306] slli x28,x7,2
Register Write to Reg: 0x1C Val: 0x0000000C
[inst #3307] addi x0,x0,0
Register Write to Reg: 0x00 Val: 0x00000000
[inst #3308] addi x0,x0,0
Register Write to Reg: 0x00 Val: 0x00000000
[inst #3309] addi x0,x0,0
Register Write to Reg: 0x00 Val: 0x00000000
[inst #3310] srli x28,x28,1
Register Write to Reg: 0x1C Val: 0x00000006
[inst #3311] addi x0,x0,0
Register Write to Reg: 0x00 Val: 0x00000000
[inst #3312] addi x0,x0,0
Register Write to Reg: 0x00 Val: 0x00000000
[inst #3313] addi x0,x0,0
Register Write to Reg: 0x00 Val: 0x00000000
[inst #3314] srai x28,x28,1
Register Write to Reg: 0x1C Val: 0x00000003
[inst #3315] addi x0,x0,0
Register Write to Reg: 0x00 Val: 0x00000000
[inst #3316] addi x0,x0,0
Register Write to Reg: 0x00 Val: 0x00000000
[inst #3317] addi x0,x0,0
Register Write to Reg: 0x00 Val: 0x00000000
[inst #3318] slli x28,x28,2
Register Write to Reg: 0x1C Val: 0x0000000C
[inst #3319] xor x31,x1,x7
Register Write to Reg: 0x1F Val: 0x0040029B
[inst #3320] or x31,x1,x7
Register Write to Reg: 0x1F Val: 0x0040029B
[inst #3321] addi x0,x0,0
Register Write to Reg: 0x00 Val: 0x00000000
[inst #3322] addi x0,x0,0
Register Write to Reg: 0x00 Val: 0x00000000
[inst #3323] addi x0,x0,0
Register Write to Reg: 0x00 Val: 0x00000000
[inst #3324] sub x31,x0,x31
Register Write to Reg: 0x1F Val: 0xFFBFFD65
[inst #3325] lui x7,65552
Register Write to Reg: 0x07 Val: 0x10010000
[inst #3326] addi x0,x0,0
Register Write to Reg: 0x00 Val: 0x00000000
[inst #3327] addi x0,x0,0
Register Write to Reg: 0x00 Val: 0x00000000
[inst #3328] addi x0,x0,0
Register Write to Reg: 0x00 Val: 0x00000000
[inst #3329] addi x7,x7,0
Register Write to Reg: 0x07 Val: 0x10010000
[inst #3330] lui x11,1
Register Write to Reg: 0x0B Val: 0x00001000
[inst #3331] addi x0,x0,0
Register Write to Reg: 0x00 Val: 0x00000000
[inst #3332] addi x0,x0,0
Register Write to Reg: 0x00 Val: 0x00000000
[inst #3333] addi x0,x0,0
Register Write to Reg: 0x00 Val: 0x00000000
[inst #3334] addi x11,x11,-1
Register Write to Reg: 0x0B Val: 0x00000FFF
[inst #3335] addi x0,x0,0
Register Write to Reg: 0x00 Val: 0x00000000
[inst #3336] addi x0,x0,0
Register Write to Reg: 0x00 Val: 0x00000000
[inst #3337] addi x0,x0,0
Register Write to Reg: 0x00 Val: 0x00000000
[inst #3338] and x31,x7,x11
Register Write to Reg: 0x1F Val: 0x00000000
[inst #3339] addi x0,x0,0
Register Write to Reg: 0x00 Val: 0x00000000
[inst #3340] addi x0,x0,0
Register Write to Reg: 0x00 Val: 0x00000000
[inst #3341] addi x0,x0,0
Register Write to Reg: 0x00 Val: 0x00000000
[inst #3342] add x7,x29,x31
Register Write to Reg: 0x07 Val: 0x10010000
[inst #3343] addi x0,x0,0
Register Write to Reg: 0x00 Val: 0x00000000
[inst #3344] addi x0,x0,0
Register Write to Reg: 0x00 Val: 0x00000000
[inst #3345] addi x0,x0,0
Register Write to Reg: 0x00 Val: 0x00000000
[inst #3346] add x7,x28,x7
Register Write to Reg: 0x07 Val: 0x1001000C
[inst #3347] lw x28,48(x8)
Register Write to Reg: 0x1C Val: 0x00000000
[inst #3348] addi x0,x0,0
Register Write to Reg: 0x00 Val: 0x00000000
[inst #3349] addi x0,x0,0
Register Write to Reg: 0x00 Val: 0x00000000
[inst #3350] addi x0,x0,0
Register Write to Reg: 0x00 Val: 0x00000000
[inst #3351] sw x28,0(x7)
Memory Write to Addr: 0x1001000C Val: 0x00000000
[inst #3352] add x2,x0,x8
Register Write to Reg: 0x02 Val: 0x10010FA8
[inst #3353] addi x0,x0,0
Register Write to Reg: 0x00 Val: 0x00000000
[inst #3354] addi x0,x0,0
Register Write to Reg: 0x00 Val: 0x00000000
[inst #3355] addi x0,x0,0
Register Write to Reg: 0x00 Val: 0x00000000
[inst #3356] lw x1,44(x2)
Register Write to Reg: 0x01 Val: 0x004000E8
[inst #3357] lw x8,40(x2)
Register Write to Reg: 0x08 Val: 0x10010FD8
[inst #3358] addi x2,x2,48
Register Write to Reg: 0x02 Val: 0x10010FD8
[inst #3359] addi x0,x0,0
Register Write to Reg: 0x00 Val: 0x00000000
[inst #3360] jalr x0,x1,0
Register Write to Reg: 0x00 Val: 0x00400400
[inst #3361] lw x7,24(x8)
Register Write to Reg: 0x07 Val: 0x00000000
[inst #3362] addi x0,x0,0
Register Write to Reg: 0x00 Val: 0x00000000
[inst #3363] addi x0,x0,0
Register Write to Reg: 0x00 Val: 0x00000000
[inst #3364] addi x0,x0,0
Register Write to Reg: 0x00 Val: 0x00000000
[inst #3365] addi x7,x7,1
Register Write to Reg: 0x07 Val: 0x00000001
[inst #3366] addi x0,x0,0
Register Write to Reg: 0x00 Val: 0x00000000
[inst #3367] addi x0,x0,0
Register Write to Reg: 0x00 Val: 0x00000000
[inst #3368] addi x0,x0,0
Register Write to Reg: 0x00 Val: 0x00000000
[inst #3369] sw x7,24(x8)
Memory Write to Addr: 0x10010FF0 Val: 0x00000001
[inst #3370] addi x0,x0,0
Register Write to Reg: 0x00 Val: 0x00000000
[inst #3371] addi x0,x0,0
Register Write to Reg: 0x00 Val: 0x00000000
[inst #3372] addi x0,x0,0
Register Write to Reg: 0x00 Val: 0x00000000
[inst #3373] lw x7,24(x8)
Register Write to Reg: 0x07 Val: 0x00000001
[inst #3374] addi x0,x0,0
Register Write to Reg: 0x00 Val: 0x00000000
[inst #3375] addi x0,x0,0
Register Write to Reg: 0x00 Val: 0x00000000
[inst #3376] addi x0,x0,0
Register Write to Reg: 0x00 Val: 0x00000000
[inst #3377] slti x7,x7,4
Register Write to Reg: 0x07 Val: 0x00000001
[inst #3378] addi x0,x0,0
Register Write to Reg: 0x00 Val: 0x00000000
[inst #3379] addi x0,x0,0
Register Write to Reg: 0x00 Val: 0x00000000
[inst #3380] addi x0,x0,0
Register Write to Reg: 0x00 Val: 0x00000000
[inst #3381] beq x7,x0,24
[inst #3382] addi x0,x0,0
Register Write to Reg: 0x00 Val: 0x00000000
[inst #3383] addi x0,x0,0
Register Write to Reg: 0x00 Val: 0x00000000
[inst #3384] jal x0,-208
Register Write to Reg: 0x00 Val: 0x00400148
[inst #3385] lw x29,24(x8)
Register Write to Reg: 0x1D Val: 0x00000001
[inst #3386] lui x1,1024
Register Write to Reg: 0x01 Val: 0x00400000
[inst #3387] addi x0,x0,0
Register Write to Reg: 0x00 Val: 0x00000000
[inst #3388] addi x0,x0,0
Register Write to Reg: 0x00 Val: 0x00000000
[inst #3389] addi x0,x0,0
Register Write to Reg: 0x00 Val: 0x00000000
[inst #3390] addi x1,x1,152
Register Write to Reg: 0x01 Val: 0x00400098
[inst #3391] jal x0,2372
Register Write to Reg: 0x00 Val: 0x00400090
[inst #3392] addi x2,x2,-32
Register Write to Reg: 0x02 Val: 0x10010FB8
[inst #3393] addi x0,x0,0
Register Write to Reg: 0x00 Val: 0x00000000
[inst #3394] addi x0,x0,0
Register Write to Reg: 0x00 Val: 0x00000000
[inst #3395] addi x0,x0,0
Register Write to Reg: 0x00 Val: 0x00000000
[inst #3396] sw x8,28(x2)
Memory Write to Addr: 0x10010FD4 Val: 0x10010FD8
[inst #3397] add x8,x0,x2
Register Write to Reg: 0x08 Val: 0x10010FB8
[inst #3398] addi x0,x0,0
Register Write to Reg: 0x00 Val: 0x00000000
[inst #3399] addi x0,x0,0
Register Write to Reg: 0x00 Val: 0x00000000
[inst #3400] addi x0,x0,0
Register Write to Reg: 0x00 Val: 0x00000000
[inst #3401] sw x29,32(x8)
Memory Write to Addr: 0x10010FD8 Val: 0x00000001
[inst #3402] ori x7,x0,1
Register Write to Reg: 0x07 Val: 0x00000001
[inst #3403] addi x0,x0,0
Register Write to Reg: 0x00 Val: 0x00000000
[inst #3404] addi x0,x0,0
Register Write to Reg: 0x00 Val: 0x00000000
[inst #3405] addi x0,x0,0
Register Write to Reg: 0x00 Val: 0x00000000
[inst #3406] sw x7,8(x8)
Memory Write to Addr: 0x10010FC0 Val: 0x00000001
[inst #3407] sw x0,12(x8)
Memory Write to Addr: 0x10010FC4 Val: 0x00000000
[inst #3408] jal x0,84
Register Write to Reg: 0x00 Val: 0x00400A14
[inst #3409] lw x28,12(x8)
Register Write to Reg: 0x1C Val: 0x00000000
[inst #3410] lw x7,32(x8)
Register Write to Reg: 0x07 Val: 0x00000001
[inst #3411] addi x0,x0,0
Register Write to Reg: 0x00 Val: 0x00000000
[inst #3412] addi x0,x0,0
Register Write to Reg: 0x00 Val: 0x00000000
[inst #3413] addi x0,x0,0
Register Write to Reg: 0x00 Val: 0x00000000
[inst #3414] slt x7,x28,x7
Register Write to Reg: 0x07 Val: 0x00000001
[inst #3415] addi x0,x0,0
Register Write to Reg: 0x00 Val: 0x00000000
[inst #3416] addi x0,x0,0
Register Write to Reg: 0x00 Val: 0x00000000
[inst #3417] addi x0,x0,0
Register Write to Reg: 0x00 Val: 0x00000000
[inst #3418] beq x7,x0,24
[inst #3419] addi x0,x0,0
Register Write to Reg: 0x00 Val: 0x00000000
[inst #3420] addi x0,x0,0
Register Write to Reg: 0x00 Val: 0x00000000
[inst #3421] jal x0,-120
Register Write to Reg: 0x00 Val: 0x00400A98
[inst #3422] lw x7,8(x8)
Register Write to Reg: 0x07 Val: 0x00000001
[inst #3423] addi x0,x0,0
Register Write to Reg: 0x00 Val: 0x00000000
[inst #3424] addi x0,x0,0
Register Write to Reg: 0x00 Val: 0x00000000
[inst #3425] addi x0,x0,0
Register Write to Reg: 0x00 Val: 0x00000000
[inst #3426] slli x7,x7,8
Register Write to Reg: 0x07 Val: 0x00000100
[inst #3427] addi x0,x0,0
Register Write to Reg: 0x00 Val: 0x00000000
[inst #3428] addi x0,x0,0
Register Write to Reg: 0x00 Val: 0x00000000
[inst #3429] addi x0,x0,0
Register Write to Reg: 0x00 Val: 0x00000000
[inst #3430] sw x7,8(x8)
Memory Write to Addr: 0x10010FC0 Val: 0x00000100
[inst #3431] lw x7,12(x8)
Register Write to Reg: 0x07 Val: 0x00000000
[inst #3432] addi x0,x0,0
Register Write to Reg: 0x00 Val: 0x00000000
[inst #3433] addi x0,x0,0
Register Write to Reg: 0x00 Val: 0x00000000
[inst #3434] addi x0,x0,0
Register Write to Reg: 0x00 Val: 0x00000000
[inst #3435] addi x7,x7,1
Register Write to Reg: 0x07 Val: 0x00000001
[inst #3436] addi x0,x0,0
Register Write to Reg: 0x00 Val: 0x00000000
[inst #3437] addi x0,x0,0
Register Write to Reg: 0x00 Val: 0x00000000
[inst #3438] addi x0,x0,0
Register Write to Reg: 0x00 Val: 0x00000000
[inst #3439] sw x7,12(x8)
Memory Write to Addr: 0x10010FC4 Val: 0x00000001
[inst #3440] lw x28,12(x8)
Register Write to Reg: 0x1C Val: 0x00000001
[inst #3441] lw x7,32(x8)
Register Write to Reg: 0x07 Val: 0x00000001
[inst #3442] addi x0,x0,0
Register Write to Reg: 0x00 Val: 0x00000000
[inst #3443] addi x0,x0,0
Register Write to Reg: 0x00 Val: 0x00000000
[inst #3444] addi x0,x0,0
Register Write to Reg: 0x00 Val: 0x00000000
[inst #3445] slt x7,x28,x7
Register Write to Reg: 0x07 Val: 0x00000000
[inst #3446] addi x0,x0,0
Register Write to Reg: 0x00 Val: 0x00000000
[inst #3447] addi x0,x0,0
Register Write to Reg: 0x00 Val: 0x00000000
[inst #3448] addi x0,x0,0
Register Write to Reg: 0x00 Val: 0x00000000
[inst #3449] beq x7,x0,24
[inst #3450] lui x7,65552
Register Write to Reg: 0x07 Val: 0x10010000
[inst #3451] addi x0,x0,0
Register Write to Reg: 0x00 Val: 0x00000000
[inst #3452] addi x0,x0,0
Register Write to Reg: 0x00 Val: 0x00000000
[inst #3453] addi x0,x0,0
Register Write to Reg: 0x00 Val: 0x00000000
[inst #3454] addi x7,x7,36
Register Write to Reg: 0x07 Val: 0x10010024
[inst #3455] addi x0,x0,0
Register Write to Reg: 0x00 Val: 0x00000000
[inst #3456] addi x0,x0,0
Register Write to Reg: 0x00 Val: 0x00000000
[inst #3457] addi x0,x0,0
Register Write to Reg: 0x00 Val: 0x00000000
[inst #3458] lw x7,0(x7)
Register Write to Reg: 0x07 Val: 0x00010101
[inst #3459] addi x0,x0,0
Register Write to Reg: 0x00 Val: 0x00000000
[inst #3460] addi x0,x0,0
Register Write to Reg: 0x00 Val: 0x00000000
[inst #3461] addi x0,x0,0
Register Write to Reg: 0x00 Val: 0x00000000
[inst #3462] sw x7,16(x8)
Memory Write to Addr: 0x10010FC8 Val: 0x00010101
[inst #3463] lw x28,16(x8)
Register Write to Reg: 0x1C Val: 0x00010101
[inst #3464] lw x7,8(x8)
Register Write to Reg: 0x07 Val: 0x00000100
[inst #3465] addi x0,x0,0
Register Write to Reg: 0x00 Val: 0x00000000
[inst #3466] addi x0,x0,0
Register Write to Reg: 0x00 Val: 0x00000000
[inst #3467] addi x0,x0,0
Register Write to Reg: 0x00 Val: 0x00000000
[inst #3468] and x7,x28,x7
Register Write to Reg: 0x07 Val: 0x00000100
[inst #3469] addi x0,x0,0
Register Write to Reg: 0x00 Val: 0x00000000
[inst #3470] addi x0,x0,0
Register Write to Reg: 0x00 Val: 0x00000000
[inst #3471] addi x0,x0,0
Register Write to Reg: 0x00 Val: 0x00000000
[inst #3472] slt x7,x0,x7
Register Write to Reg: 0x07 Val: 0x00000001
[inst #3473] addi x0,x0,0
Register Write to Reg: 0x00 Val: 0x00000000
[inst #3474] addi x0,x0,0
Register Write to Reg: 0x00 Val: 0x00000000
[inst #3475] addi x0,x0,0
Register Write to Reg: 0x00 Val: 0x00000000
[inst #3476] andi x7,x7,255
Register Write to Reg: 0x07 Val: 0x00000001
[inst #3477] add x2,x0,x8
Register Write to Reg: 0x02 Val: 0x10010FB8
[inst #3478] addi x0,x0,0
Register Write to Reg: 0x00 Val: 0x00000000
[inst #3479] addi x0,x0,0
Register Write to Reg: 0x00 Val: 0x00000000
[inst #3480] addi x0,x0,0
Register Write to Reg: 0x00 Val: 0x00000000
[inst #3481] lw x8,28(x2)
Register Write to Reg: 0x08 Val: 0x10010FD8
[inst #3482] addi x2,x2,32
Register Write to Reg: 0x02 Val: 0x10010FD8
[inst #3483] jalr x0,x1,0
Register Write to Reg: 0x00 Val: 0x00400B28
[inst #3484] xori x7,x7,1
Register Write to Reg: 0x07 Val: 0x00000000
[inst #3485] addi x0,x0,0
Register Write to Reg: 0x00 Val: 0x00000000
[inst #3486] addi x0,x0,0
Register Write to Reg: 0x00 Val: 0x00000000
[inst #3487] addi x0,x0,0
Register Write to Reg: 0x00 Val: 0x00000000
[inst #3488] andi x7,x7,255
Register Write to Reg: 0x07 Val: 0x00000000
[inst #3489] addi x0,x0,0
Register Write to Reg: 0x00 Val: 0x00000000
[inst #3490] addi x0,x0,0
Register Write to Reg: 0x00 Val: 0x00000000
[inst #3491] addi x0,x0,0
Register Write to Reg: 0x00 Val: 0x00000000
[inst #3492] beq x7,x0,48
[inst #3493] lw x7,24(x8)
Register Write to Reg: 0x07 Val: 0x00000001
[inst #3494] addi x0,x0,0
Register Write to Reg: 0x00 Val: 0x00000000
[inst #3495] addi x0,x0,0
Register Write to Reg: 0x00 Val: 0x00000000
[inst #3496] addi x0,x0,0
Register Write to Reg: 0x00 Val: 0x00000000
[inst #3497] addi x7,x7,1
Register Write to Reg: 0x07 Val: 0x00000002
[inst #3498] addi x0,x0,0
Register Write to Reg: 0x00 Val: 0x00000000
[inst #3499] addi x0,x0,0
Register Write to Reg: 0x00 Val: 0x00000000
[inst #3500] addi x0,x0,0
Register Write to Reg: 0x00 Val: 0x00000000
[inst #3501] sw x7,24(x8)
Memory Write to Addr: 0x10010FF0 Val: 0x00000002
[inst #3502] addi x0,x0,0
Register Write to Reg: 0x00 Val: 0x00000000
[inst #3503] addi x0,x0,0
Register Write to Reg: 0x00 Val: 0x00000000
[inst #3504] addi x0,x0,0
Register Write to Reg: 0x00 Val: 0x00000000
[inst #3505] lw x7,24(x8)
Register Write to Reg: 0x07 Val: 0x00000002
[inst #3506] addi x0,x0,0
Register Write to Reg: 0x00 Val: 0x00000000
[inst #3507] addi x0,x0,0
Register Write to Reg: 0x00 Val: 0x00000000
[inst #3508] addi x0,x0,0
Register Write to Reg: 0x00 Val: 0x00000000
[inst #3509] slti x7,x7,4
Register Write to Reg: 0x07 Val: 0x00000001
[inst #3510] addi x0,x0,0
Register Write to Reg: 0x00 Val: 0x00000000
[inst #3511] addi x0,x0,0
Register Write to Reg: 0x00 Val: 0x00000000
[inst #3512] addi x0,x0,0
Register Write to Reg: 0x00 Val: 0x00000000
[inst #3513] beq x7,x0,24
[inst #3514] addi x0,x0,0
Register Write to Reg: 0x00 Val: 0x00000000
[inst #3515] addi x0,x0,0
Register Write to Reg: 0x00 Val: 0x00000000
[inst #3516] jal x0,-208
Register Write to Reg: 0x00 Val: 0x00400148
[inst #3517] lw x29,24(x8)
Register Write to Reg: 0x1D Val: 0x00000002
[inst #3518] lui x1,1024
Register Write to Reg: 0x01 Val: 0x00400000
[inst #3519] addi x0,x0,0
Register Write to Reg: 0x00 Val: 0x00000000
[inst #3520] addi x0,x0,0
Register Write to Reg: 0x00 Val: 0x00000000
[inst #3521] addi x0,x0,0
Register Write to Reg: 0x00 Val: 0x00000000
[inst #3522] addi x1,x1,152
Register Write to Reg: 0x01 Val: 0x00400098
[inst #3523] jal x0,2372
Register Write to Reg: 0x00 Val: 0x00400090
[inst #3524] addi x2,x2,-32
Register Write to Reg: 0x02 Val: 0x10010FB8
[inst #3525] addi x0,x0,0
Register Write to Reg: 0x00 Val: 0x00000000
[inst #3526] addi x0,x0,0
Register Write to Reg: 0x00 Val: 0x00000000
[inst #3527] addi x0,x0,0
Register Write to Reg: 0x00 Val: 0x00000000
[inst #3528] sw x8,28(x2)
Memory Write to Addr: 0x10010FD4 Val: 0x10010FD8
[inst #3529] add x8,x0,x2
Register Write to Reg: 0x08 Val: 0x10010FB8
[inst #3530] addi x0,x0,0
Register Write to Reg: 0x00 Val: 0x00000000
[inst #3531] addi x0,x0,0
Register Write to Reg: 0x00 Val: 0x00000000
[inst #3532] addi x0,x0,0
Register Write to Reg: 0x00 Val: 0x00000000
[inst #3533] sw x29,32(x8)
Memory Write to Addr: 0x10010FD8 Val: 0x00000002
[inst #3534] ori x7,x0,1
Register Write to Reg: 0x07 Val: 0x00000001
[inst #3535] addi x0,x0,0
Register Write to Reg: 0x00 Val: 0x00000000
[inst #3536] addi x0,x0,0
Register Write to Reg: 0x00 Val: 0x00000000
[inst #3537] addi x0,x0,0
Register Write to Reg: 0x00 Val: 0x00000000
[inst #3538] sw x7,8(x8)
Memory Write to Addr: 0x10010FC0 Val: 0x00000001
[inst #3539] sw x0,12(x8)
Memory Write to Addr: 0x10010FC4 Val: 0x00000000
[inst #3540] jal x0,84
Register Write to Reg: 0x00 Val: 0x00400A14
[inst #3541] lw x28,12(x8)
Register Write to Reg: 0x1C Val: 0x00000000
[inst #3542] lw x7,32(x8)
Register Write to Reg: 0x07 Val: 0x00000002
[inst #3543] addi x0,x0,0
Register Write to Reg: 0x00 Val: 0x00000000
[inst #3544] addi x0,x0,0
Register Write to Reg: 0x00 Val: 0x00000000
[inst #3545] addi x0,x0,0
Register Write to Reg: 0x00 Val: 0x00000000
[inst #3546] slt x7,x28,x7
Register Write to Reg: 0x07 Val: 0x00000001
[inst #3547] addi x0,x0,0
Register Write to Reg: 0x00 Val: 0x00000000
[inst #3548] addi x0,x0,0
Register Write to Reg: 0x00 Val: 0x00000000
[inst #3549] addi x0,x0,0
Register Write to Reg: 0x00 Val: 0x00000000
[inst #3550] beq x7,x0,24
[inst #3551] addi x0,x0,0
Register Write to Reg: 0x00 Val: 0x00000000
[inst #3552] addi x0,x0,0
Register Write to Reg: 0x00 Val: 0x00000000
[inst #3553] jal x0,-120
Register Write to Reg: 0x00 Val: 0x00400A98
[inst #3554] lw x7,8(x8)
Register Write to Reg: 0x07 Val: 0x00000001
[inst #3555] addi x0,x0,0
Register Write to Reg: 0x00 Val: 0x00000000
[inst #3556] addi x0,x0,0
Register Write to Reg: 0x00 Val: 0x00000000
[inst #3557] addi x0,x0,0
Register Write to Reg: 0x00 Val: 0x00000000
[inst #3558] slli x7,x7,8
Register Write to Reg: 0x07 Val: 0x00000100
[inst #3559] addi x0,x0,0
Register Write to Reg: 0x00 Val: 0x00000000
[inst #3560] addi x0,x0,0
Register Write to Reg: 0x00 Val: 0x00000000
[inst #3561] addi x0,x0,0
Register Write to Reg: 0x00 Val: 0x00000000
[inst #3562] sw x7,8(x8)
Memory Write to Addr: 0x10010FC0 Val: 0x00000100
[inst #3563] lw x7,12(x8)
Register Write to Reg: 0x07 Val: 0x00000000
[inst #3564] addi x0,x0,0
Register Write to Reg: 0x00 Val: 0x00000000
[inst #3565] addi x0,x0,0
Register Write to Reg: 0x00 Val: 0x00000000
[inst #3566] addi x0,x0,0
Register Write to Reg: 0x00 Val: 0x00000000
[inst #3567] addi x7,x7,1
Register Write to Reg: 0x07 Val: 0x00000001
[inst #3568] addi x0,x0,0
Register Write to Reg: 0x00 Val: 0x00000000
[inst #3569] addi x0,x0,0
Register Write to Reg: 0x00 Val: 0x00000000
[inst #3570] addi x0,x0,0
Register Write to Reg: 0x00 Val: 0x00000000
[inst #3571] sw x7,12(x8)
Memory Write to Addr: 0x10010FC4 Val: 0x00000001
[inst #3572] lw x28,12(x8)
Register Write to Reg: 0x1C Val: 0x00000001
[inst #3573] lw x7,32(x8)
Register Write to Reg: 0x07 Val: 0x00000002
[inst #3574] addi x0,x0,0
Register Write to Reg: 0x00 Val: 0x00000000
[inst #3575] addi x0,x0,0
Register Write to Reg: 0x00 Val: 0x00000000
[inst #3576] addi x0,x0,0
Register Write to Reg: 0x00 Val: 0x00000000
[inst #3577] slt x7,x28,x7
Register Write to Reg: 0x07 Val: 0x00000001
[inst #3578] addi x0,x0,0
Register Write to Reg: 0x00 Val: 0x00000000
[inst #3579] addi x0,x0,0
Register Write to Reg: 0x00 Val: 0x00000000
[inst #3580] addi x0,x0,0
Register Write to Reg: 0x00 Val: 0x00000000
[inst #3581] beq x7,x0,24
[inst #3582] addi x0,x0,0
Register Write to Reg: 0x00 Val: 0x00000000
[inst #3583] addi x0,x0,0
Register Write to Reg: 0x00 Val: 0x00000000
[inst #3584] jal x0,-120
Register Write to Reg: 0x00 Val: 0x00400A98
[inst #3585] lw x7,8(x8)
Register Write to Reg: 0x07 Val: 0x00000100
[inst #3586] addi x0,x0,0
Register Write to Reg: 0x00 Val: 0x00000000
[inst #3587] addi x0,x0,0
Register Write to Reg: 0x00 Val: 0x00000000
[inst #3588] addi x0,x0,0
Register Write to Reg: 0x00 Val: 0x00000000
[inst #3589] slli x7,x7,8
Register Write to Reg: 0x07 Val: 0x00010000
[inst #3590] addi x0,x0,0
Register Write to Reg: 0x00 Val: 0x00000000
[inst #3591] addi x0,x0,0
Register Write to Reg: 0x00 Val: 0x00000000
[inst #3592] addi x0,x0,0
Register Write to Reg: 0x00 Val: 0x00000000
[inst #3593] sw x7,8(x8)
Memory Write to Addr: 0x10010FC0 Val: 0x00010000
[inst #3594] lw x7,12(x8)
Register Write to Reg: 0x07 Val: 0x00000001
[inst #3595] addi x0,x0,0
Register Write to Reg: 0x00 Val: 0x00000000
[inst #3596] addi x0,x0,0
Register Write to Reg: 0x00 Val: 0x00000000
[inst #3597] addi x0,x0,0
Register Write to Reg: 0x00 Val: 0x00000000
[inst #3598] addi x7,x7,1
Register Write to Reg: 0x07 Val: 0x00000002
[inst #3599] addi x0,x0,0
Register Write to Reg: 0x00 Val: 0x00000000
[inst #3600] addi x0,x0,0
Register Write to Reg: 0x00 Val: 0x00000000
[inst #3601] addi x0,x0,0
Register Write to Reg: 0x00 Val: 0x00000000
[inst #3602] sw x7,12(x8)
Memory Write to Addr: 0x10010FC4 Val: 0x00000002
[inst #3603] lw x28,12(x8)
Register Write to Reg: 0x1C Val: 0x00000002
[inst #3604] lw x7,32(x8)
Register Write to Reg: 0x07 Val: 0x00000002
[inst #3605] addi x0,x0,0
Register Write to Reg: 0x00 Val: 0x00000000
[inst #3606] addi x0,x0,0
Register Write to Reg: 0x00 Val: 0x00000000
[inst #3607] addi x0,x0,0
Register Write to Reg: 0x00 Val: 0x00000000
[inst #3608] slt x7,x28,x7
Register Write to Reg: 0x07 Val: 0x00000000
[inst #3609] addi x0,x0,0
Register Write to Reg: 0x00 Val: 0x00000000
[inst #3610] addi x0,x0,0
Register Write to Reg: 0x00 Val: 0x00000000
[inst #3611] addi x0,x0,0
Register Write to Reg: 0x00 Val: 0x00000000
[inst #3612] beq x7,x0,24
[inst #3613] lui x7,65552
Register Write to Reg: 0x07 Val: 0x10010000
[inst #3614] addi x0,x0,0
Register Write to Reg: 0x00 Val: 0x00000000
[inst #3615] addi x0,x0,0
Register Write to Reg: 0x00 Val: 0x00000000
[inst #3616] addi x0,x0,0
Register Write to Reg: 0x00 Val: 0x00000000
[inst #3617] addi x7,x7,36
Register Write to Reg: 0x07 Val: 0x10010024
[inst #3618] addi x0,x0,0
Register Write to Reg: 0x00 Val: 0x00000000
[inst #3619] addi x0,x0,0
Register Write to Reg: 0x00 Val: 0x00000000
[inst #3620] addi x0,x0,0
Register Write to Reg: 0x00 Val: 0x00000000
[inst #3621] lw x7,0(x7)
Register Write to Reg: 0x07 Val: 0x00010101
[inst #3622] addi x0,x0,0
Register Write to Reg: 0x00 Val: 0x00000000
[inst #3623] addi x0,x0,0
Register Write to Reg: 0x00 Val: 0x00000000
[inst #3624] addi x0,x0,0
Register Write to Reg: 0x00 Val: 0x00000000
[inst #3625] sw x7,16(x8)
Memory Write to Addr: 0x10010FC8 Val: 0x00010101
[inst #3626] lw x28,16(x8)
Register Write to Reg: 0x1C Val: 0x00010101
[inst #3627] lw x7,8(x8)
Register Write to Reg: 0x07 Val: 0x00010000
[inst #3628] addi x0,x0,0
Register Write to Reg: 0x00 Val: 0x00000000
[inst #3629] addi x0,x0,0
Register Write to Reg: 0x00 Val: 0x00000000
[inst #3630] addi x0,x0,0
Register Write to Reg: 0x00 Val: 0x00000000
[inst #3631] and x7,x28,x7
Register Write to Reg: 0x07 Val: 0x00010000
[inst #3632] addi x0,x0,0
Register Write to Reg: 0x00 Val: 0x00000000
[inst #3633] addi x0,x0,0
Register Write to Reg: 0x00 Val: 0x00000000
[inst #3634] addi x0,x0,0
Register Write to Reg: 0x00 Val: 0x00000000
[inst #3635] slt x7,x0,x7
Register Write to Reg: 0x07 Val: 0x00000001
[inst #3636] addi x0,x0,0
Register Write to Reg: 0x00 Val: 0x00000000
[inst #3637] addi x0,x0,0
Register Write to Reg: 0x00 Val: 0x00000000
[inst #3638] addi x0,x0,0
Register Write to Reg: 0x00 Val: 0x00000000
[inst #3639] andi x7,x7,255
Register Write to Reg: 0x07 Val: 0x00000001
[inst #3640] add x2,x0,x8
Register Write to Reg: 0x02 Val: 0x10010FB8
[inst #3641] addi x0,x0,0
Register Write to Reg: 0x00 Val: 0x00000000
[inst #3642] addi x0,x0,0
Register Write to Reg: 0x00 Val: 0x00000000
[inst #3643] addi x0,x0,0
Register Write to Reg: 0x00 Val: 0x00000000
[inst #3644] lw x8,28(x2)
Register Write to Reg: 0x08 Val: 0x10010FD8
[inst #3645] addi x2,x2,32
Register Write to Reg: 0x02 Val: 0x10010FD8
[inst #3646] jalr x0,x1,0
Register Write to Reg: 0x00 Val: 0x00400B28
[inst #3647] xori x7,x7,1
Register Write to Reg: 0x07 Val: 0x00000000
[inst #3648] addi x0,x0,0
Register Write to Reg: 0x00 Val: 0x00000000
[inst #3649] addi x0,x0,0
Register Write to Reg: 0x00 Val: 0x00000000
[inst #3650] addi x0,x0,0
Register Write to Reg: 0x00 Val: 0x00000000
[inst #3651] andi x7,x7,255
Register Write to Reg: 0x07 Val: 0x00000000
[inst #3652] addi x0,x0,0
Register Write to Reg: 0x00 Val: 0x00000000
[inst #3653] addi x0,x0,0
Register Write to Reg: 0x00 Val: 0x00000000
[inst #3654] addi x0,x0,0
Register Write to Reg: 0x00 Val: 0x00000000
[inst #3655] beq x7,x0,48
[inst #3656] lw x7,24(x8)
Register Write to Reg: 0x07 Val: 0x00000002
[inst #3657] addi x0,x0,0
Register Write to Reg: 0x00 Val: 0x00000000
[inst #3658] addi x0,x0,0
Register Write to Reg: 0x00 Val: 0x00000000
[inst #3659] addi x0,x0,0
Register Write to Reg: 0x00 Val: 0x00000000
[inst #3660] addi x7,x7,1
Register Write to Reg: 0x07 Val: 0x00000003
[inst #3661] addi x0,x0,0
Register Write to Reg: 0x00 Val: 0x00000000
[inst #3662] addi x0,x0,0
Register Write to Reg: 0x00 Val: 0x00000000
[inst #3663] addi x0,x0,0
Register Write to Reg: 0x00 Val: 0x00000000
[inst #3664] sw x7,24(x8)
Memory Write to Addr: 0x10010FF0 Val: 0x00000003
[inst #3665] addi x0,x0,0
Register Write to Reg: 0x00 Val: 0x00000000
[inst #3666] addi x0,x0,0
Register Write to Reg: 0x00 Val: 0x00000000
[inst #3667] addi x0,x0,0
Register Write to Reg: 0x00 Val: 0x00000000
[inst #3668] lw x7,24(x8)
Register Write to Reg: 0x07 Val: 0x00000003
[inst #3669] addi x0,x0,0
Register Write to Reg: 0x00 Val: 0x00000000
[inst #3670] addi x0,x0,0
Register Write to Reg: 0x00 Val: 0x00000000
[inst #3671] addi x0,x0,0
Register Write to Reg: 0x00 Val: 0x00000000
[inst #3672] slti x7,x7,4
Register Write to Reg: 0x07 Val: 0x00000001
[inst #3673] addi x0,x0,0
Register Write to Reg: 0x00 Val: 0x00000000
[inst #3674] addi x0,x0,0
Register Write to Reg: 0x00 Val: 0x00000000
[inst #3675] addi x0,x0,0
Register Write to Reg: 0x00 Val: 0x00000000
[inst #3676] beq x7,x0,24
[inst #3677] addi x0,x0,0
Register Write to Reg: 0x00 Val: 0x00000000
[inst #3678] addi x0,x0,0
Register Write to Reg: 0x00 Val: 0x00000000
[inst #3679] jal x0,-208
Register Write to Reg: 0x00 Val: 0x00400148
[inst #3680] lw x29,24(x8)
Register Write to Reg: 0x1D Val: 0x00000003
[inst #3681] lui x1,1024
Register Write to Reg: 0x01 Val: 0x00400000
[inst #3682] addi x0,x0,0
Register Write to Reg: 0x00 Val: 0x00000000
[inst #3683] addi x0,x0,0
Register Write to Reg: 0x00 Val: 0x00000000
[inst #3684] addi x0,x0,0
Register Write to Reg: 0x00 Val: 0x00000000
[inst #3685] addi x1,x1,152
Register Write to Reg: 0x01 Val: 0x00400098
[inst #3686] jal x0,2372
Register Write to Reg: 0x00 Val: 0x00400090
[inst #3687] addi x2,x2,-32
Register Write to Reg: 0x02 Val: 0x10010FB8
[inst #3688] addi x0,x0,0
Register Write to Reg: 0x00 Val: 0x00000000
[inst #3689] addi x0,x0,0
Register Write to Reg: 0x00 Val: 0x00000000
[inst #3690] addi x0,x0,0
Register Write to Reg: 0x00 Val: 0x00000000
[inst #3691] sw x8,28(x2)
Memory Write to Addr: 0x10010FD4 Val: 0x10010FD8
[inst #3692] add x8,x0,x2
Register Write to Reg: 0x08 Val: 0x10010FB8
[inst #3693] addi x0,x0,0
Register Write to Reg: 0x00 Val: 0x00000000
[inst #3694] addi x0,x0,0
Register Write to Reg: 0x00 Val: 0x00000000
[inst #3695] addi x0,x0,0
Register Write to Reg: 0x00 Val: 0x00000000
[inst #3696] sw x29,32(x8)
Memory Write to Addr: 0x10010FD8 Val: 0x00000003
[inst #3697] ori x7,x0,1
Register Write to Reg: 0x07 Val: 0x00000001
[inst #3698] addi x0,x0,0
Register Write to Reg: 0x00 Val: 0x00000000
[inst #3699] addi x0,x0,0
Register Write to Reg: 0x00 Val: 0x00000000
[inst #3700] addi x0,x0,0
Register Write to Reg: 0x00 Val: 0x00000000
[inst #3701] sw x7,8(x8)
Memory Write to Addr: 0x10010FC0 Val: 0x00000001
[inst #3702] sw x0,12(x8)
Memory Write to Addr: 0x10010FC4 Val: 0x00000000
[inst #3703] jal x0,84
Register Write to Reg: 0x00 Val: 0x00400A14
[inst #3704] lw x28,12(x8)
Register Write to Reg: 0x1C Val: 0x00000000
[inst #3705] lw x7,32(x8)
Register Write to Reg: 0x07 Val: 0x00000003
[inst #3706] addi x0,x0,0
Register Write to Reg: 0x00 Val: 0x00000000
[inst #3707] addi x0,x0,0
Register Write to Reg: 0x00 Val: 0x00000000
[inst #3708] addi x0,x0,0
Register Write to Reg: 0x00 Val: 0x00000000
[inst #3709] slt x7,x28,x7
Register Write to Reg: 0x07 Val: 0x00000001
[inst #3710] addi x0,x0,0
Register Write to Reg: 0x00 Val: 0x00000000
[inst #3711] addi x0,x0,0
Register Write to Reg: 0x00 Val: 0x00000000
[inst #3712] addi x0,x0,0
Register Write to Reg: 0x00 Val: 0x00000000
[inst #3713] beq x7,x0,24
[inst #3714] addi x0,x0,0
Register Write to Reg: 0x00 Val: 0x00000000
[inst #3715] addi x0,x0,0
Register Write to Reg: 0x00 Val: 0x00000000
[inst #3716] jal x0,-120
Register Write to Reg: 0x00 Val: 0x00400A98
[inst #3717] lw x7,8(x8)
Register Write to Reg: 0x07 Val: 0x00000001
[inst #3718] addi x0,x0,0
Register Write to Reg: 0x00 Val: 0x00000000
[inst #3719] addi x0,x0,0
Register Write to Reg: 0x00 Val: 0x00000000
[inst #3720] addi x0,x0,0
Register Write to Reg: 0x00 Val: 0x00000000
[inst #3721] slli x7,x7,8
Register Write to Reg: 0x07 Val: 0x00000100
[inst #3722] addi x0,x0,0
Register Write to Reg: 0x00 Val: 0x00000000
[inst #3723] addi x0,x0,0
Register Write to Reg: 0x00 Val: 0x00000000
[inst #3724] addi x0,x0,0
Register Write to Reg: 0x00 Val: 0x00000000
[inst #3725] sw x7,8(x8)
Memory Write to Addr: 0x10010FC0 Val: 0x00000100
[inst #3726] lw x7,12(x8)
Register Write to Reg: 0x07 Val: 0x00000000
[inst #3727] addi x0,x0,0
Register Write to Reg: 0x00 Val: 0x00000000
[inst #3728] addi x0,x0,0
Register Write to Reg: 0x00 Val: 0x00000000
[inst #3729] addi x0,x0,0
Register Write to Reg: 0x00 Val: 0x00000000
[inst #3730] addi x7,x7,1
Register Write to Reg: 0x07 Val: 0x00000001
[inst #3731] addi x0,x0,0
Register Write to Reg: 0x00 Val: 0x00000000
[inst #3732] addi x0,x0,0
Register Write to Reg: 0x00 Val: 0x00000000
[inst #3733] addi x0,x0,0
Register Write to Reg: 0x00 Val: 0x00000000
[inst #3734] sw x7,12(x8)
Memory Write to Addr: 0x10010FC4 Val: 0x00000001
[inst #3735] lw x28,12(x8)
Register Write to Reg: 0x1C Val: 0x00000001
[inst #3736] lw x7,32(x8)
Register Write to Reg: 0x07 Val: 0x00000003
[inst #3737] addi x0,x0,0
Register Write to Reg: 0x00 Val: 0x00000000
[inst #3738] addi x0,x0,0
Register Write to Reg: 0x00 Val: 0x00000000
[inst #3739] addi x0,x0,0
Register Write to Reg: 0x00 Val: 0x00000000
[inst #3740] slt x7,x28,x7
Register Write to Reg: 0x07 Val: 0x00000001
[inst #3741] addi x0,x0,0
Register Write to Reg: 0x00 Val: 0x00000000
[inst #3742] addi x0,x0,0
Register Write to Reg: 0x00 Val: 0x00000000
[inst #3743] addi x0,x0,0
Register Write to Reg: 0x00 Val: 0x00000000
[inst #3744] beq x7,x0,24
[inst #3745] addi x0,x0,0
Register Write to Reg: 0x00 Val: 0x00000000
[inst #3746] addi x0,x0,0
Register Write to Reg: 0x00 Val: 0x00000000
[inst #3747] jal x0,-120
Register Write to Reg: 0x00 Val: 0x00400A98
[inst #3748] lw x7,8(x8)
Register Write to Reg: 0x07 Val: 0x00000100
[inst #3749] addi x0,x0,0
Register Write to Reg: 0x00 Val: 0x00000000
[inst #3750] addi x0,x0,0
Register Write to Reg: 0x00 Val: 0x00000000
[inst #3751] addi x0,x0,0
Register Write to Reg: 0x00 Val: 0x00000000
[inst #3752] slli x7,x7,8
Register Write to Reg: 0x07 Val: 0x00010000
[inst #3753] addi x0,x0,0
Register Write to Reg: 0x00 Val: 0x00000000
[inst #3754] addi x0,x0,0
Register Write to Reg: 0x00 Val: 0x00000000
[inst #3755] addi x0,x0,0
Register Write to Reg: 0x00 Val: 0x00000000
[inst #3756] sw x7,8(x8)
Memory Write to Addr: 0x10010FC0 Val: 0x00010000
[inst #3757] lw x7,12(x8)
Register Write to Reg: 0x07 Val: 0x00000001
[inst #3758] addi x0,x0,0
Register Write to Reg: 0x00 Val: 0x00000000
[inst #3759] addi x0,x0,0
Register Write to Reg: 0x00 Val: 0x00000000
[inst #3760] addi x0,x0,0
Register Write to Reg: 0x00 Val: 0x00000000
[inst #3761] addi x7,x7,1
Register Write to Reg: 0x07 Val: 0x00000002
[inst #3762] addi x0,x0,0
Register Write to Reg: 0x00 Val: 0x00000000
[inst #3763] addi x0,x0,0
Register Write to Reg: 0x00 Val: 0x00000000
[inst #3764] addi x0,x0,0
Register Write to Reg: 0x00 Val: 0x00000000
[inst #3765] sw x7,12(x8)
Memory Write to Addr: 0x10010FC4 Val: 0x00000002
[inst #3766] lw x28,12(x8)
Register Write to Reg: 0x1C Val: 0x00000002
[inst #3767] lw x7,32(x8)
Register Write to Reg: 0x07 Val: 0x00000003
[inst #3768] addi x0,x0,0
Register Write to Reg: 0x00 Val: 0x00000000
[inst #3769] addi x0,x0,0
Register Write to Reg: 0x00 Val: 0x00000000
[inst #3770] addi x0,x0,0
Register Write to Reg: 0x00 Val: 0x00000000
[inst #3771] slt x7,x28,x7
Register Write to Reg: 0x07 Val: 0x00000001
[inst #3772] addi x0,x0,0
Register Write to Reg: 0x00 Val: 0x00000000
[inst #3773] addi x0,x0,0
Register Write to Reg: 0x00 Val: 0x00000000
[inst #3774] addi x0,x0,0
Register Write to Reg: 0x00 Val: 0x00000000
[inst #3775] beq x7,x0,24
[inst #3776] addi x0,x0,0
Register Write to Reg: 0x00 Val: 0x00000000
[inst #3777] addi x0,x0,0
Register Write to Reg: 0x00 Val: 0x00000000
[inst #3778] jal x0,-120
Register Write to Reg: 0x00 Val: 0x00400A98
[inst #3779] lw x7,8(x8)
Register Write to Reg: 0x07 Val: 0x00010000
[inst #3780] addi x0,x0,0
Register Write to Reg: 0x00 Val: 0x00000000
[inst #3781] addi x0,x0,0
Register Write to Reg: 0x00 Val: 0x00000000
[inst #3782] addi x0,x0,0
Register Write to Reg: 0x00 Val: 0x00000000
[inst #3783] slli x7,x7,8
Register Write to Reg: 0x07 Val: 0x01000000
[inst #3784] addi x0,x0,0
Register Write to Reg: 0x00 Val: 0x00000000
[inst #3785] addi x0,x0,0
Register Write to Reg: 0x00 Val: 0x00000000
[inst #3786] addi x0,x0,0
Register Write to Reg: 0x00 Val: 0x00000000
[inst #3787] sw x7,8(x8)
Memory Write to Addr: 0x10010FC0 Val: 0x01000000
[inst #3788] lw x7,12(x8)
Register Write to Reg: 0x07 Val: 0x00000002
[inst #3789] addi x0,x0,0
Register Write to Reg: 0x00 Val: 0x00000000
[inst #3790] addi x0,x0,0
Register Write to Reg: 0x00 Val: 0x00000000
[inst #3791] addi x0,x0,0
Register Write to Reg: 0x00 Val: 0x00000000
[inst #3792] addi x7,x7,1
Register Write to Reg: 0x07 Val: 0x00000003
[inst #3793] addi x0,x0,0
Register Write to Reg: 0x00 Val: 0x00000000
[inst #3794] addi x0,x0,0
Register Write to Reg: 0x00 Val: 0x00000000
[inst #3795] addi x0,x0,0
Register Write to Reg: 0x00 Val: 0x00000000
[inst #3796] sw x7,12(x8)
Memory Write to Addr: 0x10010FC4 Val: 0x00000003
[inst #3797] lw x28,12(x8)
Register Write to Reg: 0x1C Val: 0x00000003
[inst #3798] lw x7,32(x8)
Register Write to Reg: 0x07 Val: 0x00000003
[inst #3799] addi x0,x0,0
Register Write to Reg: 0x00 Val: 0x00000000
[inst #3800] addi x0,x0,0
Register Write to Reg: 0x00 Val: 0x00000000
[inst #3801] addi x0,x0,0
Register Write to Reg: 0x00 Val: 0x00000000
[inst #3802] slt x7,x28,x7
Register Write to Reg: 0x07 Val: 0x00000000
[inst #3803] addi x0,x0,0
Register Write to Reg: 0x00 Val: 0x00000000
[inst #3804] addi x0,x0,0
Register Write to Reg: 0x00 Val: 0x00000000
[inst #3805] addi x0,x0,0
Register Write to Reg: 0x00 Val: 0x00000000
[inst #3806] beq x7,x0,24
[inst #3807] lui x7,65552
Register Write to Reg: 0x07 Val: 0x10010000
[inst #3808] addi x0,x0,0
Register Write to Reg: 0x00 Val: 0x00000000
[inst #3809] addi x0,x0,0
Register Write to Reg: 0x00 Val: 0x00000000
[inst #3810] addi x0,x0,0
Register Write to Reg: 0x00 Val: 0x00000000
[inst #3811] addi x7,x7,36
Register Write to Reg: 0x07 Val: 0x10010024
[inst #3812] addi x0,x0,0
Register Write to Reg: 0x00 Val: 0x00000000
[inst #3813] addi x0,x0,0
Register Write to Reg: 0x00 Val: 0x00000000
[inst #3814] addi x0,x0,0
Register Write to Reg: 0x00 Val: 0x00000000
[inst #3815] lw x7,0(x7)
Register Write to Reg: 0x07 Val: 0x00010101
[inst #3816] addi x0,x0,0
Register Write to Reg: 0x00 Val: 0x00000000
[inst #3817] addi x0,x0,0
Register Write to Reg: 0x00 Val: 0x00000000
[inst #3818] addi x0,x0,0
Register Write to Reg: 0x00 Val: 0x00000000
[inst #3819] sw x7,16(x8)
Memory Write to Addr: 0x10010FC8 Val: 0x00010101
[inst #3820] lw x28,16(x8)
Register Write to Reg: 0x1C Val: 0x00010101
[inst #3821] lw x7,8(x8)
Register Write to Reg: 0x07 Val: 0x01000000
[inst #3822] addi x0,x0,0
Register Write to Reg: 0x00 Val: 0x00000000
[inst #3823] addi x0,x0,0
Register Write to Reg: 0x00 Val: 0x00000000
[inst #3824] addi x0,x0,0
Register Write to Reg: 0x00 Val: 0x00000000
[inst #3825] and x7,x28,x7
Register Write to Reg: 0x07 Val: 0x00000000
[inst #3826] addi x0,x0,0
Register Write to Reg: 0x00 Val: 0x00000000
[inst #3827] addi x0,x0,0
Register Write to Reg: 0x00 Val: 0x00000000
[inst #3828] addi x0,x0,0
Register Write to Reg: 0x00 Val: 0x00000000
[inst #3829] slt x7,x0,x7
Register Write to Reg: 0x07 Val: 0x00000000
[inst #3830] addi x0,x0,0
Register Write to Reg: 0x00 Val: 0x00000000
[inst #3831] addi x0,x0,0
Register Write to Reg: 0x00 Val: 0x00000000
[inst #3832] addi x0,x0,0
Register Write to Reg: 0x00 Val: 0x00000000
[inst #3833] andi x7,x7,255
Register Write to Reg: 0x07 Val: 0x00000000
[inst #3834] add x2,x0,x8
Register Write to Reg: 0x02 Val: 0x10010FB8
[inst #3835] addi x0,x0,0
Register Write to Reg: 0x00 Val: 0x00000000
[inst #3836] addi x0,x0,0
Register Write to Reg: 0x00 Val: 0x00000000
[inst #3837] addi x0,x0,0
Register Write to Reg: 0x00 Val: 0x00000000
[inst #3838] lw x8,28(x2)
Register Write to Reg: 0x08 Val: 0x10010FD8
[inst #3839] addi x2,x2,32
Register Write to Reg: 0x02 Val: 0x10010FD8
[inst #3840] jalr x0,x1,0
Register Write to Reg: 0x00 Val: 0x00400B28
[inst #3841] xori x7,x7,1
Register Write to Reg: 0x07 Val: 0x00000001
[inst #3842] addi x0,x0,0
Register Write to Reg: 0x00 Val: 0x00000000
[inst #3843] addi x0,x0,0
Register Write to Reg: 0x00 Val: 0x00000000
[inst #3844] addi x0,x0,0
Register Write to Reg: 0x00 Val: 0x00000000
[inst #3845] andi x7,x7,255
Register Write to Reg: 0x07 Val: 0x00000001
[inst #3846] addi x0,x0,0
Register Write to Reg: 0x00 Val: 0x00000000
[inst #3847] addi x0,x0,0
Register Write to Reg: 0x00 Val: 0x00000000
[inst #3848] addi x0,x0,0
Register Write to Reg: 0x00 Val: 0x00000000
[inst #3849] beq x7,x0,48
[inst #3850] addi x0,x0,0
Register Write to Reg: 0x00 Val: 0x00000000
[inst #3851] addi x0,x0,0
Register Write to Reg: 0x00 Val: 0x00000000
[inst #3852] lw x29,24(x8)
Register Write to Reg: 0x1D Val: 0x00000003
[inst #3853] lui x1,1024
Register Write to Reg: 0x01 Val: 0x00400000
[inst #3854] addi x0,x0,0
Register Write to Reg: 0x00 Val: 0x00000000
[inst #3855] addi x0,x0,0
Register Write to Reg: 0x00 Val: 0x00000000
[inst #3856] addi x0,x0,0
Register Write to Reg: 0x00 Val: 0x00000000
[inst #3857] addi x1,x1,232
Register Write to Reg: 0x01 Val: 0x004000E8
[inst #3858] jal x0,812
Register Write to Reg: 0x00 Val: 0x004000E0
[inst #3859] addi x2,x2,-48
Register Write to Reg: 0x02 Val: 0x10010FA8
[inst #3860] addi x0,x0,0
Register Write to Reg: 0x00 Val: 0x00000000
[inst #3861] addi x0,x0,0
Register Write to Reg: 0x00 Val: 0x00000000
[inst #3862] addi x0,x0,0
Register Write to Reg: 0x00 Val: 0x00000000
[inst #3863] sw x1,44(x2)
Memory Write to Addr: 0x10010FD4 Val: 0x004000E8
[inst #3864] sw x8,40(x2)
Memory Write to Addr: 0x10010FD0 Val: 0x10010FD8
[inst #3865] add x8,x0,x2
Register Write to Reg: 0x08 Val: 0x10010FA8
[inst #3866] addi x0,x0,0
Register Write to Reg: 0x00 Val: 0x00000000
[inst #3867] addi x0,x0,0
Register Write to Reg: 0x00 Val: 0x00000000
[inst #3868] addi x0,x0,0
Register Write to Reg: 0x00 Val: 0x00000000
[inst #3869] sw x29,48(x8)
Memory Write to Addr: 0x10010FD8 Val: 0x00000003
[inst #3870] lw x29,48(x8)
Register Write to Reg: 0x1D Val: 0x00000003
[inst #3871] lui x1,1024
Register Write to Reg: 0x01 Val: 0x00400000
[inst #3872] addi x0,x0,0
Register Write to Reg: 0x00 Val: 0x00000000
[inst #3873] addi x0,x0,0
Register Write to Reg: 0x00 Val: 0x00000000
[inst #3874] addi x0,x0,0
Register Write to Reg: 0x00 Val: 0x00000000
[inst #3875] addi x1,x1,1112
Register Write to Reg: 0x01 Val: 0x00400458
[inst #3876] jal x0,1072
Register Write to Reg: 0x00 Val: 0x00400450
[inst #3877] addi x2,x2,-32
Register Write to Reg: 0x02 Val: 0x10010F88
[inst #3878] addi x0,x0,0
Register Write to Reg: 0x00 Val: 0x00000000
[inst #3879] addi x0,x0,0
Register Write to Reg: 0x00 Val: 0x00000000
[inst #3880] addi x0,x0,0
Register Write to Reg: 0x00 Val: 0x00000000
[inst #3881] sw x8,28(x2)
Memory Write to Addr: 0x10010FA4 Val: 0x10010FA8
[inst #3882] add x8,x0,x2
Register Write to Reg: 0x08 Val: 0x10010F88
[inst #3883] addi x0,x0,0
Register Write to Reg: 0x00 Val: 0x00000000
[inst #3884] addi x0,x0,0
Register Write to Reg: 0x00 Val: 0x00000000
[inst #3885] addi x0,x0,0
Register Write to Reg: 0x00 Val: 0x00000000
[inst #3886] sw x29,32(x8)
Memory Write to Addr: 0x10010FA8 Val: 0x00000003
[inst #3887] addi x7,x0,1
Register Write to Reg: 0x07 Val: 0x00000001
[inst #3888] addi x0,x0,0
Register Write to Reg: 0x00 Val: 0x00000000
[inst #3889] addi x0,x0,0
Register Write to Reg: 0x00 Val: 0x00000000
[inst #3890] addi x0,x0,0
Register Write to Reg: 0x00 Val: 0x00000000
[inst #3891] sw x7,8(x8)
Memory Write to Addr: 0x10010F90 Val: 0x00000001
[inst #3892] sw x0,12(x8)
Memory Write to Addr: 0x10010F94 Val: 0x00000000
[inst #3893] jal x0,84
Register Write to Reg: 0x00 Val: 0x004008C0
[inst #3894] lw x28,12(x8)
Register Write to Reg: 0x1C Val: 0x00000000
[inst #3895] lw x7,32(x8)
Register Write to Reg: 0x07 Val: 0x00000003
[inst #3896] addi x0,x0,0
Register Write to Reg: 0x00 Val: 0x00000000
[inst #3897] addi x0,x0,0
Register Write to Reg: 0x00 Val: 0x00000000
[inst #3898] addi x0,x0,0
Register Write to Reg: 0x00 Val: 0x00000000
[inst #3899] slt x7,x28,x7
Register Write to Reg: 0x07 Val: 0x00000001
[inst #3900] addi x0,x0,0
Register Write to Reg: 0x00 Val: 0x00000000
[inst #3901] addi x0,x0,0
Register Write to Reg: 0x00 Val: 0x00000000
[inst #3902] addi x0,x0,0
Register Write to Reg: 0x00 Val: 0x00000000
[inst #3903] beq x7,x0,24
[inst #3904] addi x0,x0,0
Register Write to Reg: 0x00 Val: 0x00000000
[inst #3905] addi x0,x0,0
Register Write to Reg: 0x00 Val: 0x00000000
[inst #3906] jal x0,-120
Register Write to Reg: 0x00 Val: 0x00400944
[inst #3907] lw x7,8(x8)
Register Write to Reg: 0x07 Val: 0x00000001
[inst #3908] addi x0,x0,0
Register Write to Reg: 0x00 Val: 0x00000000
[inst #3909] addi x0,x0,0
Register Write to Reg: 0x00 Val: 0x00000000
[inst #3910] addi x0,x0,0
Register Write to Reg: 0x00 Val: 0x00000000
[inst #3911] slli x7,x7,8
Register Write to Reg: 0x07 Val: 0x00000100
[inst #3912] addi x0,x0,0
Register Write to Reg: 0x00 Val: 0x00000000
[inst #3913] addi x0,x0,0
Register Write to Reg: 0x00 Val: 0x00000000
[inst #3914] addi x0,x0,0
Register Write to Reg: 0x00 Val: 0x00000000
[inst #3915] sw x7,8(x8)
Memory Write to Addr: 0x10010F90 Val: 0x00000100
[inst #3916] lw x7,12(x8)
Register Write to Reg: 0x07 Val: 0x00000000
[inst #3917] addi x0,x0,0
Register Write to Reg: 0x00 Val: 0x00000000
[inst #3918] addi x0,x0,0
Register Write to Reg: 0x00 Val: 0x00000000
[inst #3919] addi x0,x0,0
Register Write to Reg: 0x00 Val: 0x00000000
[inst #3920] addi x7,x7,1
Register Write to Reg: 0x07 Val: 0x00000001
[inst #3921] addi x0,x0,0
Register Write to Reg: 0x00 Val: 0x00000000
[inst #3922] addi x0,x0,0
Register Write to Reg: 0x00 Val: 0x00000000
[inst #3923] addi x0,x0,0
Register Write to Reg: 0x00 Val: 0x00000000
[inst #3924] sw x7,12(x8)
Memory Write to Addr: 0x10010F94 Val: 0x00000001
[inst #3925] lw x28,12(x8)
Register Write to Reg: 0x1C Val: 0x00000001
[inst #3926] lw x7,32(x8)
Register Write to Reg: 0x07 Val: 0x00000003
[inst #3927] addi x0,x0,0
Register Write to Reg: 0x00 Val: 0x00000000
[inst #3928] addi x0,x0,0
Register Write to Reg: 0x00 Val: 0x00000000
[inst #3929] addi x0,x0,0
Register Write to Reg: 0x00 Val: 0x00000000
[inst #3930] slt x7,x28,x7
Register Write to Reg: 0x07 Val: 0x00000001
[inst #3931] addi x0,x0,0
Register Write to Reg: 0x00 Val: 0x00000000
[inst #3932] addi x0,x0,0
Register Write to Reg: 0x00 Val: 0x00000000
[inst #3933] addi x0,x0,0
Register Write to Reg: 0x00 Val: 0x00000000
[inst #3934] beq x7,x0,24
[inst #3935] addi x0,x0,0
Register Write to Reg: 0x00 Val: 0x00000000
[inst #3936] addi x0,x0,0
Register Write to Reg: 0x00 Val: 0x00000000
[inst #3937] jal x0,-120
Register Write to Reg: 0x00 Val: 0x00400944
[inst #3938] lw x7,8(x8)
Register Write to Reg: 0x07 Val: 0x00000100
[inst #3939] addi x0,x0,0
Register Write to Reg: 0x00 Val: 0x00000000
[inst #3940] addi x0,x0,0
Register Write to Reg: 0x00 Val: 0x00000000
[inst #3941] addi x0,x0,0
Register Write to Reg: 0x00 Val: 0x00000000
[inst #3942] slli x7,x7,8
Register Write to Reg: 0x07 Val: 0x00010000
[inst #3943] addi x0,x0,0
Register Write to Reg: 0x00 Val: 0x00000000
[inst #3944] addi x0,x0,0
Register Write to Reg: 0x00 Val: 0x00000000
[inst #3945] addi x0,x0,0
Register Write to Reg: 0x00 Val: 0x00000000
[inst #3946] sw x7,8(x8)
Memory Write to Addr: 0x10010F90 Val: 0x00010000
[inst #3947] lw x7,12(x8)
Register Write to Reg: 0x07 Val: 0x00000001
[inst #3948] addi x0,x0,0
Register Write to Reg: 0x00 Val: 0x00000000
[inst #3949] addi x0,x0,0
Register Write to Reg: 0x00 Val: 0x00000000
[inst #3950] addi x0,x0,0
Register Write to Reg: 0x00 Val: 0x00000000
[inst #3951] addi x7,x7,1
Register Write to Reg: 0x07 Val: 0x00000002
[inst #3952] addi x0,x0,0
Register Write to Reg: 0x00 Val: 0x00000000
[inst #3953] addi x0,x0,0
Register Write to Reg: 0x00 Val: 0x00000000
[inst #3954] addi x0,x0,0
Register Write to Reg: 0x00 Val: 0x00000000
[inst #3955] sw x7,12(x8)
Memory Write to Addr: 0x10010F94 Val: 0x00000002
[inst #3956] lw x28,12(x8)
Register Write to Reg: 0x1C Val: 0x00000002
[inst #3957] lw x7,32(x8)
Register Write to Reg: 0x07 Val: 0x00000003
[inst #3958] addi x0,x0,0
Register Write to Reg: 0x00 Val: 0x00000000
[inst #3959] addi x0,x0,0
Register Write to Reg: 0x00 Val: 0x00000000
[inst #3960] addi x0,x0,0
Register Write to Reg: 0x00 Val: 0x00000000
[inst #3961] slt x7,x28,x7
Register Write to Reg: 0x07 Val: 0x00000001
[inst #3962] addi x0,x0,0
Register Write to Reg: 0x00 Val: 0x00000000
[inst #3963] addi x0,x0,0
Register Write to Reg: 0x00 Val: 0x00000000
[inst #3964] addi x0,x0,0
Register Write to Reg: 0x00 Val: 0x00000000
[inst #3965] beq x7,x0,24
[inst #3966] addi x0,x0,0
Register Write to Reg: 0x00 Val: 0x00000000
[inst #3967] addi x0,x0,0
Register Write to Reg: 0x00 Val: 0x00000000
[inst #3968] jal x0,-120
Register Write to Reg: 0x00 Val: 0x00400944
[inst #3969] lw x7,8(x8)
Register Write to Reg: 0x07 Val: 0x00010000
[inst #3970] addi x0,x0,0
Register Write to Reg: 0x00 Val: 0x00000000
[inst #3971] addi x0,x0,0
Register Write to Reg: 0x00 Val: 0x00000000
[inst #3972] addi x0,x0,0
Register Write to Reg: 0x00 Val: 0x00000000
[inst #3973] slli x7,x7,8
Register Write to Reg: 0x07 Val: 0x01000000
[inst #3974] addi x0,x0,0
Register Write to Reg: 0x00 Val: 0x00000000
[inst #3975] addi x0,x0,0
Register Write to Reg: 0x00 Val: 0x00000000
[inst #3976] addi x0,x0,0
Register Write to Reg: 0x00 Val: 0x00000000
[inst #3977] sw x7,8(x8)
Memory Write to Addr: 0x10010F90 Val: 0x01000000
[inst #3978] lw x7,12(x8)
Register Write to Reg: 0x07 Val: 0x00000002
[inst #3979] addi x0,x0,0
Register Write to Reg: 0x00 Val: 0x00000000
[inst #3980] addi x0,x0,0
Register Write to Reg: 0x00 Val: 0x00000000
[inst #3981] addi x0,x0,0
Register Write to Reg: 0x00 Val: 0x00000000
[inst #3982] addi x7,x7,1
Register Write to Reg: 0x07 Val: 0x00000003
[inst #3983] addi x0,x0,0
Register Write to Reg: 0x00 Val: 0x00000000
[inst #3984] addi x0,x0,0
Register Write to Reg: 0x00 Val: 0x00000000
[inst #3985] addi x0,x0,0
Register Write to Reg: 0x00 Val: 0x00000000
[inst #3986] sw x7,12(x8)
Memory Write to Addr: 0x10010F94 Val: 0x00000003
[inst #3987] lw x28,12(x8)
Register Write to Reg: 0x1C Val: 0x00000003
[inst #3988] lw x7,32(x8)
Register Write to Reg: 0x07 Val: 0x00000003
[inst #3989] addi x0,x0,0
Register Write to Reg: 0x00 Val: 0x00000000
[inst #3990] addi x0,x0,0
Register Write to Reg: 0x00 Val: 0x00000000
[inst #3991] addi x0,x0,0
Register Write to Reg: 0x00 Val: 0x00000000
[inst #3992] slt x7,x28,x7
Register Write to Reg: 0x07 Val: 0x00000000
[inst #3993] addi x0,x0,0
Register Write to Reg: 0x00 Val: 0x00000000
[inst #3994] addi x0,x0,0
Register Write to Reg: 0x00 Val: 0x00000000
[inst #3995] addi x0,x0,0
Register Write to Reg: 0x00 Val: 0x00000000
[inst #3996] beq x7,x0,24
[inst #3997] lui x7,65552
Register Write to Reg: 0x07 Val: 0x10010000
[inst #3998] addi x0,x0,0
Register Write to Reg: 0x00 Val: 0x00000000
[inst #3999] addi x0,x0,0
Register Write to Reg: 0x00 Val: 0x00000000
[inst #4000] addi x0,x0,0
Register Write to Reg: 0x00 Val: 0x00000000
[inst #4001] addi x7,x7,36
Register Write to Reg: 0x07 Val: 0x10010024
[inst #4002] addi x0,x0,0
Register Write to Reg: 0x00 Val: 0x00000000
[inst #4003] addi x0,x0,0
Register Write to Reg: 0x00 Val: 0x00000000
[inst #4004] addi x0,x0,0
Register Write to Reg: 0x00 Val: 0x00000000
[inst #4005] sw x7,16(x8)
Memory Write to Addr: 0x10010F98 Val: 0x10010024
[inst #4006] lw x7,16(x8)
Register Write to Reg: 0x07 Val: 0x10010024
[inst #4007] addi x0,x0,0
Register Write to Reg: 0x00 Val: 0x00000000
[inst #4008] addi x0,x0,0
Register Write to Reg: 0x00 Val: 0x00000000
[inst #4009] addi x0,x0,0
Register Write to Reg: 0x00 Val: 0x00000000
[inst #4010] lw x28,0(x7)
Register Write to Reg: 0x1C Val: 0x00010101
[inst #4011] lw x7,8(x8)
Register Write to Reg: 0x07 Val: 0x01000000
[inst #4012] addi x0,x0,0
Register Write to Reg: 0x00 Val: 0x00000000
[inst #4013] addi x0,x0,0
Register Write to Reg: 0x00 Val: 0x00000000
[inst #4014] addi x0,x0,0
Register Write to Reg: 0x00 Val: 0x00000000
[inst #4015] or x28,x28,x7
Register Write to Reg: 0x1C Val: 0x01010101
[inst #4016] lw x7,16(x8)
Register Write to Reg: 0x07 Val: 0x10010024
[inst #4017] addi x0,x0,0
Register Write to Reg: 0x00 Val: 0x00000000
[inst #4018] addi x0,x0,0
Register Write to Reg: 0x00 Val: 0x00000000
[inst #4019] addi x0,x0,0
Register Write to Reg: 0x00 Val: 0x00000000
[inst #4020] sw x28,0(x7)
Memory Write to Addr: 0x10010024 Val: 0x01010101
[inst #4021] add x2,x0,x8
Register Write to Reg: 0x02 Val: 0x10010F88
[inst #4022] addi x0,x0,0
Register Write to Reg: 0x00 Val: 0x00000000
[inst #4023] addi x0,x0,0
Register Write to Reg: 0x00 Val: 0x00000000
[inst #4024] addi x0,x0,0
Register Write to Reg: 0x00 Val: 0x00000000
[inst #4025] lw x8,28(x2)
Register Write to Reg: 0x08 Val: 0x10010FA8
[inst #4026] addi x2,x2,32
Register Write to Reg: 0x02 Val: 0x10010FA8
[inst #4027] jalr x0,x1,0
Register Write to Reg: 0x00 Val: 0x004009C8
[inst #4028] addi x7,x8,28
Register Write to Reg: 0x07 Val: 0x10010FC4
[inst #4029] lw x30,48(x8)
Register Write to Reg: 0x1E Val: 0x00000003
[inst #4030] addi x0,x0,0
Register Write to Reg: 0x00 Val: 0x00000000
[inst #4031] addi x0,x0,0
Register Write to Reg: 0x00 Val: 0x00000000
[inst #4032] add x29,x0,x7
Register Write to Reg: 0x1D Val: 0x10010FC4
[inst #4033] lui x1,1024
Register Write to Reg: 0x01 Val: 0x00400000
[inst #4034] addi x0,x0,0
Register Write to Reg: 0x00 Val: 0x00000000
[inst #4035] addi x0,x0,0
Register Write to Reg: 0x00 Val: 0x00000000
[inst #4036] addi x0,x0,0
Register Write to Reg: 0x00 Val: 0x00000000
[inst #4037] addi x1,x1,1164
Register Write to Reg: 0x01 Val: 0x0040048C
[inst #4038] jal x0,80
Register Write to Reg: 0x00 Val: 0x00400484
[inst #4039] addi x2,x2,-24
Register Write to Reg: 0x02 Val: 0x10010F90
[inst #4040] addi x0,x0,0
Register Write to Reg: 0x00 Val: 0x00000000
[inst #4041] addi x0,x0,0
Register Write to Reg: 0x00 Val: 0x00000000
[inst #4042] addi x0,x0,0
Register Write to Reg: 0x00 Val: 0x00000000
[inst #4043] sw x8,20(x2)
Memory Write to Addr: 0x10010FA4 Val: 0x10010FA8
[inst #4044] add x8,x0,x2
Register Write to Reg: 0x08 Val: 0x10010F90
[inst #4045] addi x0,x0,0
Register Write to Reg: 0x00 Val: 0x00000000
[inst #4046] addi x0,x0,0
Register Write to Reg: 0x00 Val: 0x00000000
[inst #4047] addi x0,x0,0
Register Write to Reg: 0x00 Val: 0x00000000
[inst #4048] sub x31,x8,x2
Register Write to Reg: 0x1F Val: 0x00000000
[inst #4049] sw x29,24(x8)
Memory Write to Addr: 0x10010FA8 Val: 0x10010FC4
[inst #4050] sw x30,28(x8)
Memory Write to Addr: 0x10010FAC Val: 0x00000003
[inst #4051] lw x7,28(x8)
Register Write to Reg: 0x07 Val: 0x00000003
[inst #4052] addi x0,x0,0
Register Write to Reg: 0x00 Val: 0x00000000
[inst #4053] addi x0,x0,0
Register Write to Reg: 0x00 Val: 0x00000000
[inst #4054] addi x0,x0,0
Register Write to Reg: 0x00 Val: 0x00000000
[inst #4055] sw x7,8(x8)
Memory Write to Addr: 0x10010F98 Val: 0x00000003
[inst #4056] sw x0,12(x8)
Memory Write to Addr: 0x10010F9C Val: 0x00000000
[inst #4057] lw x7,24(x8)
Register Write to Reg: 0x07 Val: 0x10010FC4
[inst #4058] lw x29,8(x8)
Register Write to Reg: 0x1D Val: 0x00000003
[inst #4059] lw x28,12(x8)
Register Write to Reg: 0x1C Val: 0x00000000
[inst #4060] addi x0,x0,0
Register Write to Reg: 0x00 Val: 0x00000000
[inst #4061] addi x0,x0,0
Register Write to Reg: 0x00 Val: 0x00000000
[inst #4062] sw x29,0(x7)
Memory Write to Addr: 0x10010FC4 Val: 0x00000003
[inst #4063] sw x28,4(x7)
Memory Write to Addr: 0x10010FC8 Val: 0x00000000
[inst #4064] lw x7,24(x8)
Register Write to Reg: 0x07 Val: 0x10010FC4
[inst #4065] add x2,x0,x8
Register Write to Reg: 0x02 Val: 0x10010F90
[inst #4066] addi x0,x0,0
Register Write to Reg: 0x00 Val: 0x00000000
[inst #4067] addi x0,x0,0
Register Write to Reg: 0x00 Val: 0x00000000
[inst #4068] addi x0,x0,0
Register Write to Reg: 0x00 Val: 0x00000000
[inst #4069] lw x8,20(x2)
Register Write to Reg: 0x08 Val: 0x10010FA8
[inst #4070] addi x2,x2,24
Register Write to Reg: 0x02 Val: 0x10010FA8
[inst #4071] jalr x0,x1,0
Register Write to Reg: 0x00 Val: 0x00400554
[inst #4072] addi x7,x8,28
Register Write to Reg: 0x07 Val: 0x10010FC4
[inst #4073] addi x0,x0,0
Register Write to Reg: 0x00 Val: 0x00000000
[inst #4074] addi x0,x0,0
Register Write to Reg: 0x00 Val: 0x00000000
[inst #4075] addi x0,x0,0
Register Write to Reg: 0x00 Val: 0x00000000
[inst #4076] add x29,x0,x7
Register Write to Reg: 0x1D Val: 0x10010FC4
[inst #4077] lui x1,1024
Register Write to Reg: 0x01 Val: 0x00400000
[inst #4078] addi x0,x0,0
Register Write to Reg: 0x00 Val: 0x00000000
[inst #4079] addi x0,x0,0
Register Write to Reg: 0x00 Val: 0x00000000
[inst #4080] addi x0,x0,0
Register Write to Reg: 0x00 Val: 0x00000000
[inst #4081] addi x1,x1,1216
Register Write to Reg: 0x01 Val: 0x004004C0
[inst #4082] jal x0,168
Register Write to Reg: 0x00 Val: 0x004004B8
[inst #4083] addi x2,x2,-32
Register Write to Reg: 0x02 Val: 0x10010F88
[inst #4084] addi x0,x0,0
Register Write to Reg: 0x00 Val: 0x00000000
[inst #4085] addi x0,x0,0
Register Write to Reg: 0x00 Val: 0x00000000
[inst #4086] addi x0,x0,0
Register Write to Reg: 0x00 Val: 0x00000000
[inst #4087] sw x1,28(x2)
Memory Write to Addr: 0x10010FA4 Val: 0x004004C0
[inst #4088] sw x8,24(x2)
Memory Write to Addr: 0x10010FA0 Val: 0x10010FA8
[inst #4089] add x8,x0,x2
Register Write to Reg: 0x08 Val: 0x10010F88
[inst #4090] addi x0,x0,0
Register Write to Reg: 0x00 Val: 0x00000000
[inst #4091] addi x0,x0,0
Register Write to Reg: 0x00 Val: 0x00000000
[inst #4092] addi x0,x0,0
Register Write to Reg: 0x00 Val: 0x00000000
[inst #4093] sw x29,32(x8)
Memory Write to Addr: 0x10010FA8 Val: 0x10010FC4
[inst #4094] jal x0,240
Register Write to Reg: 0x00 Val: 0x0040058C
[inst #4095] lw x7,32(x8)
Register Write to Reg: 0x07 Val: 0x10010FC4
[inst #4096] addi x0,x0,0
Register Write to Reg: 0x00 Val: 0x00000000
[inst #4097] addi x0,x0,0
Register Write to Reg: 0x00 Val: 0x00000000
[inst #4098] addi x0,x0,0
Register Write to Reg: 0x00 Val: 0x00000000
[inst #4099] lw x7,4(x7)
Register Write to Reg: 0x07 Val: 0x00000000
[inst #4100] addi x0,x0,0
Register Write to Reg: 0x00 Val: 0x00000000
[inst #4101] addi x0,x0,0
Register Write to Reg: 0x00 Val: 0x00000000
[inst #4102] addi x0,x0,0
Register Write to Reg: 0x00 Val: 0x00000000
[inst #4103] slti x7,x7,4
Register Write to Reg: 0x07 Val: 0x00000001
[inst #4104] addi x0,x0,0
Register Write to Reg: 0x00 Val: 0x00000000
[inst #4105] addi x0,x0,0
Register Write to Reg: 0x00 Val: 0x00000000
[inst #4106] addi x0,x0,0
Register Write to Reg: 0x00 Val: 0x00000000
[inst #4107] beq x7,x0,24
[inst #4108] addi x0,x0,0
Register Write to Reg: 0x00 Val: 0x00000000
[inst #4109] addi x0,x0,0
Register Write to Reg: 0x00 Val: 0x00000000
[inst #4110] jal x0,-288
Register Write to Reg: 0x00 Val: 0x004006B8
[inst #4111] lw x7,32(x8)
Register Write to Reg: 0x07 Val: 0x10010FC4
[inst #4112] addi x0,x0,0
Register Write to Reg: 0x00 Val: 0x00000000
[inst #4113] addi x0,x0,0
Register Write to Reg: 0x00 Val: 0x00000000
[inst #4114] addi x0,x0,0
Register Write to Reg: 0x00 Val: 0x00000000
[inst #4115] lw x28,0(x7)
Register Write to Reg: 0x1C Val: 0x00000003
[inst #4116] lw x7,32(x8)
Register Write to Reg: 0x07 Val: 0x10010FC4
[inst #4117] addi x0,x0,0
Register Write to Reg: 0x00 Val: 0x00000000
[inst #4118] addi x0,x0,0
Register Write to Reg: 0x00 Val: 0x00000000
[inst #4119] addi x0,x0,0
Register Write to Reg: 0x00 Val: 0x00000000
[inst #4120] lw x7,4(x7)
Register Write to Reg: 0x07 Val: 0x00000000
[inst #4121] addi x0,x0,0
Register Write to Reg: 0x00 Val: 0x00000000
[inst #4122] addi x0,x0,0
Register Write to Reg: 0x00 Val: 0x00000000
[inst #4123] addi x0,x0,0
Register Write to Reg: 0x00 Val: 0x00000000
[inst #4124] add x30,x0,x7
Register Write to Reg: 0x1E Val: 0x00000000
[inst #4125] add x29,x0,x28
Register Write to Reg: 0x1D Val: 0x00000003
[inst #4126] lui x1,1024
Register Write to Reg: 0x01 Val: 0x00400000
[inst #4127] addi x0,x0,0
Register Write to Reg: 0x00 Val: 0x00000000
[inst #4128] addi x0,x0,0
Register Write to Reg: 0x00 Val: 0x00000000
[inst #4129] addi x0,x0,0
Register Write to Reg: 0x00 Val: 0x00000000
[inst #4130] addi x1,x1,1520
Register Write to Reg: 0x01 Val: 0x004005F0
[inst #4131] jal x0,272
Register Write to Reg: 0x00 Val: 0x004005E8
[inst #4132] addi x2,x2,-32
Register Write to Reg: 0x02 Val: 0x10010F68
[inst #4133] addi x0,x0,0
Register Write to Reg: 0x00 Val: 0x00000000
[inst #4134] addi x0,x0,0
Register Write to Reg: 0x00 Val: 0x00000000
[inst #4135] addi x0,x0,0
Register Write to Reg: 0x00 Val: 0x00000000
[inst #4136] sw x8,28(x2)
Memory Write to Addr: 0x10010F84 Val: 0x10010F88
[inst #4137] add x8,x0,x2
Register Write to Reg: 0x08 Val: 0x10010F68
[inst #4138] addi x0,x0,0
Register Write to Reg: 0x00 Val: 0x00000000
[inst #4139] addi x0,x0,0
Register Write to Reg: 0x00 Val: 0x00000000
[inst #4140] addi x0,x0,0
Register Write to Reg: 0x00 Val: 0x00000000
[inst #4141] sw x29,32(x8)
Memory Write to Addr: 0x10010F88 Val: 0x00000003
[inst #4142] sw x30,36(x8)
Memory Write to Addr: 0x10010F8C Val: 0x00000000
[inst #4143] lui x7,65552
Register Write to Reg: 0x07 Val: 0x10010000
[inst #4144] addi x0,x0,0
Register Write to Reg: 0x00 Val: 0x00000000
[inst #4145] addi x0,x0,0
Register Write to Reg: 0x00 Val: 0x00000000
[inst #4146] addi x0,x0,0
Register Write to Reg: 0x00 Val: 0x00000000
[inst #4147] addi x7,x7,20
Register Write to Reg: 0x07 Val: 0x10010014
[inst #4148] lw x28,32(x8)
Register Write to Reg: 0x1C Val: 0x00000003
[inst #4149] addi x0,x0,0
Register Write to Reg: 0x00 Val: 0x00000000
[inst #4150] addi x0,x0,0
Register Write to Reg: 0x00 Val: 0x00000000
[inst #4151] addi x0,x0,0
Register Write to Reg: 0x00 Val: 0x00000000
[inst #4152] slli x28,x28,2
Register Write to Reg: 0x1C Val: 0x0000000C
[inst #4153] addi x0,x0,0
Register Write to Reg: 0x00 Val: 0x00000000
[inst #4154] addi x0,x0,0
Register Write to Reg: 0x00 Val: 0x00000000
[inst #4155] addi x0,x0,0
Register Write to Reg: 0x00 Val: 0x00000000
[inst #4156] add x7,x28,x7
Register Write to Reg: 0x07 Val: 0x10010020
[inst #4157] addi x0,x0,0
Register Write to Reg: 0x00 Val: 0x00000000
[inst #4158] addi x0,x0,0
Register Write to Reg: 0x00 Val: 0x00000000
[inst #4159] addi x0,x0,0
Register Write to Reg: 0x00 Val: 0x00000000
[inst #4160] lw x7,0(x7)
Register Write to Reg: 0x07 Val: 0x00000003
[inst #4161] addi x0,x0,0
Register Write to Reg: 0x00 Val: 0x00000000
[inst #4162] addi x0,x0,0
Register Write to Reg: 0x00 Val: 0x00000000
[inst #4163] addi x0,x0,0
Register Write to Reg: 0x00 Val: 0x00000000
[inst #4164] sw x7,16(x8)
Memory Write to Addr: 0x10010F78 Val: 0x00000003
[inst #4165] addi x7,x0,1
Register Write to Reg: 0x07 Val: 0x00000001
[inst #4166] addi x0,x0,0
Register Write to Reg: 0x00 Val: 0x00000000
[inst #4167] addi x0,x0,0
Register Write to Reg: 0x00 Val: 0x00000000
[inst #4168] addi x0,x0,0
Register Write to Reg: 0x00 Val: 0x00000000
[inst #4169] sw x7,8(x8)
Memory Write to Addr: 0x10010F70 Val: 0x00000001
[inst #4170] sw x0,12(x8)
Memory Write to Addr: 0x10010F74 Val: 0x00000000
[inst #4171] jal x0,84
Register Write to Reg: 0x00 Val: 0x00400794
[inst #4172] lw x28,12(x8)
Register Write to Reg: 0x1C Val: 0x00000000
[inst #4173] lw x7,36(x8)
Register Write to Reg: 0x07 Val: 0x00000000
[inst #4174] addi x0,x0,0
Register Write to Reg: 0x00 Val: 0x00000000
[inst #4175] addi x0,x0,0
Register Write to Reg: 0x00 Val: 0x00000000
[inst #4176] addi x0,x0,0
Register Write to Reg: 0x00 Val: 0x00000000
[inst #4177] slt x7,x28,x7
Register Write to Reg: 0x07 Val: 0x00000000
[inst #4178] addi x0,x0,0
Register Write to Reg: 0x00 Val: 0x00000000
[inst #4179] addi x0,x0,0
Register Write to Reg: 0x00 Val: 0x00000000
[inst #4180] addi x0,x0,0
Register Write to Reg: 0x00 Val: 0x00000000
[inst #4181] beq x7,x0,24
[inst #4182] lw x28,8(x8)
Register Write to Reg: 0x1C Val: 0x00000001
[inst #4183] lw x7,16(x8)
Register Write to Reg: 0x07 Val: 0x00000003
[inst #4184] addi x0,x0,0
Register Write to Reg: 0x00 Val: 0x00000000
[inst #4185] addi x0,x0,0
Register Write to Reg: 0x00 Val: 0x00000000
[inst #4186] addi x0,x0,0
Register Write to Reg: 0x00 Val: 0x00000000
[inst #4187] and x7,x28,x7
Register Write to Reg: 0x07 Val: 0x00000001
[inst #4188] addi x0,x0,0
Register Write to Reg: 0x00 Val: 0x00000000
[inst #4189] addi x0,x0,0
Register Write to Reg: 0x00 Val: 0x00000000
[inst #4190] addi x0,x0,0
Register Write to Reg: 0x00 Val: 0x00000000
[inst #4191] slt x7,x0,x7
Register Write to Reg: 0x07 Val: 0x00000001
[inst #4192] addi x0,x0,0
Register Write to Reg: 0x00 Val: 0x00000000
[inst #4193] addi x0,x0,0
Register Write to Reg: 0x00 Val: 0x00000000
[inst #4194] addi x0,x0,0
Register Write to Reg: 0x00 Val: 0x00000000
[inst #4195] andi x7,x7,255
Register Write to Reg: 0x07 Val: 0x00000001
[inst #4196] add x2,x0,x8
Register Write to Reg: 0x02 Val: 0x10010F68
[inst #4197] addi x0,x0,0
Register Write to Reg: 0x00 Val: 0x00000000
[inst #4198] addi x0,x0,0
Register Write to Reg: 0x00 Val: 0x00000000
[inst #4199] addi x0,x0,0
Register Write to Reg: 0x00 Val: 0x00000000
[inst #4200] lw x8,28(x2)
Register Write to Reg: 0x08 Val: 0x10010F88
[inst #4201] addi x2,x2,32
Register Write to Reg: 0x02 Val: 0x10010F88
[inst #4202] jalr x0,x1,0
Register Write to Reg: 0x00 Val: 0x00400874
[inst #4203] beq x7,x0,80
[inst #4204] addi x0,x0,0
Register Write to Reg: 0x00 Val: 0x00000000
[inst #4205] addi x0,x0,0
Register Write to Reg: 0x00 Val: 0x00000000
[inst #4206] lw x7,32(x8)
Register Write to Reg: 0x07 Val: 0x10010FC4
[inst #4207] addi x0,x0,0
Register Write to Reg: 0x00 Val: 0x00000000
[inst #4208] addi x0,x0,0
Register Write to Reg: 0x00 Val: 0x00000000
[inst #4209] addi x0,x0,0
Register Write to Reg: 0x00 Val: 0x00000000
[inst #4210] lw x7,4(x7)
Register Write to Reg: 0x07 Val: 0x00000000
[inst #4211] addi x0,x0,0
Register Write to Reg: 0x00 Val: 0x00000000
[inst #4212] addi x0,x0,0
Register Write to Reg: 0x00 Val: 0x00000000
[inst #4213] addi x0,x0,0
Register Write to Reg: 0x00 Val: 0x00000000
[inst #4214] addi x29,x7,1
Register Write to Reg: 0x1D Val: 0x00000001
[inst #4215] lw x28,32(x8)
Register Write to Reg: 0x1C Val: 0x10010FC4
[inst #4216] addi x0,x0,0
Register Write to Reg: 0x00 Val: 0x00000000
[inst #4217] addi x0,x0,0
Register Write to Reg: 0x00 Val: 0x00000000
[inst #4218] addi x0,x0,0
Register Write to Reg: 0x00 Val: 0x00000000
[inst #4219] sw x29,4(x28)
Memory Write to Addr: 0x10010FC8 Val: 0x00000001
[inst #4220] jal x0,144
Register Write to Reg: 0x00 Val: 0x00400638
[inst #4221] add x2,x0,x8
Register Write to Reg: 0x02 Val: 0x10010F88
[inst #4222] addi x0,x0,0
Register Write to Reg: 0x00 Val: 0x00000000
[inst #4223] addi x0,x0,0
Register Write to Reg: 0x00 Val: 0x00000000
[inst #4224] addi x0,x0,0
Register Write to Reg: 0x00 Val: 0x00000000
[inst #4225] lw x1,28(x2)
Register Write to Reg: 0x01 Val: 0x004004C0
[inst #4226] lw x8,24(x2)
Register Write to Reg: 0x08 Val: 0x10010FA8
[inst #4227] addi x2,x2,32
Register Write to Reg: 0x02 Val: 0x10010FA8
[inst #4228] addi x0,x0,0
Register Write to Reg: 0x00 Val: 0x00000000
[inst #4229] jalr x0,x1,0
Register Write to Reg: 0x00 Val: 0x004006E8
[inst #4230] sw x7,24(x8)
Memory Write to Addr: 0x10010FC0 Val: 0x00000000
[inst #4231] jal x0,-552
Register Write to Reg: 0x00 Val: 0x004004C8
[inst #4232] lw x28,24(x8)
Register Write to Reg: 0x1C Val: 0x00000000
[inst #4233] addi x7,x0,-1
Register Write to Reg: 0x07 Val: 0xFFFFFFFF
[inst #4234] addi x0,x0,0
Register Write to Reg: 0x00 Val: 0x00000000
[inst #4235] addi x0,x0,0
Register Write to Reg: 0x00 Val: 0x00000000
[inst #4236] addi x0,x0,0
Register Write to Reg: 0x00 Val: 0x00000000
[inst #4237] beq x28,x7,24
[inst #4238] addi x0,x0,0
Register Write to Reg: 0x00 Val: 0x00000000
[inst #4239] addi x0,x0,0
Register Write to Reg: 0x00 Val: 0x00000000
[inst #4240] jal x0,-204
Register Write to Reg: 0x00 Val: 0x004002C0
[inst #4241] lw x29,24(x8)
Register Write to Reg: 0x1D Val: 0x00000000
[inst #4242] lui x1,1024
Register Write to Reg: 0x01 Val: 0x00400000
[inst #4243] addi x0,x0,0
Register Write to Reg: 0x00 Val: 0x00000000
[inst #4244] addi x0,x0,0
Register Write to Reg: 0x00 Val: 0x00000000
[inst #4245] addi x0,x0,0
Register Write to Reg: 0x00 Val: 0x00000000
[inst #4246] addi x1,x1,532
Register Write to Reg: 0x01 Val: 0x00400214
[inst #4247] jal x0,1992
Register Write to Reg: 0x00 Val: 0x0040020C
[inst #4248] addi x2,x2,-32
Register Write to Reg: 0x02 Val: 0x10010F88
[inst #4249] addi x0,x0,0
Register Write to Reg: 0x00 Val: 0x00000000
[inst #4250] addi x0,x0,0
Register Write to Reg: 0x00 Val: 0x00000000
[inst #4251] addi x0,x0,0
Register Write to Reg: 0x00 Val: 0x00000000
[inst #4252] sw x8,28(x2)
Memory Write to Addr: 0x10010FA4 Val: 0x10010FA8
[inst #4253] add x8,x0,x2
Register Write to Reg: 0x08 Val: 0x10010F88
[inst #4254] addi x0,x0,0
Register Write to Reg: 0x00 Val: 0x00000000
[inst #4255] addi x0,x0,0
Register Write to Reg: 0x00 Val: 0x00000000
[inst #4256] addi x0,x0,0
Register Write to Reg: 0x00 Val: 0x00000000
[inst #4257] sw x29,32(x8)
Memory Write to Addr: 0x10010FA8 Val: 0x00000000
[inst #4258] ori x7,x0,1
Register Write to Reg: 0x07 Val: 0x00000001
[inst #4259] addi x0,x0,0
Register Write to Reg: 0x00 Val: 0x00000000
[inst #4260] addi x0,x0,0
Register Write to Reg: 0x00 Val: 0x00000000
[inst #4261] addi x0,x0,0
Register Write to Reg: 0x00 Val: 0x00000000
[inst #4262] sw x7,8(x8)
Memory Write to Addr: 0x10010F90 Val: 0x00000001
[inst #4263] sw x0,12(x8)
Memory Write to Addr: 0x10010F94 Val: 0x00000000
[inst #4264] jal x0,84
Register Write to Reg: 0x00 Val: 0x00400A14
[inst #4265] lw x28,12(x8)
Register Write to Reg: 0x1C Val: 0x00000000
[inst #4266] lw x7,32(x8)
Register Write to Reg: 0x07 Val: 0x00000000
[inst #4267] addi x0,x0,0
Register Write to Reg: 0x00 Val: 0x00000000
[inst #4268] addi x0,x0,0
Register Write to Reg: 0x00 Val: 0x00000000
[inst #4269] addi x0,x0,0
Register Write to Reg: 0x00 Val: 0x00000000
[inst #4270] slt x7,x28,x7
Register Write to Reg: 0x07 Val: 0x00000000
[inst #4271] addi x0,x0,0
Register Write to Reg: 0x00 Val: 0x00000000
[inst #4272] addi x0,x0,0
Register Write to Reg: 0x00 Val: 0x00000000
[inst #4273] addi x0,x0,0
Register Write to Reg: 0x00 Val: 0x00000000
[inst #4274] beq x7,x0,24
[inst #4275] lui x7,65552
Register Write to Reg: 0x07 Val: 0x10010000
[inst #4276] addi x0,x0,0
Register Write to Reg: 0x00 Val: 0x00000000
[inst #4277] addi x0,x0,0
Register Write to Reg: 0x00 Val: 0x00000000
[inst #4278] addi x0,x0,0
Register Write to Reg: 0x00 Val: 0x00000000
[inst #4279] addi x7,x7,36
Register Write to Reg: 0x07 Val: 0x10010024
[inst #4280] addi x0,x0,0
Register Write to Reg: 0x00 Val: 0x00000000
[inst #4281] addi x0,x0,0
Register Write to Reg: 0x00 Val: 0x00000000
[inst #4282] addi x0,x0,0
Register Write to Reg: 0x00 Val: 0x00000000
[inst #4283] lw x7,0(x7)
Register Write to Reg: 0x07 Val: 0x01010101
[inst #4284] addi x0,x0,0
Register Write to Reg: 0x00 Val: 0x00000000
[inst #4285] addi x0,x0,0
Register Write to Reg: 0x00 Val: 0x00000000
[inst #4286] addi x0,x0,0
Register Write to Reg: 0x00 Val: 0x00000000
[inst #4287] sw x7,16(x8)
Memory Write to Addr: 0x10010F98 Val: 0x01010101
[inst #4288] lw x28,16(x8)
Register Write to Reg: 0x1C Val: 0x01010101
[inst #4289] lw x7,8(x8)
Register Write to Reg: 0x07 Val: 0x00000001
[inst #4290] addi x0,x0,0
Register Write to Reg: 0x00 Val: 0x00000000
[inst #4291] addi x0,x0,0
Register Write to Reg: 0x00 Val: 0x00000000
[inst #4292] addi x0,x0,0
Register Write to Reg: 0x00 Val: 0x00000000
[inst #4293] and x7,x28,x7
Register Write to Reg: 0x07 Val: 0x00000001
[inst #4294] addi x0,x0,0
Register Write to Reg: 0x00 Val: 0x00000000
[inst #4295] addi x0,x0,0
Register Write to Reg: 0x00 Val: 0x00000000
[inst #4296] addi x0,x0,0
Register Write to Reg: 0x00 Val: 0x00000000
[inst #4297] slt x7,x0,x7
Register Write to Reg: 0x07 Val: 0x00000001
[inst #4298] addi x0,x0,0
Register Write to Reg: 0x00 Val: 0x00000000
[inst #4299] addi x0,x0,0
Register Write to Reg: 0x00 Val: 0x00000000
[inst #4300] addi x0,x0,0
Register Write to Reg: 0x00 Val: 0x00000000
[inst #4301] andi x7,x7,255
Register Write to Reg: 0x07 Val: 0x00000001
[inst #4302] add x2,x0,x8
Register Write to Reg: 0x02 Val: 0x10010F88
[inst #4303] addi x0,x0,0
Register Write to Reg: 0x00 Val: 0x00000000
[inst #4304] addi x0,x0,0
Register Write to Reg: 0x00 Val: 0x00000000
[inst #4305] addi x0,x0,0
Register Write to Reg: 0x00 Val: 0x00000000
[inst #4306] lw x8,28(x2)
Register Write to Reg: 0x08 Val: 0x10010FA8
[inst #4307] addi x2,x2,32
Register Write to Reg: 0x02 Val: 0x10010FA8
[inst #4308] jalr x0,x1,0
Register Write to Reg: 0x00 Val: 0x00400B28
[inst #4309] xori x7,x7,1
Register Write to Reg: 0x07 Val: 0x00000000
[inst #4310] addi x0,x0,0
Register Write to Reg: 0x00 Val: 0x00000000
[inst #4311] addi x0,x0,0
Register Write to Reg: 0x00 Val: 0x00000000
[inst #4312] addi x0,x0,0
Register Write to Reg: 0x00 Val: 0x00000000
[inst #4313] andi x7,x7,255
Register Write to Reg: 0x07 Val: 0x00000000
[inst #4314] addi x0,x0,0
Register Write to Reg: 0x00 Val: 0x00000000
[inst #4315] addi x0,x0,0
Register Write to Reg: 0x00 Val: 0x00000000
[inst #4316] addi x0,x0,0
Register Write to Reg: 0x00 Val: 0x00000000
[inst #4317] beq x7,x0,48
[inst #4318] addi x7,x8,28
Register Write to Reg: 0x07 Val: 0x10010FC4
[inst #4319] addi x0,x0,0
Register Write to Reg: 0x00 Val: 0x00000000
[inst #4320] addi x0,x0,0
Register Write to Reg: 0x00 Val: 0x00000000
[inst #4321] addi x0,x0,0
Register Write to Reg: 0x00 Val: 0x00000000
[inst #4322] add x29,x0,x7
Register Write to Reg: 0x1D Val: 0x10010FC4
[inst #4323] lui x1,1024
Register Write to Reg: 0x01 Val: 0x00400000
[inst #4324] addi x0,x0,0
Register Write to Reg: 0x00 Val: 0x00000000
[inst #4325] addi x0,x0,0
Register Write to Reg: 0x00 Val: 0x00000000
[inst #4326] addi x0,x0,0
Register Write to Reg: 0x00 Val: 0x00000000
[inst #4327] addi x1,x1,664
Register Write to Reg: 0x01 Val: 0x00400298
[inst #4328] jal x0,720
Register Write to Reg: 0x00 Val: 0x00400290
[inst #4329] addi x2,x2,-32
Register Write to Reg: 0x02 Val: 0x10010F88
[inst #4330] addi x0,x0,0
Register Write to Reg: 0x00 Val: 0x00000000
[inst #4331] addi x0,x0,0
Register Write to Reg: 0x00 Val: 0x00000000
[inst #4332] addi x0,x0,0
Register Write to Reg: 0x00 Val: 0x00000000
[inst #4333] sw x1,28(x2)
Memory Write to Addr: 0x10010FA4 Val: 0x00400298
[inst #4334] sw x8,24(x2)
Memory Write to Addr: 0x10010FA0 Val: 0x10010FA8
[inst #4335] add x8,x0,x2
Register Write to Reg: 0x08 Val: 0x10010F88
[inst #4336] addi x0,x0,0
Register Write to Reg: 0x00 Val: 0x00000000
[inst #4337] addi x0,x0,0
Register Write to Reg: 0x00 Val: 0x00000000
[inst #4338] addi x0,x0,0
Register Write to Reg: 0x00 Val: 0x00000000
[inst #4339] sw x29,32(x8)
Memory Write to Addr: 0x10010FA8 Val: 0x10010FC4
[inst #4340] jal x0,240
Register Write to Reg: 0x00 Val: 0x0040058C
[inst #4341] lw x7,32(x8)
Register Write to Reg: 0x07 Val: 0x10010FC4
[inst #4342] addi x0,x0,0
Register Write to Reg: 0x00 Val: 0x00000000
[inst #4343] addi x0,x0,0
Register Write to Reg: 0x00 Val: 0x00000000
[inst #4344] addi x0,x0,0
Register Write to Reg: 0x00 Val: 0x00000000
[inst #4345] lw x7,4(x7)
Register Write to Reg: 0x07 Val: 0x00000001
[inst #4346] addi x0,x0,0
Register Write to Reg: 0x00 Val: 0x00000000
[inst #4347] addi x0,x0,0
Register Write to Reg: 0x00 Val: 0x00000000
[inst #4348] addi x0,x0,0
Register Write to Reg: 0x00 Val: 0x00000000
[inst #4349] slti x7,x7,4
Register Write to Reg: 0x07 Val: 0x00000001
[inst #4350] addi x0,x0,0
Register Write to Reg: 0x00 Val: 0x00000000
[inst #4351] addi x0,x0,0
Register Write to Reg: 0x00 Val: 0x00000000
[inst #4352] addi x0,x0,0
Register Write to Reg: 0x00 Val: 0x00000000
[inst #4353] beq x7,x0,24
[inst #4354] addi x0,x0,0
Register Write to Reg: 0x00 Val: 0x00000000
[inst #4355] addi x0,x0,0
Register Write to Reg: 0x00 Val: 0x00000000
[inst #4356] jal x0,-288
Register Write to Reg: 0x00 Val: 0x004006B8
[inst #4357] lw x7,32(x8)
Register Write to Reg: 0x07 Val: 0x10010FC4
[inst #4358] addi x0,x0,0
Register Write to Reg: 0x00 Val: 0x00000000
[inst #4359] addi x0,x0,0
Register Write to Reg: 0x00 Val: 0x00000000
[inst #4360] addi x0,x0,0
Register Write to Reg: 0x00 Val: 0x00000000
[inst #4361] lw x28,0(x7)
Register Write to Reg: 0x1C Val: 0x00000003
[inst #4362] lw x7,32(x8)
Register Write to Reg: 0x07 Val: 0x10010FC4
[inst #4363] addi x0,x0,0
Register Write to Reg: 0x00 Val: 0x00000000
[inst #4364] addi x0,x0,0
Register Write to Reg: 0x00 Val: 0x00000000
[inst #4365] addi x0,x0,0
Register Write to Reg: 0x00 Val: 0x00000000
[inst #4366] lw x7,4(x7)
Register Write to Reg: 0x07 Val: 0x00000001
[inst #4367] addi x0,x0,0
Register Write to Reg: 0x00 Val: 0x00000000
[inst #4368] addi x0,x0,0
Register Write to Reg: 0x00 Val: 0x00000000
[inst #4369] addi x0,x0,0
Register Write to Reg: 0x00 Val: 0x00000000
[inst #4370] add x30,x0,x7
Register Write to Reg: 0x1E Val: 0x00000001
[inst #4371] add x29,x0,x28
Register Write to Reg: 0x1D Val: 0x00000003
[inst #4372] lui x1,1024
Register Write to Reg: 0x01 Val: 0x00400000
[inst #4373] addi x0,x0,0
Register Write to Reg: 0x00 Val: 0x00000000
[inst #4374] addi x0,x0,0
Register Write to Reg: 0x00 Val: 0x00000000
[inst #4375] addi x0,x0,0
Register Write to Reg: 0x00 Val: 0x00000000
[inst #4376] addi x1,x1,1520
Register Write to Reg: 0x01 Val: 0x004005F0
[inst #4377] jal x0,272
Register Write to Reg: 0x00 Val: 0x004005E8
[inst #4378] addi x2,x2,-32
Register Write to Reg: 0x02 Val: 0x10010F68
[inst #4379] addi x0,x0,0
Register Write to Reg: 0x00 Val: 0x00000000
[inst #4380] addi x0,x0,0
Register Write to Reg: 0x00 Val: 0x00000000
[inst #4381] addi x0,x0,0
Register Write to Reg: 0x00 Val: 0x00000000
[inst #4382] sw x8,28(x2)
Memory Write to Addr: 0x10010F84 Val: 0x10010F88
[inst #4383] add x8,x0,x2
Register Write to Reg: 0x08 Val: 0x10010F68
[inst #4384] addi x0,x0,0
Register Write to Reg: 0x00 Val: 0x00000000
[inst #4385] addi x0,x0,0
Register Write to Reg: 0x00 Val: 0x00000000
[inst #4386] addi x0,x0,0
Register Write to Reg: 0x00 Val: 0x00000000
[inst #4387] sw x29,32(x8)
Memory Write to Addr: 0x10010F88 Val: 0x00000003
[inst #4388] sw x30,36(x8)
Memory Write to Addr: 0x10010F8C Val: 0x00000001
[inst #4389] lui x7,65552
Register Write to Reg: 0x07 Val: 0x10010000
[inst #4390] addi x0,x0,0
Register Write to Reg: 0x00 Val: 0x00000000
[inst #4391] addi x0,x0,0
Register Write to Reg: 0x00 Val: 0x00000000
[inst #4392] addi x0,x0,0
Register Write to Reg: 0x00 Val: 0x00000000
[inst #4393] addi x7,x7,20
Register Write to Reg: 0x07 Val: 0x10010014
[inst #4394] lw x28,32(x8)
Register Write to Reg: 0x1C Val: 0x00000003
[inst #4395] addi x0,x0,0
Register Write to Reg: 0x00 Val: 0x00000000
[inst #4396] addi x0,x0,0
Register Write to Reg: 0x00 Val: 0x00000000
[inst #4397] addi x0,x0,0
Register Write to Reg: 0x00 Val: 0x00000000
[inst #4398] slli x28,x28,2
Register Write to Reg: 0x1C Val: 0x0000000C
[inst #4399] addi x0,x0,0
Register Write to Reg: 0x00 Val: 0x00000000
[inst #4400] addi x0,x0,0
Register Write to Reg: 0x00 Val: 0x00000000
[inst #4401] addi x0,x0,0
Register Write to Reg: 0x00 Val: 0x00000000
[inst #4402] add x7,x28,x7
Register Write to Reg: 0x07 Val: 0x10010020
[inst #4403] addi x0,x0,0
Register Write to Reg: 0x00 Val: 0x00000000
[inst #4404] addi x0,x0,0
Register Write to Reg: 0x00 Val: 0x00000000
[inst #4405] addi x0,x0,0
Register Write to Reg: 0x00 Val: 0x00000000
[inst #4406] lw x7,0(x7)
Register Write to Reg: 0x07 Val: 0x00000003
[inst #4407] addi x0,x0,0
Register Write to Reg: 0x00 Val: 0x00000000
[inst #4408] addi x0,x0,0
Register Write to Reg: 0x00 Val: 0x00000000
[inst #4409] addi x0,x0,0
Register Write to Reg: 0x00 Val: 0x00000000
[inst #4410] sw x7,16(x8)
Memory Write to Addr: 0x10010F78 Val: 0x00000003
[inst #4411] addi x7,x0,1
Register Write to Reg: 0x07 Val: 0x00000001
[inst #4412] addi x0,x0,0
Register Write to Reg: 0x00 Val: 0x00000000
[inst #4413] addi x0,x0,0
Register Write to Reg: 0x00 Val: 0x00000000
[inst #4414] addi x0,x0,0
Register Write to Reg: 0x00 Val: 0x00000000
[inst #4415] sw x7,8(x8)
Memory Write to Addr: 0x10010F70 Val: 0x00000001
[inst #4416] sw x0,12(x8)
Memory Write to Addr: 0x10010F74 Val: 0x00000000
[inst #4417] jal x0,84
Register Write to Reg: 0x00 Val: 0x00400794
[inst #4418] lw x28,12(x8)
Register Write to Reg: 0x1C Val: 0x00000000
[inst #4419] lw x7,36(x8)
Register Write to Reg: 0x07 Val: 0x00000001
[inst #4420] addi x0,x0,0
Register Write to Reg: 0x00 Val: 0x00000000
[inst #4421] addi x0,x0,0
Register Write to Reg: 0x00 Val: 0x00000000
[inst #4422] addi x0,x0,0
Register Write to Reg: 0x00 Val: 0x00000000
[inst #4423] slt x7,x28,x7
Register Write to Reg: 0x07 Val: 0x00000001
[inst #4424] addi x0,x0,0
Register Write to Reg: 0x00 Val: 0x00000000
[inst #4425] addi x0,x0,0
Register Write to Reg: 0x00 Val: 0x00000000
[inst #4426] addi x0,x0,0
Register Write to Reg: 0x00 Val: 0x00000000
[inst #4427] beq x7,x0,24
[inst #4428] addi x0,x0,0
Register Write to Reg: 0x00 Val: 0x00000000
[inst #4429] addi x0,x0,0
Register Write to Reg: 0x00 Val: 0x00000000
[inst #4430] jal x0,-120
Register Write to Reg: 0x00 Val: 0x00400818
[inst #4431] lw x7,8(x8)
Register Write to Reg: 0x07 Val: 0x00000001
[inst #4432] addi x0,x0,0
Register Write to Reg: 0x00 Val: 0x00000000
[inst #4433] addi x0,x0,0
Register Write to Reg: 0x00 Val: 0x00000000
[inst #4434] addi x0,x0,0
Register Write to Reg: 0x00 Val: 0x00000000
[inst #4435] slli x7,x7,1
Register Write to Reg: 0x07 Val: 0x00000002
[inst #4436] addi x0,x0,0
Register Write to Reg: 0x00 Val: 0x00000000
[inst #4437] addi x0,x0,0
Register Write to Reg: 0x00 Val: 0x00000000
[inst #4438] addi x0,x0,0
Register Write to Reg: 0x00 Val: 0x00000000
[inst #4439] sw x7,8(x8)
Memory Write to Addr: 0x10010F70 Val: 0x00000002
[inst #4440] lw x7,12(x8)
Register Write to Reg: 0x07 Val: 0x00000000
[inst #4441] addi x0,x0,0
Register Write to Reg: 0x00 Val: 0x00000000
[inst #4442] addi x0,x0,0
Register Write to Reg: 0x00 Val: 0x00000000
[inst #4443] addi x0,x0,0
Register Write to Reg: 0x00 Val: 0x00000000
[inst #4444] addi x7,x7,1
Register Write to Reg: 0x07 Val: 0x00000001
[inst #4445] addi x0,x0,0
Register Write to Reg: 0x00 Val: 0x00000000
[inst #4446] addi x0,x0,0
Register Write to Reg: 0x00 Val: 0x00000000
[inst #4447] addi x0,x0,0
Register Write to Reg: 0x00 Val: 0x00000000
[inst #4448] sw x7,12(x8)
Memory Write to Addr: 0x10010F74 Val: 0x00000001
[inst #4449] lw x28,12(x8)
Register Write to Reg: 0x1C Val: 0x00000001
[inst #4450] lw x7,36(x8)
Register Write to Reg: 0x07 Val: 0x00000001
[inst #4451] addi x0,x0,0
Register Write to Reg: 0x00 Val: 0x00000000
[inst #4452] addi x0,x0,0
Register Write to Reg: 0x00 Val: 0x00000000
[inst #4453] addi x0,x0,0
Register Write to Reg: 0x00 Val: 0x00000000
[inst #4454] slt x7,x28,x7
Register Write to Reg: 0x07 Val: 0x00000000
[inst #4455] addi x0,x0,0
Register Write to Reg: 0x00 Val: 0x00000000
[inst #4456] addi x0,x0,0
Register Write to Reg: 0x00 Val: 0x00000000
[inst #4457] addi x0,x0,0
Register Write to Reg: 0x00 Val: 0x00000000
[inst #4458] beq x7,x0,24
[inst #4459] lw x28,8(x8)
Register Write to Reg: 0x1C Val: 0x00000002
[inst #4460] lw x7,16(x8)
Register Write to Reg: 0x07 Val: 0x00000003
[inst #4461] addi x0,x0,0
Register Write to Reg: 0x00 Val: 0x00000000
[inst #4462] addi x0,x0,0
Register Write to Reg: 0x00 Val: 0x00000000
[inst #4463] addi x0,x0,0
Register Write to Reg: 0x00 Val: 0x00000000
[inst #4464] and x7,x28,x7
Register Write to Reg: 0x07 Val: 0x00000002
[inst #4465] addi x0,x0,0
Register Write to Reg: 0x00 Val: 0x00000000
[inst #4466] addi x0,x0,0
Register Write to Reg: 0x00 Val: 0x00000000
[inst #4467] addi x0,x0,0
Register Write to Reg: 0x00 Val: 0x00000000
[inst #4468] slt x7,x0,x7
Register Write to Reg: 0x07 Val: 0x00000001
[inst #4469] addi x0,x0,0
Register Write to Reg: 0x00 Val: 0x00000000
[inst #4470] addi x0,x0,0
Register Write to Reg: 0x00 Val: 0x00000000
[inst #4471] addi x0,x0,0
Register Write to Reg: 0x00 Val: 0x00000000
[inst #4472] andi x7,x7,255
Register Write to Reg: 0x07 Val: 0x00000001
[inst #4473] add x2,x0,x8
Register Write to Reg: 0x02 Val: 0x10010F68
[inst #4474] addi x0,x0,0
Register Write to Reg: 0x00 Val: 0x00000000
[inst #4475] addi x0,x0,0
Register Write to Reg: 0x00 Val: 0x00000000
[inst #4476] addi x0,x0,0
Register Write to Reg: 0x00 Val: 0x00000000
[inst #4477] lw x8,28(x2)
Register Write to Reg: 0x08 Val: 0x10010F88
[inst #4478] addi x2,x2,32
Register Write to Reg: 0x02 Val: 0x10010F88
[inst #4479] jalr x0,x1,0
Register Write to Reg: 0x00 Val: 0x00400874
[inst #4480] beq x7,x0,80
[inst #4481] addi x0,x0,0
Register Write to Reg: 0x00 Val: 0x00000000
[inst #4482] addi x0,x0,0
Register Write to Reg: 0x00 Val: 0x00000000
[inst #4483] lw x7,32(x8)
Register Write to Reg: 0x07 Val: 0x10010FC4
[inst #4484] addi x0,x0,0
Register Write to Reg: 0x00 Val: 0x00000000
[inst #4485] addi x0,x0,0
Register Write to Reg: 0x00 Val: 0x00000000
[inst #4486] addi x0,x0,0
Register Write to Reg: 0x00 Val: 0x00000000
[inst #4487] lw x7,4(x7)
Register Write to Reg: 0x07 Val: 0x00000001
[inst #4488] addi x0,x0,0
Register Write to Reg: 0x00 Val: 0x00000000
[inst #4489] addi x0,x0,0
Register Write to Reg: 0x00 Val: 0x00000000
[inst #4490] addi x0,x0,0
Register Write to Reg: 0x00 Val: 0x00000000
[inst #4491] addi x29,x7,1
Register Write to Reg: 0x1D Val: 0x00000002
[inst #4492] lw x28,32(x8)
Register Write to Reg: 0x1C Val: 0x10010FC4
[inst #4493] addi x0,x0,0
Register Write to Reg: 0x00 Val: 0x00000000
[inst #4494] addi x0,x0,0
Register Write to Reg: 0x00 Val: 0x00000000
[inst #4495] addi x0,x0,0
Register Write to Reg: 0x00 Val: 0x00000000
[inst #4496] sw x29,4(x28)
Memory Write to Addr: 0x10010FC8 Val: 0x00000002
[inst #4497] jal x0,144
Register Write to Reg: 0x00 Val: 0x00400638
[inst #4498] add x2,x0,x8
Register Write to Reg: 0x02 Val: 0x10010F88
[inst #4499] addi x0,x0,0
Register Write to Reg: 0x00 Val: 0x00000000
[inst #4500] addi x0,x0,0
Register Write to Reg: 0x00 Val: 0x00000000
[inst #4501] addi x0,x0,0
Register Write to Reg: 0x00 Val: 0x00000000
[inst #4502] lw x1,28(x2)
Register Write to Reg: 0x01 Val: 0x00400298
[inst #4503] lw x8,24(x2)
Register Write to Reg: 0x08 Val: 0x10010FA8
[inst #4504] addi x2,x2,32
Register Write to Reg: 0x02 Val: 0x10010FA8
[inst #4505] addi x0,x0,0
Register Write to Reg: 0x00 Val: 0x00000000
[inst #4506] jalr x0,x1,0
Register Write to Reg: 0x00 Val: 0x004006E8
[inst #4507] sw x7,24(x8)
Memory Write to Addr: 0x10010FC0 Val: 0x00000001
[inst #4508] lw x28,24(x8)
Register Write to Reg: 0x1C Val: 0x00000001
[inst #4509] addi x7,x0,-1
Register Write to Reg: 0x07 Val: 0xFFFFFFFF
[inst #4510] addi x0,x0,0
Register Write to Reg: 0x00 Val: 0x00000000
[inst #4511] addi x0,x0,0
Register Write to Reg: 0x00 Val: 0x00000000
[inst #4512] addi x0,x0,0
Register Write to Reg: 0x00 Val: 0x00000000
[inst #4513] beq x28,x7,24
[inst #4514] addi x0,x0,0
Register Write to Reg: 0x00 Val: 0x00000000
[inst #4515] addi x0,x0,0
Register Write to Reg: 0x00 Val: 0x00000000
[inst #4516] jal x0,-204
Register Write to Reg: 0x00 Val: 0x004002C0
[inst #4517] lw x29,24(x8)
Register Write to Reg: 0x1D Val: 0x00000001
[inst #4518] lui x1,1024
Register Write to Reg: 0x01 Val: 0x00400000
[inst #4519] addi x0,x0,0
Register Write to Reg: 0x00 Val: 0x00000000
[inst #4520] addi x0,x0,0
Register Write to Reg: 0x00 Val: 0x00000000
[inst #4521] addi x0,x0,0
Register Write to Reg: 0x00 Val: 0x00000000
[inst #4522] addi x1,x1,532
Register Write to Reg: 0x01 Val: 0x00400214
[inst #4523] jal x0,1992
Register Write to Reg: 0x00 Val: 0x0040020C
[inst #4524] addi x2,x2,-32
Register Write to Reg: 0x02 Val: 0x10010F88
[inst #4525] addi x0,x0,0
Register Write to Reg: 0x00 Val: 0x00000000
[inst #4526] addi x0,x0,0
Register Write to Reg: 0x00 Val: 0x00000000
[inst #4527] addi x0,x0,0
Register Write to Reg: 0x00 Val: 0x00000000
[inst #4528] sw x8,28(x2)
Memory Write to Addr: 0x10010FA4 Val: 0x10010FA8
[inst #4529] add x8,x0,x2
Register Write to Reg: 0x08 Val: 0x10010F88
[inst #4530] addi x0,x0,0
Register Write to Reg: 0x00 Val: 0x00000000
[inst #4531] addi x0,x0,0
Register Write to Reg: 0x00 Val: 0x00000000
[inst #4532] addi x0,x0,0
Register Write to Reg: 0x00 Val: 0x00000000
[inst #4533] sw x29,32(x8)
Memory Write to Addr: 0x10010FA8 Val: 0x00000001
[inst #4534] ori x7,x0,1
Register Write to Reg: 0x07 Val: 0x00000001
[inst #4535] addi x0,x0,0
Register Write to Reg: 0x00 Val: 0x00000000
[inst #4536] addi x0,x0,0
Register Write to Reg: 0x00 Val: 0x00000000
[inst #4537] addi x0,x0,0
Register Write to Reg: 0x00 Val: 0x00000000
[inst #4538] sw x7,8(x8)
Memory Write to Addr: 0x10010F90 Val: 0x00000001
[inst #4539] sw x0,12(x8)
Memory Write to Addr: 0x10010F94 Val: 0x00000000
[inst #4540] jal x0,84
Register Write to Reg: 0x00 Val: 0x00400A14
[inst #4541] lw x28,12(x8)
Register Write to Reg: 0x1C Val: 0x00000000
[inst #4542] lw x7,32(x8)
Register Write to Reg: 0x07 Val: 0x00000001
[inst #4543] addi x0,x0,0
Register Write to Reg: 0x00 Val: 0x00000000
[inst #4544] addi x0,x0,0
Register Write to Reg: 0x00 Val: 0x00000000
[inst #4545] addi x0,x0,0
Register Write to Reg: 0x00 Val: 0x00000000
[inst #4546] slt x7,x28,x7
Register Write to Reg: 0x07 Val: 0x00000001
[inst #4547] addi x0,x0,0
Register Write to Reg: 0x00 Val: 0x00000000
[inst #4548] addi x0,x0,0
Register Write to Reg: 0x00 Val: 0x00000000
[inst #4549] addi x0,x0,0
Register Write to Reg: 0x00 Val: 0x00000000
[inst #4550] beq x7,x0,24
[inst #4551] addi x0,x0,0
Register Write to Reg: 0x00 Val: 0x00000000
[inst #4552] addi x0,x0,0
Register Write to Reg: 0x00 Val: 0x00000000
[inst #4553] jal x0,-120
Register Write to Reg: 0x00 Val: 0x00400A98
[inst #4554] lw x7,8(x8)
Register Write to Reg: 0x07 Val: 0x00000001
[inst #4555] addi x0,x0,0
Register Write to Reg: 0x00 Val: 0x00000000
[inst #4556] addi x0,x0,0
Register Write to Reg: 0x00 Val: 0x00000000
[inst #4557] addi x0,x0,0
Register Write to Reg: 0x00 Val: 0x00000000
[inst #4558] slli x7,x7,8
Register Write to Reg: 0x07 Val: 0x00000100
[inst #4559] addi x0,x0,0
Register Write to Reg: 0x00 Val: 0x00000000
[inst #4560] addi x0,x0,0
Register Write to Reg: 0x00 Val: 0x00000000
[inst #4561] addi x0,x0,0
Register Write to Reg: 0x00 Val: 0x00000000
[inst #4562] sw x7,8(x8)
Memory Write to Addr: 0x10010F90 Val: 0x00000100
[inst #4563] lw x7,12(x8)
Register Write to Reg: 0x07 Val: 0x00000000
[inst #4564] addi x0,x0,0
Register Write to Reg: 0x00 Val: 0x00000000
[inst #4565] addi x0,x0,0
Register Write to Reg: 0x00 Val: 0x00000000
[inst #4566] addi x0,x0,0
Register Write to Reg: 0x00 Val: 0x00000000
[inst #4567] addi x7,x7,1
Register Write to Reg: 0x07 Val: 0x00000001
[inst #4568] addi x0,x0,0
Register Write to Reg: 0x00 Val: 0x00000000
[inst #4569] addi x0,x0,0
Register Write to Reg: 0x00 Val: 0x00000000
[inst #4570] addi x0,x0,0
Register Write to Reg: 0x00 Val: 0x00000000
[inst #4571] sw x7,12(x8)
Memory Write to Addr: 0x10010F94 Val: 0x00000001
[inst #4572] lw x28,12(x8)
Register Write to Reg: 0x1C Val: 0x00000001
[inst #4573] lw x7,32(x8)
Register Write to Reg: 0x07 Val: 0x00000001
[inst #4574] addi x0,x0,0
Register Write to Reg: 0x00 Val: 0x00000000
[inst #4575] addi x0,x0,0
Register Write to Reg: 0x00 Val: 0x00000000
[inst #4576] addi x0,x0,0
Register Write to Reg: 0x00 Val: 0x00000000
[inst #4577] slt x7,x28,x7
Register Write to Reg: 0x07 Val: 0x00000000
[inst #4578] addi x0,x0,0
Register Write to Reg: 0x00 Val: 0x00000000
[inst #4579] addi x0,x0,0
Register Write to Reg: 0x00 Val: 0x00000000
[inst #4580] addi x0,x0,0
Register Write to Reg: 0x00 Val: 0x00000000
[inst #4581] beq x7,x0,24
[inst #4582] lui x7,65552
Register Write to Reg: 0x07 Val: 0x10010000
[inst #4583] addi x0,x0,0
Register Write to Reg: 0x00 Val: 0x00000000
[inst #4584] addi x0,x0,0
Register Write to Reg: 0x00 Val: 0x00000000
[inst #4585] addi x0,x0,0
Register Write to Reg: 0x00 Val: 0x00000000
[inst #4586] addi x7,x7,36
Register Write to Reg: 0x07 Val: 0x10010024
[inst #4587] addi x0,x0,0
Register Write to Reg: 0x00 Val: 0x00000000
[inst #4588] addi x0,x0,0
Register Write to Reg: 0x00 Val: 0x00000000
[inst #4589] addi x0,x0,0
Register Write to Reg: 0x00 Val: 0x00000000
[inst #4590] lw x7,0(x7)
Register Write to Reg: 0x07 Val: 0x01010101
[inst #4591] addi x0,x0,0
Register Write to Reg: 0x00 Val: 0x00000000
[inst #4592] addi x0,x0,0
Register Write to Reg: 0x00 Val: 0x00000000
[inst #4593] addi x0,x0,0
Register Write to Reg: 0x00 Val: 0x00000000
[inst #4594] sw x7,16(x8)
Memory Write to Addr: 0x10010F98 Val: 0x01010101
[inst #4595] lw x28,16(x8)
Register Write to Reg: 0x1C Val: 0x01010101
[inst #4596] lw x7,8(x8)
Register Write to Reg: 0x07 Val: 0x00000100
[inst #4597] addi x0,x0,0
Register Write to Reg: 0x00 Val: 0x00000000
[inst #4598] addi x0,x0,0
Register Write to Reg: 0x00 Val: 0x00000000
[inst #4599] addi x0,x0,0
Register Write to Reg: 0x00 Val: 0x00000000
[inst #4600] and x7,x28,x7
Register Write to Reg: 0x07 Val: 0x00000100
[inst #4601] addi x0,x0,0
Register Write to Reg: 0x00 Val: 0x00000000
[inst #4602] addi x0,x0,0
Register Write to Reg: 0x00 Val: 0x00000000
[inst #4603] addi x0,x0,0
Register Write to Reg: 0x00 Val: 0x00000000
[inst #4604] slt x7,x0,x7
Register Write to Reg: 0x07 Val: 0x00000001
[inst #4605] addi x0,x0,0
Register Write to Reg: 0x00 Val: 0x00000000
[inst #4606] addi x0,x0,0
Register Write to Reg: 0x00 Val: 0x00000000
[inst #4607] addi x0,x0,0
Register Write to Reg: 0x00 Val: 0x00000000
[inst #4608] andi x7,x7,255
Register Write to Reg: 0x07 Val: 0x00000001
[inst #4609] add x2,x0,x8
Register Write to Reg: 0x02 Val: 0x10010F88
[inst #4610] addi x0,x0,0
Register Write to Reg: 0x00 Val: 0x00000000
[inst #4611] addi x0,x0,0
Register Write to Reg: 0x00 Val: 0x00000000
[inst #4612] addi x0,x0,0
Register Write to Reg: 0x00 Val: 0x00000000
[inst #4613] lw x8,28(x2)
Register Write to Reg: 0x08 Val: 0x10010FA8
[inst #4614] addi x2,x2,32
Register Write to Reg: 0x02 Val: 0x10010FA8
[inst #4615] jalr x0,x1,0
Register Write to Reg: 0x00 Val: 0x00400B28
[inst #4616] xori x7,x7,1
Register Write to Reg: 0x07 Val: 0x00000000
[inst #4617] addi x0,x0,0
Register Write to Reg: 0x00 Val: 0x00000000
[inst #4618] addi x0,x0,0
Register Write to Reg: 0x00 Val: 0x00000000
[inst #4619] addi x0,x0,0
Register Write to Reg: 0x00 Val: 0x00000000
[inst #4620] andi x7,x7,255
Register Write to Reg: 0x07 Val: 0x00000000
[inst #4621] addi x0,x0,0
Register Write to Reg: 0x00 Val: 0x00000000
[inst #4622] addi x0,x0,0
Register Write to Reg: 0x00 Val: 0x00000000
[inst #4623] addi x0,x0,0
Register Write to Reg: 0x00 Val: 0x00000000
[inst #4624] beq x7,x0,48
[inst #4625] addi x7,x8,28
Register Write to Reg: 0x07 Val: 0x10010FC4
[inst #4626] addi x0,x0,0
Register Write to Reg: 0x00 Val: 0x00000000
[inst #4627] addi x0,x0,0
Register Write to Reg: 0x00 Val: 0x00000000
[inst #4628] addi x0,x0,0
Register Write to Reg: 0x00 Val: 0x00000000
[inst #4629] add x29,x0,x7
Register Write to Reg: 0x1D Val: 0x10010FC4
[inst #4630] lui x1,1024
Register Write to Reg: 0x01 Val: 0x00400000
[inst #4631] addi x0,x0,0
Register Write to Reg: 0x00 Val: 0x00000000
[inst #4632] addi x0,x0,0
Register Write to Reg: 0x00 Val: 0x00000000
[inst #4633] addi x0,x0,0
Register Write to Reg: 0x00 Val: 0x00000000
[inst #4634] addi x1,x1,664
Register Write to Reg: 0x01 Val: 0x00400298
[inst #4635] jal x0,720
Register Write to Reg: 0x00 Val: 0x00400290
[inst #4636] addi x2,x2,-32
Register Write to Reg: 0x02 Val: 0x10010F88
[inst #4637] addi x0,x0,0
Register Write to Reg: 0x00 Val: 0x00000000
[inst #4638] addi x0,x0,0
Register Write to Reg: 0x00 Val: 0x00000000
[inst #4639] addi x0,x0,0
Register Write to Reg: 0x00 Val: 0x00000000
[inst #4640] sw x1,28(x2)
Memory Write to Addr: 0x10010FA4 Val: 0x00400298
[inst #4641] sw x8,24(x2)
Memory Write to Addr: 0x10010FA0 Val: 0x10010FA8
[inst #4642] add x8,x0,x2
Register Write to Reg: 0x08 Val: 0x10010F88
[inst #4643] addi x0,x0,0
Register Write to Reg: 0x00 Val: 0x00000000
[inst #4644] addi x0,x0,0
Register Write to Reg: 0x00 Val: 0x00000000
[inst #4645] addi x0,x0,0
Register Write to Reg: 0x00 Val: 0x00000000
[inst #4646] sw x29,32(x8)
Memory Write to Addr: 0x10010FA8 Val: 0x10010FC4
[inst #4647] jal x0,240
Register Write to Reg: 0x00 Val: 0x0040058C
[inst #4648] lw x7,32(x8)
Register Write to Reg: 0x07 Val: 0x10010FC4
[inst #4649] addi x0,x0,0
Register Write to Reg: 0x00 Val: 0x00000000
[inst #4650] addi x0,x0,0
Register Write to Reg: 0x00 Val: 0x00000000
[inst #4651] addi x0,x0,0
Register Write to Reg: 0x00 Val: 0x00000000
[inst #4652] lw x7,4(x7)
Register Write to Reg: 0x07 Val: 0x00000002
[inst #4653] addi x0,x0,0
Register Write to Reg: 0x00 Val: 0x00000000
[inst #4654] addi x0,x0,0
Register Write to Reg: 0x00 Val: 0x00000000
[inst #4655] addi x0,x0,0
Register Write to Reg: 0x00 Val: 0x00000000
[inst #4656] slti x7,x7,4
Register Write to Reg: 0x07 Val: 0x00000001
[inst #4657] addi x0,x0,0
Register Write to Reg: 0x00 Val: 0x00000000
[inst #4658] addi x0,x0,0
Register Write to Reg: 0x00 Val: 0x00000000
[inst #4659] addi x0,x0,0
Register Write to Reg: 0x00 Val: 0x00000000
[inst #4660] beq x7,x0,24
[inst #4661] addi x0,x0,0
Register Write to Reg: 0x00 Val: 0x00000000
[inst #4662] addi x0,x0,0
Register Write to Reg: 0x00 Val: 0x00000000
[inst #4663] jal x0,-288
Register Write to Reg: 0x00 Val: 0x004006B8
[inst #4664] lw x7,32(x8)
Register Write to Reg: 0x07 Val: 0x10010FC4
[inst #4665] addi x0,x0,0
Register Write to Reg: 0x00 Val: 0x00000000
[inst #4666] addi x0,x0,0
Register Write to Reg: 0x00 Val: 0x00000000
[inst #4667] addi x0,x0,0
Register Write to Reg: 0x00 Val: 0x00000000
[inst #4668] lw x28,0(x7)
Register Write to Reg: 0x1C Val: 0x00000003
[inst #4669] lw x7,32(x8)
Register Write to Reg: 0x07 Val: 0x10010FC4
[inst #4670] addi x0,x0,0
Register Write to Reg: 0x00 Val: 0x00000000
[inst #4671] addi x0,x0,0
Register Write to Reg: 0x00 Val: 0x00000000
[inst #4672] addi x0,x0,0
Register Write to Reg: 0x00 Val: 0x00000000
[inst #4673] lw x7,4(x7)
Register Write to Reg: 0x07 Val: 0x00000002
[inst #4674] addi x0,x0,0
Register Write to Reg: 0x00 Val: 0x00000000
[inst #4675] addi x0,x0,0
Register Write to Reg: 0x00 Val: 0x00000000
[inst #4676] addi x0,x0,0
Register Write to Reg: 0x00 Val: 0x00000000
[inst #4677] add x30,x0,x7
Register Write to Reg: 0x1E Val: 0x00000002
[inst #4678] add x29,x0,x28
Register Write to Reg: 0x1D Val: 0x00000003
[inst #4679] lui x1,1024
Register Write to Reg: 0x01 Val: 0x00400000
[inst #4680] addi x0,x0,0
Register Write to Reg: 0x00 Val: 0x00000000
[inst #4681] addi x0,x0,0
Register Write to Reg: 0x00 Val: 0x00000000
[inst #4682] addi x0,x0,0
Register Write to Reg: 0x00 Val: 0x00000000
[inst #4683] addi x1,x1,1520
Register Write to Reg: 0x01 Val: 0x004005F0
[inst #4684] jal x0,272
Register Write to Reg: 0x00 Val: 0x004005E8
[inst #4685] addi x2,x2,-32
Register Write to Reg: 0x02 Val: 0x10010F68
[inst #4686] addi x0,x0,0
Register Write to Reg: 0x00 Val: 0x00000000
[inst #4687] addi x0,x0,0
Register Write to Reg: 0x00 Val: 0x00000000
[inst #4688] addi x0,x0,0
Register Write to Reg: 0x00 Val: 0x00000000
[inst #4689] sw x8,28(x2)
Memory Write to Addr: 0x10010F84 Val: 0x10010F88
[inst #4690] add x8,x0,x2
Register Write to Reg: 0x08 Val: 0x10010F68
[inst #4691] addi x0,x0,0
Register Write to Reg: 0x00 Val: 0x00000000
[inst #4692] addi x0,x0,0
Register Write to Reg: 0x00 Val: 0x00000000
[inst #4693] addi x0,x0,0
Register Write to Reg: 0x00 Val: 0x00000000
[inst #4694] sw x29,32(x8)
Memory Write to Addr: 0x10010F88 Val: 0x00000003
[inst #4695] sw x30,36(x8)
Memory Write to Addr: 0x10010F8C Val: 0x00000002
[inst #4696] lui x7,65552
Register Write to Reg: 0x07 Val: 0x10010000
[inst #4697] addi x0,x0,0
Register Write to Reg: 0x00 Val: 0x00000000
[inst #4698] addi x0,x0,0
Register Write to Reg: 0x00 Val: 0x00000000
[inst #4699] addi x0,x0,0
Register Write to Reg: 0x00 Val: 0x00000000
[inst #4700] addi x7,x7,20
Register Write to Reg: 0x07 Val: 0x10010014
[inst #4701] lw x28,32(x8)
Register Write to Reg: 0x1C Val: 0x00000003
[inst #4702] addi x0,x0,0
Register Write to Reg: 0x00 Val: 0x00000000
[inst #4703] addi x0,x0,0
Register Write to Reg: 0x00 Val: 0x00000000
[inst #4704] addi x0,x0,0
Register Write to Reg: 0x00 Val: 0x00000000
[inst #4705] slli x28,x28,2
Register Write to Reg: 0x1C Val: 0x0000000C
[inst #4706] addi x0,x0,0
Register Write to Reg: 0x00 Val: 0x00000000
[inst #4707] addi x0,x0,0
Register Write to Reg: 0x00 Val: 0x00000000
[inst #4708] addi x0,x0,0
Register Write to Reg: 0x00 Val: 0x00000000
[inst #4709] add x7,x28,x7
Register Write to Reg: 0x07 Val: 0x10010020
[inst #4710] addi x0,x0,0
Register Write to Reg: 0x00 Val: 0x00000000
[inst #4711] addi x0,x0,0
Register Write to Reg: 0x00 Val: 0x00000000
[inst #4712] addi x0,x0,0
Register Write to Reg: 0x00 Val: 0x00000000
[inst #4713] lw x7,0(x7)
Register Write to Reg: 0x07 Val: 0x00000003
[inst #4714] addi x0,x0,0
Register Write to Reg: 0x00 Val: 0x00000000
[inst #4715] addi x0,x0,0
Register Write to Reg: 0x00 Val: 0x00000000
[inst #4716] addi x0,x0,0
Register Write to Reg: 0x00 Val: 0x00000000
[inst #4717] sw x7,16(x8)
Memory Write to Addr: 0x10010F78 Val: 0x00000003
[inst #4718] addi x7,x0,1
Register Write to Reg: 0x07 Val: 0x00000001
[inst #4719] addi x0,x0,0
Register Write to Reg: 0x00 Val: 0x00000000
[inst #4720] addi x0,x0,0
Register Write to Reg: 0x00 Val: 0x00000000
[inst #4721] addi x0,x0,0
Register Write to Reg: 0x00 Val: 0x00000000
[inst #4722] sw x7,8(x8)
Memory Write to Addr: 0x10010F70 Val: 0x00000001
[inst #4723] sw x0,12(x8)
Memory Write to Addr: 0x10010F74 Val: 0x00000000
[inst #4724] jal x0,84
Register Write to Reg: 0x00 Val: 0x00400794
[inst #4725] lw x28,12(x8)
Register Write to Reg: 0x1C Val: 0x00000000
[inst #4726] lw x7,36(x8)
Register Write to Reg: 0x07 Val: 0x00000002
[inst #4727] addi x0,x0,0
Register Write to Reg: 0x00 Val: 0x00000000
[inst #4728] addi x0,x0,0
Register Write to Reg: 0x00 Val: 0x00000000
[inst #4729] addi x0,x0,0
Register Write to Reg: 0x00 Val: 0x00000000
[inst #4730] slt x7,x28,x7
Register Write to Reg: 0x07 Val: 0x00000001
[inst #4731] addi x0,x0,0
Register Write to Reg: 0x00 Val: 0x00000000
[inst #4732] addi x0,x0,0
Register Write to Reg: 0x00 Val: 0x00000000
[inst #4733] addi x0,x0,0
Register Write to Reg: 0x00 Val: 0x00000000
[inst #4734] beq x7,x0,24
[inst #4735] addi x0,x0,0
Register Write to Reg: 0x00 Val: 0x00000000
[inst #4736] addi x0,x0,0
Register Write to Reg: 0x00 Val: 0x00000000
[inst #4737] jal x0,-120
Register Write to Reg: 0x00 Val: 0x00400818
[inst #4738] lw x7,8(x8)
Register Write to Reg: 0x07 Val: 0x00000001
[inst #4739] addi x0,x0,0
Register Write to Reg: 0x00 Val: 0x00000000
[inst #4740] addi x0,x0,0
Register Write to Reg: 0x00 Val: 0x00000000
[inst #4741] addi x0,x0,0
Register Write to Reg: 0x00 Val: 0x00000000
[inst #4742] slli x7,x7,1
Register Write to Reg: 0x07 Val: 0x00000002
[inst #4743] addi x0,x0,0
Register Write to Reg: 0x00 Val: 0x00000000
[inst #4744] addi x0,x0,0
Register Write to Reg: 0x00 Val: 0x00000000
[inst #4745] addi x0,x0,0
Register Write to Reg: 0x00 Val: 0x00000000
[inst #4746] sw x7,8(x8)
Memory Write to Addr: 0x10010F70 Val: 0x00000002
[inst #4747] lw x7,12(x8)
Register Write to Reg: 0x07 Val: 0x00000000
[inst #4748] addi x0,x0,0
Register Write to Reg: 0x00 Val: 0x00000000
[inst #4749] addi x0,x0,0
Register Write to Reg: 0x00 Val: 0x00000000
[inst #4750] addi x0,x0,0
Register Write to Reg: 0x00 Val: 0x00000000
[inst #4751] addi x7,x7,1
Register Write to Reg: 0x07 Val: 0x00000001
[inst #4752] addi x0,x0,0
Register Write to Reg: 0x00 Val: 0x00000000
[inst #4753] addi x0,x0,0
Register Write to Reg: 0x00 Val: 0x00000000
[inst #4754] addi x0,x0,0
Register Write to Reg: 0x00 Val: 0x00000000
[inst #4755] sw x7,12(x8)
Memory Write to Addr: 0x10010F74 Val: 0x00000001
[inst #4756] lw x28,12(x8)
Register Write to Reg: 0x1C Val: 0x00000001
[inst #4757] lw x7,36(x8)
Register Write to Reg: 0x07 Val: 0x00000002
[inst #4758] addi x0,x0,0
Register Write to Reg: 0x00 Val: 0x00000000
[inst #4759] addi x0,x0,0
Register Write to Reg: 0x00 Val: 0x00000000
[inst #4760] addi x0,x0,0
Register Write to Reg: 0x00 Val: 0x00000000
[inst #4761] slt x7,x28,x7
Register Write to Reg: 0x07 Val: 0x00000001
[inst #4762] addi x0,x0,0
Register Write to Reg: 0x00 Val: 0x00000000
[inst #4763] addi x0,x0,0
Register Write to Reg: 0x00 Val: 0x00000000
[inst #4764] addi x0,x0,0
Register Write to Reg: 0x00 Val: 0x00000000
[inst #4765] beq x7,x0,24
[inst #4766] addi x0,x0,0
Register Write to Reg: 0x00 Val: 0x00000000
[inst #4767] addi x0,x0,0
Register Write to Reg: 0x00 Val: 0x00000000
[inst #4768] jal x0,-120
Register Write to Reg: 0x00 Val: 0x00400818
[inst #4769] lw x7,8(x8)
Register Write to Reg: 0x07 Val: 0x00000002
[inst #4770] addi x0,x0,0
Register Write to Reg: 0x00 Val: 0x00000000
[inst #4771] addi x0,x0,0
Register Write to Reg: 0x00 Val: 0x00000000
[inst #4772] addi x0,x0,0
Register Write to Reg: 0x00 Val: 0x00000000
[inst #4773] slli x7,x7,1
Register Write to Reg: 0x07 Val: 0x00000004
[inst #4774] addi x0,x0,0
Register Write to Reg: 0x00 Val: 0x00000000
[inst #4775] addi x0,x0,0
Register Write to Reg: 0x00 Val: 0x00000000
[inst #4776] addi x0,x0,0
Register Write to Reg: 0x00 Val: 0x00000000
[inst #4777] sw x7,8(x8)
Memory Write to Addr: 0x10010F70 Val: 0x00000004
[inst #4778] lw x7,12(x8)
Register Write to Reg: 0x07 Val: 0x00000001
[inst #4779] addi x0,x0,0
Register Write to Reg: 0x00 Val: 0x00000000
[inst #4780] addi x0,x0,0
Register Write to Reg: 0x00 Val: 0x00000000
[inst #4781] addi x0,x0,0
Register Write to Reg: 0x00 Val: 0x00000000
[inst #4782] addi x7,x7,1
Register Write to Reg: 0x07 Val: 0x00000002
[inst #4783] addi x0,x0,0
Register Write to Reg: 0x00 Val: 0x00000000
[inst #4784] addi x0,x0,0
Register Write to Reg: 0x00 Val: 0x00000000
[inst #4785] addi x0,x0,0
Register Write to Reg: 0x00 Val: 0x00000000
[inst #4786] sw x7,12(x8)
Memory Write to Addr: 0x10010F74 Val: 0x00000002
[inst #4787] lw x28,12(x8)
Register Write to Reg: 0x1C Val: 0x00000002
[inst #4788] lw x7,36(x8)
Register Write to Reg: 0x07 Val: 0x00000002
[inst #4789] addi x0,x0,0
Register Write to Reg: 0x00 Val: 0x00000000
[inst #4790] addi x0,x0,0
Register Write to Reg: 0x00 Val: 0x00000000
[inst #4791] addi x0,x0,0
Register Write to Reg: 0x00 Val: 0x00000000
[inst #4792] slt x7,x28,x7
Register Write to Reg: 0x07 Val: 0x00000000
[inst #4793] addi x0,x0,0
Register Write to Reg: 0x00 Val: 0x00000000
[inst #4794] addi x0,x0,0
Register Write to Reg: 0x00 Val: 0x00000000
[inst #4795] addi x0,x0,0
Register Write to Reg: 0x00 Val: 0x00000000
[inst #4796] beq x7,x0,24
[inst #4797] lw x28,8(x8)
Register Write to Reg: 0x1C Val: 0x00000004
[inst #4798] lw x7,16(x8)
Register Write to Reg: 0x07 Val: 0x00000003
[inst #4799] addi x0,x0,0
Register Write to Reg: 0x00 Val: 0x00000000
[inst #4800] addi x0,x0,0
Register Write to Reg: 0x00 Val: 0x00000000
[inst #4801] addi x0,x0,0
Register Write to Reg: 0x00 Val: 0x00000000
[inst #4802] and x7,x28,x7
Register Write to Reg: 0x07 Val: 0x00000000
[inst #4803] addi x0,x0,0
Register Write to Reg: 0x00 Val: 0x00000000
[inst #4804] addi x0,x0,0
Register Write to Reg: 0x00 Val: 0x00000000
[inst #4805] addi x0,x0,0
Register Write to Reg: 0x00 Val: 0x00000000
[inst #4806] slt x7,x0,x7
Register Write to Reg: 0x07 Val: 0x00000000
[inst #4807] addi x0,x0,0
Register Write to Reg: 0x00 Val: 0x00000000
[inst #4808] addi x0,x0,0
Register Write to Reg: 0x00 Val: 0x00000000
[inst #4809] addi x0,x0,0
Register Write to Reg: 0x00 Val: 0x00000000
[inst #4810] andi x7,x7,255
Register Write to Reg: 0x07 Val: 0x00000000
[inst #4811] add x2,x0,x8
Register Write to Reg: 0x02 Val: 0x10010F68
[inst #4812] addi x0,x0,0
Register Write to Reg: 0x00 Val: 0x00000000
[inst #4813] addi x0,x0,0
Register Write to Reg: 0x00 Val: 0x00000000
[inst #4814] addi x0,x0,0
Register Write to Reg: 0x00 Val: 0x00000000
[inst #4815] lw x8,28(x2)
Register Write to Reg: 0x08 Val: 0x10010F88
[inst #4816] addi x2,x2,32
Register Write to Reg: 0x02 Val: 0x10010F88
[inst #4817] jalr x0,x1,0
Register Write to Reg: 0x00 Val: 0x00400874
[inst #4818] beq x7,x0,80
[inst #4819] lw x7,32(x8)
Register Write to Reg: 0x07 Val: 0x10010FC4
[inst #4820] addi x0,x0,0
Register Write to Reg: 0x00 Val: 0x00000000
[inst #4821] addi x0,x0,0
Register Write to Reg: 0x00 Val: 0x00000000
[inst #4822] addi x0,x0,0
Register Write to Reg: 0x00 Val: 0x00000000
[inst #4823] lw x7,4(x7)
Register Write to Reg: 0x07 Val: 0x00000002
[inst #4824] addi x0,x0,0
Register Write to Reg: 0x00 Val: 0x00000000
[inst #4825] addi x0,x0,0
Register Write to Reg: 0x00 Val: 0x00000000
[inst #4826] addi x0,x0,0
Register Write to Reg: 0x00 Val: 0x00000000
[inst #4827] addi x28,x7,1
Register Write to Reg: 0x1C Val: 0x00000003
[inst #4828] lw x7,32(x8)
Register Write to Reg: 0x07 Val: 0x10010FC4
[inst #4829] addi x0,x0,0
Register Write to Reg: 0x00 Val: 0x00000000
[inst #4830] addi x0,x0,0
Register Write to Reg: 0x00 Val: 0x00000000
[inst #4831] addi x0,x0,0
Register Write to Reg: 0x00 Val: 0x00000000
[inst #4832] sw x28,4(x7)
Memory Write to Addr: 0x10010FC8 Val: 0x00000003
[inst #4833] lw x7,32(x8)
Register Write to Reg: 0x07 Val: 0x10010FC4
[inst #4834] addi x0,x0,0
Register Write to Reg: 0x00 Val: 0x00000000
[inst #4835] addi x0,x0,0
Register Write to Reg: 0x00 Val: 0x00000000
[inst #4836] addi x0,x0,0
Register Write to Reg: 0x00 Val: 0x00000000
[inst #4837] lw x7,4(x7)
Register Write to Reg: 0x07 Val: 0x00000003
[inst #4838] addi x0,x0,0
Register Write to Reg: 0x00 Val: 0x00000000
[inst #4839] addi x0,x0,0
Register Write to Reg: 0x00 Val: 0x00000000
[inst #4840] addi x0,x0,0
Register Write to Reg: 0x00 Val: 0x00000000
[inst #4841] slti x7,x7,4
Register Write to Reg: 0x07 Val: 0x00000001
[inst #4842] addi x0,x0,0
Register Write to Reg: 0x00 Val: 0x00000000
[inst #4843] addi x0,x0,0
Register Write to Reg: 0x00 Val: 0x00000000
[inst #4844] addi x0,x0,0
Register Write to Reg: 0x00 Val: 0x00000000
[inst #4845] beq x7,x0,24
[inst #4846] addi x0,x0,0
Register Write to Reg: 0x00 Val: 0x00000000
[inst #4847] addi x0,x0,0
Register Write to Reg: 0x00 Val: 0x00000000
[inst #4848] jal x0,-288
Register Write to Reg: 0x00 Val: 0x004006B8
[inst #4849] lw x7,32(x8)
Register Write to Reg: 0x07 Val: 0x10010FC4
[inst #4850] addi x0,x0,0
Register Write to Reg: 0x00 Val: 0x00000000
[inst #4851] addi x0,x0,0
Register Write to Reg: 0x00 Val: 0x00000000
[inst #4852] addi x0,x0,0
Register Write to Reg: 0x00 Val: 0x00000000
[inst #4853] lw x28,0(x7)
Register Write to Reg: 0x1C Val: 0x00000003
[inst #4854] lw x7,32(x8)
Register Write to Reg: 0x07 Val: 0x10010FC4
[inst #4855] addi x0,x0,0
Register Write to Reg: 0x00 Val: 0x00000000
[inst #4856] addi x0,x0,0
Register Write to Reg: 0x00 Val: 0x00000000
[inst #4857] addi x0,x0,0
Register Write to Reg: 0x00 Val: 0x00000000
[inst #4858] lw x7,4(x7)
Register Write to Reg: 0x07 Val: 0x00000003
[inst #4859] addi x0,x0,0
Register Write to Reg: 0x00 Val: 0x00000000
[inst #4860] addi x0,x0,0
Register Write to Reg: 0x00 Val: 0x00000000
[inst #4861] addi x0,x0,0
Register Write to Reg: 0x00 Val: 0x00000000
[inst #4862] add x30,x0,x7
Register Write to Reg: 0x1E Val: 0x00000003
[inst #4863] add x29,x0,x28
Register Write to Reg: 0x1D Val: 0x00000003
[inst #4864] lui x1,1024
Register Write to Reg: 0x01 Val: 0x00400000
[inst #4865] addi x0,x0,0
Register Write to Reg: 0x00 Val: 0x00000000
[inst #4866] addi x0,x0,0
Register Write to Reg: 0x00 Val: 0x00000000
[inst #4867] addi x0,x0,0
Register Write to Reg: 0x00 Val: 0x00000000
[inst #4868] addi x1,x1,1520
Register Write to Reg: 0x01 Val: 0x004005F0
[inst #4869] jal x0,272
Register Write to Reg: 0x00 Val: 0x004005E8
[inst #4870] addi x2,x2,-32
Register Write to Reg: 0x02 Val: 0x10010F68
[inst #4871] addi x0,x0,0
Register Write to Reg: 0x00 Val: 0x00000000
[inst #4872] addi x0,x0,0
Register Write to Reg: 0x00 Val: 0x00000000
[inst #4873] addi x0,x0,0
Register Write to Reg: 0x00 Val: 0x00000000
[inst #4874] sw x8,28(x2)
Memory Write to Addr: 0x10010F84 Val: 0x10010F88
[inst #4875] add x8,x0,x2
Register Write to Reg: 0x08 Val: 0x10010F68
[inst #4876] addi x0,x0,0
Register Write to Reg: 0x00 Val: 0x00000000
[inst #4877] addi x0,x0,0
Register Write to Reg: 0x00 Val: 0x00000000
[inst #4878] addi x0,x0,0
Register Write to Reg: 0x00 Val: 0x00000000
[inst #4879] sw x29,32(x8)
Memory Write to Addr: 0x10010F88 Val: 0x00000003
[inst #4880] sw x30,36(x8)
Memory Write to Addr: 0x10010F8C Val: 0x00000003
[inst #4881] lui x7,65552
Register Write to Reg: 0x07 Val: 0x10010000
[inst #4882] addi x0,x0,0
Register Write to Reg: 0x00 Val: 0x00000000
[inst #4883] addi x0,x0,0
Register Write to Reg: 0x00 Val: 0x00000000
[inst #4884] addi x0,x0,0
Register Write to Reg: 0x00 Val: 0x00000000
[inst #4885] addi x7,x7,20
Register Write to Reg: 0x07 Val: 0x10010014
[inst #4886] lw x28,32(x8)
Register Write to Reg: 0x1C Val: 0x00000003
[inst #4887] addi x0,x0,0
Register Write to Reg: 0x00 Val: 0x00000000
[inst #4888] addi x0,x0,0
Register Write to Reg: 0x00 Val: 0x00000000
[inst #4889] addi x0,x0,0
Register Write to Reg: 0x00 Val: 0x00000000
[inst #4890] slli x28,x28,2
Register Write to Reg: 0x1C Val: 0x0000000C
[inst #4891] addi x0,x0,0
Register Write to Reg: 0x00 Val: 0x00000000
[inst #4892] addi x0,x0,0
Register Write to Reg: 0x00 Val: 0x00000000
[inst #4893] addi x0,x0,0
Register Write to Reg: 0x00 Val: 0x00000000
[inst #4894] add x7,x28,x7
Register Write to Reg: 0x07 Val: 0x10010020
[inst #4895] addi x0,x0,0
Register Write to Reg: 0x00 Val: 0x00000000
[inst #4896] addi x0,x0,0
Register Write to Reg: 0x00 Val: 0x00000000
[inst #4897] addi x0,x0,0
Register Write to Reg: 0x00 Val: 0x00000000
[inst #4898] lw x7,0(x7)
Register Write to Reg: 0x07 Val: 0x00000003
[inst #4899] addi x0,x0,0
Register Write to Reg: 0x00 Val: 0x00000000
[inst #4900] addi x0,x0,0
Register Write to Reg: 0x00 Val: 0x00000000
[inst #4901] addi x0,x0,0
Register Write to Reg: 0x00 Val: 0x00000000
[inst #4902] sw x7,16(x8)
Memory Write to Addr: 0x10010F78 Val: 0x00000003
[inst #4903] addi x7,x0,1
Register Write to Reg: 0x07 Val: 0x00000001
[inst #4904] addi x0,x0,0
Register Write to Reg: 0x00 Val: 0x00000000
[inst #4905] addi x0,x0,0
Register Write to Reg: 0x00 Val: 0x00000000
[inst #4906] addi x0,x0,0
Register Write to Reg: 0x00 Val: 0x00000000
[inst #4907] sw x7,8(x8)
Memory Write to Addr: 0x10010F70 Val: 0x00000001
[inst #4908] sw x0,12(x8)
Memory Write to Addr: 0x10010F74 Val: 0x00000000
[inst #4909] jal x0,84
Register Write to Reg: 0x00 Val: 0x00400794
[inst #4910] lw x28,12(x8)
Register Write to Reg: 0x1C Val: 0x00000000
[inst #4911] lw x7,36(x8)
Register Write to Reg: 0x07 Val: 0x00000003
[inst #4912] addi x0,x0,0
Register Write to Reg: 0x00 Val: 0x00000000
[inst #4913] addi x0,x0,0
Register Write to Reg: 0x00 Val: 0x00000000
[inst #4914] addi x0,x0,0
Register Write to Reg: 0x00 Val: 0x00000000
[inst #4915] slt x7,x28,x7
Register Write to Reg: 0x07 Val: 0x00000001
[inst #4916] addi x0,x0,0
Register Write to Reg: 0x00 Val: 0x00000000
[inst #4917] addi x0,x0,0
Register Write to Reg: 0x00 Val: 0x00000000
[inst #4918] addi x0,x0,0
Register Write to Reg: 0x00 Val: 0x00000000
[inst #4919] beq x7,x0,24
[inst #4920] addi x0,x0,0
Register Write to Reg: 0x00 Val: 0x00000000
[inst #4921] addi x0,x0,0
Register Write to Reg: 0x00 Val: 0x00000000
[inst #4922] jal x0,-120
Register Write to Reg: 0x00 Val: 0x00400818
[inst #4923] lw x7,8(x8)
Register Write to Reg: 0x07 Val: 0x00000001
[inst #4924] addi x0,x0,0
Register Write to Reg: 0x00 Val: 0x00000000
[inst #4925] addi x0,x0,0
Register Write to Reg: 0x00 Val: 0x00000000
[inst #4926] addi x0,x0,0
Register Write to Reg: 0x00 Val: 0x00000000
[inst #4927] slli x7,x7,1
Register Write to Reg: 0x07 Val: 0x00000002
[inst #4928] addi x0,x0,0
Register Write to Reg: 0x00 Val: 0x00000000
[inst #4929] addi x0,x0,0
Register Write to Reg: 0x00 Val: 0x00000000
[inst #4930] addi x0,x0,0
Register Write to Reg: 0x00 Val: 0x00000000
[inst #4931] sw x7,8(x8)
Memory Write to Addr: 0x10010F70 Val: 0x00000002
[inst #4932] lw x7,12(x8)
Register Write to Reg: 0x07 Val: 0x00000000
[inst #4933] addi x0,x0,0
Register Write to Reg: 0x00 Val: 0x00000000
[inst #4934] addi x0,x0,0
Register Write to Reg: 0x00 Val: 0x00000000
[inst #4935] addi x0,x0,0
Register Write to Reg: 0x00 Val: 0x00000000
[inst #4936] addi x7,x7,1
Register Write to Reg: 0x07 Val: 0x00000001
[inst #4937] addi x0,x0,0
Register Write to Reg: 0x00 Val: 0x00000000
[inst #4938] addi x0,x0,0
Register Write to Reg: 0x00 Val: 0x00000000
[inst #4939] addi x0,x0,0
Register Write to Reg: 0x00 Val: 0x00000000
[inst #4940] sw x7,12(x8)
Memory Write to Addr: 0x10010F74 Val: 0x00000001
[inst #4941] lw x28,12(x8)
Register Write to Reg: 0x1C Val: 0x00000001
[inst #4942] lw x7,36(x8)
Register Write to Reg: 0x07 Val: 0x00000003
[inst #4943] addi x0,x0,0
Register Write to Reg: 0x00 Val: 0x00000000
[inst #4944] addi x0,x0,0
Register Write to Reg: 0x00 Val: 0x00000000
[inst #4945] addi x0,x0,0
Register Write to Reg: 0x00 Val: 0x00000000
[inst #4946] slt x7,x28,x7
Register Write to Reg: 0x07 Val: 0x00000001
[inst #4947] addi x0,x0,0
Register Write to Reg: 0x00 Val: 0x00000000
[inst #4948] addi x0,x0,0
Register Write to Reg: 0x00 Val: 0x00000000
[inst #4949] addi x0,x0,0
Register Write to Reg: 0x00 Val: 0x00000000
[inst #4950] beq x7,x0,24
[inst #4951] addi x0,x0,0
Register Write to Reg: 0x00 Val: 0x00000000
[inst #4952] addi x0,x0,0
Register Write to Reg: 0x00 Val: 0x00000000
[inst #4953] jal x0,-120
Register Write to Reg: 0x00 Val: 0x00400818
[inst #4954] lw x7,8(x8)
Register Write to Reg: 0x07 Val: 0x00000002
[inst #4955] addi x0,x0,0
Register Write to Reg: 0x00 Val: 0x00000000
[inst #4956] addi x0,x0,0
Register Write to Reg: 0x00 Val: 0x00000000
[inst #4957] addi x0,x0,0
Register Write to Reg: 0x00 Val: 0x00000000
[inst #4958] slli x7,x7,1
Register Write to Reg: 0x07 Val: 0x00000004
[inst #4959] addi x0,x0,0
Register Write to Reg: 0x00 Val: 0x00000000
[inst #4960] addi x0,x0,0
Register Write to Reg: 0x00 Val: 0x00000000
[inst #4961] addi x0,x0,0
Register Write to Reg: 0x00 Val: 0x00000000
[inst #4962] sw x7,8(x8)
Memory Write to Addr: 0x10010F70 Val: 0x00000004
[inst #4963] lw x7,12(x8)
Register Write to Reg: 0x07 Val: 0x00000001
[inst #4964] addi x0,x0,0
Register Write to Reg: 0x00 Val: 0x00000000
[inst #4965] addi x0,x0,0
Register Write to Reg: 0x00 Val: 0x00000000
[inst #4966] addi x0,x0,0
Register Write to Reg: 0x00 Val: 0x00000000
[inst #4967] addi x7,x7,1
Register Write to Reg: 0x07 Val: 0x00000002
[inst #4968] addi x0,x0,0
Register Write to Reg: 0x00 Val: 0x00000000
[inst #4969] addi x0,x0,0
Register Write to Reg: 0x00 Val: 0x00000000
[inst #4970] addi x0,x0,0
Register Write to Reg: 0x00 Val: 0x00000000
[inst #4971] sw x7,12(x8)
Memory Write to Addr: 0x10010F74 Val: 0x00000002
[inst #4972] lw x28,12(x8)
Register Write to Reg: 0x1C Val: 0x00000002
[inst #4973] lw x7,36(x8)
Register Write to Reg: 0x07 Val: 0x00000003
[inst #4974] addi x0,x0,0
Register Write to Reg: 0x00 Val: 0x00000000
[inst #4975] addi x0,x0,0
Register Write to Reg: 0x00 Val: 0x00000000
[inst #4976] addi x0,x0,0
Register Write to Reg: 0x00 Val: 0x00000000
[inst #4977] slt x7,x28,x7
Register Write to Reg: 0x07 Val: 0x00000001
[inst #4978] addi x0,x0,0
Register Write to Reg: 0x00 Val: 0x00000000
[inst #4979] addi x0,x0,0
Register Write to Reg: 0x00 Val: 0x00000000
[inst #4980] addi x0,x0,0
Register Write to Reg: 0x00 Val: 0x00000000
[inst #4981] beq x7,x0,24
[inst #4982] addi x0,x0,0
Register Write to Reg: 0x00 Val: 0x00000000
[inst #4983] addi x0,x0,0
Register Write to Reg: 0x00 Val: 0x00000000
[inst #4984] jal x0,-120
Register Write to Reg: 0x00 Val: 0x00400818
[inst #4985] lw x7,8(x8)
Register Write to Reg: 0x07 Val: 0x00000004
[inst #4986] addi x0,x0,0
Register Write to Reg: 0x00 Val: 0x00000000
[inst #4987] addi x0,x0,0
Register Write to Reg: 0x00 Val: 0x00000000
[inst #4988] addi x0,x0,0
Register Write to Reg: 0x00 Val: 0x00000000
[inst #4989] slli x7,x7,1
Register Write to Reg: 0x07 Val: 0x00000008
[inst #4990] addi x0,x0,0
Register Write to Reg: 0x00 Val: 0x00000000
[inst #4991] addi x0,x0,0
Register Write to Reg: 0x00 Val: 0x00000000
[inst #4992] addi x0,x0,0
Register Write to Reg: 0x00 Val: 0x00000000
[inst #4993] sw x7,8(x8)
Memory Write to Addr: 0x10010F70 Val: 0x00000008
[inst #4994] lw x7,12(x8)
Register Write to Reg: 0x07 Val: 0x00000002
[inst #4995] addi x0,x0,0
Register Write to Reg: 0x00 Val: 0x00000000
[inst #4996] addi x0,x0,0
Register Write to Reg: 0x00 Val: 0x00000000
[inst #4997] addi x0,x0,0
Register Write to Reg: 0x00 Val: 0x00000000
[inst #4998] addi x7,x7,1
Register Write to Reg: 0x07 Val: 0x00000003
[inst #4999] addi x0,x0,0
Register Write to Reg: 0x00 Val: 0x00000000
[inst #5000] addi x0,x0,0
Register Write to Reg: 0x00 Val: 0x00000000
[inst #5001] addi x0,x0,0
Register Write to Reg: 0x00 Val: 0x00000000
[inst #5002] sw x7,12(x8)
Memory Write to Addr: 0x10010F74 Val: 0x00000003
[inst #5003] lw x28,12(x8)
Register Write to Reg: 0x1C Val: 0x00000003
[inst #5004] lw x7,36(x8)
Register Write to Reg: 0x07 Val: 0x00000003
[inst #5005] addi x0,x0,0
Register Write to Reg: 0x00 Val: 0x00000000
[inst #5006] addi x0,x0,0
Register Write to Reg: 0x00 Val: 0x00000000
[inst #5007] addi x0,x0,0
Register Write to Reg: 0x00 Val: 0x00000000
[inst #5008] slt x7,x28,x7
Register Write to Reg: 0x07 Val: 0x00000000
[inst #5009] addi x0,x0,0
Register Write to Reg: 0x00 Val: 0x00000000
[inst #5010] addi x0,x0,0
Register Write to Reg: 0x00 Val: 0x00000000
[inst #5011] addi x0,x0,0
Register Write to Reg: 0x00 Val: 0x00000000
[inst #5012] beq x7,x0,24
[inst #5013] lw x28,8(x8)
Register Write to Reg: 0x1C Val: 0x00000008
[inst #5014] lw x7,16(x8)
Register Write to Reg: 0x07 Val: 0x00000003
[inst #5015] addi x0,x0,0
Register Write to Reg: 0x00 Val: 0x00000000
[inst #5016] addi x0,x0,0
Register Write to Reg: 0x00 Val: 0x00000000
[inst #5017] addi x0,x0,0
Register Write to Reg: 0x00 Val: 0x00000000
[inst #5018] and x7,x28,x7
Register Write to Reg: 0x07 Val: 0x00000000
[inst #5019] addi x0,x0,0
Register Write to Reg: 0x00 Val: 0x00000000
[inst #5020] addi x0,x0,0
Register Write to Reg: 0x00 Val: 0x00000000
[inst #5021] addi x0,x0,0
Register Write to Reg: 0x00 Val: 0x00000000
[inst #5022] slt x7,x0,x7
Register Write to Reg: 0x07 Val: 0x00000000
[inst #5023] addi x0,x0,0
Register Write to Reg: 0x00 Val: 0x00000000
[inst #5024] addi x0,x0,0
Register Write to Reg: 0x00 Val: 0x00000000
[inst #5025] addi x0,x0,0
Register Write to Reg: 0x00 Val: 0x00000000
[inst #5026] andi x7,x7,255
Register Write to Reg: 0x07 Val: 0x00000000
[inst #5027] add x2,x0,x8
Register Write to Reg: 0x02 Val: 0x10010F68
[inst #5028] addi x0,x0,0
Register Write to Reg: 0x00 Val: 0x00000000
[inst #5029] addi x0,x0,0
Register Write to Reg: 0x00 Val: 0x00000000
[inst #5030] addi x0,x0,0
Register Write to Reg: 0x00 Val: 0x00000000
[inst #5031] lw x8,28(x2)
Register Write to Reg: 0x08 Val: 0x10010F88
[inst #5032] addi x2,x2,32
Register Write to Reg: 0x02 Val: 0x10010F88
[inst #5033] jalr x0,x1,0
Register Write to Reg: 0x00 Val: 0x00400874
[inst #5034] beq x7,x0,80
[inst #5035] lw x7,32(x8)
Register Write to Reg: 0x07 Val: 0x10010FC4
[inst #5036] addi x0,x0,0
Register Write to Reg: 0x00 Val: 0x00000000
[inst #5037] addi x0,x0,0
Register Write to Reg: 0x00 Val: 0x00000000
[inst #5038] addi x0,x0,0
Register Write to Reg: 0x00 Val: 0x00000000
[inst #5039] lw x7,4(x7)
Register Write to Reg: 0x07 Val: 0x00000003
[inst #5040] addi x0,x0,0
Register Write to Reg: 0x00 Val: 0x00000000
[inst #5041] addi x0,x0,0
Register Write to Reg: 0x00 Val: 0x00000000
[inst #5042] addi x0,x0,0
Register Write to Reg: 0x00 Val: 0x00000000
[inst #5043] addi x28,x7,1
Register Write to Reg: 0x1C Val: 0x00000004
[inst #5044] lw x7,32(x8)
Register Write to Reg: 0x07 Val: 0x10010FC4
[inst #5045] addi x0,x0,0
Register Write to Reg: 0x00 Val: 0x00000000
[inst #5046] addi x0,x0,0
Register Write to Reg: 0x00 Val: 0x00000000
[inst #5047] addi x0,x0,0
Register Write to Reg: 0x00 Val: 0x00000000
[inst #5048] sw x28,4(x7)
Memory Write to Addr: 0x10010FC8 Val: 0x00000004
[inst #5049] lw x7,32(x8)
Register Write to Reg: 0x07 Val: 0x10010FC4
[inst #5050] addi x0,x0,0
Register Write to Reg: 0x00 Val: 0x00000000
[inst #5051] addi x0,x0,0
Register Write to Reg: 0x00 Val: 0x00000000
[inst #5052] addi x0,x0,0
Register Write to Reg: 0x00 Val: 0x00000000
[inst #5053] lw x7,4(x7)
Register Write to Reg: 0x07 Val: 0x00000004
[inst #5054] addi x0,x0,0
Register Write to Reg: 0x00 Val: 0x00000000
[inst #5055] addi x0,x0,0
Register Write to Reg: 0x00 Val: 0x00000000
[inst #5056] addi x0,x0,0
Register Write to Reg: 0x00 Val: 0x00000000
[inst #5057] slti x7,x7,4
Register Write to Reg: 0x07 Val: 0x00000000
[inst #5058] addi x0,x0,0
Register Write to Reg: 0x00 Val: 0x00000000
[inst #5059] addi x0,x0,0
Register Write to Reg: 0x00 Val: 0x00000000
[inst #5060] addi x0,x0,0
Register Write to Reg: 0x00 Val: 0x00000000
[inst #5061] beq x7,x0,24
[inst #5062] addi x7,x0,-1
Register Write to Reg: 0x07 Val: 0xFFFFFFFF
[inst #5063] add x2,x0,x8
Register Write to Reg: 0x02 Val: 0x10010F88
[inst #5064] addi x0,x0,0
Register Write to Reg: 0x00 Val: 0x00000000
[inst #5065] addi x0,x0,0
Register Write to Reg: 0x00 Val: 0x00000000
[inst #5066] addi x0,x0,0
Register Write to Reg: 0x00 Val: 0x00000000
[inst #5067] lw x1,28(x2)
Register Write to Reg: 0x01 Val: 0x00400298
[inst #5068] lw x8,24(x2)
Register Write to Reg: 0x08 Val: 0x10010FA8
[inst #5069] addi x2,x2,32
Register Write to Reg: 0x02 Val: 0x10010FA8
[inst #5070] addi x0,x0,0
Register Write to Reg: 0x00 Val: 0x00000000
[inst #5071] jalr x0,x1,0
Register Write to Reg: 0x00 Val: 0x004006E8
[inst #5072] sw x7,24(x8)
Memory Write to Addr: 0x10010FC0 Val: 0xFFFFFFFF
[inst #5073] lw x28,24(x8)
Register Write to Reg: 0x1C Val: 0xFFFFFFFF
[inst #5074] addi x7,x0,-1
Register Write to Reg: 0x07 Val: 0xFFFFFFFF
[inst #5075] addi x0,x0,0
Register Write to Reg: 0x00 Val: 0x00000000
[inst #5076] addi x0,x0,0
Register Write to Reg: 0x00 Val: 0x00000000
[inst #5077] addi x0,x0,0
Register Write to Reg: 0x00 Val: 0x00000000
[inst #5078] beq x28,x7,24
[inst #5079] lui x7,65552
Register Write to Reg: 0x07 Val: 0x10010000
[inst #5080] addi x0,x0,0
Register Write to Reg: 0x00 Val: 0x00000000
[inst #5081] addi x0,x0,0
Register Write to Reg: 0x00 Val: 0x00000000
[inst #5082] addi x0,x0,0
Register Write to Reg: 0x00 Val: 0x00000000
[inst #5083] addi x7,x7,40
Register Write to Reg: 0x07 Val: 0x10010028
[inst #5084] addi x0,x0,0
Register Write to Reg: 0x00 Val: 0x00000000
[inst #5085] addi x0,x0,0
Register Write to Reg: 0x00 Val: 0x00000000
[inst #5086] addi x0,x0,0
Register Write to Reg: 0x00 Val: 0x00000000
[inst #5087] lw x7,0(x7)
Register Write to Reg: 0x07 Val: 0x00000003
[inst #5088] addi x0,x0,0
Register Write to Reg: 0x00 Val: 0x00000000
[inst #5089] addi x0,x0,0
Register Write to Reg: 0x00 Val: 0x00000000
[inst #5090] addi x0,x0,0
Register Write to Reg: 0x00 Val: 0x00000000
[inst #5091] addi x29,x7,-1
Register Write to Reg: 0x1D Val: 0x00000002
[inst #5092] lui x28,65552
Register Write to Reg: 0x1C Val: 0x10010000
[inst #5093] addi x0,x0,0
Register Write to Reg: 0x00 Val: 0x00000000
[inst #5094] addi x0,x0,0
Register Write to Reg: 0x00 Val: 0x00000000
[inst #5095] addi x0,x0,0
Register Write to Reg: 0x00 Val: 0x00000000
[inst #5096] addi x28,x28,40
Register Write to Reg: 0x1C Val: 0x10010028
[inst #5097] lui x29,65552
Register Write to Reg: 0x1D Val: 0x10010000
[inst #5098] addi x0,x0,0
Register Write to Reg: 0x00 Val: 0x00000000
[inst #5099] addi x0,x0,0
Register Write to Reg: 0x00 Val: 0x00000000
[inst #5100] addi x0,x0,0
Register Write to Reg: 0x00 Val: 0x00000000
[inst #5101] addi x29,x29,0
Register Write to Reg: 0x1D Val: 0x10010000
[inst #5102] slli x28,x7,2
Register Write to Reg: 0x1C Val: 0x0000000C
[inst #5103] addi x0,x0,0
Register Write to Reg: 0x00 Val: 0x00000000
[inst #5104] addi x0,x0,0
Register Write to Reg: 0x00 Val: 0x00000000
[inst #5105] addi x0,x0,0
Register Write to Reg: 0x00 Val: 0x00000000
[inst #5106] srli x28,x28,1
Register Write to Reg: 0x1C Val: 0x00000006
[inst #5107] addi x0,x0,0
Register Write to Reg: 0x00 Val: 0x00000000
[inst #5108] addi x0,x0,0
Register Write to Reg: 0x00 Val: 0x00000000
[inst #5109] addi x0,x0,0
Register Write to Reg: 0x00 Val: 0x00000000
[inst #5110] srai x28,x28,1
Register Write to Reg: 0x1C Val: 0x00000003
[inst #5111] addi x0,x0,0
Register Write to Reg: 0x00 Val: 0x00000000
[inst #5112] addi x0,x0,0
Register Write to Reg: 0x00 Val: 0x00000000
[inst #5113] addi x0,x0,0
Register Write to Reg: 0x00 Val: 0x00000000
[inst #5114] slli x28,x28,2
Register Write to Reg: 0x1C Val: 0x0000000C
[inst #5115] xor x31,x1,x7
Register Write to Reg: 0x1F Val: 0x0040029B
[inst #5116] or x31,x1,x7
Register Write to Reg: 0x1F Val: 0x0040029B
[inst #5117] addi x0,x0,0
Register Write to Reg: 0x00 Val: 0x00000000
[inst #5118] addi x0,x0,0
Register Write to Reg: 0x00 Val: 0x00000000
[inst #5119] addi x0,x0,0
Register Write to Reg: 0x00 Val: 0x00000000
[inst #5120] sub x31,x0,x31
Register Write to Reg: 0x1F Val: 0xFFBFFD65
[inst #5121] lui x7,65552
Register Write to Reg: 0x07 Val: 0x10010000
[inst #5122] addi x0,x0,0
Register Write to Reg: 0x00 Val: 0x00000000
[inst #5123] addi x0,x0,0
Register Write to Reg: 0x00 Val: 0x00000000
[inst #5124] addi x0,x0,0
Register Write to Reg: 0x00 Val: 0x00000000
[inst #5125] addi x7,x7,0
Register Write to Reg: 0x07 Val: 0x10010000
[inst #5126] lui x11,1
Register Write to Reg: 0x0B Val: 0x00001000
[inst #5127] addi x0,x0,0
Register Write to Reg: 0x00 Val: 0x00000000
[inst #5128] addi x0,x0,0
Register Write to Reg: 0x00 Val: 0x00000000
[inst #5129] addi x0,x0,0
Register Write to Reg: 0x00 Val: 0x00000000
[inst #5130] addi x11,x11,-1
Register Write to Reg: 0x0B Val: 0x00000FFF
[inst #5131] addi x0,x0,0
Register Write to Reg: 0x00 Val: 0x00000000
[inst #5132] addi x0,x0,0
Register Write to Reg: 0x00 Val: 0x00000000
[inst #5133] addi x0,x0,0
Register Write to Reg: 0x00 Val: 0x00000000
[inst #5134] and x31,x7,x11
Register Write to Reg: 0x1F Val: 0x00000000
[inst #5135] addi x0,x0,0
Register Write to Reg: 0x00 Val: 0x00000000
[inst #5136] addi x0,x0,0
Register Write to Reg: 0x00 Val: 0x00000000
[inst #5137] addi x0,x0,0
Register Write to Reg: 0x00 Val: 0x00000000
[inst #5138] add x7,x29,x31
Register Write to Reg: 0x07 Val: 0x10010000
[inst #5139] addi x0,x0,0
Register Write to Reg: 0x00 Val: 0x00000000
[inst #5140] addi x0,x0,0
Register Write to Reg: 0x00 Val: 0x00000000
[inst #5141] addi x0,x0,0
Register Write to Reg: 0x00 Val: 0x00000000
[inst #5142] add x7,x28,x7
Register Write to Reg: 0x07 Val: 0x1001000C
[inst #5143] lw x28,48(x8)
Register Write to Reg: 0x1C Val: 0x00000003
[inst #5144] addi x0,x0,0
Register Write to Reg: 0x00 Val: 0x00000000
[inst #5145] addi x0,x0,0
Register Write to Reg: 0x00 Val: 0x00000000
[inst #5146] addi x0,x0,0
Register Write to Reg: 0x00 Val: 0x00000000
[inst #5147] sw x28,0(x7)
Memory Write to Addr: 0x1001000C Val: 0x00000003
[inst #5148] add x2,x0,x8
Register Write to Reg: 0x02 Val: 0x10010FA8
[inst #5149] addi x0,x0,0
Register Write to Reg: 0x00 Val: 0x00000000
[inst #5150] addi x0,x0,0
Register Write to Reg: 0x00 Val: 0x00000000
[inst #5151] addi x0,x0,0
Register Write to Reg: 0x00 Val: 0x00000000
[inst #5152] lw x1,44(x2)
Register Write to Reg: 0x01 Val: 0x004000E8
[inst #5153] lw x8,40(x2)
Register Write to Reg: 0x08 Val: 0x10010FD8
[inst #5154] addi x2,x2,48
Register Write to Reg: 0x02 Val: 0x10010FD8
[inst #5155] addi x0,x0,0
Register Write to Reg: 0x00 Val: 0x00000000
[inst #5156] jalr x0,x1,0
Register Write to Reg: 0x00 Val: 0x00400400
[inst #5157] lw x7,24(x8)
Register Write to Reg: 0x07 Val: 0x00000003
[inst #5158] addi x0,x0,0
Register Write to Reg: 0x00 Val: 0x00000000
[inst #5159] addi x0,x0,0
Register Write to Reg: 0x00 Val: 0x00000000
[inst #5160] addi x0,x0,0
Register Write to Reg: 0x00 Val: 0x00000000
[inst #5161] addi x7,x7,1
Register Write to Reg: 0x07 Val: 0x00000004
[inst #5162] addi x0,x0,0
Register Write to Reg: 0x00 Val: 0x00000000
[inst #5163] addi x0,x0,0
Register Write to Reg: 0x00 Val: 0x00000000
[inst #5164] addi x0,x0,0
Register Write to Reg: 0x00 Val: 0x00000000
[inst #5165] sw x7,24(x8)
Memory Write to Addr: 0x10010FF0 Val: 0x00000004
[inst #5166] addi x0,x0,0
Register Write to Reg: 0x00 Val: 0x00000000
[inst #5167] addi x0,x0,0
Register Write to Reg: 0x00 Val: 0x00000000
[inst #5168] addi x0,x0,0
Register Write to Reg: 0x00 Val: 0x00000000
[inst #5169] lw x7,24(x8)
Register Write to Reg: 0x07 Val: 0x00000004
[inst #5170] addi x0,x0,0
Register Write to Reg: 0x00 Val: 0x00000000
[inst #5171] addi x0,x0,0
Register Write to Reg: 0x00 Val: 0x00000000
[inst #5172] addi x0,x0,0
Register Write to Reg: 0x00 Val: 0x00000000
[inst #5173] slti x7,x7,4
Register Write to Reg: 0x07 Val: 0x00000000
[inst #5174] addi x0,x0,0
Register Write to Reg: 0x00 Val: 0x00000000
[inst #5175] addi x0,x0,0
Register Write to Reg: 0x00 Val: 0x00000000
[inst #5176] addi x0,x0,0
Register Write to Reg: 0x00 Val: 0x00000000
[inst #5177] beq x7,x0,24
[inst #5178] sw x0,28(x8)
Memory Write to Addr: 0x10010FF4 Val: 0x00000000
[inst #5179] jal x0,48
Register Write to Reg: 0x00 Val: 0x00400158
[inst #5180] lw x7,28(x8)
Register Write to Reg: 0x07 Val: 0x00000000
[inst #5181] addi x0,x0,0
Register Write to Reg: 0x00 Val: 0x00000000
[inst #5182] addi x0,x0,0
Register Write to Reg: 0x00 Val: 0x00000000
[inst #5183] addi x0,x0,0
Register Write to Reg: 0x00 Val: 0x00000000
[inst #5184] slti x7,x7,4
Register Write to Reg: 0x07 Val: 0x00000001
[inst #5185] addi x0,x0,0
Register Write to Reg: 0x00 Val: 0x00000000
[inst #5186] addi x0,x0,0
Register Write to Reg: 0x00 Val: 0x00000000
[inst #5187] addi x0,x0,0
Register Write to Reg: 0x00 Val: 0x00000000
[inst #5188] xori x7,x7,1
Register Write to Reg: 0x07 Val: 0x00000000
[inst #5189] addi x0,x0,0
Register Write to Reg: 0x00 Val: 0x00000000
[inst #5190] addi x0,x0,0
Register Write to Reg: 0x00 Val: 0x00000000
[inst #5191] addi x0,x0,0
Register Write to Reg: 0x00 Val: 0x00000000
[inst #5192] beq x7,x0,-84
[inst #5193] lw x7,28(x8)
Register Write to Reg: 0x07 Val: 0x00000000
[inst #5194] addi x0,x0,0
Register Write to Reg: 0x00 Val: 0x00000000
[inst #5195] addi x0,x0,0
Register Write to Reg: 0x00 Val: 0x00000000
[inst #5196] addi x0,x0,0
Register Write to Reg: 0x00 Val: 0x00000000
[inst #5197] addi x7,x7,1
Register Write to Reg: 0x07 Val: 0x00000001
[inst #5198] addi x0,x0,0
Register Write to Reg: 0x00 Val: 0x00000000
[inst #5199] addi x0,x0,0
Register Write to Reg: 0x00 Val: 0x00000000
[inst #5200] addi x0,x0,0
Register Write to Reg: 0x00 Val: 0x00000000
[inst #5201] sw x7,28(x8)
Memory Write to Addr: 0x10010FF4 Val: 0x00000001
[inst #5202] lw x7,28(x8)
Register Write to Reg: 0x07 Val: 0x00000001
[inst #5203] addi x0,x0,0
Register Write to Reg: 0x00 Val: 0x00000000
[inst #5204] addi x0,x0,0
Register Write to Reg: 0x00 Val: 0x00000000
[inst #5205] addi x0,x0,0
Register Write to Reg: 0x00 Val: 0x00000000
[inst #5206] slti x7,x7,4
Register Write to Reg: 0x07 Val: 0x00000001
[inst #5207] addi x0,x0,0
Register Write to Reg: 0x00 Val: 0x00000000
[inst #5208] addi x0,x0,0
Register Write to Reg: 0x00 Val: 0x00000000
[inst #5209] addi x0,x0,0
Register Write to Reg: 0x00 Val: 0x00000000
[inst #5210] xori x7,x7,1
Register Write to Reg: 0x07 Val: 0x00000000
[inst #5211] addi x0,x0,0
Register Write to Reg: 0x00 Val: 0x00000000
[inst #5212] addi x0,x0,0
Register Write to Reg: 0x00 Val: 0x00000000
[inst #5213] addi x0,x0,0
Register Write to Reg: 0x00 Val: 0x00000000
[inst #5214] beq x7,x0,-84
[inst #5215] lw x7,28(x8)
Register Write to Reg: 0x07 Val: 0x00000001
[inst #5216] addi x0,x0,0
Register Write to Reg: 0x00 Val: 0x00000000
[inst #5217] addi x0,x0,0
Register Write to Reg: 0x00 Val: 0x00000000
[inst #5218] addi x0,x0,0
Register Write to Reg: 0x00 Val: 0x00000000
[inst #5219] addi x7,x7,1
Register Write to Reg: 0x07 Val: 0x00000002
[inst #5220] addi x0,x0,0
Register Write to Reg: 0x00 Val: 0x00000000
[inst #5221] addi x0,x0,0
Register Write to Reg: 0x00 Val: 0x00000000
[inst #5222] addi x0,x0,0
Register Write to Reg: 0x00 Val: 0x00000000
[inst #5223] sw x7,28(x8)
Memory Write to Addr: 0x10010FF4 Val: 0x00000002
[inst #5224] lw x7,28(x8)
Register Write to Reg: 0x07 Val: 0x00000002
[inst #5225] addi x0,x0,0
Register Write to Reg: 0x00 Val: 0x00000000
[inst #5226] addi x0,x0,0
Register Write to Reg: 0x00 Val: 0x00000000
[inst #5227] addi x0,x0,0
Register Write to Reg: 0x00 Val: 0x00000000
[inst #5228] slti x7,x7,4
Register Write to Reg: 0x07 Val: 0x00000001
[inst #5229] addi x0,x0,0
Register Write to Reg: 0x00 Val: 0x00000000
[inst #5230] addi x0,x0,0
Register Write to Reg: 0x00 Val: 0x00000000
[inst #5231] addi x0,x0,0
Register Write to Reg: 0x00 Val: 0x00000000
[inst #5232] xori x7,x7,1
Register Write to Reg: 0x07 Val: 0x00000000
[inst #5233] addi x0,x0,0
Register Write to Reg: 0x00 Val: 0x00000000
[inst #5234] addi x0,x0,0
Register Write to Reg: 0x00 Val: 0x00000000
[inst #5235] addi x0,x0,0
Register Write to Reg: 0x00 Val: 0x00000000
[inst #5236] beq x7,x0,-84
[inst #5237] lw x7,28(x8)
Register Write to Reg: 0x07 Val: 0x00000002
[inst #5238] addi x0,x0,0
Register Write to Reg: 0x00 Val: 0x00000000
[inst #5239] addi x0,x0,0
Register Write to Reg: 0x00 Val: 0x00000000
[inst #5240] addi x0,x0,0
Register Write to Reg: 0x00 Val: 0x00000000
[inst #5241] addi x7,x7,1
Register Write to Reg: 0x07 Val: 0x00000003
[inst #5242] addi x0,x0,0
Register Write to Reg: 0x00 Val: 0x00000000
[inst #5243] addi x0,x0,0
Register Write to Reg: 0x00 Val: 0x00000000
[inst #5244] addi x0,x0,0
Register Write to Reg: 0x00 Val: 0x00000000
[inst #5245] sw x7,28(x8)
Memory Write to Addr: 0x10010FF4 Val: 0x00000003
[inst #5246] lw x7,28(x8)
Register Write to Reg: 0x07 Val: 0x00000003
[inst #5247] addi x0,x0,0
Register Write to Reg: 0x00 Val: 0x00000000
[inst #5248] addi x0,x0,0
Register Write to Reg: 0x00 Val: 0x00000000
[inst #5249] addi x0,x0,0
Register Write to Reg: 0x00 Val: 0x00000000
[inst #5250] slti x7,x7,4
Register Write to Reg: 0x07 Val: 0x00000001
[inst #5251] addi x0,x0,0
Register Write to Reg: 0x00 Val: 0x00000000
[inst #5252] addi x0,x0,0
Register Write to Reg: 0x00 Val: 0x00000000
[inst #5253] addi x0,x0,0
Register Write to Reg: 0x00 Val: 0x00000000
[inst #5254] xori x7,x7,1
Register Write to Reg: 0x07 Val: 0x00000000
[inst #5255] addi x0,x0,0
Register Write to Reg: 0x00 Val: 0x00000000
[inst #5256] addi x0,x0,0
Register Write to Reg: 0x00 Val: 0x00000000
[inst #5257] addi x0,x0,0
Register Write to Reg: 0x00 Val: 0x00000000
[inst #5258] beq x7,x0,-84
[inst #5259] lw x7,28(x8)
Register Write to Reg: 0x07 Val: 0x00000003
[inst #5260] addi x0,x0,0
Register Write to Reg: 0x00 Val: 0x00000000
[inst #5261] addi x0,x0,0
Register Write to Reg: 0x00 Val: 0x00000000
[inst #5262] addi x0,x0,0
Register Write to Reg: 0x00 Val: 0x00000000
[inst #5263] addi x7,x7,1
Register Write to Reg: 0x07 Val: 0x00000004
[inst #5264] addi x0,x0,0
Register Write to Reg: 0x00 Val: 0x00000000
[inst #5265] addi x0,x0,0
Register Write to Reg: 0x00 Val: 0x00000000
[inst #5266] addi x0,x0,0
Register Write to Reg: 0x00 Val: 0x00000000
[inst #5267] sw x7,28(x8)
Memory Write to Addr: 0x10010FF4 Val: 0x00000004
[inst #5268] lw x7,28(x8)
Register Write to Reg: 0x07 Val: 0x00000004
[inst #5269] addi x0,x0,0
Register Write to Reg: 0x00 Val: 0x00000000
[inst #5270] addi x0,x0,0
Register Write to Reg: 0x00 Val: 0x00000000
[inst #5271] addi x0,x0,0
Register Write to Reg: 0x00 Val: 0x00000000
[inst #5272] slti x7,x7,4
Register Write to Reg: 0x07 Val: 0x00000000
[inst #5273] addi x0,x0,0
Register Write to Reg: 0x00 Val: 0x00000000
[inst #5274] addi x0,x0,0
Register Write to Reg: 0x00 Val: 0x00000000
[inst #5275] addi x0,x0,0
Register Write to Reg: 0x00 Val: 0x00000000
[inst #5276] xori x7,x7,1
Register Write to Reg: 0x07 Val: 0x00000001
[inst #5277] addi x0,x0,0
Register Write to Reg: 0x00 Val: 0x00000000
[inst #5278] addi x0,x0,0
Register Write to Reg: 0x00 Val: 0x00000000
[inst #5279] addi x0,x0,0
Register Write to Reg: 0x00 Val: 0x00000000
[inst #5280] beq x7,x0,-84
[inst #5281] addi x0,x0,0
Register Write to Reg: 0x00 Val: 0x00000000
[inst #5282] addi x0,x0,0
Register Write to Reg: 0x00 Val: 0x00000000
[inst #5283] add x7,x0,x0
Register Write to Reg: 0x07 Val: 0x00000000
[inst #5284] add x2,x0,x8
Register Write to Reg: 0x02 Val: 0x10010FD8
[inst #5285] addi x0,x0,0
Register Write to Reg: 0x00 Val: 0x00000000
[inst #5286] addi x0,x0,0
Register Write to Reg: 0x00 Val: 0x00000000
[inst #5287] addi x0,x0,0
Register Write to Reg: 0x00 Val: 0x00000000
[inst #5288] lw x1,36(x2)
Register Write to Reg: 0x01 Val: 0x00400038
[inst #5289] lw x8,32(x2)
Register Write to Reg: 0x08 Val: 0x00000000
[inst #5290] addi x2,x2,40
Register Write to Reg: 0x02 Val: 0x10011000
[inst #5291] addi x0,x0,0
Register Write to Reg: 0x00 Val: 0x00000000
[inst #5292] jalr x0,x1,0
Register Write to Reg: 0x00 Val: 0x004001E8
[inst #5293] jal x0,2808
Register Write to Reg: 0x00 Val: 0x0040003C
[inst #5294] wfi 

Program terminated by dropping off the bottom.
