Analysis & Synthesis report for toolflow
Thu Nov 20 19:37:44 2025
Quartus Prime Version 20.1.1 Build 720 11/11/2020 SJ Standard Edition


---------------------
; Table of Contents ;
---------------------
  1. Legal Notice
  2. Analysis & Synthesis Summary
  3. Analysis & Synthesis Settings
  4. Parallel Compilation
  5. Analysis & Synthesis Source Files Read
  6. Analysis & Synthesis Resource Usage Summary
  7. Analysis & Synthesis Resource Utilization by Entity
  8. Analysis & Synthesis RAM Summary
  9. General Register Statistics
 10. Registers Packed Into Inferred Megafunctions
 11. Multiplexer Restructuring Statistics (Restructuring Performed)
 12. Source assignments for mem:IMem|altsyncram:ram_rtl_0|altsyncram_eg81:auto_generated
 13. Parameter Settings for User Entity Instance: Top-level Entity: |RISCV_Processor
 14. Parameter Settings for User Entity Instance: mem:IMem
 15. Parameter Settings for User Entity Instance: mem:DMem
 16. Parameter Settings for User Entity Instance: pcLogic:PC_LOGIC|reg_N:PC_Register
 17. Parameter Settings for User Entity Instance: pcLogic:PC_LOGIC|adder_N:PC_Plus_4
 18. Parameter Settings for User Entity Instance: pcLogic:PC_LOGIC|adder_N:PC_Plus_imm
 19. Parameter Settings for User Entity Instance: pcLogic:PC_LOGIC|adder_N:rs1_Plus_imm
 20. Parameter Settings for User Entity Instance: pcLogic:PC_LOGIC|adder_N:JALR_Adjust_Subtract
 21. Parameter Settings for User Entity Instance: pcLogic:PC_LOGIC|mux4t1_N:PC_Select_Mux
 22. Parameter Settings for User Entity Instance: IF_ID:IF_ID_REG|reg_N:PC_REG
 23. Parameter Settings for User Entity Instance: IF_ID:IF_ID_REG|reg_N:INST_REG
 24. Parameter Settings for User Entity Instance: regFile:RF|reg_N:reg1
 25. Parameter Settings for User Entity Instance: regFile:RF|reg_N:reg2
 26. Parameter Settings for User Entity Instance: regFile:RF|reg_N:reg3
 27. Parameter Settings for User Entity Instance: regFile:RF|reg_N:reg4
 28. Parameter Settings for User Entity Instance: regFile:RF|reg_N:reg5
 29. Parameter Settings for User Entity Instance: regFile:RF|reg_N:reg6
 30. Parameter Settings for User Entity Instance: regFile:RF|reg_N:reg7
 31. Parameter Settings for User Entity Instance: regFile:RF|reg_N:reg8
 32. Parameter Settings for User Entity Instance: regFile:RF|reg_N:reg9
 33. Parameter Settings for User Entity Instance: regFile:RF|reg_N:reg10
 34. Parameter Settings for User Entity Instance: regFile:RF|reg_N:reg11
 35. Parameter Settings for User Entity Instance: regFile:RF|reg_N:reg12
 36. Parameter Settings for User Entity Instance: regFile:RF|reg_N:reg13
 37. Parameter Settings for User Entity Instance: regFile:RF|reg_N:reg14
 38. Parameter Settings for User Entity Instance: regFile:RF|reg_N:reg15
 39. Parameter Settings for User Entity Instance: regFile:RF|reg_N:reg16
 40. Parameter Settings for User Entity Instance: regFile:RF|reg_N:reg17
 41. Parameter Settings for User Entity Instance: regFile:RF|reg_N:reg18
 42. Parameter Settings for User Entity Instance: regFile:RF|reg_N:reg19
 43. Parameter Settings for User Entity Instance: regFile:RF|reg_N:reg20
 44. Parameter Settings for User Entity Instance: regFile:RF|reg_N:reg21
 45. Parameter Settings for User Entity Instance: regFile:RF|reg_N:reg22
 46. Parameter Settings for User Entity Instance: regFile:RF|reg_N:reg23
 47. Parameter Settings for User Entity Instance: regFile:RF|reg_N:reg24
 48. Parameter Settings for User Entity Instance: regFile:RF|reg_N:reg25
 49. Parameter Settings for User Entity Instance: regFile:RF|reg_N:reg26
 50. Parameter Settings for User Entity Instance: regFile:RF|reg_N:reg27
 51. Parameter Settings for User Entity Instance: regFile:RF|reg_N:reg28
 52. Parameter Settings for User Entity Instance: regFile:RF|reg_N:reg29
 53. Parameter Settings for User Entity Instance: regFile:RF|reg_N:reg30
 54. Parameter Settings for User Entity Instance: regFile:RF|reg_N:reg31
 55. Parameter Settings for User Entity Instance: regFile:RF|mux32t1_N:mux_rs1
 56. Parameter Settings for User Entity Instance: regFile:RF|mux32t1_N:mux_rs2
 57. Parameter Settings for User Entity Instance: ID_EX:ID_EX_REG|reg_N:RS1_DATA_REG
 58. Parameter Settings for User Entity Instance: ID_EX:ID_EX_REG|reg_N:RS2_DATA_REG
 59. Parameter Settings for User Entity Instance: ID_EX:ID_EX_REG|reg_N:RS1_REG
 60. Parameter Settings for User Entity Instance: ID_EX:ID_EX_REG|reg_N:RS2_REG
 61. Parameter Settings for User Entity Instance: ID_EX:ID_EX_REG|reg_N:RD_REG
 62. Parameter Settings for User Entity Instance: ID_EX:ID_EX_REG|reg_N:IMM_REG
 63. Parameter Settings for User Entity Instance: ID_EX:ID_EX_REG|reg_N:PC_REG
 64. Parameter Settings for User Entity Instance: ID_EX:ID_EX_REG|reg_N:ALUOP_REG
 65. Parameter Settings for User Entity Instance: ID_EX:ID_EX_REG|reg_N:FUNC3_REG
 66. Parameter Settings for User Entity Instance: ID_EX:ID_EX_REG|reg_N:FUNC7_REG
 67. Parameter Settings for User Entity Instance: ID_EX:ID_EX_REG|reg_N:OPCODE_REG
 68. Parameter Settings for User Entity Instance: alu:ALU_UNIT
 69. Parameter Settings for User Entity Instance: alu:ALU_UNIT|addiSubi_N:ADD_SUB_UNIT
 70. Parameter Settings for User Entity Instance: alu:ALU_UNIT|addiSubi_N:ADD_SUB_UNIT|mux2t1_N:MUX2to1_ALUSrc
 71. Parameter Settings for User Entity Instance: alu:ALU_UNIT|addiSubi_N:ADD_SUB_UNIT|onesComp_N:ones_comp
 72. Parameter Settings for User Entity Instance: alu:ALU_UNIT|addiSubi_N:ADD_SUB_UNIT|mux2t1_N:MUX2to1_AddSub
 73. Parameter Settings for User Entity Instance: alu:ALU_UNIT|addiSubi_N:ADD_SUB_UNIT|adder_N:adder
 74. Parameter Settings for User Entity Instance: alu:ALU_UNIT|andg2_N:AND_UNIT
 75. Parameter Settings for User Entity Instance: alu:ALU_UNIT|org2_N:OR_UNIT
 76. Parameter Settings for User Entity Instance: alu:ALU_UNIT|xorg2_N:XOR_UNIT
 77. Parameter Settings for User Entity Instance: alu:ALU_UNIT|invg_N:NOR_UNIT
 78. Parameter Settings for User Entity Instance: alu:ALU_UNIT|slt_N:SLT_UNIT
 79. Parameter Settings for User Entity Instance: alu:ALU_UNIT|barrelShifter:SHIFT_UNIT|shiftBinary:shift1
 80. Parameter Settings for User Entity Instance: alu:ALU_UNIT|barrelShifter:SHIFT_UNIT|shiftBinary:shift2
 81. Parameter Settings for User Entity Instance: alu:ALU_UNIT|barrelShifter:SHIFT_UNIT|shiftBinary:shift4
 82. Parameter Settings for User Entity Instance: alu:ALU_UNIT|barrelShifter:SHIFT_UNIT|shiftBinary:shift8
 83. Parameter Settings for User Entity Instance: alu:ALU_UNIT|barrelShifter:SHIFT_UNIT|shiftBinary:shift16
 84. Parameter Settings for User Entity Instance: EX_MEM:EX_MEM_REG|reg_N:ALU_RESULT_REG
 85. Parameter Settings for User Entity Instance: EX_MEM:EX_MEM_REG|reg_N:RS2_DATA_REG
 86. Parameter Settings for User Entity Instance: EX_MEM:EX_MEM_REG|reg_N:RD_REG
 87. Parameter Settings for User Entity Instance: EX_MEM:EX_MEM_REG|reg_N:FUNC3_REG
 88. Parameter Settings for User Entity Instance: EX_MEM:EX_MEM_REG|reg_N:FUNC7_REG
 89. Parameter Settings for User Entity Instance: EX_MEM:EX_MEM_REG|reg_N:OPCODE_REG
 90. Parameter Settings for User Entity Instance: MEM_WB:MEM_WB_REG|reg_N:MEM_DATA_REG
 91. Parameter Settings for User Entity Instance: MEM_WB:MEM_WB_REG|reg_N:ALU_RESULT_REG
 92. Parameter Settings for User Entity Instance: MEM_WB:MEM_WB_REG|reg_N:RD_REG
 93. Parameter Settings for User Entity Instance: MEM_WB:MEM_WB_REG|reg_N:FUNC3_REG
 94. Parameter Settings for User Entity Instance: MEM_WB:MEM_WB_REG|reg_N:FUNC7_REG
 95. Parameter Settings for User Entity Instance: MEM_WB:MEM_WB_REG|reg_N:OPCODE_REG
 96. Parameter Settings for Inferred Entity Instance: mem:IMem|altsyncram:ram_rtl_0
 97. altsyncram Parameter Settings by Entity Instance
 98. Port Connectivity Checks: "MEM_WB:MEM_WB_REG|dffg:HALT_REG"
 99. Port Connectivity Checks: "MEM_WB:MEM_WB_REG|dffg:REGWR_REG"
100. Port Connectivity Checks: "MEM_WB:MEM_WB_REG|dffg:MEMREG_REG"
101. Port Connectivity Checks: "MEM_WB:MEM_WB_REG|reg_N:OPCODE_REG"
102. Port Connectivity Checks: "MEM_WB:MEM_WB_REG|reg_N:FUNC7_REG"
103. Port Connectivity Checks: "MEM_WB:MEM_WB_REG|reg_N:FUNC3_REG"
104. Port Connectivity Checks: "MEM_WB:MEM_WB_REG|reg_N:RD_REG"
105. Port Connectivity Checks: "MEM_WB:MEM_WB_REG|reg_N:ALU_RESULT_REG"
106. Port Connectivity Checks: "MEM_WB:MEM_WB_REG|reg_N:MEM_DATA_REG"
107. Port Connectivity Checks: "MEM_WB:MEM_WB_REG"
108. Port Connectivity Checks: "EX_MEM:EX_MEM_REG|dffg:HALT_REG"
109. Port Connectivity Checks: "EX_MEM:EX_MEM_REG|dffg:REGWR_REG"
110. Port Connectivity Checks: "EX_MEM:EX_MEM_REG|dffg:MEMREG_REG"
111. Port Connectivity Checks: "EX_MEM:EX_MEM_REG|dffg:MEMWR_REG"
112. Port Connectivity Checks: "EX_MEM:EX_MEM_REG|dffg:BRANCH_REG"
113. Port Connectivity Checks: "EX_MEM:EX_MEM_REG|reg_N:OPCODE_REG"
114. Port Connectivity Checks: "EX_MEM:EX_MEM_REG|reg_N:FUNC7_REG"
115. Port Connectivity Checks: "EX_MEM:EX_MEM_REG|reg_N:FUNC3_REG"
116. Port Connectivity Checks: "EX_MEM:EX_MEM_REG|reg_N:RD_REG"
117. Port Connectivity Checks: "EX_MEM:EX_MEM_REG|reg_N:RS2_DATA_REG"
118. Port Connectivity Checks: "EX_MEM:EX_MEM_REG|reg_N:ALU_RESULT_REG"
119. Port Connectivity Checks: "EX_MEM:EX_MEM_REG"
120. Port Connectivity Checks: "alu:ALU_UNIT|addiSubi_N:ADD_SUB_UNIT"
121. Port Connectivity Checks: "ID_EX:ID_EX_REG|dffg:HALT_REG"
122. Port Connectivity Checks: "ID_EX:ID_EX_REG|dffg:REGWR_REG"
123. Port Connectivity Checks: "ID_EX:ID_EX_REG|dffg:MEMREG_REG"
124. Port Connectivity Checks: "ID_EX:ID_EX_REG|dffg:MEMWR_REG"
125. Port Connectivity Checks: "ID_EX:ID_EX_REG|dffg:UIMM_REG"
126. Port Connectivity Checks: "ID_EX:ID_EX_REG|dffg:AUIPC_REG"
127. Port Connectivity Checks: "ID_EX:ID_EX_REG|dffg:JUMP_REG"
128. Port Connectivity Checks: "ID_EX:ID_EX_REG|dffg:BRANCH_REG"
129. Port Connectivity Checks: "ID_EX:ID_EX_REG|dffg:SIGNED_REG"
130. Port Connectivity Checks: "ID_EX:ID_EX_REG|dffg:ALUSRC_REG"
131. Port Connectivity Checks: "ID_EX:ID_EX_REG|reg_N:OPCODE_REG"
132. Port Connectivity Checks: "ID_EX:ID_EX_REG|reg_N:FUNC7_REG"
133. Port Connectivity Checks: "ID_EX:ID_EX_REG|reg_N:FUNC3_REG"
134. Port Connectivity Checks: "ID_EX:ID_EX_REG|reg_N:ALUOP_REG"
135. Port Connectivity Checks: "ID_EX:ID_EX_REG|reg_N:PC_REG"
136. Port Connectivity Checks: "ID_EX:ID_EX_REG|reg_N:IMM_REG"
137. Port Connectivity Checks: "ID_EX:ID_EX_REG|reg_N:RD_REG"
138. Port Connectivity Checks: "ID_EX:ID_EX_REG|reg_N:RS2_REG"
139. Port Connectivity Checks: "ID_EX:ID_EX_REG|reg_N:RS1_REG"
140. Port Connectivity Checks: "ID_EX:ID_EX_REG|reg_N:RS2_DATA_REG"
141. Port Connectivity Checks: "ID_EX:ID_EX_REG|reg_N:RS1_DATA_REG"
142. Port Connectivity Checks: "ID_EX:ID_EX_REG"
143. Port Connectivity Checks: "regFile:RF|mux32t1_N:mux_rs2"
144. Port Connectivity Checks: "regFile:RF|mux32t1_N:mux_rs1"
145. Port Connectivity Checks: "regFile:RF|decoder5t32:decoder_inst"
146. Port Connectivity Checks: "Control:CTRL"
147. Port Connectivity Checks: "IF_ID:IF_ID_REG|reg_N:INST_REG"
148. Port Connectivity Checks: "IF_ID:IF_ID_REG|reg_N:PC_REG"
149. Port Connectivity Checks: "pcLogic:PC_LOGIC|adder_N:JALR_Adjust_Subtract"
150. Port Connectivity Checks: "pcLogic:PC_LOGIC|adder_N:rs1_Plus_imm"
151. Port Connectivity Checks: "pcLogic:PC_LOGIC|adder_N:PC_Plus_imm"
152. Port Connectivity Checks: "pcLogic:PC_LOGIC|adder_N:PC_Plus_4"
153. Post-Synthesis Netlist Statistics for Top Partition
154. Elapsed Time Per Partition
155. Analysis & Synthesis Messages



----------------
; Legal Notice ;
----------------
Copyright (C) 2020  Intel Corporation. All rights reserved.
Your use of Intel Corporation's design tools, logic functions 
and other software and tools, and any partner logic 
functions, and any output files from any of the foregoing 
(including device programming or simulation files), and any 
associated documentation or information are expressly subject 
to the terms and conditions of the Intel Program License 
Subscription Agreement, the Intel Quartus Prime License Agreement,
the Intel FPGA IP License Agreement, or other applicable license
agreement, including, without limitation, that your use is for
the sole purpose of programming logic devices manufactured by
Intel and sold by Intel or its authorized distributors.  Please
refer to the applicable agreement for further details, at
https://fpgasoftware.intel.com/eula.



+--------------------------------------------------------------------------------------+
; Analysis & Synthesis Summary                                                         ;
+------------------------------------+-------------------------------------------------+
; Analysis & Synthesis Status        ; Successful - Thu Nov 20 19:37:43 2025           ;
; Quartus Prime Version              ; 20.1.1 Build 720 11/11/2020 SJ Standard Edition ;
; Revision Name                      ; toolflow                                        ;
; Top-level Entity Name              ; RISCV_Processor                                 ;
; Family                             ; Cyclone IV E                                    ;
; Total logic elements               ; 59,616                                          ;
;     Total combinational functions  ; 25,739                                          ;
;     Dedicated logic registers      ; 34,129                                          ;
; Total registers                    ; 34129                                           ;
; Total pins                         ; 99                                              ;
; Total virtual pins                 ; 0                                               ;
; Total memory bits                  ; 32,768                                          ;
; Embedded Multiplier 9-bit elements ; 0                                               ;
; Total PLLs                         ; 0                                               ;
+------------------------------------+-------------------------------------------------+


+------------------------------------------------------------------------------------------------------------+
; Analysis & Synthesis Settings                                                                              ;
+------------------------------------------------------------------+--------------------+--------------------+
; Option                                                           ; Setting            ; Default Value      ;
+------------------------------------------------------------------+--------------------+--------------------+
; Device                                                           ; EP4CE115F29C7      ;                    ;
; Top-level entity name                                            ; RISCV_Processor    ; toolflow           ;
; Family name                                                      ; Cyclone IV E       ; Cyclone V          ;
; VHDL Version                                                     ; VHDL_2008          ; VHDL_1993          ;
; Use smart compilation                                            ; Off                ; Off                ;
; Enable parallel Assembler and Timing Analyzer during compilation ; On                 ; On                 ;
; Enable compact report table                                      ; Off                ; Off                ;
; Restructure Multiplexers                                         ; Auto               ; Auto               ;
; Create Debugging Nodes for IP Cores                              ; Off                ; Off                ;
; Preserve fewer node names                                        ; On                 ; On                 ;
; Intel FPGA IP Evaluation Mode                                    ; Enable             ; Enable             ;
; Verilog Version                                                  ; Verilog_2001       ; Verilog_2001       ;
; State Machine Processing                                         ; Auto               ; Auto               ;
; Safe State Machine                                               ; Off                ; Off                ;
; Extract Verilog State Machines                                   ; On                 ; On                 ;
; Extract VHDL State Machines                                      ; On                 ; On                 ;
; Ignore Verilog initial constructs                                ; Off                ; Off                ;
; Iteration limit for constant Verilog loops                       ; 5000               ; 5000               ;
; Iteration limit for non-constant Verilog loops                   ; 250                ; 250                ;
; Add Pass-Through Logic to Inferred RAMs                          ; On                 ; On                 ;
; Infer RAMs from Raw Logic                                        ; On                 ; On                 ;
; Parallel Synthesis                                               ; On                 ; On                 ;
; DSP Block Balancing                                              ; Auto               ; Auto               ;
; NOT Gate Push-Back                                               ; On                 ; On                 ;
; Power-Up Don't Care                                              ; On                 ; On                 ;
; Remove Redundant Logic Cells                                     ; Off                ; Off                ;
; Remove Duplicate Registers                                       ; On                 ; On                 ;
; Ignore CARRY Buffers                                             ; Off                ; Off                ;
; Ignore CASCADE Buffers                                           ; Off                ; Off                ;
; Ignore GLOBAL Buffers                                            ; Off                ; Off                ;
; Ignore ROW GLOBAL Buffers                                        ; Off                ; Off                ;
; Ignore LCELL Buffers                                             ; Off                ; Off                ;
; Ignore SOFT Buffers                                              ; On                 ; On                 ;
; Limit AHDL Integers to 32 Bits                                   ; Off                ; Off                ;
; Optimization Technique                                           ; Balanced           ; Balanced           ;
; Carry Chain Length                                               ; 70                 ; 70                 ;
; Auto Carry Chains                                                ; On                 ; On                 ;
; Auto Open-Drain Pins                                             ; On                 ; On                 ;
; Perform WYSIWYG Primitive Resynthesis                            ; Off                ; Off                ;
; Auto ROM Replacement                                             ; On                 ; On                 ;
; Auto RAM Replacement                                             ; On                 ; On                 ;
; Auto DSP Block Replacement                                       ; On                 ; On                 ;
; Auto Shift Register Replacement                                  ; Auto               ; Auto               ;
; Allow Shift Register Merging across Hierarchies                  ; Auto               ; Auto               ;
; Auto Clock Enable Replacement                                    ; On                 ; On                 ;
; Strict RAM Replacement                                           ; Off                ; Off                ;
; Allow Synchronous Control Signals                                ; On                 ; On                 ;
; Force Use of Synchronous Clear Signals                           ; Off                ; Off                ;
; Auto RAM Block Balancing                                         ; On                 ; On                 ;
; Auto RAM to Logic Cell Conversion                                ; Off                ; Off                ;
; Auto Resource Sharing                                            ; Off                ; Off                ;
; Allow Any RAM Size For Recognition                               ; Off                ; Off                ;
; Allow Any ROM Size For Recognition                               ; Off                ; Off                ;
; Allow Any Shift Register Size For Recognition                    ; Off                ; Off                ;
; Use LogicLock Constraints during Resource Balancing              ; On                 ; On                 ;
; Ignore translate_off and synthesis_off directives                ; Off                ; Off                ;
; Timing-Driven Synthesis                                          ; On                 ; On                 ;
; Report Parameter Settings                                        ; On                 ; On                 ;
; Report Source Assignments                                        ; On                 ; On                 ;
; Report Connectivity Checks                                       ; On                 ; On                 ;
; Ignore Maximum Fan-Out Assignments                               ; Off                ; Off                ;
; Synchronization Register Chain Length                            ; 2                  ; 2                  ;
; Power Optimization During Synthesis                              ; Normal compilation ; Normal compilation ;
; HDL message level                                                ; Level2             ; Level2             ;
; Suppress Register Optimization Related Messages                  ; Off                ; Off                ;
; Number of Removed Registers Reported in Synthesis Report         ; 5000               ; 5000               ;
; Number of Swept Nodes Reported in Synthesis Report               ; 5000               ; 5000               ;
; Number of Inverted Registers Reported in Synthesis Report        ; 100                ; 100                ;
; Clock MUX Protection                                             ; On                 ; On                 ;
; Auto Gated Clock Conversion                                      ; Off                ; Off                ;
; Block Design Naming                                              ; Auto               ; Auto               ;
; SDC constraint protection                                        ; Off                ; Off                ;
; Synthesis Effort                                                 ; Auto               ; Auto               ;
; Shift Register Replacement - Allow Asynchronous Clear Signal     ; On                 ; On                 ;
; Pre-Mapping Resynthesis Optimization                             ; Off                ; Off                ;
; Analysis & Synthesis Message Level                               ; Medium             ; Medium             ;
; Disable Register Merging Across Hierarchies                      ; Auto               ; Auto               ;
; Resource Aware Inference For Block RAM                           ; On                 ; On                 ;
+------------------------------------------------------------------+--------------------+--------------------+


+------------------------------------------+
; Parallel Compilation                     ;
+----------------------------+-------------+
; Processors                 ; Number      ;
+----------------------------+-------------+
; Number detected on machine ; 4           ;
; Maximum allowed            ; 4           ;
;                            ;             ;
; Average used               ; 1.01        ;
; Maximum used               ; 4           ;
;                            ;             ;
; Usage by Processor         ; % Time Used ;
;     Processor 1            ; 100.0%      ;
;     Processor 2            ;   0.3%      ;
;     Processor 3            ;   0.3%      ;
;     Processor 4            ;   0.3%      ;
+----------------------------+-------------+


+-----------------------------------------------------------------------------------------------------------------------------------------------------------------------------------------------------+
; Analysis & Synthesis Source Files Read                                                                                                                                                              ;
+---------------------------------------------+-----------------+------------------------------+--------------------------------------------------------------------------------------------+---------+
; File Name with User-Entered Path            ; Used in Netlist ; File Type                    ; File Name with Absolute Path                                                               ; Library ;
+---------------------------------------------+-----------------+------------------------------+--------------------------------------------------------------------------------------------+---------+
; ../../proj/src/RISCV_types.vhd              ; yes             ; User VHDL File               ; /home/connorwm/cpre381/Proj2/cpre3810-toolflow/proj/src/RISCV_types.vhd                    ;         ;
; ../../proj/src/TopLevel/Control.vhd         ; yes             ; User VHDL File               ; /home/connorwm/cpre381/Proj2/cpre3810-toolflow/proj/src/TopLevel/Control.vhd               ;         ;
; ../../proj/src/TopLevel/Decode.vhd          ; yes             ; User VHDL File               ; /home/connorwm/cpre381/Proj2/cpre3810-toolflow/proj/src/TopLevel/Decode.vhd                ;         ;
; ../../proj/src/TopLevel/EX_MEM.vhd          ; yes             ; User VHDL File               ; /home/connorwm/cpre381/Proj2/cpre3810-toolflow/proj/src/TopLevel/EX_MEM.vhd                ;         ;
; ../../proj/src/TopLevel/ID_EX.vhd           ; yes             ; User VHDL File               ; /home/connorwm/cpre381/Proj2/cpre3810-toolflow/proj/src/TopLevel/ID_EX.vhd                 ;         ;
; ../../proj/src/TopLevel/IF_ID.vhd           ; yes             ; User VHDL File               ; /home/connorwm/cpre381/Proj2/cpre3810-toolflow/proj/src/TopLevel/IF_ID.vhd                 ;         ;
; ../../proj/src/TopLevel/MEM_WB.vhd          ; yes             ; User VHDL File               ; /home/connorwm/cpre381/Proj2/cpre3810-toolflow/proj/src/TopLevel/MEM_WB.vhd                ;         ;
; ../../proj/src/TopLevel/RISCV_Processor.vhd ; yes             ; User VHDL File               ; /home/connorwm/cpre381/Proj2/cpre3810-toolflow/proj/src/TopLevel/RISCV_Processor.vhd       ;         ;
; ../../proj/src/TopLevel/adder.vhd           ; yes             ; User VHDL File               ; /home/connorwm/cpre381/Proj2/cpre3810-toolflow/proj/src/TopLevel/adder.vhd                 ;         ;
; ../../proj/src/TopLevel/adder_N.vhd         ; yes             ; User VHDL File               ; /home/connorwm/cpre381/Proj2/cpre3810-toolflow/proj/src/TopLevel/adder_N.vhd               ;         ;
; ../../proj/src/TopLevel/addiSubi_N.vhd      ; yes             ; User VHDL File               ; /home/connorwm/cpre381/Proj2/cpre3810-toolflow/proj/src/TopLevel/addiSubi_N.vhd            ;         ;
; ../../proj/src/TopLevel/alu.vhd             ; yes             ; User VHDL File               ; /home/connorwm/cpre381/Proj2/cpre3810-toolflow/proj/src/TopLevel/alu.vhd                   ;         ;
; ../../proj/src/TopLevel/andg2.vhd           ; yes             ; User VHDL File               ; /home/connorwm/cpre381/Proj2/cpre3810-toolflow/proj/src/TopLevel/andg2.vhd                 ;         ;
; ../../proj/src/TopLevel/andg2_N.vhd         ; yes             ; User VHDL File               ; /home/connorwm/cpre381/Proj2/cpre3810-toolflow/proj/src/TopLevel/andg2_N.vhd               ;         ;
; ../../proj/src/TopLevel/barrelShifter.vhd   ; yes             ; User VHDL File               ; /home/connorwm/cpre381/Proj2/cpre3810-toolflow/proj/src/TopLevel/barrelShifter.vhd         ;         ;
; ../../proj/src/TopLevel/decoder5t32.vhd     ; yes             ; User VHDL File               ; /home/connorwm/cpre381/Proj2/cpre3810-toolflow/proj/src/TopLevel/decoder5t32.vhd           ;         ;
; ../../proj/src/TopLevel/dffg.vhd            ; yes             ; User VHDL File               ; /home/connorwm/cpre381/Proj2/cpre3810-toolflow/proj/src/TopLevel/dffg.vhd                  ;         ;
; ../../proj/src/TopLevel/extender.vhd        ; yes             ; User VHDL File               ; /home/connorwm/cpre381/Proj2/cpre3810-toolflow/proj/src/TopLevel/extender.vhd              ;         ;
; ../../proj/src/TopLevel/invg.vhd            ; yes             ; User VHDL File               ; /home/connorwm/cpre381/Proj2/cpre3810-toolflow/proj/src/TopLevel/invg.vhd                  ;         ;
; ../../proj/src/TopLevel/invg_N.vhd          ; yes             ; User VHDL File               ; /home/connorwm/cpre381/Proj2/cpre3810-toolflow/proj/src/TopLevel/invg_N.vhd                ;         ;
; ../../proj/src/TopLevel/mem.vhd             ; yes             ; User VHDL File               ; /home/connorwm/cpre381/Proj2/cpre3810-toolflow/proj/src/TopLevel/mem.vhd                   ;         ;
; ../../proj/src/TopLevel/mux2t1.vhd          ; yes             ; User VHDL File               ; /home/connorwm/cpre381/Proj2/cpre3810-toolflow/proj/src/TopLevel/mux2t1.vhd                ;         ;
; ../../proj/src/TopLevel/mux2t1_N.vhd        ; yes             ; User VHDL File               ; /home/connorwm/cpre381/Proj2/cpre3810-toolflow/proj/src/TopLevel/mux2t1_N.vhd              ;         ;
; ../../proj/src/TopLevel/mux32t1_N.vhd       ; yes             ; User VHDL File               ; /home/connorwm/cpre381/Proj2/cpre3810-toolflow/proj/src/TopLevel/mux32t1_N.vhd             ;         ;
; ../../proj/src/TopLevel/mux4t1.vhd          ; yes             ; User VHDL File               ; /home/connorwm/cpre381/Proj2/cpre3810-toolflow/proj/src/TopLevel/mux4t1.vhd                ;         ;
; ../../proj/src/TopLevel/mux4t1_N.vhd        ; yes             ; User VHDL File               ; /home/connorwm/cpre381/Proj2/cpre3810-toolflow/proj/src/TopLevel/mux4t1_N.vhd              ;         ;
; ../../proj/src/TopLevel/onesComp_N.vhd      ; yes             ; User VHDL File               ; /home/connorwm/cpre381/Proj2/cpre3810-toolflow/proj/src/TopLevel/onesComp_N.vhd            ;         ;
; ../../proj/src/TopLevel/org2.vhd            ; yes             ; User VHDL File               ; /home/connorwm/cpre381/Proj2/cpre3810-toolflow/proj/src/TopLevel/org2.vhd                  ;         ;
; ../../proj/src/TopLevel/org2_N.vhd          ; yes             ; User VHDL File               ; /home/connorwm/cpre381/Proj2/cpre3810-toolflow/proj/src/TopLevel/org2_N.vhd                ;         ;
; ../../proj/src/TopLevel/pcLogic.vhd         ; yes             ; User VHDL File               ; /home/connorwm/cpre381/Proj2/cpre3810-toolflow/proj/src/TopLevel/pcLogic.vhd               ;         ;
; ../../proj/src/TopLevel/regFile.vhd         ; yes             ; User VHDL File               ; /home/connorwm/cpre381/Proj2/cpre3810-toolflow/proj/src/TopLevel/regFile.vhd               ;         ;
; ../../proj/src/TopLevel/reg_N.vhd           ; yes             ; User VHDL File               ; /home/connorwm/cpre381/Proj2/cpre3810-toolflow/proj/src/TopLevel/reg_N.vhd                 ;         ;
; ../../proj/src/TopLevel/shiftBinary.vhd     ; yes             ; User VHDL File               ; /home/connorwm/cpre381/Proj2/cpre3810-toolflow/proj/src/TopLevel/shiftBinary.vhd           ;         ;
; ../../proj/src/TopLevel/slt_N.vhd           ; yes             ; User VHDL File               ; /home/connorwm/cpre381/Proj2/cpre3810-toolflow/proj/src/TopLevel/slt_N.vhd                 ;         ;
; ../../proj/src/TopLevel/xorg2.vhd           ; yes             ; User VHDL File               ; /home/connorwm/cpre381/Proj2/cpre3810-toolflow/proj/src/TopLevel/xorg2.vhd                 ;         ;
; ../../proj/src/TopLevel/xorg2_N.vhd         ; yes             ; User VHDL File               ; /home/connorwm/cpre381/Proj2/cpre3810-toolflow/proj/src/TopLevel/xorg2_N.vhd               ;         ;
; altsyncram.tdf                              ; yes             ; Megafunction                 ; /remote/Altera/20.1/quartus/libraries/megafunctions/altsyncram.tdf                         ;         ;
; stratix_ram_block.inc                       ; yes             ; Megafunction                 ; /remote/Altera/20.1/quartus/libraries/megafunctions/stratix_ram_block.inc                  ;         ;
; lpm_mux.inc                                 ; yes             ; Megafunction                 ; /remote/Altera/20.1/quartus/libraries/megafunctions/lpm_mux.inc                            ;         ;
; lpm_decode.inc                              ; yes             ; Megafunction                 ; /remote/Altera/20.1/quartus/libraries/megafunctions/lpm_decode.inc                         ;         ;
; aglobal201.inc                              ; yes             ; Megafunction                 ; /remote/Altera/20.1/quartus/libraries/megafunctions/aglobal201.inc                         ;         ;
; a_rdenreg.inc                               ; yes             ; Megafunction                 ; /remote/Altera/20.1/quartus/libraries/megafunctions/a_rdenreg.inc                          ;         ;
; altrom.inc                                  ; yes             ; Megafunction                 ; /remote/Altera/20.1/quartus/libraries/megafunctions/altrom.inc                             ;         ;
; altram.inc                                  ; yes             ; Megafunction                 ; /remote/Altera/20.1/quartus/libraries/megafunctions/altram.inc                             ;         ;
; altdpram.inc                                ; yes             ; Megafunction                 ; /remote/Altera/20.1/quartus/libraries/megafunctions/altdpram.inc                           ;         ;
; db/altsyncram_eg81.tdf                      ; yes             ; Auto-Generated Megafunction  ; /home/connorwm/cpre381/Proj2/cpre3810-toolflow/internal/QuartusWork/db/altsyncram_eg81.tdf ;         ;
+---------------------------------------------+-----------------+------------------------------+--------------------------------------------------------------------------------------------+---------+


+----------------------------------------------------------+
; Analysis & Synthesis Resource Usage Summary              ;
+---------------------------------------------+------------+
; Resource                                    ; Usage      ;
+---------------------------------------------+------------+
; Estimated Total logic elements              ; 59,616     ;
;                                             ;            ;
; Total combinational functions               ; 25739      ;
; Logic element usage by number of LUT inputs ;            ;
;     -- 4 input functions                    ; 24025      ;
;     -- 3 input functions                    ; 1026       ;
;     -- <=2 input functions                  ; 688        ;
;                                             ;            ;
; Logic elements by mode                      ;            ;
;     -- normal mode                          ; 25639      ;
;     -- arithmetic mode                      ; 100        ;
;                                             ;            ;
; Total registers                             ; 34129      ;
;     -- Dedicated logic registers            ; 34129      ;
;     -- I/O registers                        ; 0          ;
;                                             ;            ;
; I/O pins                                    ; 99         ;
; Total memory bits                           ; 32768      ;
;                                             ;            ;
; Embedded Multiplier 9-bit elements          ; 0          ;
;                                             ;            ;
; Maximum fan-out node                        ; iCLK~input ;
; Maximum fan-out                             ; 34161      ;
; Total fan-out                               ; 204568     ;
; Average fan-out                             ; 3.40       ;
+---------------------------------------------+------------+


+------------------------------------------------------------------------------------------------------------------------------------------------------------------------------------------------------------------------------------------------------------------------------------------------------------------------------------------+
; Analysis & Synthesis Resource Utilization by Entity                                                                                                                                                                                                                                                                                      ;
+--------------------------------------------------+---------------------+---------------------------+-------------+--------------+---------+-----------+------+--------------+---------------------------------------------------------------------------------------------------------------------------+-----------------+--------------+
; Compilation Hierarchy Node                       ; Combinational ALUTs ; Dedicated Logic Registers ; Memory Bits ; DSP Elements ; DSP 9x9 ; DSP 18x18 ; Pins ; Virtual Pins ; Full Hierarchy Name                                                                                                       ; Entity Name     ; Library Name ;
+--------------------------------------------------+---------------------+---------------------------+-------------+--------------+---------+-----------+------+--------------+---------------------------------------------------------------------------------------------------------------------------+-----------------+--------------+
; |RISCV_Processor                                 ; 25739 (179)         ; 34129 (0)                 ; 32768       ; 0            ; 0       ; 0         ; 99   ; 0            ; |RISCV_Processor                                                                                                          ; RISCV_Processor ; work         ;
;    |Control:CTRL|                                ; 79 (79)             ; 0 (0)                     ; 0           ; 0            ; 0       ; 0         ; 0    ; 0            ; |RISCV_Processor|Control:CTRL                                                                                             ; Control         ; work         ;
;    |Decode:DECODER|                              ; 126 (126)           ; 0 (0)                     ; 0           ; 0            ; 0       ; 0         ; 0    ; 0            ; |RISCV_Processor|Decode:DECODER                                                                                           ; Decode          ; work         ;
;    |EX_MEM:EX_MEM_REG|                           ; 0 (0)               ; 76 (0)                    ; 0           ; 0            ; 0       ; 0         ; 0    ; 0            ; |RISCV_Processor|EX_MEM:EX_MEM_REG                                                                                        ; EX_MEM          ; work         ;
;       |dffg:HALT_REG|                            ; 0 (0)               ; 1 (1)                     ; 0           ; 0            ; 0       ; 0         ; 0    ; 0            ; |RISCV_Processor|EX_MEM:EX_MEM_REG|dffg:HALT_REG                                                                          ; dffg            ; work         ;
;       |dffg:MEMREG_REG|                          ; 0 (0)               ; 1 (1)                     ; 0           ; 0            ; 0       ; 0         ; 0    ; 0            ; |RISCV_Processor|EX_MEM:EX_MEM_REG|dffg:MEMREG_REG                                                                        ; dffg            ; work         ;
;       |dffg:MEMWR_REG|                           ; 0 (0)               ; 1 (1)                     ; 0           ; 0            ; 0       ; 0         ; 0    ; 0            ; |RISCV_Processor|EX_MEM:EX_MEM_REG|dffg:MEMWR_REG                                                                         ; dffg            ; work         ;
;       |dffg:REGWR_REG|                           ; 0 (0)               ; 1 (1)                     ; 0           ; 0            ; 0       ; 0         ; 0    ; 0            ; |RISCV_Processor|EX_MEM:EX_MEM_REG|dffg:REGWR_REG                                                                         ; dffg            ; work         ;
;       |reg_N:ALU_RESULT_REG|                     ; 0 (0)               ; 32 (0)                    ; 0           ; 0            ; 0       ; 0         ; 0    ; 0            ; |RISCV_Processor|EX_MEM:EX_MEM_REG|reg_N:ALU_RESULT_REG                                                                   ; reg_N           ; work         ;
;          |dffg:\G_NBit_Reg:0:RegI|               ; 0 (0)               ; 1 (1)                     ; 0           ; 0            ; 0       ; 0         ; 0    ; 0            ; |RISCV_Processor|EX_MEM:EX_MEM_REG|reg_N:ALU_RESULT_REG|dffg:\G_NBit_Reg:0:RegI                                           ; dffg            ; work         ;
;          |dffg:\G_NBit_Reg:10:RegI|              ; 0 (0)               ; 1 (1)                     ; 0           ; 0            ; 0       ; 0         ; 0    ; 0            ; |RISCV_Processor|EX_MEM:EX_MEM_REG|reg_N:ALU_RESULT_REG|dffg:\G_NBit_Reg:10:RegI                                          ; dffg            ; work         ;
;          |dffg:\G_NBit_Reg:11:RegI|              ; 0 (0)               ; 1 (1)                     ; 0           ; 0            ; 0       ; 0         ; 0    ; 0            ; |RISCV_Processor|EX_MEM:EX_MEM_REG|reg_N:ALU_RESULT_REG|dffg:\G_NBit_Reg:11:RegI                                          ; dffg            ; work         ;
;          |dffg:\G_NBit_Reg:12:RegI|              ; 0 (0)               ; 1 (1)                     ; 0           ; 0            ; 0       ; 0         ; 0    ; 0            ; |RISCV_Processor|EX_MEM:EX_MEM_REG|reg_N:ALU_RESULT_REG|dffg:\G_NBit_Reg:12:RegI                                          ; dffg            ; work         ;
;          |dffg:\G_NBit_Reg:13:RegI|              ; 0 (0)               ; 1 (1)                     ; 0           ; 0            ; 0       ; 0         ; 0    ; 0            ; |RISCV_Processor|EX_MEM:EX_MEM_REG|reg_N:ALU_RESULT_REG|dffg:\G_NBit_Reg:13:RegI                                          ; dffg            ; work         ;
;          |dffg:\G_NBit_Reg:14:RegI|              ; 0 (0)               ; 1 (1)                     ; 0           ; 0            ; 0       ; 0         ; 0    ; 0            ; |RISCV_Processor|EX_MEM:EX_MEM_REG|reg_N:ALU_RESULT_REG|dffg:\G_NBit_Reg:14:RegI                                          ; dffg            ; work         ;
;          |dffg:\G_NBit_Reg:15:RegI|              ; 0 (0)               ; 1 (1)                     ; 0           ; 0            ; 0       ; 0         ; 0    ; 0            ; |RISCV_Processor|EX_MEM:EX_MEM_REG|reg_N:ALU_RESULT_REG|dffg:\G_NBit_Reg:15:RegI                                          ; dffg            ; work         ;
;          |dffg:\G_NBit_Reg:16:RegI|              ; 0 (0)               ; 1 (1)                     ; 0           ; 0            ; 0       ; 0         ; 0    ; 0            ; |RISCV_Processor|EX_MEM:EX_MEM_REG|reg_N:ALU_RESULT_REG|dffg:\G_NBit_Reg:16:RegI                                          ; dffg            ; work         ;
;          |dffg:\G_NBit_Reg:17:RegI|              ; 0 (0)               ; 1 (1)                     ; 0           ; 0            ; 0       ; 0         ; 0    ; 0            ; |RISCV_Processor|EX_MEM:EX_MEM_REG|reg_N:ALU_RESULT_REG|dffg:\G_NBit_Reg:17:RegI                                          ; dffg            ; work         ;
;          |dffg:\G_NBit_Reg:18:RegI|              ; 0 (0)               ; 1 (1)                     ; 0           ; 0            ; 0       ; 0         ; 0    ; 0            ; |RISCV_Processor|EX_MEM:EX_MEM_REG|reg_N:ALU_RESULT_REG|dffg:\G_NBit_Reg:18:RegI                                          ; dffg            ; work         ;
;          |dffg:\G_NBit_Reg:19:RegI|              ; 0 (0)               ; 1 (1)                     ; 0           ; 0            ; 0       ; 0         ; 0    ; 0            ; |RISCV_Processor|EX_MEM:EX_MEM_REG|reg_N:ALU_RESULT_REG|dffg:\G_NBit_Reg:19:RegI                                          ; dffg            ; work         ;
;          |dffg:\G_NBit_Reg:1:RegI|               ; 0 (0)               ; 1 (1)                     ; 0           ; 0            ; 0       ; 0         ; 0    ; 0            ; |RISCV_Processor|EX_MEM:EX_MEM_REG|reg_N:ALU_RESULT_REG|dffg:\G_NBit_Reg:1:RegI                                           ; dffg            ; work         ;
;          |dffg:\G_NBit_Reg:20:RegI|              ; 0 (0)               ; 1 (1)                     ; 0           ; 0            ; 0       ; 0         ; 0    ; 0            ; |RISCV_Processor|EX_MEM:EX_MEM_REG|reg_N:ALU_RESULT_REG|dffg:\G_NBit_Reg:20:RegI                                          ; dffg            ; work         ;
;          |dffg:\G_NBit_Reg:21:RegI|              ; 0 (0)               ; 1 (1)                     ; 0           ; 0            ; 0       ; 0         ; 0    ; 0            ; |RISCV_Processor|EX_MEM:EX_MEM_REG|reg_N:ALU_RESULT_REG|dffg:\G_NBit_Reg:21:RegI                                          ; dffg            ; work         ;
;          |dffg:\G_NBit_Reg:22:RegI|              ; 0 (0)               ; 1 (1)                     ; 0           ; 0            ; 0       ; 0         ; 0    ; 0            ; |RISCV_Processor|EX_MEM:EX_MEM_REG|reg_N:ALU_RESULT_REG|dffg:\G_NBit_Reg:22:RegI                                          ; dffg            ; work         ;
;          |dffg:\G_NBit_Reg:23:RegI|              ; 0 (0)               ; 1 (1)                     ; 0           ; 0            ; 0       ; 0         ; 0    ; 0            ; |RISCV_Processor|EX_MEM:EX_MEM_REG|reg_N:ALU_RESULT_REG|dffg:\G_NBit_Reg:23:RegI                                          ; dffg            ; work         ;
;          |dffg:\G_NBit_Reg:24:RegI|              ; 0 (0)               ; 1 (1)                     ; 0           ; 0            ; 0       ; 0         ; 0    ; 0            ; |RISCV_Processor|EX_MEM:EX_MEM_REG|reg_N:ALU_RESULT_REG|dffg:\G_NBit_Reg:24:RegI                                          ; dffg            ; work         ;
;          |dffg:\G_NBit_Reg:25:RegI|              ; 0 (0)               ; 1 (1)                     ; 0           ; 0            ; 0       ; 0         ; 0    ; 0            ; |RISCV_Processor|EX_MEM:EX_MEM_REG|reg_N:ALU_RESULT_REG|dffg:\G_NBit_Reg:25:RegI                                          ; dffg            ; work         ;
;          |dffg:\G_NBit_Reg:26:RegI|              ; 0 (0)               ; 1 (1)                     ; 0           ; 0            ; 0       ; 0         ; 0    ; 0            ; |RISCV_Processor|EX_MEM:EX_MEM_REG|reg_N:ALU_RESULT_REG|dffg:\G_NBit_Reg:26:RegI                                          ; dffg            ; work         ;
;          |dffg:\G_NBit_Reg:27:RegI|              ; 0 (0)               ; 1 (1)                     ; 0           ; 0            ; 0       ; 0         ; 0    ; 0            ; |RISCV_Processor|EX_MEM:EX_MEM_REG|reg_N:ALU_RESULT_REG|dffg:\G_NBit_Reg:27:RegI                                          ; dffg            ; work         ;
;          |dffg:\G_NBit_Reg:28:RegI|              ; 0 (0)               ; 1 (1)                     ; 0           ; 0            ; 0       ; 0         ; 0    ; 0            ; |RISCV_Processor|EX_MEM:EX_MEM_REG|reg_N:ALU_RESULT_REG|dffg:\G_NBit_Reg:28:RegI                                          ; dffg            ; work         ;
;          |dffg:\G_NBit_Reg:29:RegI|              ; 0 (0)               ; 1 (1)                     ; 0           ; 0            ; 0       ; 0         ; 0    ; 0            ; |RISCV_Processor|EX_MEM:EX_MEM_REG|reg_N:ALU_RESULT_REG|dffg:\G_NBit_Reg:29:RegI                                          ; dffg            ; work         ;
;          |dffg:\G_NBit_Reg:2:RegI|               ; 0 (0)               ; 1 (1)                     ; 0           ; 0            ; 0       ; 0         ; 0    ; 0            ; |RISCV_Processor|EX_MEM:EX_MEM_REG|reg_N:ALU_RESULT_REG|dffg:\G_NBit_Reg:2:RegI                                           ; dffg            ; work         ;
;          |dffg:\G_NBit_Reg:30:RegI|              ; 0 (0)               ; 1 (1)                     ; 0           ; 0            ; 0       ; 0         ; 0    ; 0            ; |RISCV_Processor|EX_MEM:EX_MEM_REG|reg_N:ALU_RESULT_REG|dffg:\G_NBit_Reg:30:RegI                                          ; dffg            ; work         ;
;          |dffg:\G_NBit_Reg:31:RegI|              ; 0 (0)               ; 1 (1)                     ; 0           ; 0            ; 0       ; 0         ; 0    ; 0            ; |RISCV_Processor|EX_MEM:EX_MEM_REG|reg_N:ALU_RESULT_REG|dffg:\G_NBit_Reg:31:RegI                                          ; dffg            ; work         ;
;          |dffg:\G_NBit_Reg:3:RegI|               ; 0 (0)               ; 1 (1)                     ; 0           ; 0            ; 0       ; 0         ; 0    ; 0            ; |RISCV_Processor|EX_MEM:EX_MEM_REG|reg_N:ALU_RESULT_REG|dffg:\G_NBit_Reg:3:RegI                                           ; dffg            ; work         ;
;          |dffg:\G_NBit_Reg:4:RegI|               ; 0 (0)               ; 1 (1)                     ; 0           ; 0            ; 0       ; 0         ; 0    ; 0            ; |RISCV_Processor|EX_MEM:EX_MEM_REG|reg_N:ALU_RESULT_REG|dffg:\G_NBit_Reg:4:RegI                                           ; dffg            ; work         ;
;          |dffg:\G_NBit_Reg:5:RegI|               ; 0 (0)               ; 1 (1)                     ; 0           ; 0            ; 0       ; 0         ; 0    ; 0            ; |RISCV_Processor|EX_MEM:EX_MEM_REG|reg_N:ALU_RESULT_REG|dffg:\G_NBit_Reg:5:RegI                                           ; dffg            ; work         ;
;          |dffg:\G_NBit_Reg:6:RegI|               ; 0 (0)               ; 1 (1)                     ; 0           ; 0            ; 0       ; 0         ; 0    ; 0            ; |RISCV_Processor|EX_MEM:EX_MEM_REG|reg_N:ALU_RESULT_REG|dffg:\G_NBit_Reg:6:RegI                                           ; dffg            ; work         ;
;          |dffg:\G_NBit_Reg:7:RegI|               ; 0 (0)               ; 1 (1)                     ; 0           ; 0            ; 0       ; 0         ; 0    ; 0            ; |RISCV_Processor|EX_MEM:EX_MEM_REG|reg_N:ALU_RESULT_REG|dffg:\G_NBit_Reg:7:RegI                                           ; dffg            ; work         ;
;          |dffg:\G_NBit_Reg:8:RegI|               ; 0 (0)               ; 1 (1)                     ; 0           ; 0            ; 0       ; 0         ; 0    ; 0            ; |RISCV_Processor|EX_MEM:EX_MEM_REG|reg_N:ALU_RESULT_REG|dffg:\G_NBit_Reg:8:RegI                                           ; dffg            ; work         ;
;          |dffg:\G_NBit_Reg:9:RegI|               ; 0 (0)               ; 1 (1)                     ; 0           ; 0            ; 0       ; 0         ; 0    ; 0            ; |RISCV_Processor|EX_MEM:EX_MEM_REG|reg_N:ALU_RESULT_REG|dffg:\G_NBit_Reg:9:RegI                                           ; dffg            ; work         ;
;       |reg_N:FUNC3_REG|                          ; 0 (0)               ; 3 (0)                     ; 0           ; 0            ; 0       ; 0         ; 0    ; 0            ; |RISCV_Processor|EX_MEM:EX_MEM_REG|reg_N:FUNC3_REG                                                                        ; reg_N           ; work         ;
;          |dffg:\G_NBit_Reg:0:RegI|               ; 0 (0)               ; 1 (1)                     ; 0           ; 0            ; 0       ; 0         ; 0    ; 0            ; |RISCV_Processor|EX_MEM:EX_MEM_REG|reg_N:FUNC3_REG|dffg:\G_NBit_Reg:0:RegI                                                ; dffg            ; work         ;
;          |dffg:\G_NBit_Reg:1:RegI|               ; 0 (0)               ; 1 (1)                     ; 0           ; 0            ; 0       ; 0         ; 0    ; 0            ; |RISCV_Processor|EX_MEM:EX_MEM_REG|reg_N:FUNC3_REG|dffg:\G_NBit_Reg:1:RegI                                                ; dffg            ; work         ;
;          |dffg:\G_NBit_Reg:2:RegI|               ; 0 (0)               ; 1 (1)                     ; 0           ; 0            ; 0       ; 0         ; 0    ; 0            ; |RISCV_Processor|EX_MEM:EX_MEM_REG|reg_N:FUNC3_REG|dffg:\G_NBit_Reg:2:RegI                                                ; dffg            ; work         ;
;       |reg_N:RD_REG|                             ; 0 (0)               ; 5 (0)                     ; 0           ; 0            ; 0       ; 0         ; 0    ; 0            ; |RISCV_Processor|EX_MEM:EX_MEM_REG|reg_N:RD_REG                                                                           ; reg_N           ; work         ;
;          |dffg:\G_NBit_Reg:0:RegI|               ; 0 (0)               ; 1 (1)                     ; 0           ; 0            ; 0       ; 0         ; 0    ; 0            ; |RISCV_Processor|EX_MEM:EX_MEM_REG|reg_N:RD_REG|dffg:\G_NBit_Reg:0:RegI                                                   ; dffg            ; work         ;
;          |dffg:\G_NBit_Reg:1:RegI|               ; 0 (0)               ; 1 (1)                     ; 0           ; 0            ; 0       ; 0         ; 0    ; 0            ; |RISCV_Processor|EX_MEM:EX_MEM_REG|reg_N:RD_REG|dffg:\G_NBit_Reg:1:RegI                                                   ; dffg            ; work         ;
;          |dffg:\G_NBit_Reg:2:RegI|               ; 0 (0)               ; 1 (1)                     ; 0           ; 0            ; 0       ; 0         ; 0    ; 0            ; |RISCV_Processor|EX_MEM:EX_MEM_REG|reg_N:RD_REG|dffg:\G_NBit_Reg:2:RegI                                                   ; dffg            ; work         ;
;          |dffg:\G_NBit_Reg:3:RegI|               ; 0 (0)               ; 1 (1)                     ; 0           ; 0            ; 0       ; 0         ; 0    ; 0            ; |RISCV_Processor|EX_MEM:EX_MEM_REG|reg_N:RD_REG|dffg:\G_NBit_Reg:3:RegI                                                   ; dffg            ; work         ;
;          |dffg:\G_NBit_Reg:4:RegI|               ; 0 (0)               ; 1 (1)                     ; 0           ; 0            ; 0       ; 0         ; 0    ; 0            ; |RISCV_Processor|EX_MEM:EX_MEM_REG|reg_N:RD_REG|dffg:\G_NBit_Reg:4:RegI                                                   ; dffg            ; work         ;
;       |reg_N:RS2_DATA_REG|                       ; 0 (0)               ; 32 (0)                    ; 0           ; 0            ; 0       ; 0         ; 0    ; 0            ; |RISCV_Processor|EX_MEM:EX_MEM_REG|reg_N:RS2_DATA_REG                                                                     ; reg_N           ; work         ;
;          |dffg:\G_NBit_Reg:0:RegI|               ; 0 (0)               ; 1 (1)                     ; 0           ; 0            ; 0       ; 0         ; 0    ; 0            ; |RISCV_Processor|EX_MEM:EX_MEM_REG|reg_N:RS2_DATA_REG|dffg:\G_NBit_Reg:0:RegI                                             ; dffg            ; work         ;
;          |dffg:\G_NBit_Reg:10:RegI|              ; 0 (0)               ; 1 (1)                     ; 0           ; 0            ; 0       ; 0         ; 0    ; 0            ; |RISCV_Processor|EX_MEM:EX_MEM_REG|reg_N:RS2_DATA_REG|dffg:\G_NBit_Reg:10:RegI                                            ; dffg            ; work         ;
;          |dffg:\G_NBit_Reg:11:RegI|              ; 0 (0)               ; 1 (1)                     ; 0           ; 0            ; 0       ; 0         ; 0    ; 0            ; |RISCV_Processor|EX_MEM:EX_MEM_REG|reg_N:RS2_DATA_REG|dffg:\G_NBit_Reg:11:RegI                                            ; dffg            ; work         ;
;          |dffg:\G_NBit_Reg:12:RegI|              ; 0 (0)               ; 1 (1)                     ; 0           ; 0            ; 0       ; 0         ; 0    ; 0            ; |RISCV_Processor|EX_MEM:EX_MEM_REG|reg_N:RS2_DATA_REG|dffg:\G_NBit_Reg:12:RegI                                            ; dffg            ; work         ;
;          |dffg:\G_NBit_Reg:13:RegI|              ; 0 (0)               ; 1 (1)                     ; 0           ; 0            ; 0       ; 0         ; 0    ; 0            ; |RISCV_Processor|EX_MEM:EX_MEM_REG|reg_N:RS2_DATA_REG|dffg:\G_NBit_Reg:13:RegI                                            ; dffg            ; work         ;
;          |dffg:\G_NBit_Reg:14:RegI|              ; 0 (0)               ; 1 (1)                     ; 0           ; 0            ; 0       ; 0         ; 0    ; 0            ; |RISCV_Processor|EX_MEM:EX_MEM_REG|reg_N:RS2_DATA_REG|dffg:\G_NBit_Reg:14:RegI                                            ; dffg            ; work         ;
;          |dffg:\G_NBit_Reg:15:RegI|              ; 0 (0)               ; 1 (1)                     ; 0           ; 0            ; 0       ; 0         ; 0    ; 0            ; |RISCV_Processor|EX_MEM:EX_MEM_REG|reg_N:RS2_DATA_REG|dffg:\G_NBit_Reg:15:RegI                                            ; dffg            ; work         ;
;          |dffg:\G_NBit_Reg:16:RegI|              ; 0 (0)               ; 1 (1)                     ; 0           ; 0            ; 0       ; 0         ; 0    ; 0            ; |RISCV_Processor|EX_MEM:EX_MEM_REG|reg_N:RS2_DATA_REG|dffg:\G_NBit_Reg:16:RegI                                            ; dffg            ; work         ;
;          |dffg:\G_NBit_Reg:17:RegI|              ; 0 (0)               ; 1 (1)                     ; 0           ; 0            ; 0       ; 0         ; 0    ; 0            ; |RISCV_Processor|EX_MEM:EX_MEM_REG|reg_N:RS2_DATA_REG|dffg:\G_NBit_Reg:17:RegI                                            ; dffg            ; work         ;
;          |dffg:\G_NBit_Reg:18:RegI|              ; 0 (0)               ; 1 (1)                     ; 0           ; 0            ; 0       ; 0         ; 0    ; 0            ; |RISCV_Processor|EX_MEM:EX_MEM_REG|reg_N:RS2_DATA_REG|dffg:\G_NBit_Reg:18:RegI                                            ; dffg            ; work         ;
;          |dffg:\G_NBit_Reg:19:RegI|              ; 0 (0)               ; 1 (1)                     ; 0           ; 0            ; 0       ; 0         ; 0    ; 0            ; |RISCV_Processor|EX_MEM:EX_MEM_REG|reg_N:RS2_DATA_REG|dffg:\G_NBit_Reg:19:RegI                                            ; dffg            ; work         ;
;          |dffg:\G_NBit_Reg:1:RegI|               ; 0 (0)               ; 1 (1)                     ; 0           ; 0            ; 0       ; 0         ; 0    ; 0            ; |RISCV_Processor|EX_MEM:EX_MEM_REG|reg_N:RS2_DATA_REG|dffg:\G_NBit_Reg:1:RegI                                             ; dffg            ; work         ;
;          |dffg:\G_NBit_Reg:20:RegI|              ; 0 (0)               ; 1 (1)                     ; 0           ; 0            ; 0       ; 0         ; 0    ; 0            ; |RISCV_Processor|EX_MEM:EX_MEM_REG|reg_N:RS2_DATA_REG|dffg:\G_NBit_Reg:20:RegI                                            ; dffg            ; work         ;
;          |dffg:\G_NBit_Reg:21:RegI|              ; 0 (0)               ; 1 (1)                     ; 0           ; 0            ; 0       ; 0         ; 0    ; 0            ; |RISCV_Processor|EX_MEM:EX_MEM_REG|reg_N:RS2_DATA_REG|dffg:\G_NBit_Reg:21:RegI                                            ; dffg            ; work         ;
;          |dffg:\G_NBit_Reg:22:RegI|              ; 0 (0)               ; 1 (1)                     ; 0           ; 0            ; 0       ; 0         ; 0    ; 0            ; |RISCV_Processor|EX_MEM:EX_MEM_REG|reg_N:RS2_DATA_REG|dffg:\G_NBit_Reg:22:RegI                                            ; dffg            ; work         ;
;          |dffg:\G_NBit_Reg:23:RegI|              ; 0 (0)               ; 1 (1)                     ; 0           ; 0            ; 0       ; 0         ; 0    ; 0            ; |RISCV_Processor|EX_MEM:EX_MEM_REG|reg_N:RS2_DATA_REG|dffg:\G_NBit_Reg:23:RegI                                            ; dffg            ; work         ;
;          |dffg:\G_NBit_Reg:24:RegI|              ; 0 (0)               ; 1 (1)                     ; 0           ; 0            ; 0       ; 0         ; 0    ; 0            ; |RISCV_Processor|EX_MEM:EX_MEM_REG|reg_N:RS2_DATA_REG|dffg:\G_NBit_Reg:24:RegI                                            ; dffg            ; work         ;
;          |dffg:\G_NBit_Reg:25:RegI|              ; 0 (0)               ; 1 (1)                     ; 0           ; 0            ; 0       ; 0         ; 0    ; 0            ; |RISCV_Processor|EX_MEM:EX_MEM_REG|reg_N:RS2_DATA_REG|dffg:\G_NBit_Reg:25:RegI                                            ; dffg            ; work         ;
;          |dffg:\G_NBit_Reg:26:RegI|              ; 0 (0)               ; 1 (1)                     ; 0           ; 0            ; 0       ; 0         ; 0    ; 0            ; |RISCV_Processor|EX_MEM:EX_MEM_REG|reg_N:RS2_DATA_REG|dffg:\G_NBit_Reg:26:RegI                                            ; dffg            ; work         ;
;          |dffg:\G_NBit_Reg:27:RegI|              ; 0 (0)               ; 1 (1)                     ; 0           ; 0            ; 0       ; 0         ; 0    ; 0            ; |RISCV_Processor|EX_MEM:EX_MEM_REG|reg_N:RS2_DATA_REG|dffg:\G_NBit_Reg:27:RegI                                            ; dffg            ; work         ;
;          |dffg:\G_NBit_Reg:28:RegI|              ; 0 (0)               ; 1 (1)                     ; 0           ; 0            ; 0       ; 0         ; 0    ; 0            ; |RISCV_Processor|EX_MEM:EX_MEM_REG|reg_N:RS2_DATA_REG|dffg:\G_NBit_Reg:28:RegI                                            ; dffg            ; work         ;
;          |dffg:\G_NBit_Reg:29:RegI|              ; 0 (0)               ; 1 (1)                     ; 0           ; 0            ; 0       ; 0         ; 0    ; 0            ; |RISCV_Processor|EX_MEM:EX_MEM_REG|reg_N:RS2_DATA_REG|dffg:\G_NBit_Reg:29:RegI                                            ; dffg            ; work         ;
;          |dffg:\G_NBit_Reg:2:RegI|               ; 0 (0)               ; 1 (1)                     ; 0           ; 0            ; 0       ; 0         ; 0    ; 0            ; |RISCV_Processor|EX_MEM:EX_MEM_REG|reg_N:RS2_DATA_REG|dffg:\G_NBit_Reg:2:RegI                                             ; dffg            ; work         ;
;          |dffg:\G_NBit_Reg:30:RegI|              ; 0 (0)               ; 1 (1)                     ; 0           ; 0            ; 0       ; 0         ; 0    ; 0            ; |RISCV_Processor|EX_MEM:EX_MEM_REG|reg_N:RS2_DATA_REG|dffg:\G_NBit_Reg:30:RegI                                            ; dffg            ; work         ;
;          |dffg:\G_NBit_Reg:31:RegI|              ; 0 (0)               ; 1 (1)                     ; 0           ; 0            ; 0       ; 0         ; 0    ; 0            ; |RISCV_Processor|EX_MEM:EX_MEM_REG|reg_N:RS2_DATA_REG|dffg:\G_NBit_Reg:31:RegI                                            ; dffg            ; work         ;
;          |dffg:\G_NBit_Reg:3:RegI|               ; 0 (0)               ; 1 (1)                     ; 0           ; 0            ; 0       ; 0         ; 0    ; 0            ; |RISCV_Processor|EX_MEM:EX_MEM_REG|reg_N:RS2_DATA_REG|dffg:\G_NBit_Reg:3:RegI                                             ; dffg            ; work         ;
;          |dffg:\G_NBit_Reg:4:RegI|               ; 0 (0)               ; 1 (1)                     ; 0           ; 0            ; 0       ; 0         ; 0    ; 0            ; |RISCV_Processor|EX_MEM:EX_MEM_REG|reg_N:RS2_DATA_REG|dffg:\G_NBit_Reg:4:RegI                                             ; dffg            ; work         ;
;          |dffg:\G_NBit_Reg:5:RegI|               ; 0 (0)               ; 1 (1)                     ; 0           ; 0            ; 0       ; 0         ; 0    ; 0            ; |RISCV_Processor|EX_MEM:EX_MEM_REG|reg_N:RS2_DATA_REG|dffg:\G_NBit_Reg:5:RegI                                             ; dffg            ; work         ;
;          |dffg:\G_NBit_Reg:6:RegI|               ; 0 (0)               ; 1 (1)                     ; 0           ; 0            ; 0       ; 0         ; 0    ; 0            ; |RISCV_Processor|EX_MEM:EX_MEM_REG|reg_N:RS2_DATA_REG|dffg:\G_NBit_Reg:6:RegI                                             ; dffg            ; work         ;
;          |dffg:\G_NBit_Reg:7:RegI|               ; 0 (0)               ; 1 (1)                     ; 0           ; 0            ; 0       ; 0         ; 0    ; 0            ; |RISCV_Processor|EX_MEM:EX_MEM_REG|reg_N:RS2_DATA_REG|dffg:\G_NBit_Reg:7:RegI                                             ; dffg            ; work         ;
;          |dffg:\G_NBit_Reg:8:RegI|               ; 0 (0)               ; 1 (1)                     ; 0           ; 0            ; 0       ; 0         ; 0    ; 0            ; |RISCV_Processor|EX_MEM:EX_MEM_REG|reg_N:RS2_DATA_REG|dffg:\G_NBit_Reg:8:RegI                                             ; dffg            ; work         ;
;          |dffg:\G_NBit_Reg:9:RegI|               ; 0 (0)               ; 1 (1)                     ; 0           ; 0            ; 0       ; 0         ; 0    ; 0            ; |RISCV_Processor|EX_MEM:EX_MEM_REG|reg_N:RS2_DATA_REG|dffg:\G_NBit_Reg:9:RegI                                             ; dffg            ; work         ;
;    |ID_EX:ID_EX_REG|                             ; 24 (0)              ; 156 (0)                   ; 0           ; 0            ; 0       ; 0         ; 0    ; 0            ; |RISCV_Processor|ID_EX:ID_EX_REG                                                                                          ; ID_EX           ; work         ;
;       |dffg:ALUSRC_REG|                          ; 0 (0)               ; 1 (1)                     ; 0           ; 0            ; 0       ; 0         ; 0    ; 0            ; |RISCV_Processor|ID_EX:ID_EX_REG|dffg:ALUSRC_REG                                                                          ; dffg            ; work         ;
;       |dffg:AUIPC_REG|                           ; 0 (0)               ; 1 (1)                     ; 0           ; 0            ; 0       ; 0         ; 0    ; 0            ; |RISCV_Processor|ID_EX:ID_EX_REG|dffg:AUIPC_REG                                                                           ; dffg            ; work         ;
;       |dffg:BRANCH_REG|                          ; 0 (0)               ; 1 (1)                     ; 0           ; 0            ; 0       ; 0         ; 0    ; 0            ; |RISCV_Processor|ID_EX:ID_EX_REG|dffg:BRANCH_REG                                                                          ; dffg            ; work         ;
;       |dffg:HALT_REG|                            ; 0 (0)               ; 1 (1)                     ; 0           ; 0            ; 0       ; 0         ; 0    ; 0            ; |RISCV_Processor|ID_EX:ID_EX_REG|dffg:HALT_REG                                                                            ; dffg            ; work         ;
;       |dffg:JUMP_REG|                            ; 0 (0)               ; 1 (1)                     ; 0           ; 0            ; 0       ; 0         ; 0    ; 0            ; |RISCV_Processor|ID_EX:ID_EX_REG|dffg:JUMP_REG                                                                            ; dffg            ; work         ;
;       |dffg:MEMREG_REG|                          ; 0 (0)               ; 1 (1)                     ; 0           ; 0            ; 0       ; 0         ; 0    ; 0            ; |RISCV_Processor|ID_EX:ID_EX_REG|dffg:MEMREG_REG                                                                          ; dffg            ; work         ;
;       |dffg:MEMWR_REG|                           ; 0 (0)               ; 1 (1)                     ; 0           ; 0            ; 0       ; 0         ; 0    ; 0            ; |RISCV_Processor|ID_EX:ID_EX_REG|dffg:MEMWR_REG                                                                           ; dffg            ; work         ;
;       |dffg:REGWR_REG|                           ; 0 (0)               ; 1 (1)                     ; 0           ; 0            ; 0       ; 0         ; 0    ; 0            ; |RISCV_Processor|ID_EX:ID_EX_REG|dffg:REGWR_REG                                                                           ; dffg            ; work         ;
;       |dffg:SIGNED_REG|                          ; 0 (0)               ; 1 (1)                     ; 0           ; 0            ; 0       ; 0         ; 0    ; 0            ; |RISCV_Processor|ID_EX:ID_EX_REG|dffg:SIGNED_REG                                                                          ; dffg            ; work         ;
;       |reg_N:ALUOP_REG|                          ; 7 (0)               ; 4 (0)                     ; 0           ; 0            ; 0       ; 0         ; 0    ; 0            ; |RISCV_Processor|ID_EX:ID_EX_REG|reg_N:ALUOP_REG                                                                          ; reg_N           ; work         ;
;          |dffg:\G_NBit_Reg:0:RegI|               ; 0 (0)               ; 1 (1)                     ; 0           ; 0            ; 0       ; 0         ; 0    ; 0            ; |RISCV_Processor|ID_EX:ID_EX_REG|reg_N:ALUOP_REG|dffg:\G_NBit_Reg:0:RegI                                                  ; dffg            ; work         ;
;          |dffg:\G_NBit_Reg:1:RegI|               ; 0 (0)               ; 1 (1)                     ; 0           ; 0            ; 0       ; 0         ; 0    ; 0            ; |RISCV_Processor|ID_EX:ID_EX_REG|reg_N:ALUOP_REG|dffg:\G_NBit_Reg:1:RegI                                                  ; dffg            ; work         ;
;          |dffg:\G_NBit_Reg:2:RegI|               ; 0 (0)               ; 1 (1)                     ; 0           ; 0            ; 0       ; 0         ; 0    ; 0            ; |RISCV_Processor|ID_EX:ID_EX_REG|reg_N:ALUOP_REG|dffg:\G_NBit_Reg:2:RegI                                                  ; dffg            ; work         ;
;          |dffg:\G_NBit_Reg:3:RegI|               ; 7 (7)               ; 1 (1)                     ; 0           ; 0            ; 0       ; 0         ; 0    ; 0            ; |RISCV_Processor|ID_EX:ID_EX_REG|reg_N:ALUOP_REG|dffg:\G_NBit_Reg:3:RegI                                                  ; dffg            ; work         ;
;       |reg_N:FUNC3_REG|                          ; 0 (0)               ; 3 (0)                     ; 0           ; 0            ; 0       ; 0         ; 0    ; 0            ; |RISCV_Processor|ID_EX:ID_EX_REG|reg_N:FUNC3_REG                                                                          ; reg_N           ; work         ;
;          |dffg:\G_NBit_Reg:0:RegI|               ; 0 (0)               ; 1 (1)                     ; 0           ; 0            ; 0       ; 0         ; 0    ; 0            ; |RISCV_Processor|ID_EX:ID_EX_REG|reg_N:FUNC3_REG|dffg:\G_NBit_Reg:0:RegI                                                  ; dffg            ; work         ;
;          |dffg:\G_NBit_Reg:1:RegI|               ; 0 (0)               ; 1 (1)                     ; 0           ; 0            ; 0       ; 0         ; 0    ; 0            ; |RISCV_Processor|ID_EX:ID_EX_REG|reg_N:FUNC3_REG|dffg:\G_NBit_Reg:1:RegI                                                  ; dffg            ; work         ;
;          |dffg:\G_NBit_Reg:2:RegI|               ; 0 (0)               ; 1 (1)                     ; 0           ; 0            ; 0       ; 0         ; 0    ; 0            ; |RISCV_Processor|ID_EX:ID_EX_REG|reg_N:FUNC3_REG|dffg:\G_NBit_Reg:2:RegI                                                  ; dffg            ; work         ;
;       |reg_N:IMM_REG|                            ; 3 (0)               ; 32 (0)                    ; 0           ; 0            ; 0       ; 0         ; 0    ; 0            ; |RISCV_Processor|ID_EX:ID_EX_REG|reg_N:IMM_REG                                                                            ; reg_N           ; work         ;
;          |dffg:\G_NBit_Reg:0:RegI|               ; 0 (0)               ; 1 (1)                     ; 0           ; 0            ; 0       ; 0         ; 0    ; 0            ; |RISCV_Processor|ID_EX:ID_EX_REG|reg_N:IMM_REG|dffg:\G_NBit_Reg:0:RegI                                                    ; dffg            ; work         ;
;          |dffg:\G_NBit_Reg:10:RegI|              ; 0 (0)               ; 1 (1)                     ; 0           ; 0            ; 0       ; 0         ; 0    ; 0            ; |RISCV_Processor|ID_EX:ID_EX_REG|reg_N:IMM_REG|dffg:\G_NBit_Reg:10:RegI                                                   ; dffg            ; work         ;
;          |dffg:\G_NBit_Reg:11:RegI|              ; 0 (0)               ; 1 (1)                     ; 0           ; 0            ; 0       ; 0         ; 0    ; 0            ; |RISCV_Processor|ID_EX:ID_EX_REG|reg_N:IMM_REG|dffg:\G_NBit_Reg:11:RegI                                                   ; dffg            ; work         ;
;          |dffg:\G_NBit_Reg:12:RegI|              ; 0 (0)               ; 1 (1)                     ; 0           ; 0            ; 0       ; 0         ; 0    ; 0            ; |RISCV_Processor|ID_EX:ID_EX_REG|reg_N:IMM_REG|dffg:\G_NBit_Reg:12:RegI                                                   ; dffg            ; work         ;
;          |dffg:\G_NBit_Reg:13:RegI|              ; 0 (0)               ; 1 (1)                     ; 0           ; 0            ; 0       ; 0         ; 0    ; 0            ; |RISCV_Processor|ID_EX:ID_EX_REG|reg_N:IMM_REG|dffg:\G_NBit_Reg:13:RegI                                                   ; dffg            ; work         ;
;          |dffg:\G_NBit_Reg:14:RegI|              ; 1 (1)               ; 1 (1)                     ; 0           ; 0            ; 0       ; 0         ; 0    ; 0            ; |RISCV_Processor|ID_EX:ID_EX_REG|reg_N:IMM_REG|dffg:\G_NBit_Reg:14:RegI                                                   ; dffg            ; work         ;
;          |dffg:\G_NBit_Reg:15:RegI|              ; 0 (0)               ; 1 (1)                     ; 0           ; 0            ; 0       ; 0         ; 0    ; 0            ; |RISCV_Processor|ID_EX:ID_EX_REG|reg_N:IMM_REG|dffg:\G_NBit_Reg:15:RegI                                                   ; dffg            ; work         ;
;          |dffg:\G_NBit_Reg:16:RegI|              ; 0 (0)               ; 1 (1)                     ; 0           ; 0            ; 0       ; 0         ; 0    ; 0            ; |RISCV_Processor|ID_EX:ID_EX_REG|reg_N:IMM_REG|dffg:\G_NBit_Reg:16:RegI                                                   ; dffg            ; work         ;
;          |dffg:\G_NBit_Reg:17:RegI|              ; 0 (0)               ; 1 (1)                     ; 0           ; 0            ; 0       ; 0         ; 0    ; 0            ; |RISCV_Processor|ID_EX:ID_EX_REG|reg_N:IMM_REG|dffg:\G_NBit_Reg:17:RegI                                                   ; dffg            ; work         ;
;          |dffg:\G_NBit_Reg:18:RegI|              ; 0 (0)               ; 1 (1)                     ; 0           ; 0            ; 0       ; 0         ; 0    ; 0            ; |RISCV_Processor|ID_EX:ID_EX_REG|reg_N:IMM_REG|dffg:\G_NBit_Reg:18:RegI                                                   ; dffg            ; work         ;
;          |dffg:\G_NBit_Reg:19:RegI|              ; 0 (0)               ; 1 (1)                     ; 0           ; 0            ; 0       ; 0         ; 0    ; 0            ; |RISCV_Processor|ID_EX:ID_EX_REG|reg_N:IMM_REG|dffg:\G_NBit_Reg:19:RegI                                                   ; dffg            ; work         ;
;          |dffg:\G_NBit_Reg:1:RegI|               ; 1 (1)               ; 1 (1)                     ; 0           ; 0            ; 0       ; 0         ; 0    ; 0            ; |RISCV_Processor|ID_EX:ID_EX_REG|reg_N:IMM_REG|dffg:\G_NBit_Reg:1:RegI                                                    ; dffg            ; work         ;
;          |dffg:\G_NBit_Reg:20:RegI|              ; 0 (0)               ; 1 (1)                     ; 0           ; 0            ; 0       ; 0         ; 0    ; 0            ; |RISCV_Processor|ID_EX:ID_EX_REG|reg_N:IMM_REG|dffg:\G_NBit_Reg:20:RegI                                                   ; dffg            ; work         ;
;          |dffg:\G_NBit_Reg:21:RegI|              ; 1 (1)               ; 1 (1)                     ; 0           ; 0            ; 0       ; 0         ; 0    ; 0            ; |RISCV_Processor|ID_EX:ID_EX_REG|reg_N:IMM_REG|dffg:\G_NBit_Reg:21:RegI                                                   ; dffg            ; work         ;
;          |dffg:\G_NBit_Reg:22:RegI|              ; 0 (0)               ; 1 (1)                     ; 0           ; 0            ; 0       ; 0         ; 0    ; 0            ; |RISCV_Processor|ID_EX:ID_EX_REG|reg_N:IMM_REG|dffg:\G_NBit_Reg:22:RegI                                                   ; dffg            ; work         ;
;          |dffg:\G_NBit_Reg:23:RegI|              ; 0 (0)               ; 1 (1)                     ; 0           ; 0            ; 0       ; 0         ; 0    ; 0            ; |RISCV_Processor|ID_EX:ID_EX_REG|reg_N:IMM_REG|dffg:\G_NBit_Reg:23:RegI                                                   ; dffg            ; work         ;
;          |dffg:\G_NBit_Reg:24:RegI|              ; 0 (0)               ; 1 (1)                     ; 0           ; 0            ; 0       ; 0         ; 0    ; 0            ; |RISCV_Processor|ID_EX:ID_EX_REG|reg_N:IMM_REG|dffg:\G_NBit_Reg:24:RegI                                                   ; dffg            ; work         ;
;          |dffg:\G_NBit_Reg:25:RegI|              ; 0 (0)               ; 1 (1)                     ; 0           ; 0            ; 0       ; 0         ; 0    ; 0            ; |RISCV_Processor|ID_EX:ID_EX_REG|reg_N:IMM_REG|dffg:\G_NBit_Reg:25:RegI                                                   ; dffg            ; work         ;
;          |dffg:\G_NBit_Reg:26:RegI|              ; 0 (0)               ; 1 (1)                     ; 0           ; 0            ; 0       ; 0         ; 0    ; 0            ; |RISCV_Processor|ID_EX:ID_EX_REG|reg_N:IMM_REG|dffg:\G_NBit_Reg:26:RegI                                                   ; dffg            ; work         ;
;          |dffg:\G_NBit_Reg:27:RegI|              ; 0 (0)               ; 1 (1)                     ; 0           ; 0            ; 0       ; 0         ; 0    ; 0            ; |RISCV_Processor|ID_EX:ID_EX_REG|reg_N:IMM_REG|dffg:\G_NBit_Reg:27:RegI                                                   ; dffg            ; work         ;
;          |dffg:\G_NBit_Reg:28:RegI|              ; 0 (0)               ; 1 (1)                     ; 0           ; 0            ; 0       ; 0         ; 0    ; 0            ; |RISCV_Processor|ID_EX:ID_EX_REG|reg_N:IMM_REG|dffg:\G_NBit_Reg:28:RegI                                                   ; dffg            ; work         ;
;          |dffg:\G_NBit_Reg:29:RegI|              ; 0 (0)               ; 1 (1)                     ; 0           ; 0            ; 0       ; 0         ; 0    ; 0            ; |RISCV_Processor|ID_EX:ID_EX_REG|reg_N:IMM_REG|dffg:\G_NBit_Reg:29:RegI                                                   ; dffg            ; work         ;
;          |dffg:\G_NBit_Reg:2:RegI|               ; 0 (0)               ; 1 (1)                     ; 0           ; 0            ; 0       ; 0         ; 0    ; 0            ; |RISCV_Processor|ID_EX:ID_EX_REG|reg_N:IMM_REG|dffg:\G_NBit_Reg:2:RegI                                                    ; dffg            ; work         ;
;          |dffg:\G_NBit_Reg:30:RegI|              ; 0 (0)               ; 1 (1)                     ; 0           ; 0            ; 0       ; 0         ; 0    ; 0            ; |RISCV_Processor|ID_EX:ID_EX_REG|reg_N:IMM_REG|dffg:\G_NBit_Reg:30:RegI                                                   ; dffg            ; work         ;
;          |dffg:\G_NBit_Reg:31:RegI|              ; 0 (0)               ; 1 (1)                     ; 0           ; 0            ; 0       ; 0         ; 0    ; 0            ; |RISCV_Processor|ID_EX:ID_EX_REG|reg_N:IMM_REG|dffg:\G_NBit_Reg:31:RegI                                                   ; dffg            ; work         ;
;          |dffg:\G_NBit_Reg:3:RegI|               ; 0 (0)               ; 1 (1)                     ; 0           ; 0            ; 0       ; 0         ; 0    ; 0            ; |RISCV_Processor|ID_EX:ID_EX_REG|reg_N:IMM_REG|dffg:\G_NBit_Reg:3:RegI                                                    ; dffg            ; work         ;
;          |dffg:\G_NBit_Reg:4:RegI|               ; 0 (0)               ; 1 (1)                     ; 0           ; 0            ; 0       ; 0         ; 0    ; 0            ; |RISCV_Processor|ID_EX:ID_EX_REG|reg_N:IMM_REG|dffg:\G_NBit_Reg:4:RegI                                                    ; dffg            ; work         ;
;          |dffg:\G_NBit_Reg:5:RegI|               ; 0 (0)               ; 1 (1)                     ; 0           ; 0            ; 0       ; 0         ; 0    ; 0            ; |RISCV_Processor|ID_EX:ID_EX_REG|reg_N:IMM_REG|dffg:\G_NBit_Reg:5:RegI                                                    ; dffg            ; work         ;
;          |dffg:\G_NBit_Reg:6:RegI|               ; 0 (0)               ; 1 (1)                     ; 0           ; 0            ; 0       ; 0         ; 0    ; 0            ; |RISCV_Processor|ID_EX:ID_EX_REG|reg_N:IMM_REG|dffg:\G_NBit_Reg:6:RegI                                                    ; dffg            ; work         ;
;          |dffg:\G_NBit_Reg:7:RegI|               ; 0 (0)               ; 1 (1)                     ; 0           ; 0            ; 0       ; 0         ; 0    ; 0            ; |RISCV_Processor|ID_EX:ID_EX_REG|reg_N:IMM_REG|dffg:\G_NBit_Reg:7:RegI                                                    ; dffg            ; work         ;
;          |dffg:\G_NBit_Reg:8:RegI|               ; 0 (0)               ; 1 (1)                     ; 0           ; 0            ; 0       ; 0         ; 0    ; 0            ; |RISCV_Processor|ID_EX:ID_EX_REG|reg_N:IMM_REG|dffg:\G_NBit_Reg:8:RegI                                                    ; dffg            ; work         ;
;          |dffg:\G_NBit_Reg:9:RegI|               ; 0 (0)               ; 1 (1)                     ; 0           ; 0            ; 0       ; 0         ; 0    ; 0            ; |RISCV_Processor|ID_EX:ID_EX_REG|reg_N:IMM_REG|dffg:\G_NBit_Reg:9:RegI                                                    ; dffg            ; work         ;
;       |reg_N:OPCODE_REG|                         ; 0 (0)               ; 7 (0)                     ; 0           ; 0            ; 0       ; 0         ; 0    ; 0            ; |RISCV_Processor|ID_EX:ID_EX_REG|reg_N:OPCODE_REG                                                                         ; reg_N           ; work         ;
;          |dffg:\G_NBit_Reg:0:RegI|               ; 0 (0)               ; 1 (1)                     ; 0           ; 0            ; 0       ; 0         ; 0    ; 0            ; |RISCV_Processor|ID_EX:ID_EX_REG|reg_N:OPCODE_REG|dffg:\G_NBit_Reg:0:RegI                                                 ; dffg            ; work         ;
;          |dffg:\G_NBit_Reg:1:RegI|               ; 0 (0)               ; 1 (1)                     ; 0           ; 0            ; 0       ; 0         ; 0    ; 0            ; |RISCV_Processor|ID_EX:ID_EX_REG|reg_N:OPCODE_REG|dffg:\G_NBit_Reg:1:RegI                                                 ; dffg            ; work         ;
;          |dffg:\G_NBit_Reg:2:RegI|               ; 0 (0)               ; 1 (1)                     ; 0           ; 0            ; 0       ; 0         ; 0    ; 0            ; |RISCV_Processor|ID_EX:ID_EX_REG|reg_N:OPCODE_REG|dffg:\G_NBit_Reg:2:RegI                                                 ; dffg            ; work         ;
;          |dffg:\G_NBit_Reg:3:RegI|               ; 0 (0)               ; 1 (1)                     ; 0           ; 0            ; 0       ; 0         ; 0    ; 0            ; |RISCV_Processor|ID_EX:ID_EX_REG|reg_N:OPCODE_REG|dffg:\G_NBit_Reg:3:RegI                                                 ; dffg            ; work         ;
;          |dffg:\G_NBit_Reg:4:RegI|               ; 0 (0)               ; 1 (1)                     ; 0           ; 0            ; 0       ; 0         ; 0    ; 0            ; |RISCV_Processor|ID_EX:ID_EX_REG|reg_N:OPCODE_REG|dffg:\G_NBit_Reg:4:RegI                                                 ; dffg            ; work         ;
;          |dffg:\G_NBit_Reg:5:RegI|               ; 0 (0)               ; 1 (1)                     ; 0           ; 0            ; 0       ; 0         ; 0    ; 0            ; |RISCV_Processor|ID_EX:ID_EX_REG|reg_N:OPCODE_REG|dffg:\G_NBit_Reg:5:RegI                                                 ; dffg            ; work         ;
;          |dffg:\G_NBit_Reg:6:RegI|               ; 0 (0)               ; 1 (1)                     ; 0           ; 0            ; 0       ; 0         ; 0    ; 0            ; |RISCV_Processor|ID_EX:ID_EX_REG|reg_N:OPCODE_REG|dffg:\G_NBit_Reg:6:RegI                                                 ; dffg            ; work         ;
;       |reg_N:PC_REG|                             ; 0 (0)               ; 32 (0)                    ; 0           ; 0            ; 0       ; 0         ; 0    ; 0            ; |RISCV_Processor|ID_EX:ID_EX_REG|reg_N:PC_REG                                                                             ; reg_N           ; work         ;
;          |dffg:\G_NBit_Reg:0:RegI|               ; 0 (0)               ; 1 (1)                     ; 0           ; 0            ; 0       ; 0         ; 0    ; 0            ; |RISCV_Processor|ID_EX:ID_EX_REG|reg_N:PC_REG|dffg:\G_NBit_Reg:0:RegI                                                     ; dffg            ; work         ;
;          |dffg:\G_NBit_Reg:10:RegI|              ; 0 (0)               ; 1 (1)                     ; 0           ; 0            ; 0       ; 0         ; 0    ; 0            ; |RISCV_Processor|ID_EX:ID_EX_REG|reg_N:PC_REG|dffg:\G_NBit_Reg:10:RegI                                                    ; dffg            ; work         ;
;          |dffg:\G_NBit_Reg:11:RegI|              ; 0 (0)               ; 1 (1)                     ; 0           ; 0            ; 0       ; 0         ; 0    ; 0            ; |RISCV_Processor|ID_EX:ID_EX_REG|reg_N:PC_REG|dffg:\G_NBit_Reg:11:RegI                                                    ; dffg            ; work         ;
;          |dffg:\G_NBit_Reg:12:RegI|              ; 0 (0)               ; 1 (1)                     ; 0           ; 0            ; 0       ; 0         ; 0    ; 0            ; |RISCV_Processor|ID_EX:ID_EX_REG|reg_N:PC_REG|dffg:\G_NBit_Reg:12:RegI                                                    ; dffg            ; work         ;
;          |dffg:\G_NBit_Reg:13:RegI|              ; 0 (0)               ; 1 (1)                     ; 0           ; 0            ; 0       ; 0         ; 0    ; 0            ; |RISCV_Processor|ID_EX:ID_EX_REG|reg_N:PC_REG|dffg:\G_NBit_Reg:13:RegI                                                    ; dffg            ; work         ;
;          |dffg:\G_NBit_Reg:14:RegI|              ; 0 (0)               ; 1 (1)                     ; 0           ; 0            ; 0       ; 0         ; 0    ; 0            ; |RISCV_Processor|ID_EX:ID_EX_REG|reg_N:PC_REG|dffg:\G_NBit_Reg:14:RegI                                                    ; dffg            ; work         ;
;          |dffg:\G_NBit_Reg:15:RegI|              ; 0 (0)               ; 1 (1)                     ; 0           ; 0            ; 0       ; 0         ; 0    ; 0            ; |RISCV_Processor|ID_EX:ID_EX_REG|reg_N:PC_REG|dffg:\G_NBit_Reg:15:RegI                                                    ; dffg            ; work         ;
;          |dffg:\G_NBit_Reg:16:RegI|              ; 0 (0)               ; 1 (1)                     ; 0           ; 0            ; 0       ; 0         ; 0    ; 0            ; |RISCV_Processor|ID_EX:ID_EX_REG|reg_N:PC_REG|dffg:\G_NBit_Reg:16:RegI                                                    ; dffg            ; work         ;
;          |dffg:\G_NBit_Reg:17:RegI|              ; 0 (0)               ; 1 (1)                     ; 0           ; 0            ; 0       ; 0         ; 0    ; 0            ; |RISCV_Processor|ID_EX:ID_EX_REG|reg_N:PC_REG|dffg:\G_NBit_Reg:17:RegI                                                    ; dffg            ; work         ;
;          |dffg:\G_NBit_Reg:18:RegI|              ; 0 (0)               ; 1 (1)                     ; 0           ; 0            ; 0       ; 0         ; 0    ; 0            ; |RISCV_Processor|ID_EX:ID_EX_REG|reg_N:PC_REG|dffg:\G_NBit_Reg:18:RegI                                                    ; dffg            ; work         ;
;          |dffg:\G_NBit_Reg:19:RegI|              ; 0 (0)               ; 1 (1)                     ; 0           ; 0            ; 0       ; 0         ; 0    ; 0            ; |RISCV_Processor|ID_EX:ID_EX_REG|reg_N:PC_REG|dffg:\G_NBit_Reg:19:RegI                                                    ; dffg            ; work         ;
;          |dffg:\G_NBit_Reg:1:RegI|               ; 0 (0)               ; 1 (1)                     ; 0           ; 0            ; 0       ; 0         ; 0    ; 0            ; |RISCV_Processor|ID_EX:ID_EX_REG|reg_N:PC_REG|dffg:\G_NBit_Reg:1:RegI                                                     ; dffg            ; work         ;
;          |dffg:\G_NBit_Reg:20:RegI|              ; 0 (0)               ; 1 (1)                     ; 0           ; 0            ; 0       ; 0         ; 0    ; 0            ; |RISCV_Processor|ID_EX:ID_EX_REG|reg_N:PC_REG|dffg:\G_NBit_Reg:20:RegI                                                    ; dffg            ; work         ;
;          |dffg:\G_NBit_Reg:21:RegI|              ; 0 (0)               ; 1 (1)                     ; 0           ; 0            ; 0       ; 0         ; 0    ; 0            ; |RISCV_Processor|ID_EX:ID_EX_REG|reg_N:PC_REG|dffg:\G_NBit_Reg:21:RegI                                                    ; dffg            ; work         ;
;          |dffg:\G_NBit_Reg:22:RegI|              ; 0 (0)               ; 1 (1)                     ; 0           ; 0            ; 0       ; 0         ; 0    ; 0            ; |RISCV_Processor|ID_EX:ID_EX_REG|reg_N:PC_REG|dffg:\G_NBit_Reg:22:RegI                                                    ; dffg            ; work         ;
;          |dffg:\G_NBit_Reg:23:RegI|              ; 0 (0)               ; 1 (1)                     ; 0           ; 0            ; 0       ; 0         ; 0    ; 0            ; |RISCV_Processor|ID_EX:ID_EX_REG|reg_N:PC_REG|dffg:\G_NBit_Reg:23:RegI                                                    ; dffg            ; work         ;
;          |dffg:\G_NBit_Reg:24:RegI|              ; 0 (0)               ; 1 (1)                     ; 0           ; 0            ; 0       ; 0         ; 0    ; 0            ; |RISCV_Processor|ID_EX:ID_EX_REG|reg_N:PC_REG|dffg:\G_NBit_Reg:24:RegI                                                    ; dffg            ; work         ;
;          |dffg:\G_NBit_Reg:25:RegI|              ; 0 (0)               ; 1 (1)                     ; 0           ; 0            ; 0       ; 0         ; 0    ; 0            ; |RISCV_Processor|ID_EX:ID_EX_REG|reg_N:PC_REG|dffg:\G_NBit_Reg:25:RegI                                                    ; dffg            ; work         ;
;          |dffg:\G_NBit_Reg:26:RegI|              ; 0 (0)               ; 1 (1)                     ; 0           ; 0            ; 0       ; 0         ; 0    ; 0            ; |RISCV_Processor|ID_EX:ID_EX_REG|reg_N:PC_REG|dffg:\G_NBit_Reg:26:RegI                                                    ; dffg            ; work         ;
;          |dffg:\G_NBit_Reg:27:RegI|              ; 0 (0)               ; 1 (1)                     ; 0           ; 0            ; 0       ; 0         ; 0    ; 0            ; |RISCV_Processor|ID_EX:ID_EX_REG|reg_N:PC_REG|dffg:\G_NBit_Reg:27:RegI                                                    ; dffg            ; work         ;
;          |dffg:\G_NBit_Reg:28:RegI|              ; 0 (0)               ; 1 (1)                     ; 0           ; 0            ; 0       ; 0         ; 0    ; 0            ; |RISCV_Processor|ID_EX:ID_EX_REG|reg_N:PC_REG|dffg:\G_NBit_Reg:28:RegI                                                    ; dffg            ; work         ;
;          |dffg:\G_NBit_Reg:29:RegI|              ; 0 (0)               ; 1 (1)                     ; 0           ; 0            ; 0       ; 0         ; 0    ; 0            ; |RISCV_Processor|ID_EX:ID_EX_REG|reg_N:PC_REG|dffg:\G_NBit_Reg:29:RegI                                                    ; dffg            ; work         ;
;          |dffg:\G_NBit_Reg:2:RegI|               ; 0 (0)               ; 1 (1)                     ; 0           ; 0            ; 0       ; 0         ; 0    ; 0            ; |RISCV_Processor|ID_EX:ID_EX_REG|reg_N:PC_REG|dffg:\G_NBit_Reg:2:RegI                                                     ; dffg            ; work         ;
;          |dffg:\G_NBit_Reg:30:RegI|              ; 0 (0)               ; 1 (1)                     ; 0           ; 0            ; 0       ; 0         ; 0    ; 0            ; |RISCV_Processor|ID_EX:ID_EX_REG|reg_N:PC_REG|dffg:\G_NBit_Reg:30:RegI                                                    ; dffg            ; work         ;
;          |dffg:\G_NBit_Reg:31:RegI|              ; 0 (0)               ; 1 (1)                     ; 0           ; 0            ; 0       ; 0         ; 0    ; 0            ; |RISCV_Processor|ID_EX:ID_EX_REG|reg_N:PC_REG|dffg:\G_NBit_Reg:31:RegI                                                    ; dffg            ; work         ;
;          |dffg:\G_NBit_Reg:3:RegI|               ; 0 (0)               ; 1 (1)                     ; 0           ; 0            ; 0       ; 0         ; 0    ; 0            ; |RISCV_Processor|ID_EX:ID_EX_REG|reg_N:PC_REG|dffg:\G_NBit_Reg:3:RegI                                                     ; dffg            ; work         ;
;          |dffg:\G_NBit_Reg:4:RegI|               ; 0 (0)               ; 1 (1)                     ; 0           ; 0            ; 0       ; 0         ; 0    ; 0            ; |RISCV_Processor|ID_EX:ID_EX_REG|reg_N:PC_REG|dffg:\G_NBit_Reg:4:RegI                                                     ; dffg            ; work         ;
;          |dffg:\G_NBit_Reg:5:RegI|               ; 0 (0)               ; 1 (1)                     ; 0           ; 0            ; 0       ; 0         ; 0    ; 0            ; |RISCV_Processor|ID_EX:ID_EX_REG|reg_N:PC_REG|dffg:\G_NBit_Reg:5:RegI                                                     ; dffg            ; work         ;
;          |dffg:\G_NBit_Reg:6:RegI|               ; 0 (0)               ; 1 (1)                     ; 0           ; 0            ; 0       ; 0         ; 0    ; 0            ; |RISCV_Processor|ID_EX:ID_EX_REG|reg_N:PC_REG|dffg:\G_NBit_Reg:6:RegI                                                     ; dffg            ; work         ;
;          |dffg:\G_NBit_Reg:7:RegI|               ; 0 (0)               ; 1 (1)                     ; 0           ; 0            ; 0       ; 0         ; 0    ; 0            ; |RISCV_Processor|ID_EX:ID_EX_REG|reg_N:PC_REG|dffg:\G_NBit_Reg:7:RegI                                                     ; dffg            ; work         ;
;          |dffg:\G_NBit_Reg:8:RegI|               ; 0 (0)               ; 1 (1)                     ; 0           ; 0            ; 0       ; 0         ; 0    ; 0            ; |RISCV_Processor|ID_EX:ID_EX_REG|reg_N:PC_REG|dffg:\G_NBit_Reg:8:RegI                                                     ; dffg            ; work         ;
;          |dffg:\G_NBit_Reg:9:RegI|               ; 0 (0)               ; 1 (1)                     ; 0           ; 0            ; 0       ; 0         ; 0    ; 0            ; |RISCV_Processor|ID_EX:ID_EX_REG|reg_N:PC_REG|dffg:\G_NBit_Reg:9:RegI                                                     ; dffg            ; work         ;
;       |reg_N:RD_REG|                             ; 1 (0)               ; 5 (0)                     ; 0           ; 0            ; 0       ; 0         ; 0    ; 0            ; |RISCV_Processor|ID_EX:ID_EX_REG|reg_N:RD_REG                                                                             ; reg_N           ; work         ;
;          |dffg:\G_NBit_Reg:0:RegI|               ; 0 (0)               ; 1 (1)                     ; 0           ; 0            ; 0       ; 0         ; 0    ; 0            ; |RISCV_Processor|ID_EX:ID_EX_REG|reg_N:RD_REG|dffg:\G_NBit_Reg:0:RegI                                                     ; dffg            ; work         ;
;          |dffg:\G_NBit_Reg:1:RegI|               ; 0 (0)               ; 1 (1)                     ; 0           ; 0            ; 0       ; 0         ; 0    ; 0            ; |RISCV_Processor|ID_EX:ID_EX_REG|reg_N:RD_REG|dffg:\G_NBit_Reg:1:RegI                                                     ; dffg            ; work         ;
;          |dffg:\G_NBit_Reg:2:RegI|               ; 0 (0)               ; 1 (1)                     ; 0           ; 0            ; 0       ; 0         ; 0    ; 0            ; |RISCV_Processor|ID_EX:ID_EX_REG|reg_N:RD_REG|dffg:\G_NBit_Reg:2:RegI                                                     ; dffg            ; work         ;
;          |dffg:\G_NBit_Reg:3:RegI|               ; 0 (0)               ; 1 (1)                     ; 0           ; 0            ; 0       ; 0         ; 0    ; 0            ; |RISCV_Processor|ID_EX:ID_EX_REG|reg_N:RD_REG|dffg:\G_NBit_Reg:3:RegI                                                     ; dffg            ; work         ;
;          |dffg:\G_NBit_Reg:4:RegI|               ; 1 (1)               ; 1 (1)                     ; 0           ; 0            ; 0       ; 0         ; 0    ; 0            ; |RISCV_Processor|ID_EX:ID_EX_REG|reg_N:RD_REG|dffg:\G_NBit_Reg:4:RegI                                                     ; dffg            ; work         ;
;       |reg_N:RS1_DATA_REG|                       ; 6 (0)               ; 32 (0)                    ; 0           ; 0            ; 0       ; 0         ; 0    ; 0            ; |RISCV_Processor|ID_EX:ID_EX_REG|reg_N:RS1_DATA_REG                                                                       ; reg_N           ; work         ;
;          |dffg:\G_NBit_Reg:0:RegI|               ; 0 (0)               ; 1 (1)                     ; 0           ; 0            ; 0       ; 0         ; 0    ; 0            ; |RISCV_Processor|ID_EX:ID_EX_REG|reg_N:RS1_DATA_REG|dffg:\G_NBit_Reg:0:RegI                                               ; dffg            ; work         ;
;          |dffg:\G_NBit_Reg:10:RegI|              ; 0 (0)               ; 1 (1)                     ; 0           ; 0            ; 0       ; 0         ; 0    ; 0            ; |RISCV_Processor|ID_EX:ID_EX_REG|reg_N:RS1_DATA_REG|dffg:\G_NBit_Reg:10:RegI                                              ; dffg            ; work         ;
;          |dffg:\G_NBit_Reg:11:RegI|              ; 0 (0)               ; 1 (1)                     ; 0           ; 0            ; 0       ; 0         ; 0    ; 0            ; |RISCV_Processor|ID_EX:ID_EX_REG|reg_N:RS1_DATA_REG|dffg:\G_NBit_Reg:11:RegI                                              ; dffg            ; work         ;
;          |dffg:\G_NBit_Reg:12:RegI|              ; 0 (0)               ; 1 (1)                     ; 0           ; 0            ; 0       ; 0         ; 0    ; 0            ; |RISCV_Processor|ID_EX:ID_EX_REG|reg_N:RS1_DATA_REG|dffg:\G_NBit_Reg:12:RegI                                              ; dffg            ; work         ;
;          |dffg:\G_NBit_Reg:13:RegI|              ; 6 (6)               ; 1 (1)                     ; 0           ; 0            ; 0       ; 0         ; 0    ; 0            ; |RISCV_Processor|ID_EX:ID_EX_REG|reg_N:RS1_DATA_REG|dffg:\G_NBit_Reg:13:RegI                                              ; dffg            ; work         ;
;          |dffg:\G_NBit_Reg:14:RegI|              ; 0 (0)               ; 1 (1)                     ; 0           ; 0            ; 0       ; 0         ; 0    ; 0            ; |RISCV_Processor|ID_EX:ID_EX_REG|reg_N:RS1_DATA_REG|dffg:\G_NBit_Reg:14:RegI                                              ; dffg            ; work         ;
;          |dffg:\G_NBit_Reg:15:RegI|              ; 0 (0)               ; 1 (1)                     ; 0           ; 0            ; 0       ; 0         ; 0    ; 0            ; |RISCV_Processor|ID_EX:ID_EX_REG|reg_N:RS1_DATA_REG|dffg:\G_NBit_Reg:15:RegI                                              ; dffg            ; work         ;
;          |dffg:\G_NBit_Reg:16:RegI|              ; 0 (0)               ; 1 (1)                     ; 0           ; 0            ; 0       ; 0         ; 0    ; 0            ; |RISCV_Processor|ID_EX:ID_EX_REG|reg_N:RS1_DATA_REG|dffg:\G_NBit_Reg:16:RegI                                              ; dffg            ; work         ;
;          |dffg:\G_NBit_Reg:17:RegI|              ; 0 (0)               ; 1 (1)                     ; 0           ; 0            ; 0       ; 0         ; 0    ; 0            ; |RISCV_Processor|ID_EX:ID_EX_REG|reg_N:RS1_DATA_REG|dffg:\G_NBit_Reg:17:RegI                                              ; dffg            ; work         ;
;          |dffg:\G_NBit_Reg:18:RegI|              ; 0 (0)               ; 1 (1)                     ; 0           ; 0            ; 0       ; 0         ; 0    ; 0            ; |RISCV_Processor|ID_EX:ID_EX_REG|reg_N:RS1_DATA_REG|dffg:\G_NBit_Reg:18:RegI                                              ; dffg            ; work         ;
;          |dffg:\G_NBit_Reg:19:RegI|              ; 0 (0)               ; 1 (1)                     ; 0           ; 0            ; 0       ; 0         ; 0    ; 0            ; |RISCV_Processor|ID_EX:ID_EX_REG|reg_N:RS1_DATA_REG|dffg:\G_NBit_Reg:19:RegI                                              ; dffg            ; work         ;
;          |dffg:\G_NBit_Reg:1:RegI|               ; 0 (0)               ; 1 (1)                     ; 0           ; 0            ; 0       ; 0         ; 0    ; 0            ; |RISCV_Processor|ID_EX:ID_EX_REG|reg_N:RS1_DATA_REG|dffg:\G_NBit_Reg:1:RegI                                               ; dffg            ; work         ;
;          |dffg:\G_NBit_Reg:20:RegI|              ; 0 (0)               ; 1 (1)                     ; 0           ; 0            ; 0       ; 0         ; 0    ; 0            ; |RISCV_Processor|ID_EX:ID_EX_REG|reg_N:RS1_DATA_REG|dffg:\G_NBit_Reg:20:RegI                                              ; dffg            ; work         ;
;          |dffg:\G_NBit_Reg:21:RegI|              ; 0 (0)               ; 1 (1)                     ; 0           ; 0            ; 0       ; 0         ; 0    ; 0            ; |RISCV_Processor|ID_EX:ID_EX_REG|reg_N:RS1_DATA_REG|dffg:\G_NBit_Reg:21:RegI                                              ; dffg            ; work         ;
;          |dffg:\G_NBit_Reg:22:RegI|              ; 0 (0)               ; 1 (1)                     ; 0           ; 0            ; 0       ; 0         ; 0    ; 0            ; |RISCV_Processor|ID_EX:ID_EX_REG|reg_N:RS1_DATA_REG|dffg:\G_NBit_Reg:22:RegI                                              ; dffg            ; work         ;
;          |dffg:\G_NBit_Reg:23:RegI|              ; 0 (0)               ; 1 (1)                     ; 0           ; 0            ; 0       ; 0         ; 0    ; 0            ; |RISCV_Processor|ID_EX:ID_EX_REG|reg_N:RS1_DATA_REG|dffg:\G_NBit_Reg:23:RegI                                              ; dffg            ; work         ;
;          |dffg:\G_NBit_Reg:24:RegI|              ; 0 (0)               ; 1 (1)                     ; 0           ; 0            ; 0       ; 0         ; 0    ; 0            ; |RISCV_Processor|ID_EX:ID_EX_REG|reg_N:RS1_DATA_REG|dffg:\G_NBit_Reg:24:RegI                                              ; dffg            ; work         ;
;          |dffg:\G_NBit_Reg:25:RegI|              ; 0 (0)               ; 1 (1)                     ; 0           ; 0            ; 0       ; 0         ; 0    ; 0            ; |RISCV_Processor|ID_EX:ID_EX_REG|reg_N:RS1_DATA_REG|dffg:\G_NBit_Reg:25:RegI                                              ; dffg            ; work         ;
;          |dffg:\G_NBit_Reg:26:RegI|              ; 0 (0)               ; 1 (1)                     ; 0           ; 0            ; 0       ; 0         ; 0    ; 0            ; |RISCV_Processor|ID_EX:ID_EX_REG|reg_N:RS1_DATA_REG|dffg:\G_NBit_Reg:26:RegI                                              ; dffg            ; work         ;
;          |dffg:\G_NBit_Reg:27:RegI|              ; 0 (0)               ; 1 (1)                     ; 0           ; 0            ; 0       ; 0         ; 0    ; 0            ; |RISCV_Processor|ID_EX:ID_EX_REG|reg_N:RS1_DATA_REG|dffg:\G_NBit_Reg:27:RegI                                              ; dffg            ; work         ;
;          |dffg:\G_NBit_Reg:28:RegI|              ; 0 (0)               ; 1 (1)                     ; 0           ; 0            ; 0       ; 0         ; 0    ; 0            ; |RISCV_Processor|ID_EX:ID_EX_REG|reg_N:RS1_DATA_REG|dffg:\G_NBit_Reg:28:RegI                                              ; dffg            ; work         ;
;          |dffg:\G_NBit_Reg:29:RegI|              ; 0 (0)               ; 1 (1)                     ; 0           ; 0            ; 0       ; 0         ; 0    ; 0            ; |RISCV_Processor|ID_EX:ID_EX_REG|reg_N:RS1_DATA_REG|dffg:\G_NBit_Reg:29:RegI                                              ; dffg            ; work         ;
;          |dffg:\G_NBit_Reg:2:RegI|               ; 0 (0)               ; 1 (1)                     ; 0           ; 0            ; 0       ; 0         ; 0    ; 0            ; |RISCV_Processor|ID_EX:ID_EX_REG|reg_N:RS1_DATA_REG|dffg:\G_NBit_Reg:2:RegI                                               ; dffg            ; work         ;
;          |dffg:\G_NBit_Reg:30:RegI|              ; 0 (0)               ; 1 (1)                     ; 0           ; 0            ; 0       ; 0         ; 0    ; 0            ; |RISCV_Processor|ID_EX:ID_EX_REG|reg_N:RS1_DATA_REG|dffg:\G_NBit_Reg:30:RegI                                              ; dffg            ; work         ;
;          |dffg:\G_NBit_Reg:31:RegI|              ; 0 (0)               ; 1 (1)                     ; 0           ; 0            ; 0       ; 0         ; 0    ; 0            ; |RISCV_Processor|ID_EX:ID_EX_REG|reg_N:RS1_DATA_REG|dffg:\G_NBit_Reg:31:RegI                                              ; dffg            ; work         ;
;          |dffg:\G_NBit_Reg:3:RegI|               ; 0 (0)               ; 1 (1)                     ; 0           ; 0            ; 0       ; 0         ; 0    ; 0            ; |RISCV_Processor|ID_EX:ID_EX_REG|reg_N:RS1_DATA_REG|dffg:\G_NBit_Reg:3:RegI                                               ; dffg            ; work         ;
;          |dffg:\G_NBit_Reg:4:RegI|               ; 0 (0)               ; 1 (1)                     ; 0           ; 0            ; 0       ; 0         ; 0    ; 0            ; |RISCV_Processor|ID_EX:ID_EX_REG|reg_N:RS1_DATA_REG|dffg:\G_NBit_Reg:4:RegI                                               ; dffg            ; work         ;
;          |dffg:\G_NBit_Reg:5:RegI|               ; 0 (0)               ; 1 (1)                     ; 0           ; 0            ; 0       ; 0         ; 0    ; 0            ; |RISCV_Processor|ID_EX:ID_EX_REG|reg_N:RS1_DATA_REG|dffg:\G_NBit_Reg:5:RegI                                               ; dffg            ; work         ;
;          |dffg:\G_NBit_Reg:6:RegI|               ; 0 (0)               ; 1 (1)                     ; 0           ; 0            ; 0       ; 0         ; 0    ; 0            ; |RISCV_Processor|ID_EX:ID_EX_REG|reg_N:RS1_DATA_REG|dffg:\G_NBit_Reg:6:RegI                                               ; dffg            ; work         ;
;          |dffg:\G_NBit_Reg:7:RegI|               ; 0 (0)               ; 1 (1)                     ; 0           ; 0            ; 0       ; 0         ; 0    ; 0            ; |RISCV_Processor|ID_EX:ID_EX_REG|reg_N:RS1_DATA_REG|dffg:\G_NBit_Reg:7:RegI                                               ; dffg            ; work         ;
;          |dffg:\G_NBit_Reg:8:RegI|               ; 0 (0)               ; 1 (1)                     ; 0           ; 0            ; 0       ; 0         ; 0    ; 0            ; |RISCV_Processor|ID_EX:ID_EX_REG|reg_N:RS1_DATA_REG|dffg:\G_NBit_Reg:8:RegI                                               ; dffg            ; work         ;
;          |dffg:\G_NBit_Reg:9:RegI|               ; 0 (0)               ; 1 (1)                     ; 0           ; 0            ; 0       ; 0         ; 0    ; 0            ; |RISCV_Processor|ID_EX:ID_EX_REG|reg_N:RS1_DATA_REG|dffg:\G_NBit_Reg:9:RegI                                               ; dffg            ; work         ;
;       |reg_N:RS2_DATA_REG|                       ; 7 (0)               ; 32 (0)                    ; 0           ; 0            ; 0       ; 0         ; 0    ; 0            ; |RISCV_Processor|ID_EX:ID_EX_REG|reg_N:RS2_DATA_REG                                                                       ; reg_N           ; work         ;
;          |dffg:\G_NBit_Reg:0:RegI|               ; 0 (0)               ; 1 (1)                     ; 0           ; 0            ; 0       ; 0         ; 0    ; 0            ; |RISCV_Processor|ID_EX:ID_EX_REG|reg_N:RS2_DATA_REG|dffg:\G_NBit_Reg:0:RegI                                               ; dffg            ; work         ;
;          |dffg:\G_NBit_Reg:10:RegI|              ; 0 (0)               ; 1 (1)                     ; 0           ; 0            ; 0       ; 0         ; 0    ; 0            ; |RISCV_Processor|ID_EX:ID_EX_REG|reg_N:RS2_DATA_REG|dffg:\G_NBit_Reg:10:RegI                                              ; dffg            ; work         ;
;          |dffg:\G_NBit_Reg:11:RegI|              ; 0 (0)               ; 1 (1)                     ; 0           ; 0            ; 0       ; 0         ; 0    ; 0            ; |RISCV_Processor|ID_EX:ID_EX_REG|reg_N:RS2_DATA_REG|dffg:\G_NBit_Reg:11:RegI                                              ; dffg            ; work         ;
;          |dffg:\G_NBit_Reg:12:RegI|              ; 0 (0)               ; 1 (1)                     ; 0           ; 0            ; 0       ; 0         ; 0    ; 0            ; |RISCV_Processor|ID_EX:ID_EX_REG|reg_N:RS2_DATA_REG|dffg:\G_NBit_Reg:12:RegI                                              ; dffg            ; work         ;
;          |dffg:\G_NBit_Reg:13:RegI|              ; 0 (0)               ; 1 (1)                     ; 0           ; 0            ; 0       ; 0         ; 0    ; 0            ; |RISCV_Processor|ID_EX:ID_EX_REG|reg_N:RS2_DATA_REG|dffg:\G_NBit_Reg:13:RegI                                              ; dffg            ; work         ;
;          |dffg:\G_NBit_Reg:14:RegI|              ; 0 (0)               ; 1 (1)                     ; 0           ; 0            ; 0       ; 0         ; 0    ; 0            ; |RISCV_Processor|ID_EX:ID_EX_REG|reg_N:RS2_DATA_REG|dffg:\G_NBit_Reg:14:RegI                                              ; dffg            ; work         ;
;          |dffg:\G_NBit_Reg:15:RegI|              ; 0 (0)               ; 1 (1)                     ; 0           ; 0            ; 0       ; 0         ; 0    ; 0            ; |RISCV_Processor|ID_EX:ID_EX_REG|reg_N:RS2_DATA_REG|dffg:\G_NBit_Reg:15:RegI                                              ; dffg            ; work         ;
;          |dffg:\G_NBit_Reg:16:RegI|              ; 0 (0)               ; 1 (1)                     ; 0           ; 0            ; 0       ; 0         ; 0    ; 0            ; |RISCV_Processor|ID_EX:ID_EX_REG|reg_N:RS2_DATA_REG|dffg:\G_NBit_Reg:16:RegI                                              ; dffg            ; work         ;
;          |dffg:\G_NBit_Reg:17:RegI|              ; 7 (7)               ; 1 (1)                     ; 0           ; 0            ; 0       ; 0         ; 0    ; 0            ; |RISCV_Processor|ID_EX:ID_EX_REG|reg_N:RS2_DATA_REG|dffg:\G_NBit_Reg:17:RegI                                              ; dffg            ; work         ;
;          |dffg:\G_NBit_Reg:18:RegI|              ; 0 (0)               ; 1 (1)                     ; 0           ; 0            ; 0       ; 0         ; 0    ; 0            ; |RISCV_Processor|ID_EX:ID_EX_REG|reg_N:RS2_DATA_REG|dffg:\G_NBit_Reg:18:RegI                                              ; dffg            ; work         ;
;          |dffg:\G_NBit_Reg:19:RegI|              ; 0 (0)               ; 1 (1)                     ; 0           ; 0            ; 0       ; 0         ; 0    ; 0            ; |RISCV_Processor|ID_EX:ID_EX_REG|reg_N:RS2_DATA_REG|dffg:\G_NBit_Reg:19:RegI                                              ; dffg            ; work         ;
;          |dffg:\G_NBit_Reg:1:RegI|               ; 0 (0)               ; 1 (1)                     ; 0           ; 0            ; 0       ; 0         ; 0    ; 0            ; |RISCV_Processor|ID_EX:ID_EX_REG|reg_N:RS2_DATA_REG|dffg:\G_NBit_Reg:1:RegI                                               ; dffg            ; work         ;
;          |dffg:\G_NBit_Reg:20:RegI|              ; 0 (0)               ; 1 (1)                     ; 0           ; 0            ; 0       ; 0         ; 0    ; 0            ; |RISCV_Processor|ID_EX:ID_EX_REG|reg_N:RS2_DATA_REG|dffg:\G_NBit_Reg:20:RegI                                              ; dffg            ; work         ;
;          |dffg:\G_NBit_Reg:21:RegI|              ; 0 (0)               ; 1 (1)                     ; 0           ; 0            ; 0       ; 0         ; 0    ; 0            ; |RISCV_Processor|ID_EX:ID_EX_REG|reg_N:RS2_DATA_REG|dffg:\G_NBit_Reg:21:RegI                                              ; dffg            ; work         ;
;          |dffg:\G_NBit_Reg:22:RegI|              ; 0 (0)               ; 1 (1)                     ; 0           ; 0            ; 0       ; 0         ; 0    ; 0            ; |RISCV_Processor|ID_EX:ID_EX_REG|reg_N:RS2_DATA_REG|dffg:\G_NBit_Reg:22:RegI                                              ; dffg            ; work         ;
;          |dffg:\G_NBit_Reg:23:RegI|              ; 0 (0)               ; 1 (1)                     ; 0           ; 0            ; 0       ; 0         ; 0    ; 0            ; |RISCV_Processor|ID_EX:ID_EX_REG|reg_N:RS2_DATA_REG|dffg:\G_NBit_Reg:23:RegI                                              ; dffg            ; work         ;
;          |dffg:\G_NBit_Reg:24:RegI|              ; 0 (0)               ; 1 (1)                     ; 0           ; 0            ; 0       ; 0         ; 0    ; 0            ; |RISCV_Processor|ID_EX:ID_EX_REG|reg_N:RS2_DATA_REG|dffg:\G_NBit_Reg:24:RegI                                              ; dffg            ; work         ;
;          |dffg:\G_NBit_Reg:25:RegI|              ; 0 (0)               ; 1 (1)                     ; 0           ; 0            ; 0       ; 0         ; 0    ; 0            ; |RISCV_Processor|ID_EX:ID_EX_REG|reg_N:RS2_DATA_REG|dffg:\G_NBit_Reg:25:RegI                                              ; dffg            ; work         ;
;          |dffg:\G_NBit_Reg:26:RegI|              ; 0 (0)               ; 1 (1)                     ; 0           ; 0            ; 0       ; 0         ; 0    ; 0            ; |RISCV_Processor|ID_EX:ID_EX_REG|reg_N:RS2_DATA_REG|dffg:\G_NBit_Reg:26:RegI                                              ; dffg            ; work         ;
;          |dffg:\G_NBit_Reg:27:RegI|              ; 0 (0)               ; 1 (1)                     ; 0           ; 0            ; 0       ; 0         ; 0    ; 0            ; |RISCV_Processor|ID_EX:ID_EX_REG|reg_N:RS2_DATA_REG|dffg:\G_NBit_Reg:27:RegI                                              ; dffg            ; work         ;
;          |dffg:\G_NBit_Reg:28:RegI|              ; 0 (0)               ; 1 (1)                     ; 0           ; 0            ; 0       ; 0         ; 0    ; 0            ; |RISCV_Processor|ID_EX:ID_EX_REG|reg_N:RS2_DATA_REG|dffg:\G_NBit_Reg:28:RegI                                              ; dffg            ; work         ;
;          |dffg:\G_NBit_Reg:29:RegI|              ; 0 (0)               ; 1 (1)                     ; 0           ; 0            ; 0       ; 0         ; 0    ; 0            ; |RISCV_Processor|ID_EX:ID_EX_REG|reg_N:RS2_DATA_REG|dffg:\G_NBit_Reg:29:RegI                                              ; dffg            ; work         ;
;          |dffg:\G_NBit_Reg:2:RegI|               ; 0 (0)               ; 1 (1)                     ; 0           ; 0            ; 0       ; 0         ; 0    ; 0            ; |RISCV_Processor|ID_EX:ID_EX_REG|reg_N:RS2_DATA_REG|dffg:\G_NBit_Reg:2:RegI                                               ; dffg            ; work         ;
;          |dffg:\G_NBit_Reg:30:RegI|              ; 0 (0)               ; 1 (1)                     ; 0           ; 0            ; 0       ; 0         ; 0    ; 0            ; |RISCV_Processor|ID_EX:ID_EX_REG|reg_N:RS2_DATA_REG|dffg:\G_NBit_Reg:30:RegI                                              ; dffg            ; work         ;
;          |dffg:\G_NBit_Reg:31:RegI|              ; 0 (0)               ; 1 (1)                     ; 0           ; 0            ; 0       ; 0         ; 0    ; 0            ; |RISCV_Processor|ID_EX:ID_EX_REG|reg_N:RS2_DATA_REG|dffg:\G_NBit_Reg:31:RegI                                              ; dffg            ; work         ;
;          |dffg:\G_NBit_Reg:3:RegI|               ; 0 (0)               ; 1 (1)                     ; 0           ; 0            ; 0       ; 0         ; 0    ; 0            ; |RISCV_Processor|ID_EX:ID_EX_REG|reg_N:RS2_DATA_REG|dffg:\G_NBit_Reg:3:RegI                                               ; dffg            ; work         ;
;          |dffg:\G_NBit_Reg:4:RegI|               ; 0 (0)               ; 1 (1)                     ; 0           ; 0            ; 0       ; 0         ; 0    ; 0            ; |RISCV_Processor|ID_EX:ID_EX_REG|reg_N:RS2_DATA_REG|dffg:\G_NBit_Reg:4:RegI                                               ; dffg            ; work         ;
;          |dffg:\G_NBit_Reg:5:RegI|               ; 0 (0)               ; 1 (1)                     ; 0           ; 0            ; 0       ; 0         ; 0    ; 0            ; |RISCV_Processor|ID_EX:ID_EX_REG|reg_N:RS2_DATA_REG|dffg:\G_NBit_Reg:5:RegI                                               ; dffg            ; work         ;
;          |dffg:\G_NBit_Reg:6:RegI|               ; 0 (0)               ; 1 (1)                     ; 0           ; 0            ; 0       ; 0         ; 0    ; 0            ; |RISCV_Processor|ID_EX:ID_EX_REG|reg_N:RS2_DATA_REG|dffg:\G_NBit_Reg:6:RegI                                               ; dffg            ; work         ;
;          |dffg:\G_NBit_Reg:7:RegI|               ; 0 (0)               ; 1 (1)                     ; 0           ; 0            ; 0       ; 0         ; 0    ; 0            ; |RISCV_Processor|ID_EX:ID_EX_REG|reg_N:RS2_DATA_REG|dffg:\G_NBit_Reg:7:RegI                                               ; dffg            ; work         ;
;          |dffg:\G_NBit_Reg:8:RegI|               ; 0 (0)               ; 1 (1)                     ; 0           ; 0            ; 0       ; 0         ; 0    ; 0            ; |RISCV_Processor|ID_EX:ID_EX_REG|reg_N:RS2_DATA_REG|dffg:\G_NBit_Reg:8:RegI                                               ; dffg            ; work         ;
;          |dffg:\G_NBit_Reg:9:RegI|               ; 0 (0)               ; 1 (1)                     ; 0           ; 0            ; 0       ; 0         ; 0    ; 0            ; |RISCV_Processor|ID_EX:ID_EX_REG|reg_N:RS2_DATA_REG|dffg:\G_NBit_Reg:9:RegI                                               ; dffg            ; work         ;
;    |IF_ID:IF_ID_REG|                             ; 0 (0)               ; 32 (0)                    ; 0           ; 0            ; 0       ; 0         ; 0    ; 0            ; |RISCV_Processor|IF_ID:IF_ID_REG                                                                                          ; IF_ID           ; work         ;
;       |reg_N:PC_REG|                             ; 0 (0)               ; 32 (0)                    ; 0           ; 0            ; 0       ; 0         ; 0    ; 0            ; |RISCV_Processor|IF_ID:IF_ID_REG|reg_N:PC_REG                                                                             ; reg_N           ; work         ;
;          |dffg:\G_NBit_Reg:0:RegI|               ; 0 (0)               ; 1 (1)                     ; 0           ; 0            ; 0       ; 0         ; 0    ; 0            ; |RISCV_Processor|IF_ID:IF_ID_REG|reg_N:PC_REG|dffg:\G_NBit_Reg:0:RegI                                                     ; dffg            ; work         ;
;          |dffg:\G_NBit_Reg:10:RegI|              ; 0 (0)               ; 1 (1)                     ; 0           ; 0            ; 0       ; 0         ; 0    ; 0            ; |RISCV_Processor|IF_ID:IF_ID_REG|reg_N:PC_REG|dffg:\G_NBit_Reg:10:RegI                                                    ; dffg            ; work         ;
;          |dffg:\G_NBit_Reg:11:RegI|              ; 0 (0)               ; 1 (1)                     ; 0           ; 0            ; 0       ; 0         ; 0    ; 0            ; |RISCV_Processor|IF_ID:IF_ID_REG|reg_N:PC_REG|dffg:\G_NBit_Reg:11:RegI                                                    ; dffg            ; work         ;
;          |dffg:\G_NBit_Reg:12:RegI|              ; 0 (0)               ; 1 (1)                     ; 0           ; 0            ; 0       ; 0         ; 0    ; 0            ; |RISCV_Processor|IF_ID:IF_ID_REG|reg_N:PC_REG|dffg:\G_NBit_Reg:12:RegI                                                    ; dffg            ; work         ;
;          |dffg:\G_NBit_Reg:13:RegI|              ; 0 (0)               ; 1 (1)                     ; 0           ; 0            ; 0       ; 0         ; 0    ; 0            ; |RISCV_Processor|IF_ID:IF_ID_REG|reg_N:PC_REG|dffg:\G_NBit_Reg:13:RegI                                                    ; dffg            ; work         ;
;          |dffg:\G_NBit_Reg:14:RegI|              ; 0 (0)               ; 1 (1)                     ; 0           ; 0            ; 0       ; 0         ; 0    ; 0            ; |RISCV_Processor|IF_ID:IF_ID_REG|reg_N:PC_REG|dffg:\G_NBit_Reg:14:RegI                                                    ; dffg            ; work         ;
;          |dffg:\G_NBit_Reg:15:RegI|              ; 0 (0)               ; 1 (1)                     ; 0           ; 0            ; 0       ; 0         ; 0    ; 0            ; |RISCV_Processor|IF_ID:IF_ID_REG|reg_N:PC_REG|dffg:\G_NBit_Reg:15:RegI                                                    ; dffg            ; work         ;
;          |dffg:\G_NBit_Reg:16:RegI|              ; 0 (0)               ; 1 (1)                     ; 0           ; 0            ; 0       ; 0         ; 0    ; 0            ; |RISCV_Processor|IF_ID:IF_ID_REG|reg_N:PC_REG|dffg:\G_NBit_Reg:16:RegI                                                    ; dffg            ; work         ;
;          |dffg:\G_NBit_Reg:17:RegI|              ; 0 (0)               ; 1 (1)                     ; 0           ; 0            ; 0       ; 0         ; 0    ; 0            ; |RISCV_Processor|IF_ID:IF_ID_REG|reg_N:PC_REG|dffg:\G_NBit_Reg:17:RegI                                                    ; dffg            ; work         ;
;          |dffg:\G_NBit_Reg:18:RegI|              ; 0 (0)               ; 1 (1)                     ; 0           ; 0            ; 0       ; 0         ; 0    ; 0            ; |RISCV_Processor|IF_ID:IF_ID_REG|reg_N:PC_REG|dffg:\G_NBit_Reg:18:RegI                                                    ; dffg            ; work         ;
;          |dffg:\G_NBit_Reg:19:RegI|              ; 0 (0)               ; 1 (1)                     ; 0           ; 0            ; 0       ; 0         ; 0    ; 0            ; |RISCV_Processor|IF_ID:IF_ID_REG|reg_N:PC_REG|dffg:\G_NBit_Reg:19:RegI                                                    ; dffg            ; work         ;
;          |dffg:\G_NBit_Reg:1:RegI|               ; 0 (0)               ; 1 (1)                     ; 0           ; 0            ; 0       ; 0         ; 0    ; 0            ; |RISCV_Processor|IF_ID:IF_ID_REG|reg_N:PC_REG|dffg:\G_NBit_Reg:1:RegI                                                     ; dffg            ; work         ;
;          |dffg:\G_NBit_Reg:20:RegI|              ; 0 (0)               ; 1 (1)                     ; 0           ; 0            ; 0       ; 0         ; 0    ; 0            ; |RISCV_Processor|IF_ID:IF_ID_REG|reg_N:PC_REG|dffg:\G_NBit_Reg:20:RegI                                                    ; dffg            ; work         ;
;          |dffg:\G_NBit_Reg:21:RegI|              ; 0 (0)               ; 1 (1)                     ; 0           ; 0            ; 0       ; 0         ; 0    ; 0            ; |RISCV_Processor|IF_ID:IF_ID_REG|reg_N:PC_REG|dffg:\G_NBit_Reg:21:RegI                                                    ; dffg            ; work         ;
;          |dffg:\G_NBit_Reg:22:RegI|              ; 0 (0)               ; 1 (1)                     ; 0           ; 0            ; 0       ; 0         ; 0    ; 0            ; |RISCV_Processor|IF_ID:IF_ID_REG|reg_N:PC_REG|dffg:\G_NBit_Reg:22:RegI                                                    ; dffg            ; work         ;
;          |dffg:\G_NBit_Reg:23:RegI|              ; 0 (0)               ; 1 (1)                     ; 0           ; 0            ; 0       ; 0         ; 0    ; 0            ; |RISCV_Processor|IF_ID:IF_ID_REG|reg_N:PC_REG|dffg:\G_NBit_Reg:23:RegI                                                    ; dffg            ; work         ;
;          |dffg:\G_NBit_Reg:24:RegI|              ; 0 (0)               ; 1 (1)                     ; 0           ; 0            ; 0       ; 0         ; 0    ; 0            ; |RISCV_Processor|IF_ID:IF_ID_REG|reg_N:PC_REG|dffg:\G_NBit_Reg:24:RegI                                                    ; dffg            ; work         ;
;          |dffg:\G_NBit_Reg:25:RegI|              ; 0 (0)               ; 1 (1)                     ; 0           ; 0            ; 0       ; 0         ; 0    ; 0            ; |RISCV_Processor|IF_ID:IF_ID_REG|reg_N:PC_REG|dffg:\G_NBit_Reg:25:RegI                                                    ; dffg            ; work         ;
;          |dffg:\G_NBit_Reg:26:RegI|              ; 0 (0)               ; 1 (1)                     ; 0           ; 0            ; 0       ; 0         ; 0    ; 0            ; |RISCV_Processor|IF_ID:IF_ID_REG|reg_N:PC_REG|dffg:\G_NBit_Reg:26:RegI                                                    ; dffg            ; work         ;
;          |dffg:\G_NBit_Reg:27:RegI|              ; 0 (0)               ; 1 (1)                     ; 0           ; 0            ; 0       ; 0         ; 0    ; 0            ; |RISCV_Processor|IF_ID:IF_ID_REG|reg_N:PC_REG|dffg:\G_NBit_Reg:27:RegI                                                    ; dffg            ; work         ;
;          |dffg:\G_NBit_Reg:28:RegI|              ; 0 (0)               ; 1 (1)                     ; 0           ; 0            ; 0       ; 0         ; 0    ; 0            ; |RISCV_Processor|IF_ID:IF_ID_REG|reg_N:PC_REG|dffg:\G_NBit_Reg:28:RegI                                                    ; dffg            ; work         ;
;          |dffg:\G_NBit_Reg:29:RegI|              ; 0 (0)               ; 1 (1)                     ; 0           ; 0            ; 0       ; 0         ; 0    ; 0            ; |RISCV_Processor|IF_ID:IF_ID_REG|reg_N:PC_REG|dffg:\G_NBit_Reg:29:RegI                                                    ; dffg            ; work         ;
;          |dffg:\G_NBit_Reg:2:RegI|               ; 0 (0)               ; 1 (1)                     ; 0           ; 0            ; 0       ; 0         ; 0    ; 0            ; |RISCV_Processor|IF_ID:IF_ID_REG|reg_N:PC_REG|dffg:\G_NBit_Reg:2:RegI                                                     ; dffg            ; work         ;
;          |dffg:\G_NBit_Reg:30:RegI|              ; 0 (0)               ; 1 (1)                     ; 0           ; 0            ; 0       ; 0         ; 0    ; 0            ; |RISCV_Processor|IF_ID:IF_ID_REG|reg_N:PC_REG|dffg:\G_NBit_Reg:30:RegI                                                    ; dffg            ; work         ;
;          |dffg:\G_NBit_Reg:31:RegI|              ; 0 (0)               ; 1 (1)                     ; 0           ; 0            ; 0       ; 0         ; 0    ; 0            ; |RISCV_Processor|IF_ID:IF_ID_REG|reg_N:PC_REG|dffg:\G_NBit_Reg:31:RegI                                                    ; dffg            ; work         ;
;          |dffg:\G_NBit_Reg:3:RegI|               ; 0 (0)               ; 1 (1)                     ; 0           ; 0            ; 0       ; 0         ; 0    ; 0            ; |RISCV_Processor|IF_ID:IF_ID_REG|reg_N:PC_REG|dffg:\G_NBit_Reg:3:RegI                                                     ; dffg            ; work         ;
;          |dffg:\G_NBit_Reg:4:RegI|               ; 0 (0)               ; 1 (1)                     ; 0           ; 0            ; 0       ; 0         ; 0    ; 0            ; |RISCV_Processor|IF_ID:IF_ID_REG|reg_N:PC_REG|dffg:\G_NBit_Reg:4:RegI                                                     ; dffg            ; work         ;
;          |dffg:\G_NBit_Reg:5:RegI|               ; 0 (0)               ; 1 (1)                     ; 0           ; 0            ; 0       ; 0         ; 0    ; 0            ; |RISCV_Processor|IF_ID:IF_ID_REG|reg_N:PC_REG|dffg:\G_NBit_Reg:5:RegI                                                     ; dffg            ; work         ;
;          |dffg:\G_NBit_Reg:6:RegI|               ; 0 (0)               ; 1 (1)                     ; 0           ; 0            ; 0       ; 0         ; 0    ; 0            ; |RISCV_Processor|IF_ID:IF_ID_REG|reg_N:PC_REG|dffg:\G_NBit_Reg:6:RegI                                                     ; dffg            ; work         ;
;          |dffg:\G_NBit_Reg:7:RegI|               ; 0 (0)               ; 1 (1)                     ; 0           ; 0            ; 0       ; 0         ; 0    ; 0            ; |RISCV_Processor|IF_ID:IF_ID_REG|reg_N:PC_REG|dffg:\G_NBit_Reg:7:RegI                                                     ; dffg            ; work         ;
;          |dffg:\G_NBit_Reg:8:RegI|               ; 0 (0)               ; 1 (1)                     ; 0           ; 0            ; 0       ; 0         ; 0    ; 0            ; |RISCV_Processor|IF_ID:IF_ID_REG|reg_N:PC_REG|dffg:\G_NBit_Reg:8:RegI                                                     ; dffg            ; work         ;
;          |dffg:\G_NBit_Reg:9:RegI|               ; 0 (0)               ; 1 (1)                     ; 0           ; 0            ; 0       ; 0         ; 0    ; 0            ; |RISCV_Processor|IF_ID:IF_ID_REG|reg_N:PC_REG|dffg:\G_NBit_Reg:9:RegI                                                     ; dffg            ; work         ;
;    |MEM_WB:MEM_WB_REG|                           ; 1 (0)               ; 72 (0)                    ; 0           ; 0            ; 0       ; 0         ; 0    ; 0            ; |RISCV_Processor|MEM_WB:MEM_WB_REG                                                                                        ; MEM_WB          ; work         ;
;       |dffg:HALT_REG|                            ; 0 (0)               ; 1 (1)                     ; 0           ; 0            ; 0       ; 0         ; 0    ; 0            ; |RISCV_Processor|MEM_WB:MEM_WB_REG|dffg:HALT_REG                                                                          ; dffg            ; work         ;
;       |dffg:MEMREG_REG|                          ; 0 (0)               ; 1 (1)                     ; 0           ; 0            ; 0       ; 0         ; 0    ; 0            ; |RISCV_Processor|MEM_WB:MEM_WB_REG|dffg:MEMREG_REG                                                                        ; dffg            ; work         ;
;       |dffg:REGWR_REG|                           ; 0 (0)               ; 1 (1)                     ; 0           ; 0            ; 0       ; 0         ; 0    ; 0            ; |RISCV_Processor|MEM_WB:MEM_WB_REG|dffg:REGWR_REG                                                                         ; dffg            ; work         ;
;       |reg_N:ALU_RESULT_REG|                     ; 0 (0)               ; 32 (0)                    ; 0           ; 0            ; 0       ; 0         ; 0    ; 0            ; |RISCV_Processor|MEM_WB:MEM_WB_REG|reg_N:ALU_RESULT_REG                                                                   ; reg_N           ; work         ;
;          |dffg:\G_NBit_Reg:0:RegI|               ; 0 (0)               ; 1 (1)                     ; 0           ; 0            ; 0       ; 0         ; 0    ; 0            ; |RISCV_Processor|MEM_WB:MEM_WB_REG|reg_N:ALU_RESULT_REG|dffg:\G_NBit_Reg:0:RegI                                           ; dffg            ; work         ;
;          |dffg:\G_NBit_Reg:10:RegI|              ; 0 (0)               ; 1 (1)                     ; 0           ; 0            ; 0       ; 0         ; 0    ; 0            ; |RISCV_Processor|MEM_WB:MEM_WB_REG|reg_N:ALU_RESULT_REG|dffg:\G_NBit_Reg:10:RegI                                          ; dffg            ; work         ;
;          |dffg:\G_NBit_Reg:11:RegI|              ; 0 (0)               ; 1 (1)                     ; 0           ; 0            ; 0       ; 0         ; 0    ; 0            ; |RISCV_Processor|MEM_WB:MEM_WB_REG|reg_N:ALU_RESULT_REG|dffg:\G_NBit_Reg:11:RegI                                          ; dffg            ; work         ;
;          |dffg:\G_NBit_Reg:12:RegI|              ; 0 (0)               ; 1 (1)                     ; 0           ; 0            ; 0       ; 0         ; 0    ; 0            ; |RISCV_Processor|MEM_WB:MEM_WB_REG|reg_N:ALU_RESULT_REG|dffg:\G_NBit_Reg:12:RegI                                          ; dffg            ; work         ;
;          |dffg:\G_NBit_Reg:13:RegI|              ; 0 (0)               ; 1 (1)                     ; 0           ; 0            ; 0       ; 0         ; 0    ; 0            ; |RISCV_Processor|MEM_WB:MEM_WB_REG|reg_N:ALU_RESULT_REG|dffg:\G_NBit_Reg:13:RegI                                          ; dffg            ; work         ;
;          |dffg:\G_NBit_Reg:14:RegI|              ; 0 (0)               ; 1 (1)                     ; 0           ; 0            ; 0       ; 0         ; 0    ; 0            ; |RISCV_Processor|MEM_WB:MEM_WB_REG|reg_N:ALU_RESULT_REG|dffg:\G_NBit_Reg:14:RegI                                          ; dffg            ; work         ;
;          |dffg:\G_NBit_Reg:15:RegI|              ; 0 (0)               ; 1 (1)                     ; 0           ; 0            ; 0       ; 0         ; 0    ; 0            ; |RISCV_Processor|MEM_WB:MEM_WB_REG|reg_N:ALU_RESULT_REG|dffg:\G_NBit_Reg:15:RegI                                          ; dffg            ; work         ;
;          |dffg:\G_NBit_Reg:16:RegI|              ; 0 (0)               ; 1 (1)                     ; 0           ; 0            ; 0       ; 0         ; 0    ; 0            ; |RISCV_Processor|MEM_WB:MEM_WB_REG|reg_N:ALU_RESULT_REG|dffg:\G_NBit_Reg:16:RegI                                          ; dffg            ; work         ;
;          |dffg:\G_NBit_Reg:17:RegI|              ; 0 (0)               ; 1 (1)                     ; 0           ; 0            ; 0       ; 0         ; 0    ; 0            ; |RISCV_Processor|MEM_WB:MEM_WB_REG|reg_N:ALU_RESULT_REG|dffg:\G_NBit_Reg:17:RegI                                          ; dffg            ; work         ;
;          |dffg:\G_NBit_Reg:18:RegI|              ; 0 (0)               ; 1 (1)                     ; 0           ; 0            ; 0       ; 0         ; 0    ; 0            ; |RISCV_Processor|MEM_WB:MEM_WB_REG|reg_N:ALU_RESULT_REG|dffg:\G_NBit_Reg:18:RegI                                          ; dffg            ; work         ;
;          |dffg:\G_NBit_Reg:19:RegI|              ; 0 (0)               ; 1 (1)                     ; 0           ; 0            ; 0       ; 0         ; 0    ; 0            ; |RISCV_Processor|MEM_WB:MEM_WB_REG|reg_N:ALU_RESULT_REG|dffg:\G_NBit_Reg:19:RegI                                          ; dffg            ; work         ;
;          |dffg:\G_NBit_Reg:1:RegI|               ; 0 (0)               ; 1 (1)                     ; 0           ; 0            ; 0       ; 0         ; 0    ; 0            ; |RISCV_Processor|MEM_WB:MEM_WB_REG|reg_N:ALU_RESULT_REG|dffg:\G_NBit_Reg:1:RegI                                           ; dffg            ; work         ;
;          |dffg:\G_NBit_Reg:20:RegI|              ; 0 (0)               ; 1 (1)                     ; 0           ; 0            ; 0       ; 0         ; 0    ; 0            ; |RISCV_Processor|MEM_WB:MEM_WB_REG|reg_N:ALU_RESULT_REG|dffg:\G_NBit_Reg:20:RegI                                          ; dffg            ; work         ;
;          |dffg:\G_NBit_Reg:21:RegI|              ; 0 (0)               ; 1 (1)                     ; 0           ; 0            ; 0       ; 0         ; 0    ; 0            ; |RISCV_Processor|MEM_WB:MEM_WB_REG|reg_N:ALU_RESULT_REG|dffg:\G_NBit_Reg:21:RegI                                          ; dffg            ; work         ;
;          |dffg:\G_NBit_Reg:22:RegI|              ; 0 (0)               ; 1 (1)                     ; 0           ; 0            ; 0       ; 0         ; 0    ; 0            ; |RISCV_Processor|MEM_WB:MEM_WB_REG|reg_N:ALU_RESULT_REG|dffg:\G_NBit_Reg:22:RegI                                          ; dffg            ; work         ;
;          |dffg:\G_NBit_Reg:23:RegI|              ; 0 (0)               ; 1 (1)                     ; 0           ; 0            ; 0       ; 0         ; 0    ; 0            ; |RISCV_Processor|MEM_WB:MEM_WB_REG|reg_N:ALU_RESULT_REG|dffg:\G_NBit_Reg:23:RegI                                          ; dffg            ; work         ;
;          |dffg:\G_NBit_Reg:24:RegI|              ; 0 (0)               ; 1 (1)                     ; 0           ; 0            ; 0       ; 0         ; 0    ; 0            ; |RISCV_Processor|MEM_WB:MEM_WB_REG|reg_N:ALU_RESULT_REG|dffg:\G_NBit_Reg:24:RegI                                          ; dffg            ; work         ;
;          |dffg:\G_NBit_Reg:25:RegI|              ; 0 (0)               ; 1 (1)                     ; 0           ; 0            ; 0       ; 0         ; 0    ; 0            ; |RISCV_Processor|MEM_WB:MEM_WB_REG|reg_N:ALU_RESULT_REG|dffg:\G_NBit_Reg:25:RegI                                          ; dffg            ; work         ;
;          |dffg:\G_NBit_Reg:26:RegI|              ; 0 (0)               ; 1 (1)                     ; 0           ; 0            ; 0       ; 0         ; 0    ; 0            ; |RISCV_Processor|MEM_WB:MEM_WB_REG|reg_N:ALU_RESULT_REG|dffg:\G_NBit_Reg:26:RegI                                          ; dffg            ; work         ;
;          |dffg:\G_NBit_Reg:27:RegI|              ; 0 (0)               ; 1 (1)                     ; 0           ; 0            ; 0       ; 0         ; 0    ; 0            ; |RISCV_Processor|MEM_WB:MEM_WB_REG|reg_N:ALU_RESULT_REG|dffg:\G_NBit_Reg:27:RegI                                          ; dffg            ; work         ;
;          |dffg:\G_NBit_Reg:28:RegI|              ; 0 (0)               ; 1 (1)                     ; 0           ; 0            ; 0       ; 0         ; 0    ; 0            ; |RISCV_Processor|MEM_WB:MEM_WB_REG|reg_N:ALU_RESULT_REG|dffg:\G_NBit_Reg:28:RegI                                          ; dffg            ; work         ;
;          |dffg:\G_NBit_Reg:29:RegI|              ; 0 (0)               ; 1 (1)                     ; 0           ; 0            ; 0       ; 0         ; 0    ; 0            ; |RISCV_Processor|MEM_WB:MEM_WB_REG|reg_N:ALU_RESULT_REG|dffg:\G_NBit_Reg:29:RegI                                          ; dffg            ; work         ;
;          |dffg:\G_NBit_Reg:2:RegI|               ; 0 (0)               ; 1 (1)                     ; 0           ; 0            ; 0       ; 0         ; 0    ; 0            ; |RISCV_Processor|MEM_WB:MEM_WB_REG|reg_N:ALU_RESULT_REG|dffg:\G_NBit_Reg:2:RegI                                           ; dffg            ; work         ;
;          |dffg:\G_NBit_Reg:30:RegI|              ; 0 (0)               ; 1 (1)                     ; 0           ; 0            ; 0       ; 0         ; 0    ; 0            ; |RISCV_Processor|MEM_WB:MEM_WB_REG|reg_N:ALU_RESULT_REG|dffg:\G_NBit_Reg:30:RegI                                          ; dffg            ; work         ;
;          |dffg:\G_NBit_Reg:31:RegI|              ; 0 (0)               ; 1 (1)                     ; 0           ; 0            ; 0       ; 0         ; 0    ; 0            ; |RISCV_Processor|MEM_WB:MEM_WB_REG|reg_N:ALU_RESULT_REG|dffg:\G_NBit_Reg:31:RegI                                          ; dffg            ; work         ;
;          |dffg:\G_NBit_Reg:3:RegI|               ; 0 (0)               ; 1 (1)                     ; 0           ; 0            ; 0       ; 0         ; 0    ; 0            ; |RISCV_Processor|MEM_WB:MEM_WB_REG|reg_N:ALU_RESULT_REG|dffg:\G_NBit_Reg:3:RegI                                           ; dffg            ; work         ;
;          |dffg:\G_NBit_Reg:4:RegI|               ; 0 (0)               ; 1 (1)                     ; 0           ; 0            ; 0       ; 0         ; 0    ; 0            ; |RISCV_Processor|MEM_WB:MEM_WB_REG|reg_N:ALU_RESULT_REG|dffg:\G_NBit_Reg:4:RegI                                           ; dffg            ; work         ;
;          |dffg:\G_NBit_Reg:5:RegI|               ; 0 (0)               ; 1 (1)                     ; 0           ; 0            ; 0       ; 0         ; 0    ; 0            ; |RISCV_Processor|MEM_WB:MEM_WB_REG|reg_N:ALU_RESULT_REG|dffg:\G_NBit_Reg:5:RegI                                           ; dffg            ; work         ;
;          |dffg:\G_NBit_Reg:6:RegI|               ; 0 (0)               ; 1 (1)                     ; 0           ; 0            ; 0       ; 0         ; 0    ; 0            ; |RISCV_Processor|MEM_WB:MEM_WB_REG|reg_N:ALU_RESULT_REG|dffg:\G_NBit_Reg:6:RegI                                           ; dffg            ; work         ;
;          |dffg:\G_NBit_Reg:7:RegI|               ; 0 (0)               ; 1 (1)                     ; 0           ; 0            ; 0       ; 0         ; 0    ; 0            ; |RISCV_Processor|MEM_WB:MEM_WB_REG|reg_N:ALU_RESULT_REG|dffg:\G_NBit_Reg:7:RegI                                           ; dffg            ; work         ;
;          |dffg:\G_NBit_Reg:8:RegI|               ; 0 (0)               ; 1 (1)                     ; 0           ; 0            ; 0       ; 0         ; 0    ; 0            ; |RISCV_Processor|MEM_WB:MEM_WB_REG|reg_N:ALU_RESULT_REG|dffg:\G_NBit_Reg:8:RegI                                           ; dffg            ; work         ;
;          |dffg:\G_NBit_Reg:9:RegI|               ; 0 (0)               ; 1 (1)                     ; 0           ; 0            ; 0       ; 0         ; 0    ; 0            ; |RISCV_Processor|MEM_WB:MEM_WB_REG|reg_N:ALU_RESULT_REG|dffg:\G_NBit_Reg:9:RegI                                           ; dffg            ; work         ;
;       |reg_N:MEM_DATA_REG|                       ; 1 (0)               ; 32 (0)                    ; 0           ; 0            ; 0       ; 0         ; 0    ; 0            ; |RISCV_Processor|MEM_WB:MEM_WB_REG|reg_N:MEM_DATA_REG                                                                     ; reg_N           ; work         ;
;          |dffg:\G_NBit_Reg:0:RegI|               ; 0 (0)               ; 1 (1)                     ; 0           ; 0            ; 0       ; 0         ; 0    ; 0            ; |RISCV_Processor|MEM_WB:MEM_WB_REG|reg_N:MEM_DATA_REG|dffg:\G_NBit_Reg:0:RegI                                             ; dffg            ; work         ;
;          |dffg:\G_NBit_Reg:10:RegI|              ; 0 (0)               ; 1 (1)                     ; 0           ; 0            ; 0       ; 0         ; 0    ; 0            ; |RISCV_Processor|MEM_WB:MEM_WB_REG|reg_N:MEM_DATA_REG|dffg:\G_NBit_Reg:10:RegI                                            ; dffg            ; work         ;
;          |dffg:\G_NBit_Reg:11:RegI|              ; 0 (0)               ; 1 (1)                     ; 0           ; 0            ; 0       ; 0         ; 0    ; 0            ; |RISCV_Processor|MEM_WB:MEM_WB_REG|reg_N:MEM_DATA_REG|dffg:\G_NBit_Reg:11:RegI                                            ; dffg            ; work         ;
;          |dffg:\G_NBit_Reg:12:RegI|              ; 0 (0)               ; 1 (1)                     ; 0           ; 0            ; 0       ; 0         ; 0    ; 0            ; |RISCV_Processor|MEM_WB:MEM_WB_REG|reg_N:MEM_DATA_REG|dffg:\G_NBit_Reg:12:RegI                                            ; dffg            ; work         ;
;          |dffg:\G_NBit_Reg:13:RegI|              ; 0 (0)               ; 1 (1)                     ; 0           ; 0            ; 0       ; 0         ; 0    ; 0            ; |RISCV_Processor|MEM_WB:MEM_WB_REG|reg_N:MEM_DATA_REG|dffg:\G_NBit_Reg:13:RegI                                            ; dffg            ; work         ;
;          |dffg:\G_NBit_Reg:14:RegI|              ; 1 (1)               ; 1 (1)                     ; 0           ; 0            ; 0       ; 0         ; 0    ; 0            ; |RISCV_Processor|MEM_WB:MEM_WB_REG|reg_N:MEM_DATA_REG|dffg:\G_NBit_Reg:14:RegI                                            ; dffg            ; work         ;
;          |dffg:\G_NBit_Reg:15:RegI|              ; 0 (0)               ; 1 (1)                     ; 0           ; 0            ; 0       ; 0         ; 0    ; 0            ; |RISCV_Processor|MEM_WB:MEM_WB_REG|reg_N:MEM_DATA_REG|dffg:\G_NBit_Reg:15:RegI                                            ; dffg            ; work         ;
;          |dffg:\G_NBit_Reg:16:RegI|              ; 0 (0)               ; 1 (1)                     ; 0           ; 0            ; 0       ; 0         ; 0    ; 0            ; |RISCV_Processor|MEM_WB:MEM_WB_REG|reg_N:MEM_DATA_REG|dffg:\G_NBit_Reg:16:RegI                                            ; dffg            ; work         ;
;          |dffg:\G_NBit_Reg:17:RegI|              ; 0 (0)               ; 1 (1)                     ; 0           ; 0            ; 0       ; 0         ; 0    ; 0            ; |RISCV_Processor|MEM_WB:MEM_WB_REG|reg_N:MEM_DATA_REG|dffg:\G_NBit_Reg:17:RegI                                            ; dffg            ; work         ;
;          |dffg:\G_NBit_Reg:18:RegI|              ; 0 (0)               ; 1 (1)                     ; 0           ; 0            ; 0       ; 0         ; 0    ; 0            ; |RISCV_Processor|MEM_WB:MEM_WB_REG|reg_N:MEM_DATA_REG|dffg:\G_NBit_Reg:18:RegI                                            ; dffg            ; work         ;
;          |dffg:\G_NBit_Reg:19:RegI|              ; 0 (0)               ; 1 (1)                     ; 0           ; 0            ; 0       ; 0         ; 0    ; 0            ; |RISCV_Processor|MEM_WB:MEM_WB_REG|reg_N:MEM_DATA_REG|dffg:\G_NBit_Reg:19:RegI                                            ; dffg            ; work         ;
;          |dffg:\G_NBit_Reg:1:RegI|               ; 0 (0)               ; 1 (1)                     ; 0           ; 0            ; 0       ; 0         ; 0    ; 0            ; |RISCV_Processor|MEM_WB:MEM_WB_REG|reg_N:MEM_DATA_REG|dffg:\G_NBit_Reg:1:RegI                                             ; dffg            ; work         ;
;          |dffg:\G_NBit_Reg:20:RegI|              ; 0 (0)               ; 1 (1)                     ; 0           ; 0            ; 0       ; 0         ; 0    ; 0            ; |RISCV_Processor|MEM_WB:MEM_WB_REG|reg_N:MEM_DATA_REG|dffg:\G_NBit_Reg:20:RegI                                            ; dffg            ; work         ;
;          |dffg:\G_NBit_Reg:21:RegI|              ; 0 (0)               ; 1 (1)                     ; 0           ; 0            ; 0       ; 0         ; 0    ; 0            ; |RISCV_Processor|MEM_WB:MEM_WB_REG|reg_N:MEM_DATA_REG|dffg:\G_NBit_Reg:21:RegI                                            ; dffg            ; work         ;
;          |dffg:\G_NBit_Reg:22:RegI|              ; 0 (0)               ; 1 (1)                     ; 0           ; 0            ; 0       ; 0         ; 0    ; 0            ; |RISCV_Processor|MEM_WB:MEM_WB_REG|reg_N:MEM_DATA_REG|dffg:\G_NBit_Reg:22:RegI                                            ; dffg            ; work         ;
;          |dffg:\G_NBit_Reg:23:RegI|              ; 0 (0)               ; 1 (1)                     ; 0           ; 0            ; 0       ; 0         ; 0    ; 0            ; |RISCV_Processor|MEM_WB:MEM_WB_REG|reg_N:MEM_DATA_REG|dffg:\G_NBit_Reg:23:RegI                                            ; dffg            ; work         ;
;          |dffg:\G_NBit_Reg:24:RegI|              ; 0 (0)               ; 1 (1)                     ; 0           ; 0            ; 0       ; 0         ; 0    ; 0            ; |RISCV_Processor|MEM_WB:MEM_WB_REG|reg_N:MEM_DATA_REG|dffg:\G_NBit_Reg:24:RegI                                            ; dffg            ; work         ;
;          |dffg:\G_NBit_Reg:25:RegI|              ; 0 (0)               ; 1 (1)                     ; 0           ; 0            ; 0       ; 0         ; 0    ; 0            ; |RISCV_Processor|MEM_WB:MEM_WB_REG|reg_N:MEM_DATA_REG|dffg:\G_NBit_Reg:25:RegI                                            ; dffg            ; work         ;
;          |dffg:\G_NBit_Reg:26:RegI|              ; 0 (0)               ; 1 (1)                     ; 0           ; 0            ; 0       ; 0         ; 0    ; 0            ; |RISCV_Processor|MEM_WB:MEM_WB_REG|reg_N:MEM_DATA_REG|dffg:\G_NBit_Reg:26:RegI                                            ; dffg            ; work         ;
;          |dffg:\G_NBit_Reg:27:RegI|              ; 0 (0)               ; 1 (1)                     ; 0           ; 0            ; 0       ; 0         ; 0    ; 0            ; |RISCV_Processor|MEM_WB:MEM_WB_REG|reg_N:MEM_DATA_REG|dffg:\G_NBit_Reg:27:RegI                                            ; dffg            ; work         ;
;          |dffg:\G_NBit_Reg:28:RegI|              ; 0 (0)               ; 1 (1)                     ; 0           ; 0            ; 0       ; 0         ; 0    ; 0            ; |RISCV_Processor|MEM_WB:MEM_WB_REG|reg_N:MEM_DATA_REG|dffg:\G_NBit_Reg:28:RegI                                            ; dffg            ; work         ;
;          |dffg:\G_NBit_Reg:29:RegI|              ; 0 (0)               ; 1 (1)                     ; 0           ; 0            ; 0       ; 0         ; 0    ; 0            ; |RISCV_Processor|MEM_WB:MEM_WB_REG|reg_N:MEM_DATA_REG|dffg:\G_NBit_Reg:29:RegI                                            ; dffg            ; work         ;
;          |dffg:\G_NBit_Reg:2:RegI|               ; 0 (0)               ; 1 (1)                     ; 0           ; 0            ; 0       ; 0         ; 0    ; 0            ; |RISCV_Processor|MEM_WB:MEM_WB_REG|reg_N:MEM_DATA_REG|dffg:\G_NBit_Reg:2:RegI                                             ; dffg            ; work         ;
;          |dffg:\G_NBit_Reg:30:RegI|              ; 0 (0)               ; 1 (1)                     ; 0           ; 0            ; 0       ; 0         ; 0    ; 0            ; |RISCV_Processor|MEM_WB:MEM_WB_REG|reg_N:MEM_DATA_REG|dffg:\G_NBit_Reg:30:RegI                                            ; dffg            ; work         ;
;          |dffg:\G_NBit_Reg:31:RegI|              ; 0 (0)               ; 1 (1)                     ; 0           ; 0            ; 0       ; 0         ; 0    ; 0            ; |RISCV_Processor|MEM_WB:MEM_WB_REG|reg_N:MEM_DATA_REG|dffg:\G_NBit_Reg:31:RegI                                            ; dffg            ; work         ;
;          |dffg:\G_NBit_Reg:3:RegI|               ; 0 (0)               ; 1 (1)                     ; 0           ; 0            ; 0       ; 0         ; 0    ; 0            ; |RISCV_Processor|MEM_WB:MEM_WB_REG|reg_N:MEM_DATA_REG|dffg:\G_NBit_Reg:3:RegI                                             ; dffg            ; work         ;
;          |dffg:\G_NBit_Reg:4:RegI|               ; 0 (0)               ; 1 (1)                     ; 0           ; 0            ; 0       ; 0         ; 0    ; 0            ; |RISCV_Processor|MEM_WB:MEM_WB_REG|reg_N:MEM_DATA_REG|dffg:\G_NBit_Reg:4:RegI                                             ; dffg            ; work         ;
;          |dffg:\G_NBit_Reg:5:RegI|               ; 0 (0)               ; 1 (1)                     ; 0           ; 0            ; 0       ; 0         ; 0    ; 0            ; |RISCV_Processor|MEM_WB:MEM_WB_REG|reg_N:MEM_DATA_REG|dffg:\G_NBit_Reg:5:RegI                                             ; dffg            ; work         ;
;          |dffg:\G_NBit_Reg:6:RegI|               ; 0 (0)               ; 1 (1)                     ; 0           ; 0            ; 0       ; 0         ; 0    ; 0            ; |RISCV_Processor|MEM_WB:MEM_WB_REG|reg_N:MEM_DATA_REG|dffg:\G_NBit_Reg:6:RegI                                             ; dffg            ; work         ;
;          |dffg:\G_NBit_Reg:7:RegI|               ; 0 (0)               ; 1 (1)                     ; 0           ; 0            ; 0       ; 0         ; 0    ; 0            ; |RISCV_Processor|MEM_WB:MEM_WB_REG|reg_N:MEM_DATA_REG|dffg:\G_NBit_Reg:7:RegI                                             ; dffg            ; work         ;
;          |dffg:\G_NBit_Reg:8:RegI|               ; 0 (0)               ; 1 (1)                     ; 0           ; 0            ; 0       ; 0         ; 0    ; 0            ; |RISCV_Processor|MEM_WB:MEM_WB_REG|reg_N:MEM_DATA_REG|dffg:\G_NBit_Reg:8:RegI                                             ; dffg            ; work         ;
;          |dffg:\G_NBit_Reg:9:RegI|               ; 0 (0)               ; 1 (1)                     ; 0           ; 0            ; 0       ; 0         ; 0    ; 0            ; |RISCV_Processor|MEM_WB:MEM_WB_REG|reg_N:MEM_DATA_REG|dffg:\G_NBit_Reg:9:RegI                                             ; dffg            ; work         ;
;       |reg_N:RD_REG|                             ; 0 (0)               ; 5 (0)                     ; 0           ; 0            ; 0       ; 0         ; 0    ; 0            ; |RISCV_Processor|MEM_WB:MEM_WB_REG|reg_N:RD_REG                                                                           ; reg_N           ; work         ;
;          |dffg:\G_NBit_Reg:0:RegI|               ; 0 (0)               ; 1 (1)                     ; 0           ; 0            ; 0       ; 0         ; 0    ; 0            ; |RISCV_Processor|MEM_WB:MEM_WB_REG|reg_N:RD_REG|dffg:\G_NBit_Reg:0:RegI                                                   ; dffg            ; work         ;
;          |dffg:\G_NBit_Reg:1:RegI|               ; 0 (0)               ; 1 (1)                     ; 0           ; 0            ; 0       ; 0         ; 0    ; 0            ; |RISCV_Processor|MEM_WB:MEM_WB_REG|reg_N:RD_REG|dffg:\G_NBit_Reg:1:RegI                                                   ; dffg            ; work         ;
;          |dffg:\G_NBit_Reg:2:RegI|               ; 0 (0)               ; 1 (1)                     ; 0           ; 0            ; 0       ; 0         ; 0    ; 0            ; |RISCV_Processor|MEM_WB:MEM_WB_REG|reg_N:RD_REG|dffg:\G_NBit_Reg:2:RegI                                                   ; dffg            ; work         ;
;          |dffg:\G_NBit_Reg:3:RegI|               ; 0 (0)               ; 1 (1)                     ; 0           ; 0            ; 0       ; 0         ; 0    ; 0            ; |RISCV_Processor|MEM_WB:MEM_WB_REG|reg_N:RD_REG|dffg:\G_NBit_Reg:3:RegI                                                   ; dffg            ; work         ;
;          |dffg:\G_NBit_Reg:4:RegI|               ; 0 (0)               ; 1 (1)                     ; 0           ; 0            ; 0       ; 0         ; 0    ; 0            ; |RISCV_Processor|MEM_WB:MEM_WB_REG|reg_N:RD_REG|dffg:\G_NBit_Reg:4:RegI                                                   ; dffg            ; work         ;
;    |alu:ALU_UNIT|                                ; 690 (295)           ; 0 (0)                     ; 0           ; 0            ; 0       ; 0         ; 0    ; 0            ; |RISCV_Processor|alu:ALU_UNIT                                                                                             ; alu             ; work         ;
;       |addiSubi_N:ADD_SUB_UNIT|                  ; 37 (0)              ; 0 (0)                     ; 0           ; 0            ; 0       ; 0         ; 0    ; 0            ; |RISCV_Processor|alu:ALU_UNIT|addiSubi_N:ADD_SUB_UNIT                                                                     ; addiSubi_N      ; work         ;
;          |adder_N:adder|                         ; 36 (0)              ; 0 (0)                     ; 0           ; 0            ; 0       ; 0         ; 0    ; 0            ; |RISCV_Processor|alu:ALU_UNIT|addiSubi_N:ADD_SUB_UNIT|adder_N:adder                                                       ; adder_N         ; work         ;
;             |adder:\G_NBit_ADDER:0:ADDER_I|      ; 1 (0)               ; 0 (0)                     ; 0           ; 0            ; 0       ; 0         ; 0    ; 0            ; |RISCV_Processor|alu:ALU_UNIT|addiSubi_N:ADD_SUB_UNIT|adder_N:adder|adder:\G_NBit_ADDER:0:ADDER_I                         ; adder           ; work         ;
;                |org2:or_gate2|                   ; 1 (1)               ; 0 (0)                     ; 0           ; 0            ; 0       ; 0         ; 0    ; 0            ; |RISCV_Processor|alu:ALU_UNIT|addiSubi_N:ADD_SUB_UNIT|adder_N:adder|adder:\G_NBit_ADDER:0:ADDER_I|org2:or_gate2           ; org2            ; work         ;
;             |adder:\G_NBit_ADDER:10:ADDER_I|     ; 2 (0)               ; 0 (0)                     ; 0           ; 0            ; 0       ; 0         ; 0    ; 0            ; |RISCV_Processor|alu:ALU_UNIT|addiSubi_N:ADD_SUB_UNIT|adder_N:adder|adder:\G_NBit_ADDER:10:ADDER_I                        ; adder           ; work         ;
;                |org2:or_gate2|                   ; 1 (1)               ; 0 (0)                     ; 0           ; 0            ; 0       ; 0         ; 0    ; 0            ; |RISCV_Processor|alu:ALU_UNIT|addiSubi_N:ADD_SUB_UNIT|adder_N:adder|adder:\G_NBit_ADDER:10:ADDER_I|org2:or_gate2          ; org2            ; work         ;
;                |xorg2:xor_gate2|                 ; 1 (1)               ; 0 (0)                     ; 0           ; 0            ; 0       ; 0         ; 0    ; 0            ; |RISCV_Processor|alu:ALU_UNIT|addiSubi_N:ADD_SUB_UNIT|adder_N:adder|adder:\G_NBit_ADDER:10:ADDER_I|xorg2:xor_gate2        ; xorg2           ; work         ;
;             |adder:\G_NBit_ADDER:11:ADDER_I|     ; 2 (0)               ; 0 (0)                     ; 0           ; 0            ; 0       ; 0         ; 0    ; 0            ; |RISCV_Processor|alu:ALU_UNIT|addiSubi_N:ADD_SUB_UNIT|adder_N:adder|adder:\G_NBit_ADDER:11:ADDER_I                        ; adder           ; work         ;
;                |org2:or_gate2|                   ; 1 (1)               ; 0 (0)                     ; 0           ; 0            ; 0       ; 0         ; 0    ; 0            ; |RISCV_Processor|alu:ALU_UNIT|addiSubi_N:ADD_SUB_UNIT|adder_N:adder|adder:\G_NBit_ADDER:11:ADDER_I|org2:or_gate2          ; org2            ; work         ;
;                |xorg2:xor_gate2|                 ; 1 (1)               ; 0 (0)                     ; 0           ; 0            ; 0       ; 0         ; 0    ; 0            ; |RISCV_Processor|alu:ALU_UNIT|addiSubi_N:ADD_SUB_UNIT|adder_N:adder|adder:\G_NBit_ADDER:11:ADDER_I|xorg2:xor_gate2        ; xorg2           ; work         ;
;             |adder:\G_NBit_ADDER:12:ADDER_I|     ; 1 (0)               ; 0 (0)                     ; 0           ; 0            ; 0       ; 0         ; 0    ; 0            ; |RISCV_Processor|alu:ALU_UNIT|addiSubi_N:ADD_SUB_UNIT|adder_N:adder|adder:\G_NBit_ADDER:12:ADDER_I                        ; adder           ; work         ;
;                |org2:or_gate2|                   ; 1 (1)               ; 0 (0)                     ; 0           ; 0            ; 0       ; 0         ; 0    ; 0            ; |RISCV_Processor|alu:ALU_UNIT|addiSubi_N:ADD_SUB_UNIT|adder_N:adder|adder:\G_NBit_ADDER:12:ADDER_I|org2:or_gate2          ; org2            ; work         ;
;             |adder:\G_NBit_ADDER:13:ADDER_I|     ; 1 (0)               ; 0 (0)                     ; 0           ; 0            ; 0       ; 0         ; 0    ; 0            ; |RISCV_Processor|alu:ALU_UNIT|addiSubi_N:ADD_SUB_UNIT|adder_N:adder|adder:\G_NBit_ADDER:13:ADDER_I                        ; adder           ; work         ;
;                |org2:or_gate2|                   ; 1 (1)               ; 0 (0)                     ; 0           ; 0            ; 0       ; 0         ; 0    ; 0            ; |RISCV_Processor|alu:ALU_UNIT|addiSubi_N:ADD_SUB_UNIT|adder_N:adder|adder:\G_NBit_ADDER:13:ADDER_I|org2:or_gate2          ; org2            ; work         ;
;             |adder:\G_NBit_ADDER:14:ADDER_I|     ; 1 (0)               ; 0 (0)                     ; 0           ; 0            ; 0       ; 0         ; 0    ; 0            ; |RISCV_Processor|alu:ALU_UNIT|addiSubi_N:ADD_SUB_UNIT|adder_N:adder|adder:\G_NBit_ADDER:14:ADDER_I                        ; adder           ; work         ;
;                |org2:or_gate2|                   ; 1 (1)               ; 0 (0)                     ; 0           ; 0            ; 0       ; 0         ; 0    ; 0            ; |RISCV_Processor|alu:ALU_UNIT|addiSubi_N:ADD_SUB_UNIT|adder_N:adder|adder:\G_NBit_ADDER:14:ADDER_I|org2:or_gate2          ; org2            ; work         ;
;             |adder:\G_NBit_ADDER:15:ADDER_I|     ; 1 (0)               ; 0 (0)                     ; 0           ; 0            ; 0       ; 0         ; 0    ; 0            ; |RISCV_Processor|alu:ALU_UNIT|addiSubi_N:ADD_SUB_UNIT|adder_N:adder|adder:\G_NBit_ADDER:15:ADDER_I                        ; adder           ; work         ;
;                |org2:or_gate2|                   ; 1 (1)               ; 0 (0)                     ; 0           ; 0            ; 0       ; 0         ; 0    ; 0            ; |RISCV_Processor|alu:ALU_UNIT|addiSubi_N:ADD_SUB_UNIT|adder_N:adder|adder:\G_NBit_ADDER:15:ADDER_I|org2:or_gate2          ; org2            ; work         ;
;             |adder:\G_NBit_ADDER:16:ADDER_I|     ; 1 (0)               ; 0 (0)                     ; 0           ; 0            ; 0       ; 0         ; 0    ; 0            ; |RISCV_Processor|alu:ALU_UNIT|addiSubi_N:ADD_SUB_UNIT|adder_N:adder|adder:\G_NBit_ADDER:16:ADDER_I                        ; adder           ; work         ;
;                |org2:or_gate2|                   ; 1 (1)               ; 0 (0)                     ; 0           ; 0            ; 0       ; 0         ; 0    ; 0            ; |RISCV_Processor|alu:ALU_UNIT|addiSubi_N:ADD_SUB_UNIT|adder_N:adder|adder:\G_NBit_ADDER:16:ADDER_I|org2:or_gate2          ; org2            ; work         ;
;             |adder:\G_NBit_ADDER:17:ADDER_I|     ; 1 (0)               ; 0 (0)                     ; 0           ; 0            ; 0       ; 0         ; 0    ; 0            ; |RISCV_Processor|alu:ALU_UNIT|addiSubi_N:ADD_SUB_UNIT|adder_N:adder|adder:\G_NBit_ADDER:17:ADDER_I                        ; adder           ; work         ;
;                |org2:or_gate2|                   ; 1 (1)               ; 0 (0)                     ; 0           ; 0            ; 0       ; 0         ; 0    ; 0            ; |RISCV_Processor|alu:ALU_UNIT|addiSubi_N:ADD_SUB_UNIT|adder_N:adder|adder:\G_NBit_ADDER:17:ADDER_I|org2:or_gate2          ; org2            ; work         ;
;             |adder:\G_NBit_ADDER:18:ADDER_I|     ; 1 (0)               ; 0 (0)                     ; 0           ; 0            ; 0       ; 0         ; 0    ; 0            ; |RISCV_Processor|alu:ALU_UNIT|addiSubi_N:ADD_SUB_UNIT|adder_N:adder|adder:\G_NBit_ADDER:18:ADDER_I                        ; adder           ; work         ;
;                |org2:or_gate2|                   ; 1 (1)               ; 0 (0)                     ; 0           ; 0            ; 0       ; 0         ; 0    ; 0            ; |RISCV_Processor|alu:ALU_UNIT|addiSubi_N:ADD_SUB_UNIT|adder_N:adder|adder:\G_NBit_ADDER:18:ADDER_I|org2:or_gate2          ; org2            ; work         ;
;             |adder:\G_NBit_ADDER:19:ADDER_I|     ; 1 (0)               ; 0 (0)                     ; 0           ; 0            ; 0       ; 0         ; 0    ; 0            ; |RISCV_Processor|alu:ALU_UNIT|addiSubi_N:ADD_SUB_UNIT|adder_N:adder|adder:\G_NBit_ADDER:19:ADDER_I                        ; adder           ; work         ;
;                |org2:or_gate2|                   ; 1 (1)               ; 0 (0)                     ; 0           ; 0            ; 0       ; 0         ; 0    ; 0            ; |RISCV_Processor|alu:ALU_UNIT|addiSubi_N:ADD_SUB_UNIT|adder_N:adder|adder:\G_NBit_ADDER:19:ADDER_I|org2:or_gate2          ; org2            ; work         ;
;             |adder:\G_NBit_ADDER:1:ADDER_I|      ; 1 (0)               ; 0 (0)                     ; 0           ; 0            ; 0       ; 0         ; 0    ; 0            ; |RISCV_Processor|alu:ALU_UNIT|addiSubi_N:ADD_SUB_UNIT|adder_N:adder|adder:\G_NBit_ADDER:1:ADDER_I                         ; adder           ; work         ;
;                |org2:or_gate2|                   ; 1 (1)               ; 0 (0)                     ; 0           ; 0            ; 0       ; 0         ; 0    ; 0            ; |RISCV_Processor|alu:ALU_UNIT|addiSubi_N:ADD_SUB_UNIT|adder_N:adder|adder:\G_NBit_ADDER:1:ADDER_I|org2:or_gate2           ; org2            ; work         ;
;             |adder:\G_NBit_ADDER:20:ADDER_I|     ; 1 (0)               ; 0 (0)                     ; 0           ; 0            ; 0       ; 0         ; 0    ; 0            ; |RISCV_Processor|alu:ALU_UNIT|addiSubi_N:ADD_SUB_UNIT|adder_N:adder|adder:\G_NBit_ADDER:20:ADDER_I                        ; adder           ; work         ;
;                |org2:or_gate2|                   ; 1 (1)               ; 0 (0)                     ; 0           ; 0            ; 0       ; 0         ; 0    ; 0            ; |RISCV_Processor|alu:ALU_UNIT|addiSubi_N:ADD_SUB_UNIT|adder_N:adder|adder:\G_NBit_ADDER:20:ADDER_I|org2:or_gate2          ; org2            ; work         ;
;             |adder:\G_NBit_ADDER:21:ADDER_I|     ; 1 (0)               ; 0 (0)                     ; 0           ; 0            ; 0       ; 0         ; 0    ; 0            ; |RISCV_Processor|alu:ALU_UNIT|addiSubi_N:ADD_SUB_UNIT|adder_N:adder|adder:\G_NBit_ADDER:21:ADDER_I                        ; adder           ; work         ;
;                |org2:or_gate2|                   ; 1 (1)               ; 0 (0)                     ; 0           ; 0            ; 0       ; 0         ; 0    ; 0            ; |RISCV_Processor|alu:ALU_UNIT|addiSubi_N:ADD_SUB_UNIT|adder_N:adder|adder:\G_NBit_ADDER:21:ADDER_I|org2:or_gate2          ; org2            ; work         ;
;             |adder:\G_NBit_ADDER:22:ADDER_I|     ; 1 (0)               ; 0 (0)                     ; 0           ; 0            ; 0       ; 0         ; 0    ; 0            ; |RISCV_Processor|alu:ALU_UNIT|addiSubi_N:ADD_SUB_UNIT|adder_N:adder|adder:\G_NBit_ADDER:22:ADDER_I                        ; adder           ; work         ;
;                |org2:or_gate2|                   ; 1 (1)               ; 0 (0)                     ; 0           ; 0            ; 0       ; 0         ; 0    ; 0            ; |RISCV_Processor|alu:ALU_UNIT|addiSubi_N:ADD_SUB_UNIT|adder_N:adder|adder:\G_NBit_ADDER:22:ADDER_I|org2:or_gate2          ; org2            ; work         ;
;             |adder:\G_NBit_ADDER:23:ADDER_I|     ; 1 (0)               ; 0 (0)                     ; 0           ; 0            ; 0       ; 0         ; 0    ; 0            ; |RISCV_Processor|alu:ALU_UNIT|addiSubi_N:ADD_SUB_UNIT|adder_N:adder|adder:\G_NBit_ADDER:23:ADDER_I                        ; adder           ; work         ;
;                |org2:or_gate2|                   ; 1 (1)               ; 0 (0)                     ; 0           ; 0            ; 0       ; 0         ; 0    ; 0            ; |RISCV_Processor|alu:ALU_UNIT|addiSubi_N:ADD_SUB_UNIT|adder_N:adder|adder:\G_NBit_ADDER:23:ADDER_I|org2:or_gate2          ; org2            ; work         ;
;             |adder:\G_NBit_ADDER:24:ADDER_I|     ; 1 (0)               ; 0 (0)                     ; 0           ; 0            ; 0       ; 0         ; 0    ; 0            ; |RISCV_Processor|alu:ALU_UNIT|addiSubi_N:ADD_SUB_UNIT|adder_N:adder|adder:\G_NBit_ADDER:24:ADDER_I                        ; adder           ; work         ;
;                |org2:or_gate2|                   ; 1 (1)               ; 0 (0)                     ; 0           ; 0            ; 0       ; 0         ; 0    ; 0            ; |RISCV_Processor|alu:ALU_UNIT|addiSubi_N:ADD_SUB_UNIT|adder_N:adder|adder:\G_NBit_ADDER:24:ADDER_I|org2:or_gate2          ; org2            ; work         ;
;             |adder:\G_NBit_ADDER:25:ADDER_I|     ; 1 (0)               ; 0 (0)                     ; 0           ; 0            ; 0       ; 0         ; 0    ; 0            ; |RISCV_Processor|alu:ALU_UNIT|addiSubi_N:ADD_SUB_UNIT|adder_N:adder|adder:\G_NBit_ADDER:25:ADDER_I                        ; adder           ; work         ;
;                |org2:or_gate2|                   ; 1 (1)               ; 0 (0)                     ; 0           ; 0            ; 0       ; 0         ; 0    ; 0            ; |RISCV_Processor|alu:ALU_UNIT|addiSubi_N:ADD_SUB_UNIT|adder_N:adder|adder:\G_NBit_ADDER:25:ADDER_I|org2:or_gate2          ; org2            ; work         ;
;             |adder:\G_NBit_ADDER:26:ADDER_I|     ; 1 (0)               ; 0 (0)                     ; 0           ; 0            ; 0       ; 0         ; 0    ; 0            ; |RISCV_Processor|alu:ALU_UNIT|addiSubi_N:ADD_SUB_UNIT|adder_N:adder|adder:\G_NBit_ADDER:26:ADDER_I                        ; adder           ; work         ;
;                |org2:or_gate2|                   ; 1 (1)               ; 0 (0)                     ; 0           ; 0            ; 0       ; 0         ; 0    ; 0            ; |RISCV_Processor|alu:ALU_UNIT|addiSubi_N:ADD_SUB_UNIT|adder_N:adder|adder:\G_NBit_ADDER:26:ADDER_I|org2:or_gate2          ; org2            ; work         ;
;             |adder:\G_NBit_ADDER:27:ADDER_I|     ; 1 (0)               ; 0 (0)                     ; 0           ; 0            ; 0       ; 0         ; 0    ; 0            ; |RISCV_Processor|alu:ALU_UNIT|addiSubi_N:ADD_SUB_UNIT|adder_N:adder|adder:\G_NBit_ADDER:27:ADDER_I                        ; adder           ; work         ;
;                |org2:or_gate2|                   ; 1 (1)               ; 0 (0)                     ; 0           ; 0            ; 0       ; 0         ; 0    ; 0            ; |RISCV_Processor|alu:ALU_UNIT|addiSubi_N:ADD_SUB_UNIT|adder_N:adder|adder:\G_NBit_ADDER:27:ADDER_I|org2:or_gate2          ; org2            ; work         ;
;             |adder:\G_NBit_ADDER:28:ADDER_I|     ; 1 (0)               ; 0 (0)                     ; 0           ; 0            ; 0       ; 0         ; 0    ; 0            ; |RISCV_Processor|alu:ALU_UNIT|addiSubi_N:ADD_SUB_UNIT|adder_N:adder|adder:\G_NBit_ADDER:28:ADDER_I                        ; adder           ; work         ;
;                |org2:or_gate2|                   ; 1 (1)               ; 0 (0)                     ; 0           ; 0            ; 0       ; 0         ; 0    ; 0            ; |RISCV_Processor|alu:ALU_UNIT|addiSubi_N:ADD_SUB_UNIT|adder_N:adder|adder:\G_NBit_ADDER:28:ADDER_I|org2:or_gate2          ; org2            ; work         ;
;             |adder:\G_NBit_ADDER:29:ADDER_I|     ; 1 (0)               ; 0 (0)                     ; 0           ; 0            ; 0       ; 0         ; 0    ; 0            ; |RISCV_Processor|alu:ALU_UNIT|addiSubi_N:ADD_SUB_UNIT|adder_N:adder|adder:\G_NBit_ADDER:29:ADDER_I                        ; adder           ; work         ;
;                |org2:or_gate2|                   ; 1 (1)               ; 0 (0)                     ; 0           ; 0            ; 0       ; 0         ; 0    ; 0            ; |RISCV_Processor|alu:ALU_UNIT|addiSubi_N:ADD_SUB_UNIT|adder_N:adder|adder:\G_NBit_ADDER:29:ADDER_I|org2:or_gate2          ; org2            ; work         ;
;             |adder:\G_NBit_ADDER:2:ADDER_I|      ; 1 (0)               ; 0 (0)                     ; 0           ; 0            ; 0       ; 0         ; 0    ; 0            ; |RISCV_Processor|alu:ALU_UNIT|addiSubi_N:ADD_SUB_UNIT|adder_N:adder|adder:\G_NBit_ADDER:2:ADDER_I                         ; adder           ; work         ;
;                |org2:or_gate2|                   ; 1 (1)               ; 0 (0)                     ; 0           ; 0            ; 0       ; 0         ; 0    ; 0            ; |RISCV_Processor|alu:ALU_UNIT|addiSubi_N:ADD_SUB_UNIT|adder_N:adder|adder:\G_NBit_ADDER:2:ADDER_I|org2:or_gate2           ; org2            ; work         ;
;             |adder:\G_NBit_ADDER:30:ADDER_I|     ; 1 (0)               ; 0 (0)                     ; 0           ; 0            ; 0       ; 0         ; 0    ; 0            ; |RISCV_Processor|alu:ALU_UNIT|addiSubi_N:ADD_SUB_UNIT|adder_N:adder|adder:\G_NBit_ADDER:30:ADDER_I                        ; adder           ; work         ;
;                |org2:or_gate2|                   ; 1 (1)               ; 0 (0)                     ; 0           ; 0            ; 0       ; 0         ; 0    ; 0            ; |RISCV_Processor|alu:ALU_UNIT|addiSubi_N:ADD_SUB_UNIT|adder_N:adder|adder:\G_NBit_ADDER:30:ADDER_I|org2:or_gate2          ; org2            ; work         ;
;             |adder:\G_NBit_ADDER:31:ADDER_I|     ; 1 (0)               ; 0 (0)                     ; 0           ; 0            ; 0       ; 0         ; 0    ; 0            ; |RISCV_Processor|alu:ALU_UNIT|addiSubi_N:ADD_SUB_UNIT|adder_N:adder|adder:\G_NBit_ADDER:31:ADDER_I                        ; adder           ; work         ;
;                |xorg2:xor_gate2|                 ; 1 (1)               ; 0 (0)                     ; 0           ; 0            ; 0       ; 0         ; 0    ; 0            ; |RISCV_Processor|alu:ALU_UNIT|addiSubi_N:ADD_SUB_UNIT|adder_N:adder|adder:\G_NBit_ADDER:31:ADDER_I|xorg2:xor_gate2        ; xorg2           ; work         ;
;             |adder:\G_NBit_ADDER:3:ADDER_I|      ; 1 (0)               ; 0 (0)                     ; 0           ; 0            ; 0       ; 0         ; 0    ; 0            ; |RISCV_Processor|alu:ALU_UNIT|addiSubi_N:ADD_SUB_UNIT|adder_N:adder|adder:\G_NBit_ADDER:3:ADDER_I                         ; adder           ; work         ;
;                |org2:or_gate2|                   ; 1 (1)               ; 0 (0)                     ; 0           ; 0            ; 0       ; 0         ; 0    ; 0            ; |RISCV_Processor|alu:ALU_UNIT|addiSubi_N:ADD_SUB_UNIT|adder_N:adder|adder:\G_NBit_ADDER:3:ADDER_I|org2:or_gate2           ; org2            ; work         ;
;             |adder:\G_NBit_ADDER:4:ADDER_I|      ; 1 (0)               ; 0 (0)                     ; 0           ; 0            ; 0       ; 0         ; 0    ; 0            ; |RISCV_Processor|alu:ALU_UNIT|addiSubi_N:ADD_SUB_UNIT|adder_N:adder|adder:\G_NBit_ADDER:4:ADDER_I                         ; adder           ; work         ;
;                |org2:or_gate2|                   ; 1 (1)               ; 0 (0)                     ; 0           ; 0            ; 0       ; 0         ; 0    ; 0            ; |RISCV_Processor|alu:ALU_UNIT|addiSubi_N:ADD_SUB_UNIT|adder_N:adder|adder:\G_NBit_ADDER:4:ADDER_I|org2:or_gate2           ; org2            ; work         ;
;             |adder:\G_NBit_ADDER:5:ADDER_I|      ; 1 (0)               ; 0 (0)                     ; 0           ; 0            ; 0       ; 0         ; 0    ; 0            ; |RISCV_Processor|alu:ALU_UNIT|addiSubi_N:ADD_SUB_UNIT|adder_N:adder|adder:\G_NBit_ADDER:5:ADDER_I                         ; adder           ; work         ;
;                |org2:or_gate2|                   ; 1 (1)               ; 0 (0)                     ; 0           ; 0            ; 0       ; 0         ; 0    ; 0            ; |RISCV_Processor|alu:ALU_UNIT|addiSubi_N:ADD_SUB_UNIT|adder_N:adder|adder:\G_NBit_ADDER:5:ADDER_I|org2:or_gate2           ; org2            ; work         ;
;             |adder:\G_NBit_ADDER:6:ADDER_I|      ; 1 (0)               ; 0 (0)                     ; 0           ; 0            ; 0       ; 0         ; 0    ; 0            ; |RISCV_Processor|alu:ALU_UNIT|addiSubi_N:ADD_SUB_UNIT|adder_N:adder|adder:\G_NBit_ADDER:6:ADDER_I                         ; adder           ; work         ;
;                |org2:or_gate2|                   ; 1 (1)               ; 0 (0)                     ; 0           ; 0            ; 0       ; 0         ; 0    ; 0            ; |RISCV_Processor|alu:ALU_UNIT|addiSubi_N:ADD_SUB_UNIT|adder_N:adder|adder:\G_NBit_ADDER:6:ADDER_I|org2:or_gate2           ; org2            ; work         ;
;             |adder:\G_NBit_ADDER:7:ADDER_I|      ; 1 (0)               ; 0 (0)                     ; 0           ; 0            ; 0       ; 0         ; 0    ; 0            ; |RISCV_Processor|alu:ALU_UNIT|addiSubi_N:ADD_SUB_UNIT|adder_N:adder|adder:\G_NBit_ADDER:7:ADDER_I                         ; adder           ; work         ;
;                |org2:or_gate2|                   ; 1 (1)               ; 0 (0)                     ; 0           ; 0            ; 0       ; 0         ; 0    ; 0            ; |RISCV_Processor|alu:ALU_UNIT|addiSubi_N:ADD_SUB_UNIT|adder_N:adder|adder:\G_NBit_ADDER:7:ADDER_I|org2:or_gate2           ; org2            ; work         ;
;             |adder:\G_NBit_ADDER:8:ADDER_I|      ; 2 (0)               ; 0 (0)                     ; 0           ; 0            ; 0       ; 0         ; 0    ; 0            ; |RISCV_Processor|alu:ALU_UNIT|addiSubi_N:ADD_SUB_UNIT|adder_N:adder|adder:\G_NBit_ADDER:8:ADDER_I                         ; adder           ; work         ;
;                |org2:or_gate2|                   ; 1 (1)               ; 0 (0)                     ; 0           ; 0            ; 0       ; 0         ; 0    ; 0            ; |RISCV_Processor|alu:ALU_UNIT|addiSubi_N:ADD_SUB_UNIT|adder_N:adder|adder:\G_NBit_ADDER:8:ADDER_I|org2:or_gate2           ; org2            ; work         ;
;                |xorg2:xor_gate2|                 ; 1 (1)               ; 0 (0)                     ; 0           ; 0            ; 0       ; 0         ; 0    ; 0            ; |RISCV_Processor|alu:ALU_UNIT|addiSubi_N:ADD_SUB_UNIT|adder_N:adder|adder:\G_NBit_ADDER:8:ADDER_I|xorg2:xor_gate2         ; xorg2           ; work         ;
;             |adder:\G_NBit_ADDER:9:ADDER_I|      ; 2 (0)               ; 0 (0)                     ; 0           ; 0            ; 0       ; 0         ; 0    ; 0            ; |RISCV_Processor|alu:ALU_UNIT|addiSubi_N:ADD_SUB_UNIT|adder_N:adder|adder:\G_NBit_ADDER:9:ADDER_I                         ; adder           ; work         ;
;                |org2:or_gate2|                   ; 1 (1)               ; 0 (0)                     ; 0           ; 0            ; 0       ; 0         ; 0    ; 0            ; |RISCV_Processor|alu:ALU_UNIT|addiSubi_N:ADD_SUB_UNIT|adder_N:adder|adder:\G_NBit_ADDER:9:ADDER_I|org2:or_gate2           ; org2            ; work         ;
;                |xorg2:xor_gate2|                 ; 1 (1)               ; 0 (0)                     ; 0           ; 0            ; 0       ; 0         ; 0    ; 0            ; |RISCV_Processor|alu:ALU_UNIT|addiSubi_N:ADD_SUB_UNIT|adder_N:adder|adder:\G_NBit_ADDER:9:ADDER_I|xorg2:xor_gate2         ; xorg2           ; work         ;
;          |mux2t1_N:MUX2to1_ALUSrc|               ; 1 (0)               ; 0 (0)                     ; 0           ; 0            ; 0       ; 0         ; 0    ; 0            ; |RISCV_Processor|alu:ALU_UNIT|addiSubi_N:ADD_SUB_UNIT|mux2t1_N:MUX2to1_ALUSrc                                             ; mux2t1_N        ; work         ;
;             |mux2t1:\G_NBit_MUX:0:MUXI|          ; 1 (0)               ; 0 (0)                     ; 0           ; 0            ; 0       ; 0         ; 0    ; 0            ; |RISCV_Processor|alu:ALU_UNIT|addiSubi_N:ADD_SUB_UNIT|mux2t1_N:MUX2to1_ALUSrc|mux2t1:\G_NBit_MUX:0:MUXI                   ; mux2t1          ; work         ;
;                |org2:or_gate|                    ; 1 (1)               ; 0 (0)                     ; 0           ; 0            ; 0       ; 0         ; 0    ; 0            ; |RISCV_Processor|alu:ALU_UNIT|addiSubi_N:ADD_SUB_UNIT|mux2t1_N:MUX2to1_ALUSrc|mux2t1:\G_NBit_MUX:0:MUXI|org2:or_gate      ; org2            ; work         ;
;       |barrelShifter:SHIFT_UNIT|                 ; 294 (1)             ; 0 (0)                     ; 0           ; 0            ; 0       ; 0         ; 0    ; 0            ; |RISCV_Processor|alu:ALU_UNIT|barrelShifter:SHIFT_UNIT                                                                    ; barrelShifter   ; work         ;
;          |shiftBinary:shift16|                   ; 1 (0)               ; 0 (0)                     ; 0           ; 0            ; 0       ; 0         ; 0    ; 0            ; |RISCV_Processor|alu:ALU_UNIT|barrelShifter:SHIFT_UNIT|shiftBinary:shift16                                                ; shiftBinary     ; work         ;
;             |mux2t1:\gen_mux_inputs:0:mux_inst|  ; 1 (0)               ; 0 (0)                     ; 0           ; 0            ; 0       ; 0         ; 0    ; 0            ; |RISCV_Processor|alu:ALU_UNIT|barrelShifter:SHIFT_UNIT|shiftBinary:shift16|mux2t1:\gen_mux_inputs:0:mux_inst              ; mux2t1          ; work         ;
;                |org2:or_gate|                    ; 1 (1)               ; 0 (0)                     ; 0           ; 0            ; 0       ; 0         ; 0    ; 0            ; |RISCV_Processor|alu:ALU_UNIT|barrelShifter:SHIFT_UNIT|shiftBinary:shift16|mux2t1:\gen_mux_inputs:0:mux_inst|org2:or_gate ; org2            ; work         ;
;          |shiftBinary:shift1|                    ; 67 (0)              ; 0 (0)                     ; 0           ; 0            ; 0       ; 0         ; 0    ; 0            ; |RISCV_Processor|alu:ALU_UNIT|barrelShifter:SHIFT_UNIT|shiftBinary:shift1                                                 ; shiftBinary     ; work         ;
;             |mux2t1:\gen_mux_inputs:10:mux_inst| ; 2 (0)               ; 0 (0)                     ; 0           ; 0            ; 0       ; 0         ; 0    ; 0            ; |RISCV_Processor|alu:ALU_UNIT|barrelShifter:SHIFT_UNIT|shiftBinary:shift1|mux2t1:\gen_mux_inputs:10:mux_inst              ; mux2t1          ; work         ;
;                |org2:or_gate|                    ; 2 (2)               ; 0 (0)                     ; 0           ; 0            ; 0       ; 0         ; 0    ; 0            ; |RISCV_Processor|alu:ALU_UNIT|barrelShifter:SHIFT_UNIT|shiftBinary:shift1|mux2t1:\gen_mux_inputs:10:mux_inst|org2:or_gate ; org2            ; work         ;
;             |mux2t1:\gen_mux_inputs:11:mux_inst| ; 2 (0)               ; 0 (0)                     ; 0           ; 0            ; 0       ; 0         ; 0    ; 0            ; |RISCV_Processor|alu:ALU_UNIT|barrelShifter:SHIFT_UNIT|shiftBinary:shift1|mux2t1:\gen_mux_inputs:11:mux_inst              ; mux2t1          ; work         ;
;                |org2:or_gate|                    ; 2 (2)               ; 0 (0)                     ; 0           ; 0            ; 0       ; 0         ; 0    ; 0            ; |RISCV_Processor|alu:ALU_UNIT|barrelShifter:SHIFT_UNIT|shiftBinary:shift1|mux2t1:\gen_mux_inputs:11:mux_inst|org2:or_gate ; org2            ; work         ;
;             |mux2t1:\gen_mux_inputs:12:mux_inst| ; 2 (0)               ; 0 (0)                     ; 0           ; 0            ; 0       ; 0         ; 0    ; 0            ; |RISCV_Processor|alu:ALU_UNIT|barrelShifter:SHIFT_UNIT|shiftBinary:shift1|mux2t1:\gen_mux_inputs:12:mux_inst              ; mux2t1          ; work         ;
;                |org2:or_gate|                    ; 2 (2)               ; 0 (0)                     ; 0           ; 0            ; 0       ; 0         ; 0    ; 0            ; |RISCV_Processor|alu:ALU_UNIT|barrelShifter:SHIFT_UNIT|shiftBinary:shift1|mux2t1:\gen_mux_inputs:12:mux_inst|org2:or_gate ; org2            ; work         ;
;             |mux2t1:\gen_mux_inputs:13:mux_inst| ; 2 (0)               ; 0 (0)                     ; 0           ; 0            ; 0       ; 0         ; 0    ; 0            ; |RISCV_Processor|alu:ALU_UNIT|barrelShifter:SHIFT_UNIT|shiftBinary:shift1|mux2t1:\gen_mux_inputs:13:mux_inst              ; mux2t1          ; work         ;
;                |org2:or_gate|                    ; 2 (2)               ; 0 (0)                     ; 0           ; 0            ; 0       ; 0         ; 0    ; 0            ; |RISCV_Processor|alu:ALU_UNIT|barrelShifter:SHIFT_UNIT|shiftBinary:shift1|mux2t1:\gen_mux_inputs:13:mux_inst|org2:or_gate ; org2            ; work         ;
;             |mux2t1:\gen_mux_inputs:14:mux_inst| ; 2 (0)               ; 0 (0)                     ; 0           ; 0            ; 0       ; 0         ; 0    ; 0            ; |RISCV_Processor|alu:ALU_UNIT|barrelShifter:SHIFT_UNIT|shiftBinary:shift1|mux2t1:\gen_mux_inputs:14:mux_inst              ; mux2t1          ; work         ;
;                |org2:or_gate|                    ; 2 (2)               ; 0 (0)                     ; 0           ; 0            ; 0       ; 0         ; 0    ; 0            ; |RISCV_Processor|alu:ALU_UNIT|barrelShifter:SHIFT_UNIT|shiftBinary:shift1|mux2t1:\gen_mux_inputs:14:mux_inst|org2:or_gate ; org2            ; work         ;
;             |mux2t1:\gen_mux_inputs:15:mux_inst| ; 2 (0)               ; 0 (0)                     ; 0           ; 0            ; 0       ; 0         ; 0    ; 0            ; |RISCV_Processor|alu:ALU_UNIT|barrelShifter:SHIFT_UNIT|shiftBinary:shift1|mux2t1:\gen_mux_inputs:15:mux_inst              ; mux2t1          ; work         ;
;                |org2:or_gate|                    ; 2 (2)               ; 0 (0)                     ; 0           ; 0            ; 0       ; 0         ; 0    ; 0            ; |RISCV_Processor|alu:ALU_UNIT|barrelShifter:SHIFT_UNIT|shiftBinary:shift1|mux2t1:\gen_mux_inputs:15:mux_inst|org2:or_gate ; org2            ; work         ;
;             |mux2t1:\gen_mux_inputs:16:mux_inst| ; 2 (0)               ; 0 (0)                     ; 0           ; 0            ; 0       ; 0         ; 0    ; 0            ; |RISCV_Processor|alu:ALU_UNIT|barrelShifter:SHIFT_UNIT|shiftBinary:shift1|mux2t1:\gen_mux_inputs:16:mux_inst              ; mux2t1          ; work         ;
;                |org2:or_gate|                    ; 2 (2)               ; 0 (0)                     ; 0           ; 0            ; 0       ; 0         ; 0    ; 0            ; |RISCV_Processor|alu:ALU_UNIT|barrelShifter:SHIFT_UNIT|shiftBinary:shift1|mux2t1:\gen_mux_inputs:16:mux_inst|org2:or_gate ; org2            ; work         ;
;             |mux2t1:\gen_mux_inputs:17:mux_inst| ; 2 (0)               ; 0 (0)                     ; 0           ; 0            ; 0       ; 0         ; 0    ; 0            ; |RISCV_Processor|alu:ALU_UNIT|barrelShifter:SHIFT_UNIT|shiftBinary:shift1|mux2t1:\gen_mux_inputs:17:mux_inst              ; mux2t1          ; work         ;
;                |org2:or_gate|                    ; 2 (2)               ; 0 (0)                     ; 0           ; 0            ; 0       ; 0         ; 0    ; 0            ; |RISCV_Processor|alu:ALU_UNIT|barrelShifter:SHIFT_UNIT|shiftBinary:shift1|mux2t1:\gen_mux_inputs:17:mux_inst|org2:or_gate ; org2            ; work         ;
;             |mux2t1:\gen_mux_inputs:18:mux_inst| ; 2 (0)               ; 0 (0)                     ; 0           ; 0            ; 0       ; 0         ; 0    ; 0            ; |RISCV_Processor|alu:ALU_UNIT|barrelShifter:SHIFT_UNIT|shiftBinary:shift1|mux2t1:\gen_mux_inputs:18:mux_inst              ; mux2t1          ; work         ;
;                |org2:or_gate|                    ; 2 (2)               ; 0 (0)                     ; 0           ; 0            ; 0       ; 0         ; 0    ; 0            ; |RISCV_Processor|alu:ALU_UNIT|barrelShifter:SHIFT_UNIT|shiftBinary:shift1|mux2t1:\gen_mux_inputs:18:mux_inst|org2:or_gate ; org2            ; work         ;
;             |mux2t1:\gen_mux_inputs:19:mux_inst| ; 2 (0)               ; 0 (0)                     ; 0           ; 0            ; 0       ; 0         ; 0    ; 0            ; |RISCV_Processor|alu:ALU_UNIT|barrelShifter:SHIFT_UNIT|shiftBinary:shift1|mux2t1:\gen_mux_inputs:19:mux_inst              ; mux2t1          ; work         ;
;                |org2:or_gate|                    ; 2 (2)               ; 0 (0)                     ; 0           ; 0            ; 0       ; 0         ; 0    ; 0            ; |RISCV_Processor|alu:ALU_UNIT|barrelShifter:SHIFT_UNIT|shiftBinary:shift1|mux2t1:\gen_mux_inputs:19:mux_inst|org2:or_gate ; org2            ; work         ;
;             |mux2t1:\gen_mux_inputs:1:mux_inst|  ; 2 (0)               ; 0 (0)                     ; 0           ; 0            ; 0       ; 0         ; 0    ; 0            ; |RISCV_Processor|alu:ALU_UNIT|barrelShifter:SHIFT_UNIT|shiftBinary:shift1|mux2t1:\gen_mux_inputs:1:mux_inst               ; mux2t1          ; work         ;
;                |org2:or_gate|                    ; 2 (2)               ; 0 (0)                     ; 0           ; 0            ; 0       ; 0         ; 0    ; 0            ; |RISCV_Processor|alu:ALU_UNIT|barrelShifter:SHIFT_UNIT|shiftBinary:shift1|mux2t1:\gen_mux_inputs:1:mux_inst|org2:or_gate  ; org2            ; work         ;
;             |mux2t1:\gen_mux_inputs:20:mux_inst| ; 2 (0)               ; 0 (0)                     ; 0           ; 0            ; 0       ; 0         ; 0    ; 0            ; |RISCV_Processor|alu:ALU_UNIT|barrelShifter:SHIFT_UNIT|shiftBinary:shift1|mux2t1:\gen_mux_inputs:20:mux_inst              ; mux2t1          ; work         ;
;                |org2:or_gate|                    ; 2 (2)               ; 0 (0)                     ; 0           ; 0            ; 0       ; 0         ; 0    ; 0            ; |RISCV_Processor|alu:ALU_UNIT|barrelShifter:SHIFT_UNIT|shiftBinary:shift1|mux2t1:\gen_mux_inputs:20:mux_inst|org2:or_gate ; org2            ; work         ;
;             |mux2t1:\gen_mux_inputs:21:mux_inst| ; 2 (0)               ; 0 (0)                     ; 0           ; 0            ; 0       ; 0         ; 0    ; 0            ; |RISCV_Processor|alu:ALU_UNIT|barrelShifter:SHIFT_UNIT|shiftBinary:shift1|mux2t1:\gen_mux_inputs:21:mux_inst              ; mux2t1          ; work         ;
;                |org2:or_gate|                    ; 2 (2)               ; 0 (0)                     ; 0           ; 0            ; 0       ; 0         ; 0    ; 0            ; |RISCV_Processor|alu:ALU_UNIT|barrelShifter:SHIFT_UNIT|shiftBinary:shift1|mux2t1:\gen_mux_inputs:21:mux_inst|org2:or_gate ; org2            ; work         ;
;             |mux2t1:\gen_mux_inputs:22:mux_inst| ; 2 (0)               ; 0 (0)                     ; 0           ; 0            ; 0       ; 0         ; 0    ; 0            ; |RISCV_Processor|alu:ALU_UNIT|barrelShifter:SHIFT_UNIT|shiftBinary:shift1|mux2t1:\gen_mux_inputs:22:mux_inst              ; mux2t1          ; work         ;
;                |org2:or_gate|                    ; 2 (2)               ; 0 (0)                     ; 0           ; 0            ; 0       ; 0         ; 0    ; 0            ; |RISCV_Processor|alu:ALU_UNIT|barrelShifter:SHIFT_UNIT|shiftBinary:shift1|mux2t1:\gen_mux_inputs:22:mux_inst|org2:or_gate ; org2            ; work         ;
;             |mux2t1:\gen_mux_inputs:23:mux_inst| ; 2 (0)               ; 0 (0)                     ; 0           ; 0            ; 0       ; 0         ; 0    ; 0            ; |RISCV_Processor|alu:ALU_UNIT|barrelShifter:SHIFT_UNIT|shiftBinary:shift1|mux2t1:\gen_mux_inputs:23:mux_inst              ; mux2t1          ; work         ;
;                |org2:or_gate|                    ; 2 (2)               ; 0 (0)                     ; 0           ; 0            ; 0       ; 0         ; 0    ; 0            ; |RISCV_Processor|alu:ALU_UNIT|barrelShifter:SHIFT_UNIT|shiftBinary:shift1|mux2t1:\gen_mux_inputs:23:mux_inst|org2:or_gate ; org2            ; work         ;
;             |mux2t1:\gen_mux_inputs:24:mux_inst| ; 2 (0)               ; 0 (0)                     ; 0           ; 0            ; 0       ; 0         ; 0    ; 0            ; |RISCV_Processor|alu:ALU_UNIT|barrelShifter:SHIFT_UNIT|shiftBinary:shift1|mux2t1:\gen_mux_inputs:24:mux_inst              ; mux2t1          ; work         ;
;                |org2:or_gate|                    ; 2 (2)               ; 0 (0)                     ; 0           ; 0            ; 0       ; 0         ; 0    ; 0            ; |RISCV_Processor|alu:ALU_UNIT|barrelShifter:SHIFT_UNIT|shiftBinary:shift1|mux2t1:\gen_mux_inputs:24:mux_inst|org2:or_gate ; org2            ; work         ;
;             |mux2t1:\gen_mux_inputs:25:mux_inst| ; 2 (0)               ; 0 (0)                     ; 0           ; 0            ; 0       ; 0         ; 0    ; 0            ; |RISCV_Processor|alu:ALU_UNIT|barrelShifter:SHIFT_UNIT|shiftBinary:shift1|mux2t1:\gen_mux_inputs:25:mux_inst              ; mux2t1          ; work         ;
;                |org2:or_gate|                    ; 2 (2)               ; 0 (0)                     ; 0           ; 0            ; 0       ; 0         ; 0    ; 0            ; |RISCV_Processor|alu:ALU_UNIT|barrelShifter:SHIFT_UNIT|shiftBinary:shift1|mux2t1:\gen_mux_inputs:25:mux_inst|org2:or_gate ; org2            ; work         ;
;             |mux2t1:\gen_mux_inputs:26:mux_inst| ; 2 (0)               ; 0 (0)                     ; 0           ; 0            ; 0       ; 0         ; 0    ; 0            ; |RISCV_Processor|alu:ALU_UNIT|barrelShifter:SHIFT_UNIT|shiftBinary:shift1|mux2t1:\gen_mux_inputs:26:mux_inst              ; mux2t1          ; work         ;
;                |org2:or_gate|                    ; 2 (2)               ; 0 (0)                     ; 0           ; 0            ; 0       ; 0         ; 0    ; 0            ; |RISCV_Processor|alu:ALU_UNIT|barrelShifter:SHIFT_UNIT|shiftBinary:shift1|mux2t1:\gen_mux_inputs:26:mux_inst|org2:or_gate ; org2            ; work         ;
;             |mux2t1:\gen_mux_inputs:27:mux_inst| ; 2 (0)               ; 0 (0)                     ; 0           ; 0            ; 0       ; 0         ; 0    ; 0            ; |RISCV_Processor|alu:ALU_UNIT|barrelShifter:SHIFT_UNIT|shiftBinary:shift1|mux2t1:\gen_mux_inputs:27:mux_inst              ; mux2t1          ; work         ;
;                |org2:or_gate|                    ; 2 (2)               ; 0 (0)                     ; 0           ; 0            ; 0       ; 0         ; 0    ; 0            ; |RISCV_Processor|alu:ALU_UNIT|barrelShifter:SHIFT_UNIT|shiftBinary:shift1|mux2t1:\gen_mux_inputs:27:mux_inst|org2:or_gate ; org2            ; work         ;
;             |mux2t1:\gen_mux_inputs:28:mux_inst| ; 2 (0)               ; 0 (0)                     ; 0           ; 0            ; 0       ; 0         ; 0    ; 0            ; |RISCV_Processor|alu:ALU_UNIT|barrelShifter:SHIFT_UNIT|shiftBinary:shift1|mux2t1:\gen_mux_inputs:28:mux_inst              ; mux2t1          ; work         ;
;                |org2:or_gate|                    ; 2 (2)               ; 0 (0)                     ; 0           ; 0            ; 0       ; 0         ; 0    ; 0            ; |RISCV_Processor|alu:ALU_UNIT|barrelShifter:SHIFT_UNIT|shiftBinary:shift1|mux2t1:\gen_mux_inputs:28:mux_inst|org2:or_gate ; org2            ; work         ;
;             |mux2t1:\gen_mux_inputs:29:mux_inst| ; 2 (0)               ; 0 (0)                     ; 0           ; 0            ; 0       ; 0         ; 0    ; 0            ; |RISCV_Processor|alu:ALU_UNIT|barrelShifter:SHIFT_UNIT|shiftBinary:shift1|mux2t1:\gen_mux_inputs:29:mux_inst              ; mux2t1          ; work         ;
;                |org2:or_gate|                    ; 2 (2)               ; 0 (0)                     ; 0           ; 0            ; 0       ; 0         ; 0    ; 0            ; |RISCV_Processor|alu:ALU_UNIT|barrelShifter:SHIFT_UNIT|shiftBinary:shift1|mux2t1:\gen_mux_inputs:29:mux_inst|org2:or_gate ; org2            ; work         ;
;             |mux2t1:\gen_mux_inputs:2:mux_inst|  ; 2 (0)               ; 0 (0)                     ; 0           ; 0            ; 0       ; 0         ; 0    ; 0            ; |RISCV_Processor|alu:ALU_UNIT|barrelShifter:SHIFT_UNIT|shiftBinary:shift1|mux2t1:\gen_mux_inputs:2:mux_inst               ; mux2t1          ; work         ;
;                |org2:or_gate|                    ; 2 (2)               ; 0 (0)                     ; 0           ; 0            ; 0       ; 0         ; 0    ; 0            ; |RISCV_Processor|alu:ALU_UNIT|barrelShifter:SHIFT_UNIT|shiftBinary:shift1|mux2t1:\gen_mux_inputs:2:mux_inst|org2:or_gate  ; org2            ; work         ;
;             |mux2t1:\gen_mux_inputs:30:mux_inst| ; 5 (0)               ; 0 (0)                     ; 0           ; 0            ; 0       ; 0         ; 0    ; 0            ; |RISCV_Processor|alu:ALU_UNIT|barrelShifter:SHIFT_UNIT|shiftBinary:shift1|mux2t1:\gen_mux_inputs:30:mux_inst              ; mux2t1          ; work         ;
;                |org2:or_gate|                    ; 5 (5)               ; 0 (0)                     ; 0           ; 0            ; 0       ; 0         ; 0    ; 0            ; |RISCV_Processor|alu:ALU_UNIT|barrelShifter:SHIFT_UNIT|shiftBinary:shift1|mux2t1:\gen_mux_inputs:30:mux_inst|org2:or_gate ; org2            ; work         ;
;             |mux2t1:\gen_mux_inputs:31:mux_inst| ; 4 (0)               ; 0 (0)                     ; 0           ; 0            ; 0       ; 0         ; 0    ; 0            ; |RISCV_Processor|alu:ALU_UNIT|barrelShifter:SHIFT_UNIT|shiftBinary:shift1|mux2t1:\gen_mux_inputs:31:mux_inst              ; mux2t1          ; work         ;
;                |org2:or_gate|                    ; 4 (4)               ; 0 (0)                     ; 0           ; 0            ; 0       ; 0         ; 0    ; 0            ; |RISCV_Processor|alu:ALU_UNIT|barrelShifter:SHIFT_UNIT|shiftBinary:shift1|mux2t1:\gen_mux_inputs:31:mux_inst|org2:or_gate ; org2            ; work         ;
;             |mux2t1:\gen_mux_inputs:3:mux_inst|  ; 2 (0)               ; 0 (0)                     ; 0           ; 0            ; 0       ; 0         ; 0    ; 0            ; |RISCV_Processor|alu:ALU_UNIT|barrelShifter:SHIFT_UNIT|shiftBinary:shift1|mux2t1:\gen_mux_inputs:3:mux_inst               ; mux2t1          ; work         ;
;                |org2:or_gate|                    ; 2 (2)               ; 0 (0)                     ; 0           ; 0            ; 0       ; 0         ; 0    ; 0            ; |RISCV_Processor|alu:ALU_UNIT|barrelShifter:SHIFT_UNIT|shiftBinary:shift1|mux2t1:\gen_mux_inputs:3:mux_inst|org2:or_gate  ; org2            ; work         ;
;             |mux2t1:\gen_mux_inputs:4:mux_inst|  ; 2 (0)               ; 0 (0)                     ; 0           ; 0            ; 0       ; 0         ; 0    ; 0            ; |RISCV_Processor|alu:ALU_UNIT|barrelShifter:SHIFT_UNIT|shiftBinary:shift1|mux2t1:\gen_mux_inputs:4:mux_inst               ; mux2t1          ; work         ;
;                |org2:or_gate|                    ; 2 (2)               ; 0 (0)                     ; 0           ; 0            ; 0       ; 0         ; 0    ; 0            ; |RISCV_Processor|alu:ALU_UNIT|barrelShifter:SHIFT_UNIT|shiftBinary:shift1|mux2t1:\gen_mux_inputs:4:mux_inst|org2:or_gate  ; org2            ; work         ;
;             |mux2t1:\gen_mux_inputs:5:mux_inst|  ; 2 (0)               ; 0 (0)                     ; 0           ; 0            ; 0       ; 0         ; 0    ; 0            ; |RISCV_Processor|alu:ALU_UNIT|barrelShifter:SHIFT_UNIT|shiftBinary:shift1|mux2t1:\gen_mux_inputs:5:mux_inst               ; mux2t1          ; work         ;
;                |org2:or_gate|                    ; 2 (2)               ; 0 (0)                     ; 0           ; 0            ; 0       ; 0         ; 0    ; 0            ; |RISCV_Processor|alu:ALU_UNIT|barrelShifter:SHIFT_UNIT|shiftBinary:shift1|mux2t1:\gen_mux_inputs:5:mux_inst|org2:or_gate  ; org2            ; work         ;
;             |mux2t1:\gen_mux_inputs:6:mux_inst|  ; 2 (0)               ; 0 (0)                     ; 0           ; 0            ; 0       ; 0         ; 0    ; 0            ; |RISCV_Processor|alu:ALU_UNIT|barrelShifter:SHIFT_UNIT|shiftBinary:shift1|mux2t1:\gen_mux_inputs:6:mux_inst               ; mux2t1          ; work         ;
;                |org2:or_gate|                    ; 2 (2)               ; 0 (0)                     ; 0           ; 0            ; 0       ; 0         ; 0    ; 0            ; |RISCV_Processor|alu:ALU_UNIT|barrelShifter:SHIFT_UNIT|shiftBinary:shift1|mux2t1:\gen_mux_inputs:6:mux_inst|org2:or_gate  ; org2            ; work         ;
;             |mux2t1:\gen_mux_inputs:7:mux_inst|  ; 2 (0)               ; 0 (0)                     ; 0           ; 0            ; 0       ; 0         ; 0    ; 0            ; |RISCV_Processor|alu:ALU_UNIT|barrelShifter:SHIFT_UNIT|shiftBinary:shift1|mux2t1:\gen_mux_inputs:7:mux_inst               ; mux2t1          ; work         ;
;                |org2:or_gate|                    ; 2 (2)               ; 0 (0)                     ; 0           ; 0            ; 0       ; 0         ; 0    ; 0            ; |RISCV_Processor|alu:ALU_UNIT|barrelShifter:SHIFT_UNIT|shiftBinary:shift1|mux2t1:\gen_mux_inputs:7:mux_inst|org2:or_gate  ; org2            ; work         ;
;             |mux2t1:\gen_mux_inputs:8:mux_inst|  ; 2 (0)               ; 0 (0)                     ; 0           ; 0            ; 0       ; 0         ; 0    ; 0            ; |RISCV_Processor|alu:ALU_UNIT|barrelShifter:SHIFT_UNIT|shiftBinary:shift1|mux2t1:\gen_mux_inputs:8:mux_inst               ; mux2t1          ; work         ;
;                |org2:or_gate|                    ; 2 (2)               ; 0 (0)                     ; 0           ; 0            ; 0       ; 0         ; 0    ; 0            ; |RISCV_Processor|alu:ALU_UNIT|barrelShifter:SHIFT_UNIT|shiftBinary:shift1|mux2t1:\gen_mux_inputs:8:mux_inst|org2:or_gate  ; org2            ; work         ;
;             |mux2t1:\gen_mux_inputs:9:mux_inst|  ; 2 (0)               ; 0 (0)                     ; 0           ; 0            ; 0       ; 0         ; 0    ; 0            ; |RISCV_Processor|alu:ALU_UNIT|barrelShifter:SHIFT_UNIT|shiftBinary:shift1|mux2t1:\gen_mux_inputs:9:mux_inst               ; mux2t1          ; work         ;
;                |org2:or_gate|                    ; 2 (2)               ; 0 (0)                     ; 0           ; 0            ; 0       ; 0         ; 0    ; 0            ; |RISCV_Processor|alu:ALU_UNIT|barrelShifter:SHIFT_UNIT|shiftBinary:shift1|mux2t1:\gen_mux_inputs:9:mux_inst|org2:or_gate  ; org2            ; work         ;
;          |shiftBinary:shift2|                    ; 77 (0)              ; 0 (0)                     ; 0           ; 0            ; 0       ; 0         ; 0    ; 0            ; |RISCV_Processor|alu:ALU_UNIT|barrelShifter:SHIFT_UNIT|shiftBinary:shift2                                                 ; shiftBinary     ; work         ;
;             |mux2t1:\gen_mux_inputs:0:mux_inst|  ; 2 (0)               ; 0 (0)                     ; 0           ; 0            ; 0       ; 0         ; 0    ; 0            ; |RISCV_Processor|alu:ALU_UNIT|barrelShifter:SHIFT_UNIT|shiftBinary:shift2|mux2t1:\gen_mux_inputs:0:mux_inst               ; mux2t1          ; work         ;
;                |org2:or_gate|                    ; 2 (2)               ; 0 (0)                     ; 0           ; 0            ; 0       ; 0         ; 0    ; 0            ; |RISCV_Processor|alu:ALU_UNIT|barrelShifter:SHIFT_UNIT|shiftBinary:shift2|mux2t1:\gen_mux_inputs:0:mux_inst|org2:or_gate  ; org2            ; work         ;
;             |mux2t1:\gen_mux_inputs:10:mux_inst| ; 2 (0)               ; 0 (0)                     ; 0           ; 0            ; 0       ; 0         ; 0    ; 0            ; |RISCV_Processor|alu:ALU_UNIT|barrelShifter:SHIFT_UNIT|shiftBinary:shift2|mux2t1:\gen_mux_inputs:10:mux_inst              ; mux2t1          ; work         ;
;                |org2:or_gate|                    ; 2 (2)               ; 0 (0)                     ; 0           ; 0            ; 0       ; 0         ; 0    ; 0            ; |RISCV_Processor|alu:ALU_UNIT|barrelShifter:SHIFT_UNIT|shiftBinary:shift2|mux2t1:\gen_mux_inputs:10:mux_inst|org2:or_gate ; org2            ; work         ;
;             |mux2t1:\gen_mux_inputs:11:mux_inst| ; 3 (0)               ; 0 (0)                     ; 0           ; 0            ; 0       ; 0         ; 0    ; 0            ; |RISCV_Processor|alu:ALU_UNIT|barrelShifter:SHIFT_UNIT|shiftBinary:shift2|mux2t1:\gen_mux_inputs:11:mux_inst              ; mux2t1          ; work         ;
;                |org2:or_gate|                    ; 3 (3)               ; 0 (0)                     ; 0           ; 0            ; 0       ; 0         ; 0    ; 0            ; |RISCV_Processor|alu:ALU_UNIT|barrelShifter:SHIFT_UNIT|shiftBinary:shift2|mux2t1:\gen_mux_inputs:11:mux_inst|org2:or_gate ; org2            ; work         ;
;             |mux2t1:\gen_mux_inputs:12:mux_inst| ; 3 (0)               ; 0 (0)                     ; 0           ; 0            ; 0       ; 0         ; 0    ; 0            ; |RISCV_Processor|alu:ALU_UNIT|barrelShifter:SHIFT_UNIT|shiftBinary:shift2|mux2t1:\gen_mux_inputs:12:mux_inst              ; mux2t1          ; work         ;
;                |org2:or_gate|                    ; 3 (3)               ; 0 (0)                     ; 0           ; 0            ; 0       ; 0         ; 0    ; 0            ; |RISCV_Processor|alu:ALU_UNIT|barrelShifter:SHIFT_UNIT|shiftBinary:shift2|mux2t1:\gen_mux_inputs:12:mux_inst|org2:or_gate ; org2            ; work         ;
;             |mux2t1:\gen_mux_inputs:13:mux_inst| ; 3 (0)               ; 0 (0)                     ; 0           ; 0            ; 0       ; 0         ; 0    ; 0            ; |RISCV_Processor|alu:ALU_UNIT|barrelShifter:SHIFT_UNIT|shiftBinary:shift2|mux2t1:\gen_mux_inputs:13:mux_inst              ; mux2t1          ; work         ;
;                |org2:or_gate|                    ; 3 (3)               ; 0 (0)                     ; 0           ; 0            ; 0       ; 0         ; 0    ; 0            ; |RISCV_Processor|alu:ALU_UNIT|barrelShifter:SHIFT_UNIT|shiftBinary:shift2|mux2t1:\gen_mux_inputs:13:mux_inst|org2:or_gate ; org2            ; work         ;
;             |mux2t1:\gen_mux_inputs:14:mux_inst| ; 3 (0)               ; 0 (0)                     ; 0           ; 0            ; 0       ; 0         ; 0    ; 0            ; |RISCV_Processor|alu:ALU_UNIT|barrelShifter:SHIFT_UNIT|shiftBinary:shift2|mux2t1:\gen_mux_inputs:14:mux_inst              ; mux2t1          ; work         ;
;                |org2:or_gate|                    ; 3 (3)               ; 0 (0)                     ; 0           ; 0            ; 0       ; 0         ; 0    ; 0            ; |RISCV_Processor|alu:ALU_UNIT|barrelShifter:SHIFT_UNIT|shiftBinary:shift2|mux2t1:\gen_mux_inputs:14:mux_inst|org2:or_gate ; org2            ; work         ;
;             |mux2t1:\gen_mux_inputs:15:mux_inst| ; 3 (0)               ; 0 (0)                     ; 0           ; 0            ; 0       ; 0         ; 0    ; 0            ; |RISCV_Processor|alu:ALU_UNIT|barrelShifter:SHIFT_UNIT|shiftBinary:shift2|mux2t1:\gen_mux_inputs:15:mux_inst              ; mux2t1          ; work         ;
;                |org2:or_gate|                    ; 3 (3)               ; 0 (0)                     ; 0           ; 0            ; 0       ; 0         ; 0    ; 0            ; |RISCV_Processor|alu:ALU_UNIT|barrelShifter:SHIFT_UNIT|shiftBinary:shift2|mux2t1:\gen_mux_inputs:15:mux_inst|org2:or_gate ; org2            ; work         ;
;             |mux2t1:\gen_mux_inputs:16:mux_inst| ; 2 (0)               ; 0 (0)                     ; 0           ; 0            ; 0       ; 0         ; 0    ; 0            ; |RISCV_Processor|alu:ALU_UNIT|barrelShifter:SHIFT_UNIT|shiftBinary:shift2|mux2t1:\gen_mux_inputs:16:mux_inst              ; mux2t1          ; work         ;
;                |org2:or_gate|                    ; 2 (2)               ; 0 (0)                     ; 0           ; 0            ; 0       ; 0         ; 0    ; 0            ; |RISCV_Processor|alu:ALU_UNIT|barrelShifter:SHIFT_UNIT|shiftBinary:shift2|mux2t1:\gen_mux_inputs:16:mux_inst|org2:or_gate ; org2            ; work         ;
;             |mux2t1:\gen_mux_inputs:17:mux_inst| ; 3 (0)               ; 0 (0)                     ; 0           ; 0            ; 0       ; 0         ; 0    ; 0            ; |RISCV_Processor|alu:ALU_UNIT|barrelShifter:SHIFT_UNIT|shiftBinary:shift2|mux2t1:\gen_mux_inputs:17:mux_inst              ; mux2t1          ; work         ;
;                |org2:or_gate|                    ; 3 (3)               ; 0 (0)                     ; 0           ; 0            ; 0       ; 0         ; 0    ; 0            ; |RISCV_Processor|alu:ALU_UNIT|barrelShifter:SHIFT_UNIT|shiftBinary:shift2|mux2t1:\gen_mux_inputs:17:mux_inst|org2:or_gate ; org2            ; work         ;
;             |mux2t1:\gen_mux_inputs:18:mux_inst| ; 2 (0)               ; 0 (0)                     ; 0           ; 0            ; 0       ; 0         ; 0    ; 0            ; |RISCV_Processor|alu:ALU_UNIT|barrelShifter:SHIFT_UNIT|shiftBinary:shift2|mux2t1:\gen_mux_inputs:18:mux_inst              ; mux2t1          ; work         ;
;                |org2:or_gate|                    ; 2 (2)               ; 0 (0)                     ; 0           ; 0            ; 0       ; 0         ; 0    ; 0            ; |RISCV_Processor|alu:ALU_UNIT|barrelShifter:SHIFT_UNIT|shiftBinary:shift2|mux2t1:\gen_mux_inputs:18:mux_inst|org2:or_gate ; org2            ; work         ;
;             |mux2t1:\gen_mux_inputs:19:mux_inst| ; 3 (0)               ; 0 (0)                     ; 0           ; 0            ; 0       ; 0         ; 0    ; 0            ; |RISCV_Processor|alu:ALU_UNIT|barrelShifter:SHIFT_UNIT|shiftBinary:shift2|mux2t1:\gen_mux_inputs:19:mux_inst              ; mux2t1          ; work         ;
;                |org2:or_gate|                    ; 3 (3)               ; 0 (0)                     ; 0           ; 0            ; 0       ; 0         ; 0    ; 0            ; |RISCV_Processor|alu:ALU_UNIT|barrelShifter:SHIFT_UNIT|shiftBinary:shift2|mux2t1:\gen_mux_inputs:19:mux_inst|org2:or_gate ; org2            ; work         ;
;             |mux2t1:\gen_mux_inputs:20:mux_inst| ; 3 (0)               ; 0 (0)                     ; 0           ; 0            ; 0       ; 0         ; 0    ; 0            ; |RISCV_Processor|alu:ALU_UNIT|barrelShifter:SHIFT_UNIT|shiftBinary:shift2|mux2t1:\gen_mux_inputs:20:mux_inst              ; mux2t1          ; work         ;
;                |org2:or_gate|                    ; 3 (3)               ; 0 (0)                     ; 0           ; 0            ; 0       ; 0         ; 0    ; 0            ; |RISCV_Processor|alu:ALU_UNIT|barrelShifter:SHIFT_UNIT|shiftBinary:shift2|mux2t1:\gen_mux_inputs:20:mux_inst|org2:or_gate ; org2            ; work         ;
;             |mux2t1:\gen_mux_inputs:21:mux_inst| ; 3 (0)               ; 0 (0)                     ; 0           ; 0            ; 0       ; 0         ; 0    ; 0            ; |RISCV_Processor|alu:ALU_UNIT|barrelShifter:SHIFT_UNIT|shiftBinary:shift2|mux2t1:\gen_mux_inputs:21:mux_inst              ; mux2t1          ; work         ;
;                |org2:or_gate|                    ; 3 (3)               ; 0 (0)                     ; 0           ; 0            ; 0       ; 0         ; 0    ; 0            ; |RISCV_Processor|alu:ALU_UNIT|barrelShifter:SHIFT_UNIT|shiftBinary:shift2|mux2t1:\gen_mux_inputs:21:mux_inst|org2:or_gate ; org2            ; work         ;
;             |mux2t1:\gen_mux_inputs:22:mux_inst| ; 2 (0)               ; 0 (0)                     ; 0           ; 0            ; 0       ; 0         ; 0    ; 0            ; |RISCV_Processor|alu:ALU_UNIT|barrelShifter:SHIFT_UNIT|shiftBinary:shift2|mux2t1:\gen_mux_inputs:22:mux_inst              ; mux2t1          ; work         ;
;                |org2:or_gate|                    ; 2 (2)               ; 0 (0)                     ; 0           ; 0            ; 0       ; 0         ; 0    ; 0            ; |RISCV_Processor|alu:ALU_UNIT|barrelShifter:SHIFT_UNIT|shiftBinary:shift2|mux2t1:\gen_mux_inputs:22:mux_inst|org2:or_gate ; org2            ; work         ;
;             |mux2t1:\gen_mux_inputs:23:mux_inst| ; 3 (0)               ; 0 (0)                     ; 0           ; 0            ; 0       ; 0         ; 0    ; 0            ; |RISCV_Processor|alu:ALU_UNIT|barrelShifter:SHIFT_UNIT|shiftBinary:shift2|mux2t1:\gen_mux_inputs:23:mux_inst              ; mux2t1          ; work         ;
;                |org2:or_gate|                    ; 3 (3)               ; 0 (0)                     ; 0           ; 0            ; 0       ; 0         ; 0    ; 0            ; |RISCV_Processor|alu:ALU_UNIT|barrelShifter:SHIFT_UNIT|shiftBinary:shift2|mux2t1:\gen_mux_inputs:23:mux_inst|org2:or_gate ; org2            ; work         ;
;             |mux2t1:\gen_mux_inputs:24:mux_inst| ; 2 (0)               ; 0 (0)                     ; 0           ; 0            ; 0       ; 0         ; 0    ; 0            ; |RISCV_Processor|alu:ALU_UNIT|barrelShifter:SHIFT_UNIT|shiftBinary:shift2|mux2t1:\gen_mux_inputs:24:mux_inst              ; mux2t1          ; work         ;
;                |org2:or_gate|                    ; 2 (2)               ; 0 (0)                     ; 0           ; 0            ; 0       ; 0         ; 0    ; 0            ; |RISCV_Processor|alu:ALU_UNIT|barrelShifter:SHIFT_UNIT|shiftBinary:shift2|mux2t1:\gen_mux_inputs:24:mux_inst|org2:or_gate ; org2            ; work         ;
;             |mux2t1:\gen_mux_inputs:25:mux_inst| ; 3 (0)               ; 0 (0)                     ; 0           ; 0            ; 0       ; 0         ; 0    ; 0            ; |RISCV_Processor|alu:ALU_UNIT|barrelShifter:SHIFT_UNIT|shiftBinary:shift2|mux2t1:\gen_mux_inputs:25:mux_inst              ; mux2t1          ; work         ;
;                |org2:or_gate|                    ; 3 (3)               ; 0 (0)                     ; 0           ; 0            ; 0       ; 0         ; 0    ; 0            ; |RISCV_Processor|alu:ALU_UNIT|barrelShifter:SHIFT_UNIT|shiftBinary:shift2|mux2t1:\gen_mux_inputs:25:mux_inst|org2:or_gate ; org2            ; work         ;
;             |mux2t1:\gen_mux_inputs:26:mux_inst| ; 3 (0)               ; 0 (0)                     ; 0           ; 0            ; 0       ; 0         ; 0    ; 0            ; |RISCV_Processor|alu:ALU_UNIT|barrelShifter:SHIFT_UNIT|shiftBinary:shift2|mux2t1:\gen_mux_inputs:26:mux_inst              ; mux2t1          ; work         ;
;                |org2:or_gate|                    ; 3 (3)               ; 0 (0)                     ; 0           ; 0            ; 0       ; 0         ; 0    ; 0            ; |RISCV_Processor|alu:ALU_UNIT|barrelShifter:SHIFT_UNIT|shiftBinary:shift2|mux2t1:\gen_mux_inputs:26:mux_inst|org2:or_gate ; org2            ; work         ;
;             |mux2t1:\gen_mux_inputs:27:mux_inst| ; 2 (0)               ; 0 (0)                     ; 0           ; 0            ; 0       ; 0         ; 0    ; 0            ; |RISCV_Processor|alu:ALU_UNIT|barrelShifter:SHIFT_UNIT|shiftBinary:shift2|mux2t1:\gen_mux_inputs:27:mux_inst              ; mux2t1          ; work         ;
;                |org2:or_gate|                    ; 2 (2)               ; 0 (0)                     ; 0           ; 0            ; 0       ; 0         ; 0    ; 0            ; |RISCV_Processor|alu:ALU_UNIT|barrelShifter:SHIFT_UNIT|shiftBinary:shift2|mux2t1:\gen_mux_inputs:27:mux_inst|org2:or_gate ; org2            ; work         ;
;             |mux2t1:\gen_mux_inputs:28:mux_inst| ; 2 (0)               ; 0 (0)                     ; 0           ; 0            ; 0       ; 0         ; 0    ; 0            ; |RISCV_Processor|alu:ALU_UNIT|barrelShifter:SHIFT_UNIT|shiftBinary:shift2|mux2t1:\gen_mux_inputs:28:mux_inst              ; mux2t1          ; work         ;
;                |org2:or_gate|                    ; 2 (2)               ; 0 (0)                     ; 0           ; 0            ; 0       ; 0         ; 0    ; 0            ; |RISCV_Processor|alu:ALU_UNIT|barrelShifter:SHIFT_UNIT|shiftBinary:shift2|mux2t1:\gen_mux_inputs:28:mux_inst|org2:or_gate ; org2            ; work         ;
;             |mux2t1:\gen_mux_inputs:29:mux_inst| ; 2 (0)               ; 0 (0)                     ; 0           ; 0            ; 0       ; 0         ; 0    ; 0            ; |RISCV_Processor|alu:ALU_UNIT|barrelShifter:SHIFT_UNIT|shiftBinary:shift2|mux2t1:\gen_mux_inputs:29:mux_inst              ; mux2t1          ; work         ;
;                |org2:or_gate|                    ; 2 (2)               ; 0 (0)                     ; 0           ; 0            ; 0       ; 0         ; 0    ; 0            ; |RISCV_Processor|alu:ALU_UNIT|barrelShifter:SHIFT_UNIT|shiftBinary:shift2|mux2t1:\gen_mux_inputs:29:mux_inst|org2:or_gate ; org2            ; work         ;
;             |mux2t1:\gen_mux_inputs:2:mux_inst|  ; 2 (0)               ; 0 (0)                     ; 0           ; 0            ; 0       ; 0         ; 0    ; 0            ; |RISCV_Processor|alu:ALU_UNIT|barrelShifter:SHIFT_UNIT|shiftBinary:shift2|mux2t1:\gen_mux_inputs:2:mux_inst               ; mux2t1          ; work         ;
;                |org2:or_gate|                    ; 2 (2)               ; 0 (0)                     ; 0           ; 0            ; 0       ; 0         ; 0    ; 0            ; |RISCV_Processor|alu:ALU_UNIT|barrelShifter:SHIFT_UNIT|shiftBinary:shift2|mux2t1:\gen_mux_inputs:2:mux_inst|org2:or_gate  ; org2            ; work         ;
;             |mux2t1:\gen_mux_inputs:30:mux_inst| ; 2 (0)               ; 0 (0)                     ; 0           ; 0            ; 0       ; 0         ; 0    ; 0            ; |RISCV_Processor|alu:ALU_UNIT|barrelShifter:SHIFT_UNIT|shiftBinary:shift2|mux2t1:\gen_mux_inputs:30:mux_inst              ; mux2t1          ; work         ;
;                |org2:or_gate|                    ; 2 (2)               ; 0 (0)                     ; 0           ; 0            ; 0       ; 0         ; 0    ; 0            ; |RISCV_Processor|alu:ALU_UNIT|barrelShifter:SHIFT_UNIT|shiftBinary:shift2|mux2t1:\gen_mux_inputs:30:mux_inst|org2:or_gate ; org2            ; work         ;
;             |mux2t1:\gen_mux_inputs:31:mux_inst| ; 2 (0)               ; 0 (0)                     ; 0           ; 0            ; 0       ; 0         ; 0    ; 0            ; |RISCV_Processor|alu:ALU_UNIT|barrelShifter:SHIFT_UNIT|shiftBinary:shift2|mux2t1:\gen_mux_inputs:31:mux_inst              ; mux2t1          ; work         ;
;                |org2:or_gate|                    ; 2 (2)               ; 0 (0)                     ; 0           ; 0            ; 0       ; 0         ; 0    ; 0            ; |RISCV_Processor|alu:ALU_UNIT|barrelShifter:SHIFT_UNIT|shiftBinary:shift2|mux2t1:\gen_mux_inputs:31:mux_inst|org2:or_gate ; org2            ; work         ;
;             |mux2t1:\gen_mux_inputs:3:mux_inst|  ; 2 (0)               ; 0 (0)                     ; 0           ; 0            ; 0       ; 0         ; 0    ; 0            ; |RISCV_Processor|alu:ALU_UNIT|barrelShifter:SHIFT_UNIT|shiftBinary:shift2|mux2t1:\gen_mux_inputs:3:mux_inst               ; mux2t1          ; work         ;
;                |org2:or_gate|                    ; 2 (2)               ; 0 (0)                     ; 0           ; 0            ; 0       ; 0         ; 0    ; 0            ; |RISCV_Processor|alu:ALU_UNIT|barrelShifter:SHIFT_UNIT|shiftBinary:shift2|mux2t1:\gen_mux_inputs:3:mux_inst|org2:or_gate  ; org2            ; work         ;
;             |mux2t1:\gen_mux_inputs:4:mux_inst|  ; 2 (0)               ; 0 (0)                     ; 0           ; 0            ; 0       ; 0         ; 0    ; 0            ; |RISCV_Processor|alu:ALU_UNIT|barrelShifter:SHIFT_UNIT|shiftBinary:shift2|mux2t1:\gen_mux_inputs:4:mux_inst               ; mux2t1          ; work         ;
;                |org2:or_gate|                    ; 2 (2)               ; 0 (0)                     ; 0           ; 0            ; 0       ; 0         ; 0    ; 0            ; |RISCV_Processor|alu:ALU_UNIT|barrelShifter:SHIFT_UNIT|shiftBinary:shift2|mux2t1:\gen_mux_inputs:4:mux_inst|org2:or_gate  ; org2            ; work         ;
;             |mux2t1:\gen_mux_inputs:5:mux_inst|  ; 3 (0)               ; 0 (0)                     ; 0           ; 0            ; 0       ; 0         ; 0    ; 0            ; |RISCV_Processor|alu:ALU_UNIT|barrelShifter:SHIFT_UNIT|shiftBinary:shift2|mux2t1:\gen_mux_inputs:5:mux_inst               ; mux2t1          ; work         ;
;                |org2:or_gate|                    ; 3 (3)               ; 0 (0)                     ; 0           ; 0            ; 0       ; 0         ; 0    ; 0            ; |RISCV_Processor|alu:ALU_UNIT|barrelShifter:SHIFT_UNIT|shiftBinary:shift2|mux2t1:\gen_mux_inputs:5:mux_inst|org2:or_gate  ; org2            ; work         ;
;             |mux2t1:\gen_mux_inputs:6:mux_inst|  ; 2 (0)               ; 0 (0)                     ; 0           ; 0            ; 0       ; 0         ; 0    ; 0            ; |RISCV_Processor|alu:ALU_UNIT|barrelShifter:SHIFT_UNIT|shiftBinary:shift2|mux2t1:\gen_mux_inputs:6:mux_inst               ; mux2t1          ; work         ;
;                |org2:or_gate|                    ; 2 (2)               ; 0 (0)                     ; 0           ; 0            ; 0       ; 0         ; 0    ; 0            ; |RISCV_Processor|alu:ALU_UNIT|barrelShifter:SHIFT_UNIT|shiftBinary:shift2|mux2t1:\gen_mux_inputs:6:mux_inst|org2:or_gate  ; org2            ; work         ;
;             |mux2t1:\gen_mux_inputs:7:mux_inst|  ; 3 (0)               ; 0 (0)                     ; 0           ; 0            ; 0       ; 0         ; 0    ; 0            ; |RISCV_Processor|alu:ALU_UNIT|barrelShifter:SHIFT_UNIT|shiftBinary:shift2|mux2t1:\gen_mux_inputs:7:mux_inst               ; mux2t1          ; work         ;
;                |org2:or_gate|                    ; 3 (3)               ; 0 (0)                     ; 0           ; 0            ; 0       ; 0         ; 0    ; 0            ; |RISCV_Processor|alu:ALU_UNIT|barrelShifter:SHIFT_UNIT|shiftBinary:shift2|mux2t1:\gen_mux_inputs:7:mux_inst|org2:or_gate  ; org2            ; work         ;
;             |mux2t1:\gen_mux_inputs:8:mux_inst|  ; 2 (0)               ; 0 (0)                     ; 0           ; 0            ; 0       ; 0         ; 0    ; 0            ; |RISCV_Processor|alu:ALU_UNIT|barrelShifter:SHIFT_UNIT|shiftBinary:shift2|mux2t1:\gen_mux_inputs:8:mux_inst               ; mux2t1          ; work         ;
;                |org2:or_gate|                    ; 2 (2)               ; 0 (0)                     ; 0           ; 0            ; 0       ; 0         ; 0    ; 0            ; |RISCV_Processor|alu:ALU_UNIT|barrelShifter:SHIFT_UNIT|shiftBinary:shift2|mux2t1:\gen_mux_inputs:8:mux_inst|org2:or_gate  ; org2            ; work         ;
;             |mux2t1:\gen_mux_inputs:9:mux_inst|  ; 3 (0)               ; 0 (0)                     ; 0           ; 0            ; 0       ; 0         ; 0    ; 0            ; |RISCV_Processor|alu:ALU_UNIT|barrelShifter:SHIFT_UNIT|shiftBinary:shift2|mux2t1:\gen_mux_inputs:9:mux_inst               ; mux2t1          ; work         ;
;                |org2:or_gate|                    ; 3 (3)               ; 0 (0)                     ; 0           ; 0            ; 0       ; 0         ; 0    ; 0            ; |RISCV_Processor|alu:ALU_UNIT|barrelShifter:SHIFT_UNIT|shiftBinary:shift2|mux2t1:\gen_mux_inputs:9:mux_inst|org2:or_gate  ; org2            ; work         ;
;          |shiftBinary:shift4|                    ; 73 (0)              ; 0 (0)                     ; 0           ; 0            ; 0       ; 0         ; 0    ; 0            ; |RISCV_Processor|alu:ALU_UNIT|barrelShifter:SHIFT_UNIT|shiftBinary:shift4                                                 ; shiftBinary     ; work         ;
;             |mux2t1:\gen_mux_inputs:10:mux_inst| ; 2 (0)               ; 0 (0)                     ; 0           ; 0            ; 0       ; 0         ; 0    ; 0            ; |RISCV_Processor|alu:ALU_UNIT|barrelShifter:SHIFT_UNIT|shiftBinary:shift4|mux2t1:\gen_mux_inputs:10:mux_inst              ; mux2t1          ; work         ;
;                |org2:or_gate|                    ; 2 (2)               ; 0 (0)                     ; 0           ; 0            ; 0       ; 0         ; 0    ; 0            ; |RISCV_Processor|alu:ALU_UNIT|barrelShifter:SHIFT_UNIT|shiftBinary:shift4|mux2t1:\gen_mux_inputs:10:mux_inst|org2:or_gate ; org2            ; work         ;
;             |mux2t1:\gen_mux_inputs:11:mux_inst| ; 3 (0)               ; 0 (0)                     ; 0           ; 0            ; 0       ; 0         ; 0    ; 0            ; |RISCV_Processor|alu:ALU_UNIT|barrelShifter:SHIFT_UNIT|shiftBinary:shift4|mux2t1:\gen_mux_inputs:11:mux_inst              ; mux2t1          ; work         ;
;                |org2:or_gate|                    ; 3 (3)               ; 0 (0)                     ; 0           ; 0            ; 0       ; 0         ; 0    ; 0            ; |RISCV_Processor|alu:ALU_UNIT|barrelShifter:SHIFT_UNIT|shiftBinary:shift4|mux2t1:\gen_mux_inputs:11:mux_inst|org2:or_gate ; org2            ; work         ;
;             |mux2t1:\gen_mux_inputs:12:mux_inst| ; 2 (0)               ; 0 (0)                     ; 0           ; 0            ; 0       ; 0         ; 0    ; 0            ; |RISCV_Processor|alu:ALU_UNIT|barrelShifter:SHIFT_UNIT|shiftBinary:shift4|mux2t1:\gen_mux_inputs:12:mux_inst              ; mux2t1          ; work         ;
;                |org2:or_gate|                    ; 2 (2)               ; 0 (0)                     ; 0           ; 0            ; 0       ; 0         ; 0    ; 0            ; |RISCV_Processor|alu:ALU_UNIT|barrelShifter:SHIFT_UNIT|shiftBinary:shift4|mux2t1:\gen_mux_inputs:12:mux_inst|org2:or_gate ; org2            ; work         ;
;             |mux2t1:\gen_mux_inputs:13:mux_inst| ; 3 (0)               ; 0 (0)                     ; 0           ; 0            ; 0       ; 0         ; 0    ; 0            ; |RISCV_Processor|alu:ALU_UNIT|barrelShifter:SHIFT_UNIT|shiftBinary:shift4|mux2t1:\gen_mux_inputs:13:mux_inst              ; mux2t1          ; work         ;
;                |org2:or_gate|                    ; 3 (3)               ; 0 (0)                     ; 0           ; 0            ; 0       ; 0         ; 0    ; 0            ; |RISCV_Processor|alu:ALU_UNIT|barrelShifter:SHIFT_UNIT|shiftBinary:shift4|mux2t1:\gen_mux_inputs:13:mux_inst|org2:or_gate ; org2            ; work         ;
;             |mux2t1:\gen_mux_inputs:14:mux_inst| ; 3 (0)               ; 0 (0)                     ; 0           ; 0            ; 0       ; 0         ; 0    ; 0            ; |RISCV_Processor|alu:ALU_UNIT|barrelShifter:SHIFT_UNIT|shiftBinary:shift4|mux2t1:\gen_mux_inputs:14:mux_inst              ; mux2t1          ; work         ;
;                |org2:or_gate|                    ; 3 (3)               ; 0 (0)                     ; 0           ; 0            ; 0       ; 0         ; 0    ; 0            ; |RISCV_Processor|alu:ALU_UNIT|barrelShifter:SHIFT_UNIT|shiftBinary:shift4|mux2t1:\gen_mux_inputs:14:mux_inst|org2:or_gate ; org2            ; work         ;
;             |mux2t1:\gen_mux_inputs:15:mux_inst| ; 3 (0)               ; 0 (0)                     ; 0           ; 0            ; 0       ; 0         ; 0    ; 0            ; |RISCV_Processor|alu:ALU_UNIT|barrelShifter:SHIFT_UNIT|shiftBinary:shift4|mux2t1:\gen_mux_inputs:15:mux_inst              ; mux2t1          ; work         ;
;                |org2:or_gate|                    ; 3 (3)               ; 0 (0)                     ; 0           ; 0            ; 0       ; 0         ; 0    ; 0            ; |RISCV_Processor|alu:ALU_UNIT|barrelShifter:SHIFT_UNIT|shiftBinary:shift4|mux2t1:\gen_mux_inputs:15:mux_inst|org2:or_gate ; org2            ; work         ;
;             |mux2t1:\gen_mux_inputs:16:mux_inst| ; 2 (0)               ; 0 (0)                     ; 0           ; 0            ; 0       ; 0         ; 0    ; 0            ; |RISCV_Processor|alu:ALU_UNIT|barrelShifter:SHIFT_UNIT|shiftBinary:shift4|mux2t1:\gen_mux_inputs:16:mux_inst              ; mux2t1          ; work         ;
;                |org2:or_gate|                    ; 2 (2)               ; 0 (0)                     ; 0           ; 0            ; 0       ; 0         ; 0    ; 0            ; |RISCV_Processor|alu:ALU_UNIT|barrelShifter:SHIFT_UNIT|shiftBinary:shift4|mux2t1:\gen_mux_inputs:16:mux_inst|org2:or_gate ; org2            ; work         ;
;             |mux2t1:\gen_mux_inputs:17:mux_inst| ; 3 (0)               ; 0 (0)                     ; 0           ; 0            ; 0       ; 0         ; 0    ; 0            ; |RISCV_Processor|alu:ALU_UNIT|barrelShifter:SHIFT_UNIT|shiftBinary:shift4|mux2t1:\gen_mux_inputs:17:mux_inst              ; mux2t1          ; work         ;
;                |org2:or_gate|                    ; 3 (3)               ; 0 (0)                     ; 0           ; 0            ; 0       ; 0         ; 0    ; 0            ; |RISCV_Processor|alu:ALU_UNIT|barrelShifter:SHIFT_UNIT|shiftBinary:shift4|mux2t1:\gen_mux_inputs:17:mux_inst|org2:or_gate ; org2            ; work         ;
;             |mux2t1:\gen_mux_inputs:18:mux_inst| ; 3 (0)               ; 0 (0)                     ; 0           ; 0            ; 0       ; 0         ; 0    ; 0            ; |RISCV_Processor|alu:ALU_UNIT|barrelShifter:SHIFT_UNIT|shiftBinary:shift4|mux2t1:\gen_mux_inputs:18:mux_inst              ; mux2t1          ; work         ;
;                |org2:or_gate|                    ; 3 (3)               ; 0 (0)                     ; 0           ; 0            ; 0       ; 0         ; 0    ; 0            ; |RISCV_Processor|alu:ALU_UNIT|barrelShifter:SHIFT_UNIT|shiftBinary:shift4|mux2t1:\gen_mux_inputs:18:mux_inst|org2:or_gate ; org2            ; work         ;
;             |mux2t1:\gen_mux_inputs:19:mux_inst| ; 3 (0)               ; 0 (0)                     ; 0           ; 0            ; 0       ; 0         ; 0    ; 0            ; |RISCV_Processor|alu:ALU_UNIT|barrelShifter:SHIFT_UNIT|shiftBinary:shift4|mux2t1:\gen_mux_inputs:19:mux_inst              ; mux2t1          ; work         ;
;                |org2:or_gate|                    ; 3 (3)               ; 0 (0)                     ; 0           ; 0            ; 0       ; 0         ; 0    ; 0            ; |RISCV_Processor|alu:ALU_UNIT|barrelShifter:SHIFT_UNIT|shiftBinary:shift4|mux2t1:\gen_mux_inputs:19:mux_inst|org2:or_gate ; org2            ; work         ;
;             |mux2t1:\gen_mux_inputs:1:mux_inst|  ; 2 (0)               ; 0 (0)                     ; 0           ; 0            ; 0       ; 0         ; 0    ; 0            ; |RISCV_Processor|alu:ALU_UNIT|barrelShifter:SHIFT_UNIT|shiftBinary:shift4|mux2t1:\gen_mux_inputs:1:mux_inst               ; mux2t1          ; work         ;
;                |org2:or_gate|                    ; 2 (2)               ; 0 (0)                     ; 0           ; 0            ; 0       ; 0         ; 0    ; 0            ; |RISCV_Processor|alu:ALU_UNIT|barrelShifter:SHIFT_UNIT|shiftBinary:shift4|mux2t1:\gen_mux_inputs:1:mux_inst|org2:or_gate  ; org2            ; work         ;
;             |mux2t1:\gen_mux_inputs:20:mux_inst| ; 2 (0)               ; 0 (0)                     ; 0           ; 0            ; 0       ; 0         ; 0    ; 0            ; |RISCV_Processor|alu:ALU_UNIT|barrelShifter:SHIFT_UNIT|shiftBinary:shift4|mux2t1:\gen_mux_inputs:20:mux_inst              ; mux2t1          ; work         ;
;                |org2:or_gate|                    ; 2 (2)               ; 0 (0)                     ; 0           ; 0            ; 0       ; 0         ; 0    ; 0            ; |RISCV_Processor|alu:ALU_UNIT|barrelShifter:SHIFT_UNIT|shiftBinary:shift4|mux2t1:\gen_mux_inputs:20:mux_inst|org2:or_gate ; org2            ; work         ;
;             |mux2t1:\gen_mux_inputs:21:mux_inst| ; 3 (0)               ; 0 (0)                     ; 0           ; 0            ; 0       ; 0         ; 0    ; 0            ; |RISCV_Processor|alu:ALU_UNIT|barrelShifter:SHIFT_UNIT|shiftBinary:shift4|mux2t1:\gen_mux_inputs:21:mux_inst              ; mux2t1          ; work         ;
;                |org2:or_gate|                    ; 3 (3)               ; 0 (0)                     ; 0           ; 0            ; 0       ; 0         ; 0    ; 0            ; |RISCV_Processor|alu:ALU_UNIT|barrelShifter:SHIFT_UNIT|shiftBinary:shift4|mux2t1:\gen_mux_inputs:21:mux_inst|org2:or_gate ; org2            ; work         ;
;             |mux2t1:\gen_mux_inputs:22:mux_inst| ; 1 (0)               ; 0 (0)                     ; 0           ; 0            ; 0       ; 0         ; 0    ; 0            ; |RISCV_Processor|alu:ALU_UNIT|barrelShifter:SHIFT_UNIT|shiftBinary:shift4|mux2t1:\gen_mux_inputs:22:mux_inst              ; mux2t1          ; work         ;
;                |org2:or_gate|                    ; 1 (1)               ; 0 (0)                     ; 0           ; 0            ; 0       ; 0         ; 0    ; 0            ; |RISCV_Processor|alu:ALU_UNIT|barrelShifter:SHIFT_UNIT|shiftBinary:shift4|mux2t1:\gen_mux_inputs:22:mux_inst|org2:or_gate ; org2            ; work         ;
;             |mux2t1:\gen_mux_inputs:23:mux_inst| ; 3 (0)               ; 0 (0)                     ; 0           ; 0            ; 0       ; 0         ; 0    ; 0            ; |RISCV_Processor|alu:ALU_UNIT|barrelShifter:SHIFT_UNIT|shiftBinary:shift4|mux2t1:\gen_mux_inputs:23:mux_inst              ; mux2t1          ; work         ;
;                |org2:or_gate|                    ; 3 (3)               ; 0 (0)                     ; 0           ; 0            ; 0       ; 0         ; 0    ; 0            ; |RISCV_Processor|alu:ALU_UNIT|barrelShifter:SHIFT_UNIT|shiftBinary:shift4|mux2t1:\gen_mux_inputs:23:mux_inst|org2:or_gate ; org2            ; work         ;
;             |mux2t1:\gen_mux_inputs:24:mux_inst| ; 3 (0)               ; 0 (0)                     ; 0           ; 0            ; 0       ; 0         ; 0    ; 0            ; |RISCV_Processor|alu:ALU_UNIT|barrelShifter:SHIFT_UNIT|shiftBinary:shift4|mux2t1:\gen_mux_inputs:24:mux_inst              ; mux2t1          ; work         ;
;                |org2:or_gate|                    ; 3 (3)               ; 0 (0)                     ; 0           ; 0            ; 0       ; 0         ; 0    ; 0            ; |RISCV_Processor|alu:ALU_UNIT|barrelShifter:SHIFT_UNIT|shiftBinary:shift4|mux2t1:\gen_mux_inputs:24:mux_inst|org2:or_gate ; org2            ; work         ;
;             |mux2t1:\gen_mux_inputs:25:mux_inst| ; 2 (0)               ; 0 (0)                     ; 0           ; 0            ; 0       ; 0         ; 0    ; 0            ; |RISCV_Processor|alu:ALU_UNIT|barrelShifter:SHIFT_UNIT|shiftBinary:shift4|mux2t1:\gen_mux_inputs:25:mux_inst              ; mux2t1          ; work         ;
;                |org2:or_gate|                    ; 2 (2)               ; 0 (0)                     ; 0           ; 0            ; 0       ; 0         ; 0    ; 0            ; |RISCV_Processor|alu:ALU_UNIT|barrelShifter:SHIFT_UNIT|shiftBinary:shift4|mux2t1:\gen_mux_inputs:25:mux_inst|org2:or_gate ; org2            ; work         ;
;             |mux2t1:\gen_mux_inputs:26:mux_inst| ; 3 (0)               ; 0 (0)                     ; 0           ; 0            ; 0       ; 0         ; 0    ; 0            ; |RISCV_Processor|alu:ALU_UNIT|barrelShifter:SHIFT_UNIT|shiftBinary:shift4|mux2t1:\gen_mux_inputs:26:mux_inst              ; mux2t1          ; work         ;
;                |org2:or_gate|                    ; 3 (3)               ; 0 (0)                     ; 0           ; 0            ; 0       ; 0         ; 0    ; 0            ; |RISCV_Processor|alu:ALU_UNIT|barrelShifter:SHIFT_UNIT|shiftBinary:shift4|mux2t1:\gen_mux_inputs:26:mux_inst|org2:or_gate ; org2            ; work         ;
;             |mux2t1:\gen_mux_inputs:27:mux_inst| ; 2 (0)               ; 0 (0)                     ; 0           ; 0            ; 0       ; 0         ; 0    ; 0            ; |RISCV_Processor|alu:ALU_UNIT|barrelShifter:SHIFT_UNIT|shiftBinary:shift4|mux2t1:\gen_mux_inputs:27:mux_inst              ; mux2t1          ; work         ;
;                |org2:or_gate|                    ; 2 (2)               ; 0 (0)                     ; 0           ; 0            ; 0       ; 0         ; 0    ; 0            ; |RISCV_Processor|alu:ALU_UNIT|barrelShifter:SHIFT_UNIT|shiftBinary:shift4|mux2t1:\gen_mux_inputs:27:mux_inst|org2:or_gate ; org2            ; work         ;
;             |mux2t1:\gen_mux_inputs:28:mux_inst| ; 2 (0)               ; 0 (0)                     ; 0           ; 0            ; 0       ; 0         ; 0    ; 0            ; |RISCV_Processor|alu:ALU_UNIT|barrelShifter:SHIFT_UNIT|shiftBinary:shift4|mux2t1:\gen_mux_inputs:28:mux_inst              ; mux2t1          ; work         ;
;                |org2:or_gate|                    ; 2 (2)               ; 0 (0)                     ; 0           ; 0            ; 0       ; 0         ; 0    ; 0            ; |RISCV_Processor|alu:ALU_UNIT|barrelShifter:SHIFT_UNIT|shiftBinary:shift4|mux2t1:\gen_mux_inputs:28:mux_inst|org2:or_gate ; org2            ; work         ;
;             |mux2t1:\gen_mux_inputs:29:mux_inst| ; 2 (0)               ; 0 (0)                     ; 0           ; 0            ; 0       ; 0         ; 0    ; 0            ; |RISCV_Processor|alu:ALU_UNIT|barrelShifter:SHIFT_UNIT|shiftBinary:shift4|mux2t1:\gen_mux_inputs:29:mux_inst              ; mux2t1          ; work         ;
;                |org2:or_gate|                    ; 2 (2)               ; 0 (0)                     ; 0           ; 0            ; 0       ; 0         ; 0    ; 0            ; |RISCV_Processor|alu:ALU_UNIT|barrelShifter:SHIFT_UNIT|shiftBinary:shift4|mux2t1:\gen_mux_inputs:29:mux_inst|org2:or_gate ; org2            ; work         ;
;             |mux2t1:\gen_mux_inputs:30:mux_inst| ; 2 (0)               ; 0 (0)                     ; 0           ; 0            ; 0       ; 0         ; 0    ; 0            ; |RISCV_Processor|alu:ALU_UNIT|barrelShifter:SHIFT_UNIT|shiftBinary:shift4|mux2t1:\gen_mux_inputs:30:mux_inst              ; mux2t1          ; work         ;
;                |org2:or_gate|                    ; 2 (2)               ; 0 (0)                     ; 0           ; 0            ; 0       ; 0         ; 0    ; 0            ; |RISCV_Processor|alu:ALU_UNIT|barrelShifter:SHIFT_UNIT|shiftBinary:shift4|mux2t1:\gen_mux_inputs:30:mux_inst|org2:or_gate ; org2            ; work         ;
;             |mux2t1:\gen_mux_inputs:31:mux_inst| ; 3 (0)               ; 0 (0)                     ; 0           ; 0            ; 0       ; 0         ; 0    ; 0            ; |RISCV_Processor|alu:ALU_UNIT|barrelShifter:SHIFT_UNIT|shiftBinary:shift4|mux2t1:\gen_mux_inputs:31:mux_inst              ; mux2t1          ; work         ;
;                |org2:or_gate|                    ; 3 (3)               ; 0 (0)                     ; 0           ; 0            ; 0       ; 0         ; 0    ; 0            ; |RISCV_Processor|alu:ALU_UNIT|barrelShifter:SHIFT_UNIT|shiftBinary:shift4|mux2t1:\gen_mux_inputs:31:mux_inst|org2:or_gate ; org2            ; work         ;
;             |mux2t1:\gen_mux_inputs:4:mux_inst|  ; 2 (0)               ; 0 (0)                     ; 0           ; 0            ; 0       ; 0         ; 0    ; 0            ; |RISCV_Processor|alu:ALU_UNIT|barrelShifter:SHIFT_UNIT|shiftBinary:shift4|mux2t1:\gen_mux_inputs:4:mux_inst               ; mux2t1          ; work         ;
;                |org2:or_gate|                    ; 2 (2)               ; 0 (0)                     ; 0           ; 0            ; 0       ; 0         ; 0    ; 0            ; |RISCV_Processor|alu:ALU_UNIT|barrelShifter:SHIFT_UNIT|shiftBinary:shift4|mux2t1:\gen_mux_inputs:4:mux_inst|org2:or_gate  ; org2            ; work         ;
;             |mux2t1:\gen_mux_inputs:5:mux_inst|  ; 4 (0)               ; 0 (0)                     ; 0           ; 0            ; 0       ; 0         ; 0    ; 0            ; |RISCV_Processor|alu:ALU_UNIT|barrelShifter:SHIFT_UNIT|shiftBinary:shift4|mux2t1:\gen_mux_inputs:5:mux_inst               ; mux2t1          ; work         ;
;                |org2:or_gate|                    ; 4 (4)               ; 0 (0)                     ; 0           ; 0            ; 0       ; 0         ; 0    ; 0            ; |RISCV_Processor|alu:ALU_UNIT|barrelShifter:SHIFT_UNIT|shiftBinary:shift4|mux2t1:\gen_mux_inputs:5:mux_inst|org2:or_gate  ; org2            ; work         ;
;             |mux2t1:\gen_mux_inputs:6:mux_inst|  ; 2 (0)               ; 0 (0)                     ; 0           ; 0            ; 0       ; 0         ; 0    ; 0            ; |RISCV_Processor|alu:ALU_UNIT|barrelShifter:SHIFT_UNIT|shiftBinary:shift4|mux2t1:\gen_mux_inputs:6:mux_inst               ; mux2t1          ; work         ;
;                |org2:or_gate|                    ; 2 (2)               ; 0 (0)                     ; 0           ; 0            ; 0       ; 0         ; 0    ; 0            ; |RISCV_Processor|alu:ALU_UNIT|barrelShifter:SHIFT_UNIT|shiftBinary:shift4|mux2t1:\gen_mux_inputs:6:mux_inst|org2:or_gate  ; org2            ; work         ;
;             |mux2t1:\gen_mux_inputs:7:mux_inst|  ; 2 (0)               ; 0 (0)                     ; 0           ; 0            ; 0       ; 0         ; 0    ; 0            ; |RISCV_Processor|alu:ALU_UNIT|barrelShifter:SHIFT_UNIT|shiftBinary:shift4|mux2t1:\gen_mux_inputs:7:mux_inst               ; mux2t1          ; work         ;
;                |org2:or_gate|                    ; 2 (2)               ; 0 (0)                     ; 0           ; 0            ; 0       ; 0         ; 0    ; 0            ; |RISCV_Processor|alu:ALU_UNIT|barrelShifter:SHIFT_UNIT|shiftBinary:shift4|mux2t1:\gen_mux_inputs:7:mux_inst|org2:or_gate  ; org2            ; work         ;
;             |mux2t1:\gen_mux_inputs:8:mux_inst|  ; 3 (0)               ; 0 (0)                     ; 0           ; 0            ; 0       ; 0         ; 0    ; 0            ; |RISCV_Processor|alu:ALU_UNIT|barrelShifter:SHIFT_UNIT|shiftBinary:shift4|mux2t1:\gen_mux_inputs:8:mux_inst               ; mux2t1          ; work         ;
;                |org2:or_gate|                    ; 3 (3)               ; 0 (0)                     ; 0           ; 0            ; 0       ; 0         ; 0    ; 0            ; |RISCV_Processor|alu:ALU_UNIT|barrelShifter:SHIFT_UNIT|shiftBinary:shift4|mux2t1:\gen_mux_inputs:8:mux_inst|org2:or_gate  ; org2            ; work         ;
;             |mux2t1:\gen_mux_inputs:9:mux_inst|  ; 3 (0)               ; 0 (0)                     ; 0           ; 0            ; 0       ; 0         ; 0    ; 0            ; |RISCV_Processor|alu:ALU_UNIT|barrelShifter:SHIFT_UNIT|shiftBinary:shift4|mux2t1:\gen_mux_inputs:9:mux_inst               ; mux2t1          ; work         ;
;                |org2:or_gate|                    ; 3 (3)               ; 0 (0)                     ; 0           ; 0            ; 0       ; 0         ; 0    ; 0            ; |RISCV_Processor|alu:ALU_UNIT|barrelShifter:SHIFT_UNIT|shiftBinary:shift4|mux2t1:\gen_mux_inputs:9:mux_inst|org2:or_gate  ; org2            ; work         ;
;          |shiftBinary:shift8|                    ; 75 (0)              ; 0 (0)                     ; 0           ; 0            ; 0       ; 0         ; 0    ; 0            ; |RISCV_Processor|alu:ALU_UNIT|barrelShifter:SHIFT_UNIT|shiftBinary:shift8                                                 ; shiftBinary     ; work         ;
;             |mux2t1:\gen_mux_inputs:0:mux_inst|  ; 3 (0)               ; 0 (0)                     ; 0           ; 0            ; 0       ; 0         ; 0    ; 0            ; |RISCV_Processor|alu:ALU_UNIT|barrelShifter:SHIFT_UNIT|shiftBinary:shift8|mux2t1:\gen_mux_inputs:0:mux_inst               ; mux2t1          ; work         ;
;                |org2:or_gate|                    ; 3 (3)               ; 0 (0)                     ; 0           ; 0            ; 0       ; 0         ; 0    ; 0            ; |RISCV_Processor|alu:ALU_UNIT|barrelShifter:SHIFT_UNIT|shiftBinary:shift8|mux2t1:\gen_mux_inputs:0:mux_inst|org2:or_gate  ; org2            ; work         ;
;             |mux2t1:\gen_mux_inputs:10:mux_inst| ; 3 (0)               ; 0 (0)                     ; 0           ; 0            ; 0       ; 0         ; 0    ; 0            ; |RISCV_Processor|alu:ALU_UNIT|barrelShifter:SHIFT_UNIT|shiftBinary:shift8|mux2t1:\gen_mux_inputs:10:mux_inst              ; mux2t1          ; work         ;
;                |org2:or_gate|                    ; 3 (3)               ; 0 (0)                     ; 0           ; 0            ; 0       ; 0         ; 0    ; 0            ; |RISCV_Processor|alu:ALU_UNIT|barrelShifter:SHIFT_UNIT|shiftBinary:shift8|mux2t1:\gen_mux_inputs:10:mux_inst|org2:or_gate ; org2            ; work         ;
;             |mux2t1:\gen_mux_inputs:11:mux_inst| ; 3 (0)               ; 0 (0)                     ; 0           ; 0            ; 0       ; 0         ; 0    ; 0            ; |RISCV_Processor|alu:ALU_UNIT|barrelShifter:SHIFT_UNIT|shiftBinary:shift8|mux2t1:\gen_mux_inputs:11:mux_inst              ; mux2t1          ; work         ;
;                |org2:or_gate|                    ; 3 (3)               ; 0 (0)                     ; 0           ; 0            ; 0       ; 0         ; 0    ; 0            ; |RISCV_Processor|alu:ALU_UNIT|barrelShifter:SHIFT_UNIT|shiftBinary:shift8|mux2t1:\gen_mux_inputs:11:mux_inst|org2:or_gate ; org2            ; work         ;
;             |mux2t1:\gen_mux_inputs:12:mux_inst| ; 2 (0)               ; 0 (0)                     ; 0           ; 0            ; 0       ; 0         ; 0    ; 0            ; |RISCV_Processor|alu:ALU_UNIT|barrelShifter:SHIFT_UNIT|shiftBinary:shift8|mux2t1:\gen_mux_inputs:12:mux_inst              ; mux2t1          ; work         ;
;                |org2:or_gate|                    ; 2 (2)               ; 0 (0)                     ; 0           ; 0            ; 0       ; 0         ; 0    ; 0            ; |RISCV_Processor|alu:ALU_UNIT|barrelShifter:SHIFT_UNIT|shiftBinary:shift8|mux2t1:\gen_mux_inputs:12:mux_inst|org2:or_gate ; org2            ; work         ;
;             |mux2t1:\gen_mux_inputs:13:mux_inst| ; 3 (0)               ; 0 (0)                     ; 0           ; 0            ; 0       ; 0         ; 0    ; 0            ; |RISCV_Processor|alu:ALU_UNIT|barrelShifter:SHIFT_UNIT|shiftBinary:shift8|mux2t1:\gen_mux_inputs:13:mux_inst              ; mux2t1          ; work         ;
;                |org2:or_gate|                    ; 3 (3)               ; 0 (0)                     ; 0           ; 0            ; 0       ; 0         ; 0    ; 0            ; |RISCV_Processor|alu:ALU_UNIT|barrelShifter:SHIFT_UNIT|shiftBinary:shift8|mux2t1:\gen_mux_inputs:13:mux_inst|org2:or_gate ; org2            ; work         ;
;             |mux2t1:\gen_mux_inputs:14:mux_inst| ; 3 (0)               ; 0 (0)                     ; 0           ; 0            ; 0       ; 0         ; 0    ; 0            ; |RISCV_Processor|alu:ALU_UNIT|barrelShifter:SHIFT_UNIT|shiftBinary:shift8|mux2t1:\gen_mux_inputs:14:mux_inst              ; mux2t1          ; work         ;
;                |org2:or_gate|                    ; 3 (3)               ; 0 (0)                     ; 0           ; 0            ; 0       ; 0         ; 0    ; 0            ; |RISCV_Processor|alu:ALU_UNIT|barrelShifter:SHIFT_UNIT|shiftBinary:shift8|mux2t1:\gen_mux_inputs:14:mux_inst|org2:or_gate ; org2            ; work         ;
;             |mux2t1:\gen_mux_inputs:15:mux_inst| ; 2 (0)               ; 0 (0)                     ; 0           ; 0            ; 0       ; 0         ; 0    ; 0            ; |RISCV_Processor|alu:ALU_UNIT|barrelShifter:SHIFT_UNIT|shiftBinary:shift8|mux2t1:\gen_mux_inputs:15:mux_inst              ; mux2t1          ; work         ;
;                |org2:or_gate|                    ; 2 (2)               ; 0 (0)                     ; 0           ; 0            ; 0       ; 0         ; 0    ; 0            ; |RISCV_Processor|alu:ALU_UNIT|barrelShifter:SHIFT_UNIT|shiftBinary:shift8|mux2t1:\gen_mux_inputs:15:mux_inst|org2:or_gate ; org2            ; work         ;
;             |mux2t1:\gen_mux_inputs:16:mux_inst| ; 3 (0)               ; 0 (0)                     ; 0           ; 0            ; 0       ; 0         ; 0    ; 0            ; |RISCV_Processor|alu:ALU_UNIT|barrelShifter:SHIFT_UNIT|shiftBinary:shift8|mux2t1:\gen_mux_inputs:16:mux_inst              ; mux2t1          ; work         ;
;                |org2:or_gate|                    ; 3 (3)               ; 0 (0)                     ; 0           ; 0            ; 0       ; 0         ; 0    ; 0            ; |RISCV_Processor|alu:ALU_UNIT|barrelShifter:SHIFT_UNIT|shiftBinary:shift8|mux2t1:\gen_mux_inputs:16:mux_inst|org2:or_gate ; org2            ; work         ;
;             |mux2t1:\gen_mux_inputs:17:mux_inst| ; 2 (0)               ; 0 (0)                     ; 0           ; 0            ; 0       ; 0         ; 0    ; 0            ; |RISCV_Processor|alu:ALU_UNIT|barrelShifter:SHIFT_UNIT|shiftBinary:shift8|mux2t1:\gen_mux_inputs:17:mux_inst              ; mux2t1          ; work         ;
;                |org2:or_gate|                    ; 2 (2)               ; 0 (0)                     ; 0           ; 0            ; 0       ; 0         ; 0    ; 0            ; |RISCV_Processor|alu:ALU_UNIT|barrelShifter:SHIFT_UNIT|shiftBinary:shift8|mux2t1:\gen_mux_inputs:17:mux_inst|org2:or_gate ; org2            ; work         ;
;             |mux2t1:\gen_mux_inputs:18:mux_inst| ; 3 (0)               ; 0 (0)                     ; 0           ; 0            ; 0       ; 0         ; 0    ; 0            ; |RISCV_Processor|alu:ALU_UNIT|barrelShifter:SHIFT_UNIT|shiftBinary:shift8|mux2t1:\gen_mux_inputs:18:mux_inst              ; mux2t1          ; work         ;
;                |org2:or_gate|                    ; 3 (3)               ; 0 (0)                     ; 0           ; 0            ; 0       ; 0         ; 0    ; 0            ; |RISCV_Processor|alu:ALU_UNIT|barrelShifter:SHIFT_UNIT|shiftBinary:shift8|mux2t1:\gen_mux_inputs:18:mux_inst|org2:or_gate ; org2            ; work         ;
;             |mux2t1:\gen_mux_inputs:19:mux_inst| ; 3 (0)               ; 0 (0)                     ; 0           ; 0            ; 0       ; 0         ; 0    ; 0            ; |RISCV_Processor|alu:ALU_UNIT|barrelShifter:SHIFT_UNIT|shiftBinary:shift8|mux2t1:\gen_mux_inputs:19:mux_inst              ; mux2t1          ; work         ;
;                |org2:or_gate|                    ; 3 (3)               ; 0 (0)                     ; 0           ; 0            ; 0       ; 0         ; 0    ; 0            ; |RISCV_Processor|alu:ALU_UNIT|barrelShifter:SHIFT_UNIT|shiftBinary:shift8|mux2t1:\gen_mux_inputs:19:mux_inst|org2:or_gate ; org2            ; work         ;
;             |mux2t1:\gen_mux_inputs:1:mux_inst|  ; 2 (0)               ; 0 (0)                     ; 0           ; 0            ; 0       ; 0         ; 0    ; 0            ; |RISCV_Processor|alu:ALU_UNIT|barrelShifter:SHIFT_UNIT|shiftBinary:shift8|mux2t1:\gen_mux_inputs:1:mux_inst               ; mux2t1          ; work         ;
;                |org2:or_gate|                    ; 2 (2)               ; 0 (0)                     ; 0           ; 0            ; 0       ; 0         ; 0    ; 0            ; |RISCV_Processor|alu:ALU_UNIT|barrelShifter:SHIFT_UNIT|shiftBinary:shift8|mux2t1:\gen_mux_inputs:1:mux_inst|org2:or_gate  ; org2            ; work         ;
;             |mux2t1:\gen_mux_inputs:20:mux_inst| ; 2 (0)               ; 0 (0)                     ; 0           ; 0            ; 0       ; 0         ; 0    ; 0            ; |RISCV_Processor|alu:ALU_UNIT|barrelShifter:SHIFT_UNIT|shiftBinary:shift8|mux2t1:\gen_mux_inputs:20:mux_inst              ; mux2t1          ; work         ;
;                |org2:or_gate|                    ; 2 (2)               ; 0 (0)                     ; 0           ; 0            ; 0       ; 0         ; 0    ; 0            ; |RISCV_Processor|alu:ALU_UNIT|barrelShifter:SHIFT_UNIT|shiftBinary:shift8|mux2t1:\gen_mux_inputs:20:mux_inst|org2:or_gate ; org2            ; work         ;
;             |mux2t1:\gen_mux_inputs:21:mux_inst| ; 2 (0)               ; 0 (0)                     ; 0           ; 0            ; 0       ; 0         ; 0    ; 0            ; |RISCV_Processor|alu:ALU_UNIT|barrelShifter:SHIFT_UNIT|shiftBinary:shift8|mux2t1:\gen_mux_inputs:21:mux_inst              ; mux2t1          ; work         ;
;                |org2:or_gate|                    ; 2 (2)               ; 0 (0)                     ; 0           ; 0            ; 0       ; 0         ; 0    ; 0            ; |RISCV_Processor|alu:ALU_UNIT|barrelShifter:SHIFT_UNIT|shiftBinary:shift8|mux2t1:\gen_mux_inputs:21:mux_inst|org2:or_gate ; org2            ; work         ;
;             |mux2t1:\gen_mux_inputs:22:mux_inst| ; 4 (0)               ; 0 (0)                     ; 0           ; 0            ; 0       ; 0         ; 0    ; 0            ; |RISCV_Processor|alu:ALU_UNIT|barrelShifter:SHIFT_UNIT|shiftBinary:shift8|mux2t1:\gen_mux_inputs:22:mux_inst              ; mux2t1          ; work         ;
;                |org2:or_gate|                    ; 4 (4)               ; 0 (0)                     ; 0           ; 0            ; 0       ; 0         ; 0    ; 0            ; |RISCV_Processor|alu:ALU_UNIT|barrelShifter:SHIFT_UNIT|shiftBinary:shift8|mux2t1:\gen_mux_inputs:22:mux_inst|org2:or_gate ; org2            ; work         ;
;             |mux2t1:\gen_mux_inputs:23:mux_inst| ; 2 (0)               ; 0 (0)                     ; 0           ; 0            ; 0       ; 0         ; 0    ; 0            ; |RISCV_Processor|alu:ALU_UNIT|barrelShifter:SHIFT_UNIT|shiftBinary:shift8|mux2t1:\gen_mux_inputs:23:mux_inst              ; mux2t1          ; work         ;
;                |org2:or_gate|                    ; 2 (2)               ; 0 (0)                     ; 0           ; 0            ; 0       ; 0         ; 0    ; 0            ; |RISCV_Processor|alu:ALU_UNIT|barrelShifter:SHIFT_UNIT|shiftBinary:shift8|mux2t1:\gen_mux_inputs:23:mux_inst|org2:or_gate ; org2            ; work         ;
;             |mux2t1:\gen_mux_inputs:24:mux_inst| ; 2 (0)               ; 0 (0)                     ; 0           ; 0            ; 0       ; 0         ; 0    ; 0            ; |RISCV_Processor|alu:ALU_UNIT|barrelShifter:SHIFT_UNIT|shiftBinary:shift8|mux2t1:\gen_mux_inputs:24:mux_inst              ; mux2t1          ; work         ;
;                |org2:or_gate|                    ; 2 (2)               ; 0 (0)                     ; 0           ; 0            ; 0       ; 0         ; 0    ; 0            ; |RISCV_Processor|alu:ALU_UNIT|barrelShifter:SHIFT_UNIT|shiftBinary:shift8|mux2t1:\gen_mux_inputs:24:mux_inst|org2:or_gate ; org2            ; work         ;
;             |mux2t1:\gen_mux_inputs:25:mux_inst| ; 2 (0)               ; 0 (0)                     ; 0           ; 0            ; 0       ; 0         ; 0    ; 0            ; |RISCV_Processor|alu:ALU_UNIT|barrelShifter:SHIFT_UNIT|shiftBinary:shift8|mux2t1:\gen_mux_inputs:25:mux_inst              ; mux2t1          ; work         ;
;                |org2:or_gate|                    ; 2 (2)               ; 0 (0)                     ; 0           ; 0            ; 0       ; 0         ; 0    ; 0            ; |RISCV_Processor|alu:ALU_UNIT|barrelShifter:SHIFT_UNIT|shiftBinary:shift8|mux2t1:\gen_mux_inputs:25:mux_inst|org2:or_gate ; org2            ; work         ;
;             |mux2t1:\gen_mux_inputs:26:mux_inst| ; 2 (0)               ; 0 (0)                     ; 0           ; 0            ; 0       ; 0         ; 0    ; 0            ; |RISCV_Processor|alu:ALU_UNIT|barrelShifter:SHIFT_UNIT|shiftBinary:shift8|mux2t1:\gen_mux_inputs:26:mux_inst              ; mux2t1          ; work         ;
;                |org2:or_gate|                    ; 2 (2)               ; 0 (0)                     ; 0           ; 0            ; 0       ; 0         ; 0    ; 0            ; |RISCV_Processor|alu:ALU_UNIT|barrelShifter:SHIFT_UNIT|shiftBinary:shift8|mux2t1:\gen_mux_inputs:26:mux_inst|org2:or_gate ; org2            ; work         ;
;             |mux2t1:\gen_mux_inputs:27:mux_inst| ; 4 (0)               ; 0 (0)                     ; 0           ; 0            ; 0       ; 0         ; 0    ; 0            ; |RISCV_Processor|alu:ALU_UNIT|barrelShifter:SHIFT_UNIT|shiftBinary:shift8|mux2t1:\gen_mux_inputs:27:mux_inst              ; mux2t1          ; work         ;
;                |org2:or_gate|                    ; 4 (4)               ; 0 (0)                     ; 0           ; 0            ; 0       ; 0         ; 0    ; 0            ; |RISCV_Processor|alu:ALU_UNIT|barrelShifter:SHIFT_UNIT|shiftBinary:shift8|mux2t1:\gen_mux_inputs:27:mux_inst|org2:or_gate ; org2            ; work         ;
;             |mux2t1:\gen_mux_inputs:28:mux_inst| ; 2 (0)               ; 0 (0)                     ; 0           ; 0            ; 0       ; 0         ; 0    ; 0            ; |RISCV_Processor|alu:ALU_UNIT|barrelShifter:SHIFT_UNIT|shiftBinary:shift8|mux2t1:\gen_mux_inputs:28:mux_inst              ; mux2t1          ; work         ;
;                |org2:or_gate|                    ; 2 (2)               ; 0 (0)                     ; 0           ; 0            ; 0       ; 0         ; 0    ; 0            ; |RISCV_Processor|alu:ALU_UNIT|barrelShifter:SHIFT_UNIT|shiftBinary:shift8|mux2t1:\gen_mux_inputs:28:mux_inst|org2:or_gate ; org2            ; work         ;
;             |mux2t1:\gen_mux_inputs:29:mux_inst| ; 3 (0)               ; 0 (0)                     ; 0           ; 0            ; 0       ; 0         ; 0    ; 0            ; |RISCV_Processor|alu:ALU_UNIT|barrelShifter:SHIFT_UNIT|shiftBinary:shift8|mux2t1:\gen_mux_inputs:29:mux_inst              ; mux2t1          ; work         ;
;                |org2:or_gate|                    ; 3 (3)               ; 0 (0)                     ; 0           ; 0            ; 0       ; 0         ; 0    ; 0            ; |RISCV_Processor|alu:ALU_UNIT|barrelShifter:SHIFT_UNIT|shiftBinary:shift8|mux2t1:\gen_mux_inputs:29:mux_inst|org2:or_gate ; org2            ; work         ;
;             |mux2t1:\gen_mux_inputs:2:mux_inst|  ; 2 (0)               ; 0 (0)                     ; 0           ; 0            ; 0       ; 0         ; 0    ; 0            ; |RISCV_Processor|alu:ALU_UNIT|barrelShifter:SHIFT_UNIT|shiftBinary:shift8|mux2t1:\gen_mux_inputs:2:mux_inst               ; mux2t1          ; work         ;
;                |org2:or_gate|                    ; 2 (2)               ; 0 (0)                     ; 0           ; 0            ; 0       ; 0         ; 0    ; 0            ; |RISCV_Processor|alu:ALU_UNIT|barrelShifter:SHIFT_UNIT|shiftBinary:shift8|mux2t1:\gen_mux_inputs:2:mux_inst|org2:or_gate  ; org2            ; work         ;
;             |mux2t1:\gen_mux_inputs:30:mux_inst| ; 2 (0)               ; 0 (0)                     ; 0           ; 0            ; 0       ; 0         ; 0    ; 0            ; |RISCV_Processor|alu:ALU_UNIT|barrelShifter:SHIFT_UNIT|shiftBinary:shift8|mux2t1:\gen_mux_inputs:30:mux_inst              ; mux2t1          ; work         ;
;                |org2:or_gate|                    ; 2 (2)               ; 0 (0)                     ; 0           ; 0            ; 0       ; 0         ; 0    ; 0            ; |RISCV_Processor|alu:ALU_UNIT|barrelShifter:SHIFT_UNIT|shiftBinary:shift8|mux2t1:\gen_mux_inputs:30:mux_inst|org2:or_gate ; org2            ; work         ;
;             |mux2t1:\gen_mux_inputs:31:mux_inst| ; 2 (0)               ; 0 (0)                     ; 0           ; 0            ; 0       ; 0         ; 0    ; 0            ; |RISCV_Processor|alu:ALU_UNIT|barrelShifter:SHIFT_UNIT|shiftBinary:shift8|mux2t1:\gen_mux_inputs:31:mux_inst              ; mux2t1          ; work         ;
;                |org2:or_gate|                    ; 2 (2)               ; 0 (0)                     ; 0           ; 0            ; 0       ; 0         ; 0    ; 0            ; |RISCV_Processor|alu:ALU_UNIT|barrelShifter:SHIFT_UNIT|shiftBinary:shift8|mux2t1:\gen_mux_inputs:31:mux_inst|org2:or_gate ; org2            ; work         ;
;             |mux2t1:\gen_mux_inputs:3:mux_inst|  ; 3 (0)               ; 0 (0)                     ; 0           ; 0            ; 0       ; 0         ; 0    ; 0            ; |RISCV_Processor|alu:ALU_UNIT|barrelShifter:SHIFT_UNIT|shiftBinary:shift8|mux2t1:\gen_mux_inputs:3:mux_inst               ; mux2t1          ; work         ;
;                |org2:or_gate|                    ; 3 (3)               ; 0 (0)                     ; 0           ; 0            ; 0       ; 0         ; 0    ; 0            ; |RISCV_Processor|alu:ALU_UNIT|barrelShifter:SHIFT_UNIT|shiftBinary:shift8|mux2t1:\gen_mux_inputs:3:mux_inst|org2:or_gate  ; org2            ; work         ;
;             |mux2t1:\gen_mux_inputs:4:mux_inst|  ; 1 (0)               ; 0 (0)                     ; 0           ; 0            ; 0       ; 0         ; 0    ; 0            ; |RISCV_Processor|alu:ALU_UNIT|barrelShifter:SHIFT_UNIT|shiftBinary:shift8|mux2t1:\gen_mux_inputs:4:mux_inst               ; mux2t1          ; work         ;
;                |org2:or_gate|                    ; 1 (1)               ; 0 (0)                     ; 0           ; 0            ; 0       ; 0         ; 0    ; 0            ; |RISCV_Processor|alu:ALU_UNIT|barrelShifter:SHIFT_UNIT|shiftBinary:shift8|mux2t1:\gen_mux_inputs:4:mux_inst|org2:or_gate  ; org2            ; work         ;
;             |mux2t1:\gen_mux_inputs:5:mux_inst|  ; 1 (0)               ; 0 (0)                     ; 0           ; 0            ; 0       ; 0         ; 0    ; 0            ; |RISCV_Processor|alu:ALU_UNIT|barrelShifter:SHIFT_UNIT|shiftBinary:shift8|mux2t1:\gen_mux_inputs:5:mux_inst               ; mux2t1          ; work         ;
;                |org2:or_gate|                    ; 1 (1)               ; 0 (0)                     ; 0           ; 0            ; 0       ; 0         ; 0    ; 0            ; |RISCV_Processor|alu:ALU_UNIT|barrelShifter:SHIFT_UNIT|shiftBinary:shift8|mux2t1:\gen_mux_inputs:5:mux_inst|org2:or_gate  ; org2            ; work         ;
;             |mux2t1:\gen_mux_inputs:6:mux_inst|  ; 1 (0)               ; 0 (0)                     ; 0           ; 0            ; 0       ; 0         ; 0    ; 0            ; |RISCV_Processor|alu:ALU_UNIT|barrelShifter:SHIFT_UNIT|shiftBinary:shift8|mux2t1:\gen_mux_inputs:6:mux_inst               ; mux2t1          ; work         ;
;                |org2:or_gate|                    ; 1 (1)               ; 0 (0)                     ; 0           ; 0            ; 0       ; 0         ; 0    ; 0            ; |RISCV_Processor|alu:ALU_UNIT|barrelShifter:SHIFT_UNIT|shiftBinary:shift8|mux2t1:\gen_mux_inputs:6:mux_inst|org2:or_gate  ; org2            ; work         ;
;             |mux2t1:\gen_mux_inputs:7:mux_inst|  ; 1 (0)               ; 0 (0)                     ; 0           ; 0            ; 0       ; 0         ; 0    ; 0            ; |RISCV_Processor|alu:ALU_UNIT|barrelShifter:SHIFT_UNIT|shiftBinary:shift8|mux2t1:\gen_mux_inputs:7:mux_inst               ; mux2t1          ; work         ;
;                |org2:or_gate|                    ; 1 (1)               ; 0 (0)                     ; 0           ; 0            ; 0       ; 0         ; 0    ; 0            ; |RISCV_Processor|alu:ALU_UNIT|barrelShifter:SHIFT_UNIT|shiftBinary:shift8|mux2t1:\gen_mux_inputs:7:mux_inst|org2:or_gate  ; org2            ; work         ;
;             |mux2t1:\gen_mux_inputs:8:mux_inst|  ; 2 (0)               ; 0 (0)                     ; 0           ; 0            ; 0       ; 0         ; 0    ; 0            ; |RISCV_Processor|alu:ALU_UNIT|barrelShifter:SHIFT_UNIT|shiftBinary:shift8|mux2t1:\gen_mux_inputs:8:mux_inst               ; mux2t1          ; work         ;
;                |org2:or_gate|                    ; 2 (2)               ; 0 (0)                     ; 0           ; 0            ; 0       ; 0         ; 0    ; 0            ; |RISCV_Processor|alu:ALU_UNIT|barrelShifter:SHIFT_UNIT|shiftBinary:shift8|mux2t1:\gen_mux_inputs:8:mux_inst|org2:or_gate  ; org2            ; work         ;
;             |mux2t1:\gen_mux_inputs:9:mux_inst|  ; 3 (0)               ; 0 (0)                     ; 0           ; 0            ; 0       ; 0         ; 0    ; 0            ; |RISCV_Processor|alu:ALU_UNIT|barrelShifter:SHIFT_UNIT|shiftBinary:shift8|mux2t1:\gen_mux_inputs:9:mux_inst               ; mux2t1          ; work         ;
;                |org2:or_gate|                    ; 3 (3)               ; 0 (0)                     ; 0           ; 0            ; 0       ; 0         ; 0    ; 0            ; |RISCV_Processor|alu:ALU_UNIT|barrelShifter:SHIFT_UNIT|shiftBinary:shift8|mux2t1:\gen_mux_inputs:9:mux_inst|org2:or_gate  ; org2            ; work         ;
;       |slt_N:SLT_UNIT|                           ; 64 (64)             ; 0 (0)                     ; 0           ; 0            ; 0       ; 0         ; 0    ; 0            ; |RISCV_Processor|alu:ALU_UNIT|slt_N:SLT_UNIT                                                                              ; slt_N           ; work         ;
;    |extender:IMM_EXT|                            ; 70 (70)             ; 0 (0)                     ; 0           ; 0            ; 0       ; 0         ; 0    ; 0            ; |RISCV_Processor|extender:IMM_EXT                                                                                         ; extender        ; work         ;
;    |mem:DMem|                                    ; 22914 (22914)       ; 32768 (32768)             ; 0           ; 0            ; 0       ; 0         ; 0    ; 0            ; |RISCV_Processor|mem:DMem                                                                                                 ; mem             ; work         ;
;    |mem:IMem|                                    ; 9 (9)               ; 1 (1)                     ; 32768       ; 0            ; 0       ; 0         ; 0    ; 0            ; |RISCV_Processor|mem:IMem                                                                                                 ; mem             ; work         ;
;       |altsyncram:ram_rtl_0|                     ; 0 (0)               ; 0 (0)                     ; 32768       ; 0            ; 0       ; 0         ; 0    ; 0            ; |RISCV_Processor|mem:IMem|altsyncram:ram_rtl_0                                                                            ; altsyncram      ; work         ;
;          |altsyncram_eg81:auto_generated|        ; 0 (0)               ; 0 (0)                     ; 32768       ; 0            ; 0       ; 0         ; 0    ; 0            ; |RISCV_Processor|mem:IMem|altsyncram:ram_rtl_0|altsyncram_eg81:auto_generated                                             ; altsyncram_eg81 ; work         ;
;    |pcLogic:PC_LOGIC|                            ; 268 (0)             ; 32 (0)                    ; 0           ; 0            ; 0       ; 0         ; 0    ; 0            ; |RISCV_Processor|pcLogic:PC_LOGIC                                                                                         ; pcLogic         ; work         ;
;       |adder_N:JALR_Adjust_Subtract|             ; 10 (0)              ; 0 (0)                     ; 0           ; 0            ; 0       ; 0         ; 0    ; 0            ; |RISCV_Processor|pcLogic:PC_LOGIC|adder_N:JALR_Adjust_Subtract                                                            ; adder_N         ; work         ;
;          |adder:\G_NBit_ADDER:23:ADDER_I|        ; 2 (0)               ; 0 (0)                     ; 0           ; 0            ; 0       ; 0         ; 0    ; 0            ; |RISCV_Processor|pcLogic:PC_LOGIC|adder_N:JALR_Adjust_Subtract|adder:\G_NBit_ADDER:23:ADDER_I                             ; adder           ; work         ;
;             |org2:or_gate1|                      ; 1 (1)               ; 0 (0)                     ; 0           ; 0            ; 0       ; 0         ; 0    ; 0            ; |RISCV_Processor|pcLogic:PC_LOGIC|adder_N:JALR_Adjust_Subtract|adder:\G_NBit_ADDER:23:ADDER_I|org2:or_gate1               ; org2            ; work         ;
;             |xorg2:xor_gate2|                    ; 1 (1)               ; 0 (0)                     ; 0           ; 0            ; 0       ; 0         ; 0    ; 0            ; |RISCV_Processor|pcLogic:PC_LOGIC|adder_N:JALR_Adjust_Subtract|adder:\G_NBit_ADDER:23:ADDER_I|xorg2:xor_gate2             ; xorg2           ; work         ;
;          |adder:\G_NBit_ADDER:24:ADDER_I|        ; 1 (0)               ; 0 (0)                     ; 0           ; 0            ; 0       ; 0         ; 0    ; 0            ; |RISCV_Processor|pcLogic:PC_LOGIC|adder_N:JALR_Adjust_Subtract|adder:\G_NBit_ADDER:24:ADDER_I                             ; adder           ; work         ;
;             |org2:or_gate1|                      ; 1 (1)               ; 0 (0)                     ; 0           ; 0            ; 0       ; 0         ; 0    ; 0            ; |RISCV_Processor|pcLogic:PC_LOGIC|adder_N:JALR_Adjust_Subtract|adder:\G_NBit_ADDER:24:ADDER_I|org2:or_gate1               ; org2            ; work         ;
;          |adder:\G_NBit_ADDER:25:ADDER_I|        ; 1 (0)               ; 0 (0)                     ; 0           ; 0            ; 0       ; 0         ; 0    ; 0            ; |RISCV_Processor|pcLogic:PC_LOGIC|adder_N:JALR_Adjust_Subtract|adder:\G_NBit_ADDER:25:ADDER_I                             ; adder           ; work         ;
;             |org2:or_gate1|                      ; 1 (1)               ; 0 (0)                     ; 0           ; 0            ; 0       ; 0         ; 0    ; 0            ; |RISCV_Processor|pcLogic:PC_LOGIC|adder_N:JALR_Adjust_Subtract|adder:\G_NBit_ADDER:25:ADDER_I|org2:or_gate1               ; org2            ; work         ;
;          |adder:\G_NBit_ADDER:26:ADDER_I|        ; 1 (0)               ; 0 (0)                     ; 0           ; 0            ; 0       ; 0         ; 0    ; 0            ; |RISCV_Processor|pcLogic:PC_LOGIC|adder_N:JALR_Adjust_Subtract|adder:\G_NBit_ADDER:26:ADDER_I                             ; adder           ; work         ;
;             |org2:or_gate1|                      ; 1 (1)               ; 0 (0)                     ; 0           ; 0            ; 0       ; 0         ; 0    ; 0            ; |RISCV_Processor|pcLogic:PC_LOGIC|adder_N:JALR_Adjust_Subtract|adder:\G_NBit_ADDER:26:ADDER_I|org2:or_gate1               ; org2            ; work         ;
;          |adder:\G_NBit_ADDER:27:ADDER_I|        ; 1 (0)               ; 0 (0)                     ; 0           ; 0            ; 0       ; 0         ; 0    ; 0            ; |RISCV_Processor|pcLogic:PC_LOGIC|adder_N:JALR_Adjust_Subtract|adder:\G_NBit_ADDER:27:ADDER_I                             ; adder           ; work         ;
;             |xorg2:xor_gate2|                    ; 1 (1)               ; 0 (0)                     ; 0           ; 0            ; 0       ; 0         ; 0    ; 0            ; |RISCV_Processor|pcLogic:PC_LOGIC|adder_N:JALR_Adjust_Subtract|adder:\G_NBit_ADDER:27:ADDER_I|xorg2:xor_gate2             ; xorg2           ; work         ;
;          |adder:\G_NBit_ADDER:28:ADDER_I|        ; 2 (0)               ; 0 (0)                     ; 0           ; 0            ; 0       ; 0         ; 0    ; 0            ; |RISCV_Processor|pcLogic:PC_LOGIC|adder_N:JALR_Adjust_Subtract|adder:\G_NBit_ADDER:28:ADDER_I                             ; adder           ; work         ;
;             |org2:or_gate1|                      ; 1 (1)               ; 0 (0)                     ; 0           ; 0            ; 0       ; 0         ; 0    ; 0            ; |RISCV_Processor|pcLogic:PC_LOGIC|adder_N:JALR_Adjust_Subtract|adder:\G_NBit_ADDER:28:ADDER_I|org2:or_gate1               ; org2            ; work         ;
;             |xorg2:xor_gate2|                    ; 1 (1)               ; 0 (0)                     ; 0           ; 0            ; 0       ; 0         ; 0    ; 0            ; |RISCV_Processor|pcLogic:PC_LOGIC|adder_N:JALR_Adjust_Subtract|adder:\G_NBit_ADDER:28:ADDER_I|xorg2:xor_gate2             ; xorg2           ; work         ;
;          |adder:\G_NBit_ADDER:29:ADDER_I|        ; 2 (0)               ; 0 (0)                     ; 0           ; 0            ; 0       ; 0         ; 0    ; 0            ; |RISCV_Processor|pcLogic:PC_LOGIC|adder_N:JALR_Adjust_Subtract|adder:\G_NBit_ADDER:29:ADDER_I                             ; adder           ; work         ;
;             |org2:or_gate1|                      ; 2 (2)               ; 0 (0)                     ; 0           ; 0            ; 0       ; 0         ; 0    ; 0            ; |RISCV_Processor|pcLogic:PC_LOGIC|adder_N:JALR_Adjust_Subtract|adder:\G_NBit_ADDER:29:ADDER_I|org2:or_gate1               ; org2            ; work         ;
;       |adder_N:PC_Plus_4|                        ; 39 (0)              ; 0 (0)                     ; 0           ; 0            ; 0       ; 0         ; 0    ; 0            ; |RISCV_Processor|pcLogic:PC_LOGIC|adder_N:PC_Plus_4                                                                       ; adder_N         ; work         ;
;          |adder:\G_NBit_ADDER:10:ADDER_I|        ; 1 (0)               ; 0 (0)                     ; 0           ; 0            ; 0       ; 0         ; 0    ; 0            ; |RISCV_Processor|pcLogic:PC_LOGIC|adder_N:PC_Plus_4|adder:\G_NBit_ADDER:10:ADDER_I                                        ; adder           ; work         ;
;             |xorg2:xor_gate2|                    ; 1 (1)               ; 0 (0)                     ; 0           ; 0            ; 0       ; 0         ; 0    ; 0            ; |RISCV_Processor|pcLogic:PC_LOGIC|adder_N:PC_Plus_4|adder:\G_NBit_ADDER:10:ADDER_I|xorg2:xor_gate2                        ; xorg2           ; work         ;
;          |adder:\G_NBit_ADDER:11:ADDER_I|        ; 3 (0)               ; 0 (0)                     ; 0           ; 0            ; 0       ; 0         ; 0    ; 0            ; |RISCV_Processor|pcLogic:PC_LOGIC|adder_N:PC_Plus_4|adder:\G_NBit_ADDER:11:ADDER_I                                        ; adder           ; work         ;
;             |andg2:and_gate3|                    ; 2 (2)               ; 0 (0)                     ; 0           ; 0            ; 0       ; 0         ; 0    ; 0            ; |RISCV_Processor|pcLogic:PC_LOGIC|adder_N:PC_Plus_4|adder:\G_NBit_ADDER:11:ADDER_I|andg2:and_gate3                        ; andg2           ; work         ;
;             |xorg2:xor_gate2|                    ; 1 (1)               ; 0 (0)                     ; 0           ; 0            ; 0       ; 0         ; 0    ; 0            ; |RISCV_Processor|pcLogic:PC_LOGIC|adder_N:PC_Plus_4|adder:\G_NBit_ADDER:11:ADDER_I|xorg2:xor_gate2                        ; xorg2           ; work         ;
;          |adder:\G_NBit_ADDER:12:ADDER_I|        ; 1 (0)               ; 0 (0)                     ; 0           ; 0            ; 0       ; 0         ; 0    ; 0            ; |RISCV_Processor|pcLogic:PC_LOGIC|adder_N:PC_Plus_4|adder:\G_NBit_ADDER:12:ADDER_I                                        ; adder           ; work         ;
;             |xorg2:xor_gate2|                    ; 1 (1)               ; 0 (0)                     ; 0           ; 0            ; 0       ; 0         ; 0    ; 0            ; |RISCV_Processor|pcLogic:PC_LOGIC|adder_N:PC_Plus_4|adder:\G_NBit_ADDER:12:ADDER_I|xorg2:xor_gate2                        ; xorg2           ; work         ;
;          |adder:\G_NBit_ADDER:13:ADDER_I|        ; 1 (0)               ; 0 (0)                     ; 0           ; 0            ; 0       ; 0         ; 0    ; 0            ; |RISCV_Processor|pcLogic:PC_LOGIC|adder_N:PC_Plus_4|adder:\G_NBit_ADDER:13:ADDER_I                                        ; adder           ; work         ;
;             |xorg2:xor_gate2|                    ; 1 (1)               ; 0 (0)                     ; 0           ; 0            ; 0       ; 0         ; 0    ; 0            ; |RISCV_Processor|pcLogic:PC_LOGIC|adder_N:PC_Plus_4|adder:\G_NBit_ADDER:13:ADDER_I|xorg2:xor_gate2                        ; xorg2           ; work         ;
;          |adder:\G_NBit_ADDER:14:ADDER_I|        ; 2 (0)               ; 0 (0)                     ; 0           ; 0            ; 0       ; 0         ; 0    ; 0            ; |RISCV_Processor|pcLogic:PC_LOGIC|adder_N:PC_Plus_4|adder:\G_NBit_ADDER:14:ADDER_I                                        ; adder           ; work         ;
;             |andg2:and_gate3|                    ; 1 (1)               ; 0 (0)                     ; 0           ; 0            ; 0       ; 0         ; 0    ; 0            ; |RISCV_Processor|pcLogic:PC_LOGIC|adder_N:PC_Plus_4|adder:\G_NBit_ADDER:14:ADDER_I|andg2:and_gate3                        ; andg2           ; work         ;
;             |xorg2:xor_gate2|                    ; 1 (1)               ; 0 (0)                     ; 0           ; 0            ; 0       ; 0         ; 0    ; 0            ; |RISCV_Processor|pcLogic:PC_LOGIC|adder_N:PC_Plus_4|adder:\G_NBit_ADDER:14:ADDER_I|xorg2:xor_gate2                        ; xorg2           ; work         ;
;          |adder:\G_NBit_ADDER:15:ADDER_I|        ; 1 (0)               ; 0 (0)                     ; 0           ; 0            ; 0       ; 0         ; 0    ; 0            ; |RISCV_Processor|pcLogic:PC_LOGIC|adder_N:PC_Plus_4|adder:\G_NBit_ADDER:15:ADDER_I                                        ; adder           ; work         ;
;             |xorg2:xor_gate2|                    ; 1 (1)               ; 0 (0)                     ; 0           ; 0            ; 0       ; 0         ; 0    ; 0            ; |RISCV_Processor|pcLogic:PC_LOGIC|adder_N:PC_Plus_4|adder:\G_NBit_ADDER:15:ADDER_I|xorg2:xor_gate2                        ; xorg2           ; work         ;
;          |adder:\G_NBit_ADDER:16:ADDER_I|        ; 1 (0)               ; 0 (0)                     ; 0           ; 0            ; 0       ; 0         ; 0    ; 0            ; |RISCV_Processor|pcLogic:PC_LOGIC|adder_N:PC_Plus_4|adder:\G_NBit_ADDER:16:ADDER_I                                        ; adder           ; work         ;
;             |xorg2:xor_gate2|                    ; 1 (1)               ; 0 (0)                     ; 0           ; 0            ; 0       ; 0         ; 0    ; 0            ; |RISCV_Processor|pcLogic:PC_LOGIC|adder_N:PC_Plus_4|adder:\G_NBit_ADDER:16:ADDER_I|xorg2:xor_gate2                        ; xorg2           ; work         ;
;          |adder:\G_NBit_ADDER:17:ADDER_I|        ; 2 (0)               ; 0 (0)                     ; 0           ; 0            ; 0       ; 0         ; 0    ; 0            ; |RISCV_Processor|pcLogic:PC_LOGIC|adder_N:PC_Plus_4|adder:\G_NBit_ADDER:17:ADDER_I                                        ; adder           ; work         ;
;             |andg2:and_gate3|                    ; 1 (1)               ; 0 (0)                     ; 0           ; 0            ; 0       ; 0         ; 0    ; 0            ; |RISCV_Processor|pcLogic:PC_LOGIC|adder_N:PC_Plus_4|adder:\G_NBit_ADDER:17:ADDER_I|andg2:and_gate3                        ; andg2           ; work         ;
;             |xorg2:xor_gate2|                    ; 1 (1)               ; 0 (0)                     ; 0           ; 0            ; 0       ; 0         ; 0    ; 0            ; |RISCV_Processor|pcLogic:PC_LOGIC|adder_N:PC_Plus_4|adder:\G_NBit_ADDER:17:ADDER_I|xorg2:xor_gate2                        ; xorg2           ; work         ;
;          |adder:\G_NBit_ADDER:18:ADDER_I|        ; 1 (0)               ; 0 (0)                     ; 0           ; 0            ; 0       ; 0         ; 0    ; 0            ; |RISCV_Processor|pcLogic:PC_LOGIC|adder_N:PC_Plus_4|adder:\G_NBit_ADDER:18:ADDER_I                                        ; adder           ; work         ;
;             |xorg2:xor_gate2|                    ; 1 (1)               ; 0 (0)                     ; 0           ; 0            ; 0       ; 0         ; 0    ; 0            ; |RISCV_Processor|pcLogic:PC_LOGIC|adder_N:PC_Plus_4|adder:\G_NBit_ADDER:18:ADDER_I|xorg2:xor_gate2                        ; xorg2           ; work         ;
;          |adder:\G_NBit_ADDER:19:ADDER_I|        ; 1 (0)               ; 0 (0)                     ; 0           ; 0            ; 0       ; 0         ; 0    ; 0            ; |RISCV_Processor|pcLogic:PC_LOGIC|adder_N:PC_Plus_4|adder:\G_NBit_ADDER:19:ADDER_I                                        ; adder           ; work         ;
;             |xorg2:xor_gate2|                    ; 1 (1)               ; 0 (0)                     ; 0           ; 0            ; 0       ; 0         ; 0    ; 0            ; |RISCV_Processor|pcLogic:PC_LOGIC|adder_N:PC_Plus_4|adder:\G_NBit_ADDER:19:ADDER_I|xorg2:xor_gate2                        ; xorg2           ; work         ;
;          |adder:\G_NBit_ADDER:20:ADDER_I|        ; 2 (0)               ; 0 (0)                     ; 0           ; 0            ; 0       ; 0         ; 0    ; 0            ; |RISCV_Processor|pcLogic:PC_LOGIC|adder_N:PC_Plus_4|adder:\G_NBit_ADDER:20:ADDER_I                                        ; adder           ; work         ;
;             |andg2:and_gate3|                    ; 1 (1)               ; 0 (0)                     ; 0           ; 0            ; 0       ; 0         ; 0    ; 0            ; |RISCV_Processor|pcLogic:PC_LOGIC|adder_N:PC_Plus_4|adder:\G_NBit_ADDER:20:ADDER_I|andg2:and_gate3                        ; andg2           ; work         ;
;             |xorg2:xor_gate2|                    ; 1 (1)               ; 0 (0)                     ; 0           ; 0            ; 0       ; 0         ; 0    ; 0            ; |RISCV_Processor|pcLogic:PC_LOGIC|adder_N:PC_Plus_4|adder:\G_NBit_ADDER:20:ADDER_I|xorg2:xor_gate2                        ; xorg2           ; work         ;
;          |adder:\G_NBit_ADDER:21:ADDER_I|        ; 1 (0)               ; 0 (0)                     ; 0           ; 0            ; 0       ; 0         ; 0    ; 0            ; |RISCV_Processor|pcLogic:PC_LOGIC|adder_N:PC_Plus_4|adder:\G_NBit_ADDER:21:ADDER_I                                        ; adder           ; work         ;
;             |xorg2:xor_gate2|                    ; 1 (1)               ; 0 (0)                     ; 0           ; 0            ; 0       ; 0         ; 0    ; 0            ; |RISCV_Processor|pcLogic:PC_LOGIC|adder_N:PC_Plus_4|adder:\G_NBit_ADDER:21:ADDER_I|xorg2:xor_gate2                        ; xorg2           ; work         ;
;          |adder:\G_NBit_ADDER:22:ADDER_I|        ; 1 (0)               ; 0 (0)                     ; 0           ; 0            ; 0       ; 0         ; 0    ; 0            ; |RISCV_Processor|pcLogic:PC_LOGIC|adder_N:PC_Plus_4|adder:\G_NBit_ADDER:22:ADDER_I                                        ; adder           ; work         ;
;             |xorg2:xor_gate2|                    ; 1 (1)               ; 0 (0)                     ; 0           ; 0            ; 0       ; 0         ; 0    ; 0            ; |RISCV_Processor|pcLogic:PC_LOGIC|adder_N:PC_Plus_4|adder:\G_NBit_ADDER:22:ADDER_I|xorg2:xor_gate2                        ; xorg2           ; work         ;
;          |adder:\G_NBit_ADDER:23:ADDER_I|        ; 2 (0)               ; 0 (0)                     ; 0           ; 0            ; 0       ; 0         ; 0    ; 0            ; |RISCV_Processor|pcLogic:PC_LOGIC|adder_N:PC_Plus_4|adder:\G_NBit_ADDER:23:ADDER_I                                        ; adder           ; work         ;
;             |andg2:and_gate3|                    ; 1 (1)               ; 0 (0)                     ; 0           ; 0            ; 0       ; 0         ; 0    ; 0            ; |RISCV_Processor|pcLogic:PC_LOGIC|adder_N:PC_Plus_4|adder:\G_NBit_ADDER:23:ADDER_I|andg2:and_gate3                        ; andg2           ; work         ;
;             |xorg2:xor_gate2|                    ; 1 (1)               ; 0 (0)                     ; 0           ; 0            ; 0       ; 0         ; 0    ; 0            ; |RISCV_Processor|pcLogic:PC_LOGIC|adder_N:PC_Plus_4|adder:\G_NBit_ADDER:23:ADDER_I|xorg2:xor_gate2                        ; xorg2           ; work         ;
;          |adder:\G_NBit_ADDER:24:ADDER_I|        ; 1 (0)               ; 0 (0)                     ; 0           ; 0            ; 0       ; 0         ; 0    ; 0            ; |RISCV_Processor|pcLogic:PC_LOGIC|adder_N:PC_Plus_4|adder:\G_NBit_ADDER:24:ADDER_I                                        ; adder           ; work         ;
;             |xorg2:xor_gate2|                    ; 1 (1)               ; 0 (0)                     ; 0           ; 0            ; 0       ; 0         ; 0    ; 0            ; |RISCV_Processor|pcLogic:PC_LOGIC|adder_N:PC_Plus_4|adder:\G_NBit_ADDER:24:ADDER_I|xorg2:xor_gate2                        ; xorg2           ; work         ;
;          |adder:\G_NBit_ADDER:25:ADDER_I|        ; 1 (0)               ; 0 (0)                     ; 0           ; 0            ; 0       ; 0         ; 0    ; 0            ; |RISCV_Processor|pcLogic:PC_LOGIC|adder_N:PC_Plus_4|adder:\G_NBit_ADDER:25:ADDER_I                                        ; adder           ; work         ;
;             |xorg2:xor_gate2|                    ; 1 (1)               ; 0 (0)                     ; 0           ; 0            ; 0       ; 0         ; 0    ; 0            ; |RISCV_Processor|pcLogic:PC_LOGIC|adder_N:PC_Plus_4|adder:\G_NBit_ADDER:25:ADDER_I|xorg2:xor_gate2                        ; xorg2           ; work         ;
;          |adder:\G_NBit_ADDER:26:ADDER_I|        ; 2 (0)               ; 0 (0)                     ; 0           ; 0            ; 0       ; 0         ; 0    ; 0            ; |RISCV_Processor|pcLogic:PC_LOGIC|adder_N:PC_Plus_4|adder:\G_NBit_ADDER:26:ADDER_I                                        ; adder           ; work         ;
;             |andg2:and_gate3|                    ; 1 (1)               ; 0 (0)                     ; 0           ; 0            ; 0       ; 0         ; 0    ; 0            ; |RISCV_Processor|pcLogic:PC_LOGIC|adder_N:PC_Plus_4|adder:\G_NBit_ADDER:26:ADDER_I|andg2:and_gate3                        ; andg2           ; work         ;
;             |xorg2:xor_gate2|                    ; 1 (1)               ; 0 (0)                     ; 0           ; 0            ; 0       ; 0         ; 0    ; 0            ; |RISCV_Processor|pcLogic:PC_LOGIC|adder_N:PC_Plus_4|adder:\G_NBit_ADDER:26:ADDER_I|xorg2:xor_gate2                        ; xorg2           ; work         ;
;          |adder:\G_NBit_ADDER:27:ADDER_I|        ; 1 (0)               ; 0 (0)                     ; 0           ; 0            ; 0       ; 0         ; 0    ; 0            ; |RISCV_Processor|pcLogic:PC_LOGIC|adder_N:PC_Plus_4|adder:\G_NBit_ADDER:27:ADDER_I                                        ; adder           ; work         ;
;             |xorg2:xor_gate2|                    ; 1 (1)               ; 0 (0)                     ; 0           ; 0            ; 0       ; 0         ; 0    ; 0            ; |RISCV_Processor|pcLogic:PC_LOGIC|adder_N:PC_Plus_4|adder:\G_NBit_ADDER:27:ADDER_I|xorg2:xor_gate2                        ; xorg2           ; work         ;
;          |adder:\G_NBit_ADDER:28:ADDER_I|        ; 1 (0)               ; 0 (0)                     ; 0           ; 0            ; 0       ; 0         ; 0    ; 0            ; |RISCV_Processor|pcLogic:PC_LOGIC|adder_N:PC_Plus_4|adder:\G_NBit_ADDER:28:ADDER_I                                        ; adder           ; work         ;
;             |xorg2:xor_gate2|                    ; 1 (1)               ; 0 (0)                     ; 0           ; 0            ; 0       ; 0         ; 0    ; 0            ; |RISCV_Processor|pcLogic:PC_LOGIC|adder_N:PC_Plus_4|adder:\G_NBit_ADDER:28:ADDER_I|xorg2:xor_gate2                        ; xorg2           ; work         ;
;          |adder:\G_NBit_ADDER:29:ADDER_I|        ; 2 (0)               ; 0 (0)                     ; 0           ; 0            ; 0       ; 0         ; 0    ; 0            ; |RISCV_Processor|pcLogic:PC_LOGIC|adder_N:PC_Plus_4|adder:\G_NBit_ADDER:29:ADDER_I                                        ; adder           ; work         ;
;             |andg2:and_gate3|                    ; 1 (1)               ; 0 (0)                     ; 0           ; 0            ; 0       ; 0         ; 0    ; 0            ; |RISCV_Processor|pcLogic:PC_LOGIC|adder_N:PC_Plus_4|adder:\G_NBit_ADDER:29:ADDER_I|andg2:and_gate3                        ; andg2           ; work         ;
;             |xorg2:xor_gate2|                    ; 1 (1)               ; 0 (0)                     ; 0           ; 0            ; 0       ; 0         ; 0    ; 0            ; |RISCV_Processor|pcLogic:PC_LOGIC|adder_N:PC_Plus_4|adder:\G_NBit_ADDER:29:ADDER_I|xorg2:xor_gate2                        ; xorg2           ; work         ;
;          |adder:\G_NBit_ADDER:30:ADDER_I|        ; 1 (0)               ; 0 (0)                     ; 0           ; 0            ; 0       ; 0         ; 0    ; 0            ; |RISCV_Processor|pcLogic:PC_LOGIC|adder_N:PC_Plus_4|adder:\G_NBit_ADDER:30:ADDER_I                                        ; adder           ; work         ;
;             |xorg2:xor_gate2|                    ; 1 (1)               ; 0 (0)                     ; 0           ; 0            ; 0       ; 0         ; 0    ; 0            ; |RISCV_Processor|pcLogic:PC_LOGIC|adder_N:PC_Plus_4|adder:\G_NBit_ADDER:30:ADDER_I|xorg2:xor_gate2                        ; xorg2           ; work         ;
;          |adder:\G_NBit_ADDER:31:ADDER_I|        ; 1 (0)               ; 0 (0)                     ; 0           ; 0            ; 0       ; 0         ; 0    ; 0            ; |RISCV_Processor|pcLogic:PC_LOGIC|adder_N:PC_Plus_4|adder:\G_NBit_ADDER:31:ADDER_I                                        ; adder           ; work         ;
;             |xorg2:xor_gate2|                    ; 1 (1)               ; 0 (0)                     ; 0           ; 0            ; 0       ; 0         ; 0    ; 0            ; |RISCV_Processor|pcLogic:PC_LOGIC|adder_N:PC_Plus_4|adder:\G_NBit_ADDER:31:ADDER_I|xorg2:xor_gate2                        ; xorg2           ; work         ;
;          |adder:\G_NBit_ADDER:3:ADDER_I|         ; 1 (0)               ; 0 (0)                     ; 0           ; 0            ; 0       ; 0         ; 0    ; 0            ; |RISCV_Processor|pcLogic:PC_LOGIC|adder_N:PC_Plus_4|adder:\G_NBit_ADDER:3:ADDER_I                                         ; adder           ; work         ;
;             |xorg2:xor_gate2|                    ; 1 (1)               ; 0 (0)                     ; 0           ; 0            ; 0       ; 0         ; 0    ; 0            ; |RISCV_Processor|pcLogic:PC_LOGIC|adder_N:PC_Plus_4|adder:\G_NBit_ADDER:3:ADDER_I|xorg2:xor_gate2                         ; xorg2           ; work         ;
;          |adder:\G_NBit_ADDER:4:ADDER_I|         ; 1 (0)               ; 0 (0)                     ; 0           ; 0            ; 0       ; 0         ; 0    ; 0            ; |RISCV_Processor|pcLogic:PC_LOGIC|adder_N:PC_Plus_4|adder:\G_NBit_ADDER:4:ADDER_I                                         ; adder           ; work         ;
;             |xorg2:xor_gate2|                    ; 1 (1)               ; 0 (0)                     ; 0           ; 0            ; 0       ; 0         ; 0    ; 0            ; |RISCV_Processor|pcLogic:PC_LOGIC|adder_N:PC_Plus_4|adder:\G_NBit_ADDER:4:ADDER_I|xorg2:xor_gate2                         ; xorg2           ; work         ;
;          |adder:\G_NBit_ADDER:5:ADDER_I|         ; 2 (0)               ; 0 (0)                     ; 0           ; 0            ; 0       ; 0         ; 0    ; 0            ; |RISCV_Processor|pcLogic:PC_LOGIC|adder_N:PC_Plus_4|adder:\G_NBit_ADDER:5:ADDER_I                                         ; adder           ; work         ;
;             |andg2:and_gate3|                    ; 1 (1)               ; 0 (0)                     ; 0           ; 0            ; 0       ; 0         ; 0    ; 0            ; |RISCV_Processor|pcLogic:PC_LOGIC|adder_N:PC_Plus_4|adder:\G_NBit_ADDER:5:ADDER_I|andg2:and_gate3                         ; andg2           ; work         ;
;             |xorg2:xor_gate2|                    ; 1 (1)               ; 0 (0)                     ; 0           ; 0            ; 0       ; 0         ; 0    ; 0            ; |RISCV_Processor|pcLogic:PC_LOGIC|adder_N:PC_Plus_4|adder:\G_NBit_ADDER:5:ADDER_I|xorg2:xor_gate2                         ; xorg2           ; work         ;
;          |adder:\G_NBit_ADDER:6:ADDER_I|         ; 1 (0)               ; 0 (0)                     ; 0           ; 0            ; 0       ; 0         ; 0    ; 0            ; |RISCV_Processor|pcLogic:PC_LOGIC|adder_N:PC_Plus_4|adder:\G_NBit_ADDER:6:ADDER_I                                         ; adder           ; work         ;
;             |xorg2:xor_gate2|                    ; 1 (1)               ; 0 (0)                     ; 0           ; 0            ; 0       ; 0         ; 0    ; 0            ; |RISCV_Processor|pcLogic:PC_LOGIC|adder_N:PC_Plus_4|adder:\G_NBit_ADDER:6:ADDER_I|xorg2:xor_gate2                         ; xorg2           ; work         ;
;          |adder:\G_NBit_ADDER:7:ADDER_I|         ; 1 (0)               ; 0 (0)                     ; 0           ; 0            ; 0       ; 0         ; 0    ; 0            ; |RISCV_Processor|pcLogic:PC_LOGIC|adder_N:PC_Plus_4|adder:\G_NBit_ADDER:7:ADDER_I                                         ; adder           ; work         ;
;             |xorg2:xor_gate2|                    ; 1 (1)               ; 0 (0)                     ; 0           ; 0            ; 0       ; 0         ; 0    ; 0            ; |RISCV_Processor|pcLogic:PC_LOGIC|adder_N:PC_Plus_4|adder:\G_NBit_ADDER:7:ADDER_I|xorg2:xor_gate2                         ; xorg2           ; work         ;
;          |adder:\G_NBit_ADDER:8:ADDER_I|         ; 2 (0)               ; 0 (0)                     ; 0           ; 0            ; 0       ; 0         ; 0    ; 0            ; |RISCV_Processor|pcLogic:PC_LOGIC|adder_N:PC_Plus_4|adder:\G_NBit_ADDER:8:ADDER_I                                         ; adder           ; work         ;
;             |andg2:and_gate3|                    ; 1 (1)               ; 0 (0)                     ; 0           ; 0            ; 0       ; 0         ; 0    ; 0            ; |RISCV_Processor|pcLogic:PC_LOGIC|adder_N:PC_Plus_4|adder:\G_NBit_ADDER:8:ADDER_I|andg2:and_gate3                         ; andg2           ; work         ;
;             |xorg2:xor_gate2|                    ; 1 (1)               ; 0 (0)                     ; 0           ; 0            ; 0       ; 0         ; 0    ; 0            ; |RISCV_Processor|pcLogic:PC_LOGIC|adder_N:PC_Plus_4|adder:\G_NBit_ADDER:8:ADDER_I|xorg2:xor_gate2                         ; xorg2           ; work         ;
;          |adder:\G_NBit_ADDER:9:ADDER_I|         ; 1 (0)               ; 0 (0)                     ; 0           ; 0            ; 0       ; 0         ; 0    ; 0            ; |RISCV_Processor|pcLogic:PC_LOGIC|adder_N:PC_Plus_4|adder:\G_NBit_ADDER:9:ADDER_I                                         ; adder           ; work         ;
;             |xorg2:xor_gate2|                    ; 1 (1)               ; 0 (0)                     ; 0           ; 0            ; 0       ; 0         ; 0    ; 0            ; |RISCV_Processor|pcLogic:PC_LOGIC|adder_N:PC_Plus_4|adder:\G_NBit_ADDER:9:ADDER_I|xorg2:xor_gate2                         ; xorg2           ; work         ;
;       |adder_N:PC_Plus_imm|                      ; 41 (0)              ; 0 (0)                     ; 0           ; 0            ; 0       ; 0         ; 0    ; 0            ; |RISCV_Processor|pcLogic:PC_LOGIC|adder_N:PC_Plus_imm                                                                     ; adder_N         ; work         ;
;          |adder:\G_NBit_ADDER:10:ADDER_I|        ; 4 (0)               ; 0 (0)                     ; 0           ; 0            ; 0       ; 0         ; 0    ; 0            ; |RISCV_Processor|pcLogic:PC_LOGIC|adder_N:PC_Plus_imm|adder:\G_NBit_ADDER:10:ADDER_I                                      ; adder           ; work         ;
;             |org2:or_gate2|                      ; 2 (2)               ; 0 (0)                     ; 0           ; 0            ; 0       ; 0         ; 0    ; 0            ; |RISCV_Processor|pcLogic:PC_LOGIC|adder_N:PC_Plus_imm|adder:\G_NBit_ADDER:10:ADDER_I|org2:or_gate2                        ; org2            ; work         ;
;             |xorg2:xor_gate2|                    ; 2 (2)               ; 0 (0)                     ; 0           ; 0            ; 0       ; 0         ; 0    ; 0            ; |RISCV_Processor|pcLogic:PC_LOGIC|adder_N:PC_Plus_imm|adder:\G_NBit_ADDER:10:ADDER_I|xorg2:xor_gate2                      ; xorg2           ; work         ;
;          |adder:\G_NBit_ADDER:11:ADDER_I|        ; 2 (0)               ; 0 (0)                     ; 0           ; 0            ; 0       ; 0         ; 0    ; 0            ; |RISCV_Processor|pcLogic:PC_LOGIC|adder_N:PC_Plus_imm|adder:\G_NBit_ADDER:11:ADDER_I                                      ; adder           ; work         ;
;             |org2:or_gate2|                      ; 1 (1)               ; 0 (0)                     ; 0           ; 0            ; 0       ; 0         ; 0    ; 0            ; |RISCV_Processor|pcLogic:PC_LOGIC|adder_N:PC_Plus_imm|adder:\G_NBit_ADDER:11:ADDER_I|org2:or_gate2                        ; org2            ; work         ;
;             |xorg2:xor_gate2|                    ; 1 (1)               ; 0 (0)                     ; 0           ; 0            ; 0       ; 0         ; 0    ; 0            ; |RISCV_Processor|pcLogic:PC_LOGIC|adder_N:PC_Plus_imm|adder:\G_NBit_ADDER:11:ADDER_I|xorg2:xor_gate2                      ; xorg2           ; work         ;
;          |adder:\G_NBit_ADDER:12:ADDER_I|        ; 1 (0)               ; 0 (0)                     ; 0           ; 0            ; 0       ; 0         ; 0    ; 0            ; |RISCV_Processor|pcLogic:PC_LOGIC|adder_N:PC_Plus_imm|adder:\G_NBit_ADDER:12:ADDER_I                                      ; adder           ; work         ;
;             |org2:or_gate2|                      ; 1 (1)               ; 0 (0)                     ; 0           ; 0            ; 0       ; 0         ; 0    ; 0            ; |RISCV_Processor|pcLogic:PC_LOGIC|adder_N:PC_Plus_imm|adder:\G_NBit_ADDER:12:ADDER_I|org2:or_gate2                        ; org2            ; work         ;
;          |adder:\G_NBit_ADDER:13:ADDER_I|        ; 1 (0)               ; 0 (0)                     ; 0           ; 0            ; 0       ; 0         ; 0    ; 0            ; |RISCV_Processor|pcLogic:PC_LOGIC|adder_N:PC_Plus_imm|adder:\G_NBit_ADDER:13:ADDER_I                                      ; adder           ; work         ;
;             |org2:or_gate2|                      ; 1 (1)               ; 0 (0)                     ; 0           ; 0            ; 0       ; 0         ; 0    ; 0            ; |RISCV_Processor|pcLogic:PC_LOGIC|adder_N:PC_Plus_imm|adder:\G_NBit_ADDER:13:ADDER_I|org2:or_gate2                        ; org2            ; work         ;
;          |adder:\G_NBit_ADDER:14:ADDER_I|        ; 1 (0)               ; 0 (0)                     ; 0           ; 0            ; 0       ; 0         ; 0    ; 0            ; |RISCV_Processor|pcLogic:PC_LOGIC|adder_N:PC_Plus_imm|adder:\G_NBit_ADDER:14:ADDER_I                                      ; adder           ; work         ;
;             |org2:or_gate2|                      ; 1 (1)               ; 0 (0)                     ; 0           ; 0            ; 0       ; 0         ; 0    ; 0            ; |RISCV_Processor|pcLogic:PC_LOGIC|adder_N:PC_Plus_imm|adder:\G_NBit_ADDER:14:ADDER_I|org2:or_gate2                        ; org2            ; work         ;
;          |adder:\G_NBit_ADDER:15:ADDER_I|        ; 1 (0)               ; 0 (0)                     ; 0           ; 0            ; 0       ; 0         ; 0    ; 0            ; |RISCV_Processor|pcLogic:PC_LOGIC|adder_N:PC_Plus_imm|adder:\G_NBit_ADDER:15:ADDER_I                                      ; adder           ; work         ;
;             |org2:or_gate2|                      ; 1 (1)               ; 0 (0)                     ; 0           ; 0            ; 0       ; 0         ; 0    ; 0            ; |RISCV_Processor|pcLogic:PC_LOGIC|adder_N:PC_Plus_imm|adder:\G_NBit_ADDER:15:ADDER_I|org2:or_gate2                        ; org2            ; work         ;
;          |adder:\G_NBit_ADDER:16:ADDER_I|        ; 1 (0)               ; 0 (0)                     ; 0           ; 0            ; 0       ; 0         ; 0    ; 0            ; |RISCV_Processor|pcLogic:PC_LOGIC|adder_N:PC_Plus_imm|adder:\G_NBit_ADDER:16:ADDER_I                                      ; adder           ; work         ;
;             |org2:or_gate2|                      ; 1 (1)               ; 0 (0)                     ; 0           ; 0            ; 0       ; 0         ; 0    ; 0            ; |RISCV_Processor|pcLogic:PC_LOGIC|adder_N:PC_Plus_imm|adder:\G_NBit_ADDER:16:ADDER_I|org2:or_gate2                        ; org2            ; work         ;
;          |adder:\G_NBit_ADDER:17:ADDER_I|        ; 1 (0)               ; 0 (0)                     ; 0           ; 0            ; 0       ; 0         ; 0    ; 0            ; |RISCV_Processor|pcLogic:PC_LOGIC|adder_N:PC_Plus_imm|adder:\G_NBit_ADDER:17:ADDER_I                                      ; adder           ; work         ;
;             |org2:or_gate2|                      ; 1 (1)               ; 0 (0)                     ; 0           ; 0            ; 0       ; 0         ; 0    ; 0            ; |RISCV_Processor|pcLogic:PC_LOGIC|adder_N:PC_Plus_imm|adder:\G_NBit_ADDER:17:ADDER_I|org2:or_gate2                        ; org2            ; work         ;
;          |adder:\G_NBit_ADDER:18:ADDER_I|        ; 1 (0)               ; 0 (0)                     ; 0           ; 0            ; 0       ; 0         ; 0    ; 0            ; |RISCV_Processor|pcLogic:PC_LOGIC|adder_N:PC_Plus_imm|adder:\G_NBit_ADDER:18:ADDER_I                                      ; adder           ; work         ;
;             |org2:or_gate2|                      ; 1 (1)               ; 0 (0)                     ; 0           ; 0            ; 0       ; 0         ; 0    ; 0            ; |RISCV_Processor|pcLogic:PC_LOGIC|adder_N:PC_Plus_imm|adder:\G_NBit_ADDER:18:ADDER_I|org2:or_gate2                        ; org2            ; work         ;
;          |adder:\G_NBit_ADDER:19:ADDER_I|        ; 1 (0)               ; 0 (0)                     ; 0           ; 0            ; 0       ; 0         ; 0    ; 0            ; |RISCV_Processor|pcLogic:PC_LOGIC|adder_N:PC_Plus_imm|adder:\G_NBit_ADDER:19:ADDER_I                                      ; adder           ; work         ;
;             |org2:or_gate2|                      ; 1 (1)               ; 0 (0)                     ; 0           ; 0            ; 0       ; 0         ; 0    ; 0            ; |RISCV_Processor|pcLogic:PC_LOGIC|adder_N:PC_Plus_imm|adder:\G_NBit_ADDER:19:ADDER_I|org2:or_gate2                        ; org2            ; work         ;
;          |adder:\G_NBit_ADDER:1:ADDER_I|         ; 2 (0)               ; 0 (0)                     ; 0           ; 0            ; 0       ; 0         ; 0    ; 0            ; |RISCV_Processor|pcLogic:PC_LOGIC|adder_N:PC_Plus_imm|adder:\G_NBit_ADDER:1:ADDER_I                                       ; adder           ; work         ;
;             |org2:or_gate2|                      ; 1 (1)               ; 0 (0)                     ; 0           ; 0            ; 0       ; 0         ; 0    ; 0            ; |RISCV_Processor|pcLogic:PC_LOGIC|adder_N:PC_Plus_imm|adder:\G_NBit_ADDER:1:ADDER_I|org2:or_gate2                         ; org2            ; work         ;
;             |xorg2:xor_gate2|                    ; 1 (1)               ; 0 (0)                     ; 0           ; 0            ; 0       ; 0         ; 0    ; 0            ; |RISCV_Processor|pcLogic:PC_LOGIC|adder_N:PC_Plus_imm|adder:\G_NBit_ADDER:1:ADDER_I|xorg2:xor_gate2                       ; xorg2           ; work         ;
;          |adder:\G_NBit_ADDER:20:ADDER_I|        ; 1 (0)               ; 0 (0)                     ; 0           ; 0            ; 0       ; 0         ; 0    ; 0            ; |RISCV_Processor|pcLogic:PC_LOGIC|adder_N:PC_Plus_imm|adder:\G_NBit_ADDER:20:ADDER_I                                      ; adder           ; work         ;
;             |org2:or_gate2|                      ; 1 (1)               ; 0 (0)                     ; 0           ; 0            ; 0       ; 0         ; 0    ; 0            ; |RISCV_Processor|pcLogic:PC_LOGIC|adder_N:PC_Plus_imm|adder:\G_NBit_ADDER:20:ADDER_I|org2:or_gate2                        ; org2            ; work         ;
;          |adder:\G_NBit_ADDER:22:ADDER_I|        ; 4 (0)               ; 0 (0)                     ; 0           ; 0            ; 0       ; 0         ; 0    ; 0            ; |RISCV_Processor|pcLogic:PC_LOGIC|adder_N:PC_Plus_imm|adder:\G_NBit_ADDER:22:ADDER_I                                      ; adder           ; work         ;
;             |org2:or_gate2|                      ; 2 (2)               ; 0 (0)                     ; 0           ; 0            ; 0       ; 0         ; 0    ; 0            ; |RISCV_Processor|pcLogic:PC_LOGIC|adder_N:PC_Plus_imm|adder:\G_NBit_ADDER:22:ADDER_I|org2:or_gate2                        ; org2            ; work         ;
;             |xorg2:xor_gate2|                    ; 2 (2)               ; 0 (0)                     ; 0           ; 0            ; 0       ; 0         ; 0    ; 0            ; |RISCV_Processor|pcLogic:PC_LOGIC|adder_N:PC_Plus_imm|adder:\G_NBit_ADDER:22:ADDER_I|xorg2:xor_gate2                      ; xorg2           ; work         ;
;          |adder:\G_NBit_ADDER:23:ADDER_I|        ; 2 (0)               ; 0 (0)                     ; 0           ; 0            ; 0       ; 0         ; 0    ; 0            ; |RISCV_Processor|pcLogic:PC_LOGIC|adder_N:PC_Plus_imm|adder:\G_NBit_ADDER:23:ADDER_I                                      ; adder           ; work         ;
;             |org2:or_gate2|                      ; 1 (1)               ; 0 (0)                     ; 0           ; 0            ; 0       ; 0         ; 0    ; 0            ; |RISCV_Processor|pcLogic:PC_LOGIC|adder_N:PC_Plus_imm|adder:\G_NBit_ADDER:23:ADDER_I|org2:or_gate2                        ; org2            ; work         ;
;             |xorg2:xor_gate2|                    ; 1 (1)               ; 0 (0)                     ; 0           ; 0            ; 0       ; 0         ; 0    ; 0            ; |RISCV_Processor|pcLogic:PC_LOGIC|adder_N:PC_Plus_imm|adder:\G_NBit_ADDER:23:ADDER_I|xorg2:xor_gate2                      ; xorg2           ; work         ;
;          |adder:\G_NBit_ADDER:24:ADDER_I|        ; 1 (0)               ; 0 (0)                     ; 0           ; 0            ; 0       ; 0         ; 0    ; 0            ; |RISCV_Processor|pcLogic:PC_LOGIC|adder_N:PC_Plus_imm|adder:\G_NBit_ADDER:24:ADDER_I                                      ; adder           ; work         ;
;             |org2:or_gate2|                      ; 1 (1)               ; 0 (0)                     ; 0           ; 0            ; 0       ; 0         ; 0    ; 0            ; |RISCV_Processor|pcLogic:PC_LOGIC|adder_N:PC_Plus_imm|adder:\G_NBit_ADDER:24:ADDER_I|org2:or_gate2                        ; org2            ; work         ;
;          |adder:\G_NBit_ADDER:25:ADDER_I|        ; 1 (0)               ; 0 (0)                     ; 0           ; 0            ; 0       ; 0         ; 0    ; 0            ; |RISCV_Processor|pcLogic:PC_LOGIC|adder_N:PC_Plus_imm|adder:\G_NBit_ADDER:25:ADDER_I                                      ; adder           ; work         ;
;             |org2:or_gate2|                      ; 1 (1)               ; 0 (0)                     ; 0           ; 0            ; 0       ; 0         ; 0    ; 0            ; |RISCV_Processor|pcLogic:PC_LOGIC|adder_N:PC_Plus_imm|adder:\G_NBit_ADDER:25:ADDER_I|org2:or_gate2                        ; org2            ; work         ;
;          |adder:\G_NBit_ADDER:27:ADDER_I|        ; 6 (0)               ; 0 (0)                     ; 0           ; 0            ; 0       ; 0         ; 0    ; 0            ; |RISCV_Processor|pcLogic:PC_LOGIC|adder_N:PC_Plus_imm|adder:\G_NBit_ADDER:27:ADDER_I                                      ; adder           ; work         ;
;             |org2:or_gate2|                      ; 3 (3)               ; 0 (0)                     ; 0           ; 0            ; 0       ; 0         ; 0    ; 0            ; |RISCV_Processor|pcLogic:PC_LOGIC|adder_N:PC_Plus_imm|adder:\G_NBit_ADDER:27:ADDER_I|org2:or_gate2                        ; org2            ; work         ;
;             |xorg2:xor_gate2|                    ; 3 (3)               ; 0 (0)                     ; 0           ; 0            ; 0       ; 0         ; 0    ; 0            ; |RISCV_Processor|pcLogic:PC_LOGIC|adder_N:PC_Plus_imm|adder:\G_NBit_ADDER:27:ADDER_I|xorg2:xor_gate2                      ; xorg2           ; work         ;
;          |adder:\G_NBit_ADDER:28:ADDER_I|        ; 2 (0)               ; 0 (0)                     ; 0           ; 0            ; 0       ; 0         ; 0    ; 0            ; |RISCV_Processor|pcLogic:PC_LOGIC|adder_N:PC_Plus_imm|adder:\G_NBit_ADDER:28:ADDER_I                                      ; adder           ; work         ;
;             |org2:or_gate2|                      ; 1 (1)               ; 0 (0)                     ; 0           ; 0            ; 0       ; 0         ; 0    ; 0            ; |RISCV_Processor|pcLogic:PC_LOGIC|adder_N:PC_Plus_imm|adder:\G_NBit_ADDER:28:ADDER_I|org2:or_gate2                        ; org2            ; work         ;
;             |xorg2:xor_gate2|                    ; 1 (1)               ; 0 (0)                     ; 0           ; 0            ; 0       ; 0         ; 0    ; 0            ; |RISCV_Processor|pcLogic:PC_LOGIC|adder_N:PC_Plus_imm|adder:\G_NBit_ADDER:28:ADDER_I|xorg2:xor_gate2                      ; xorg2           ; work         ;
;          |adder:\G_NBit_ADDER:29:ADDER_I|        ; 1 (0)               ; 0 (0)                     ; 0           ; 0            ; 0       ; 0         ; 0    ; 0            ; |RISCV_Processor|pcLogic:PC_LOGIC|adder_N:PC_Plus_imm|adder:\G_NBit_ADDER:29:ADDER_I                                      ; adder           ; work         ;
;             |org2:or_gate2|                      ; 1 (1)               ; 0 (0)                     ; 0           ; 0            ; 0       ; 0         ; 0    ; 0            ; |RISCV_Processor|pcLogic:PC_LOGIC|adder_N:PC_Plus_imm|adder:\G_NBit_ADDER:29:ADDER_I|org2:or_gate2                        ; org2            ; work         ;
;          |adder:\G_NBit_ADDER:2:ADDER_I|         ; 1 (0)               ; 0 (0)                     ; 0           ; 0            ; 0       ; 0         ; 0    ; 0            ; |RISCV_Processor|pcLogic:PC_LOGIC|adder_N:PC_Plus_imm|adder:\G_NBit_ADDER:2:ADDER_I                                       ; adder           ; work         ;
;             |org2:or_gate2|                      ; 1 (1)               ; 0 (0)                     ; 0           ; 0            ; 0       ; 0         ; 0    ; 0            ; |RISCV_Processor|pcLogic:PC_LOGIC|adder_N:PC_Plus_imm|adder:\G_NBit_ADDER:2:ADDER_I|org2:or_gate2                         ; org2            ; work         ;
;          |adder:\G_NBit_ADDER:3:ADDER_I|         ; 1 (0)               ; 0 (0)                     ; 0           ; 0            ; 0       ; 0         ; 0    ; 0            ; |RISCV_Processor|pcLogic:PC_LOGIC|adder_N:PC_Plus_imm|adder:\G_NBit_ADDER:3:ADDER_I                                       ; adder           ; work         ;
;             |org2:or_gate2|                      ; 1 (1)               ; 0 (0)                     ; 0           ; 0            ; 0       ; 0         ; 0    ; 0            ; |RISCV_Processor|pcLogic:PC_LOGIC|adder_N:PC_Plus_imm|adder:\G_NBit_ADDER:3:ADDER_I|org2:or_gate2                         ; org2            ; work         ;
;          |adder:\G_NBit_ADDER:4:ADDER_I|         ; 1 (0)               ; 0 (0)                     ; 0           ; 0            ; 0       ; 0         ; 0    ; 0            ; |RISCV_Processor|pcLogic:PC_LOGIC|adder_N:PC_Plus_imm|adder:\G_NBit_ADDER:4:ADDER_I                                       ; adder           ; work         ;
;             |org2:or_gate2|                      ; 1 (1)               ; 0 (0)                     ; 0           ; 0            ; 0       ; 0         ; 0    ; 0            ; |RISCV_Processor|pcLogic:PC_LOGIC|adder_N:PC_Plus_imm|adder:\G_NBit_ADDER:4:ADDER_I|org2:or_gate2                         ; org2            ; work         ;
;          |adder:\G_NBit_ADDER:5:ADDER_I|         ; 1 (0)               ; 0 (0)                     ; 0           ; 0            ; 0       ; 0         ; 0    ; 0            ; |RISCV_Processor|pcLogic:PC_LOGIC|adder_N:PC_Plus_imm|adder:\G_NBit_ADDER:5:ADDER_I                                       ; adder           ; work         ;
;             |org2:or_gate2|                      ; 1 (1)               ; 0 (0)                     ; 0           ; 0            ; 0       ; 0         ; 0    ; 0            ; |RISCV_Processor|pcLogic:PC_LOGIC|adder_N:PC_Plus_imm|adder:\G_NBit_ADDER:5:ADDER_I|org2:or_gate2                         ; org2            ; work         ;
;          |adder:\G_NBit_ADDER:6:ADDER_I|         ; 1 (0)               ; 0 (0)                     ; 0           ; 0            ; 0       ; 0         ; 0    ; 0            ; |RISCV_Processor|pcLogic:PC_LOGIC|adder_N:PC_Plus_imm|adder:\G_NBit_ADDER:6:ADDER_I                                       ; adder           ; work         ;
;             |org2:or_gate2|                      ; 1 (1)               ; 0 (0)                     ; 0           ; 0            ; 0       ; 0         ; 0    ; 0            ; |RISCV_Processor|pcLogic:PC_LOGIC|adder_N:PC_Plus_imm|adder:\G_NBit_ADDER:6:ADDER_I|org2:or_gate2                         ; org2            ; work         ;
;          |adder:\G_NBit_ADDER:7:ADDER_I|         ; 1 (0)               ; 0 (0)                     ; 0           ; 0            ; 0       ; 0         ; 0    ; 0            ; |RISCV_Processor|pcLogic:PC_LOGIC|adder_N:PC_Plus_imm|adder:\G_NBit_ADDER:7:ADDER_I                                       ; adder           ; work         ;
;             |org2:or_gate2|                      ; 1 (1)               ; 0 (0)                     ; 0           ; 0            ; 0       ; 0         ; 0    ; 0            ; |RISCV_Processor|pcLogic:PC_LOGIC|adder_N:PC_Plus_imm|adder:\G_NBit_ADDER:7:ADDER_I|org2:or_gate2                         ; org2            ; work         ;
;          |adder:\G_NBit_ADDER:8:ADDER_I|         ; 1 (0)               ; 0 (0)                     ; 0           ; 0            ; 0       ; 0         ; 0    ; 0            ; |RISCV_Processor|pcLogic:PC_LOGIC|adder_N:PC_Plus_imm|adder:\G_NBit_ADDER:8:ADDER_I                                       ; adder           ; work         ;
;             |org2:or_gate2|                      ; 1 (1)               ; 0 (0)                     ; 0           ; 0            ; 0       ; 0         ; 0    ; 0            ; |RISCV_Processor|pcLogic:PC_LOGIC|adder_N:PC_Plus_imm|adder:\G_NBit_ADDER:8:ADDER_I|org2:or_gate2                         ; org2            ; work         ;
;       |adder_N:rs1_Plus_imm|                     ; 41 (0)              ; 0 (0)                     ; 0           ; 0            ; 0       ; 0         ; 0    ; 0            ; |RISCV_Processor|pcLogic:PC_LOGIC|adder_N:rs1_Plus_imm                                                                    ; adder_N         ; work         ;
;          |adder:\G_NBit_ADDER:10:ADDER_I|        ; 5 (0)               ; 0 (0)                     ; 0           ; 0            ; 0       ; 0         ; 0    ; 0            ; |RISCV_Processor|pcLogic:PC_LOGIC|adder_N:rs1_Plus_imm|adder:\G_NBit_ADDER:10:ADDER_I                                     ; adder           ; work         ;
;             |org2:or_gate2|                      ; 3 (3)               ; 0 (0)                     ; 0           ; 0            ; 0       ; 0         ; 0    ; 0            ; |RISCV_Processor|pcLogic:PC_LOGIC|adder_N:rs1_Plus_imm|adder:\G_NBit_ADDER:10:ADDER_I|org2:or_gate2                       ; org2            ; work         ;
;             |xorg2:xor_gate2|                    ; 2 (2)               ; 0 (0)                     ; 0           ; 0            ; 0       ; 0         ; 0    ; 0            ; |RISCV_Processor|pcLogic:PC_LOGIC|adder_N:rs1_Plus_imm|adder:\G_NBit_ADDER:10:ADDER_I|xorg2:xor_gate2                     ; xorg2           ; work         ;
;          |adder:\G_NBit_ADDER:11:ADDER_I|        ; 1 (0)               ; 0 (0)                     ; 0           ; 0            ; 0       ; 0         ; 0    ; 0            ; |RISCV_Processor|pcLogic:PC_LOGIC|adder_N:rs1_Plus_imm|adder:\G_NBit_ADDER:11:ADDER_I                                     ; adder           ; work         ;
;             |xorg2:xor_gate2|                    ; 1 (1)               ; 0 (0)                     ; 0           ; 0            ; 0       ; 0         ; 0    ; 0            ; |RISCV_Processor|pcLogic:PC_LOGIC|adder_N:rs1_Plus_imm|adder:\G_NBit_ADDER:11:ADDER_I|xorg2:xor_gate2                     ; xorg2           ; work         ;
;          |adder:\G_NBit_ADDER:12:ADDER_I|        ; 2 (0)               ; 0 (0)                     ; 0           ; 0            ; 0       ; 0         ; 0    ; 0            ; |RISCV_Processor|pcLogic:PC_LOGIC|adder_N:rs1_Plus_imm|adder:\G_NBit_ADDER:12:ADDER_I                                     ; adder           ; work         ;
;             |org2:or_gate2|                      ; 2 (2)               ; 0 (0)                     ; 0           ; 0            ; 0       ; 0         ; 0    ; 0            ; |RISCV_Processor|pcLogic:PC_LOGIC|adder_N:rs1_Plus_imm|adder:\G_NBit_ADDER:12:ADDER_I|org2:or_gate2                       ; org2            ; work         ;
;          |adder:\G_NBit_ADDER:13:ADDER_I|        ; 1 (0)               ; 0 (0)                     ; 0           ; 0            ; 0       ; 0         ; 0    ; 0            ; |RISCV_Processor|pcLogic:PC_LOGIC|adder_N:rs1_Plus_imm|adder:\G_NBit_ADDER:13:ADDER_I                                     ; adder           ; work         ;
;             |org2:or_gate2|                      ; 1 (1)               ; 0 (0)                     ; 0           ; 0            ; 0       ; 0         ; 0    ; 0            ; |RISCV_Processor|pcLogic:PC_LOGIC|adder_N:rs1_Plus_imm|adder:\G_NBit_ADDER:13:ADDER_I|org2:or_gate2                       ; org2            ; work         ;
;          |adder:\G_NBit_ADDER:14:ADDER_I|        ; 1 (0)               ; 0 (0)                     ; 0           ; 0            ; 0       ; 0         ; 0    ; 0            ; |RISCV_Processor|pcLogic:PC_LOGIC|adder_N:rs1_Plus_imm|adder:\G_NBit_ADDER:14:ADDER_I                                     ; adder           ; work         ;
;             |org2:or_gate2|                      ; 1 (1)               ; 0 (0)                     ; 0           ; 0            ; 0       ; 0         ; 0    ; 0            ; |RISCV_Processor|pcLogic:PC_LOGIC|adder_N:rs1_Plus_imm|adder:\G_NBit_ADDER:14:ADDER_I|org2:or_gate2                       ; org2            ; work         ;
;          |adder:\G_NBit_ADDER:17:ADDER_I|        ; 2 (0)               ; 0 (0)                     ; 0           ; 0            ; 0       ; 0         ; 0    ; 0            ; |RISCV_Processor|pcLogic:PC_LOGIC|adder_N:rs1_Plus_imm|adder:\G_NBit_ADDER:17:ADDER_I                                     ; adder           ; work         ;
;             |org2:or_gate2|                      ; 2 (2)               ; 0 (0)                     ; 0           ; 0            ; 0       ; 0         ; 0    ; 0            ; |RISCV_Processor|pcLogic:PC_LOGIC|adder_N:rs1_Plus_imm|adder:\G_NBit_ADDER:17:ADDER_I|org2:or_gate2                       ; org2            ; work         ;
;          |adder:\G_NBit_ADDER:19:ADDER_I|        ; 3 (0)               ; 0 (0)                     ; 0           ; 0            ; 0       ; 0         ; 0    ; 0            ; |RISCV_Processor|pcLogic:PC_LOGIC|adder_N:rs1_Plus_imm|adder:\G_NBit_ADDER:19:ADDER_I                                     ; adder           ; work         ;
;             |org2:or_gate2|                      ; 3 (3)               ; 0 (0)                     ; 0           ; 0            ; 0       ; 0         ; 0    ; 0            ; |RISCV_Processor|pcLogic:PC_LOGIC|adder_N:rs1_Plus_imm|adder:\G_NBit_ADDER:19:ADDER_I|org2:or_gate2                       ; org2            ; work         ;
;          |adder:\G_NBit_ADDER:1:ADDER_I|         ; 2 (0)               ; 0 (0)                     ; 0           ; 0            ; 0       ; 0         ; 0    ; 0            ; |RISCV_Processor|pcLogic:PC_LOGIC|adder_N:rs1_Plus_imm|adder:\G_NBit_ADDER:1:ADDER_I                                      ; adder           ; work         ;
;             |org2:or_gate2|                      ; 1 (1)               ; 0 (0)                     ; 0           ; 0            ; 0       ; 0         ; 0    ; 0            ; |RISCV_Processor|pcLogic:PC_LOGIC|adder_N:rs1_Plus_imm|adder:\G_NBit_ADDER:1:ADDER_I|org2:or_gate2                        ; org2            ; work         ;
;             |xorg2:xor_gate2|                    ; 1 (1)               ; 0 (0)                     ; 0           ; 0            ; 0       ; 0         ; 0    ; 0            ; |RISCV_Processor|pcLogic:PC_LOGIC|adder_N:rs1_Plus_imm|adder:\G_NBit_ADDER:1:ADDER_I|xorg2:xor_gate2                      ; xorg2           ; work         ;
;          |adder:\G_NBit_ADDER:20:ADDER_I|        ; 1 (0)               ; 0 (0)                     ; 0           ; 0            ; 0       ; 0         ; 0    ; 0            ; |RISCV_Processor|pcLogic:PC_LOGIC|adder_N:rs1_Plus_imm|adder:\G_NBit_ADDER:20:ADDER_I                                     ; adder           ; work         ;
;             |org2:or_gate2|                      ; 1 (1)               ; 0 (0)                     ; 0           ; 0            ; 0       ; 0         ; 0    ; 0            ; |RISCV_Processor|pcLogic:PC_LOGIC|adder_N:rs1_Plus_imm|adder:\G_NBit_ADDER:20:ADDER_I|org2:or_gate2                       ; org2            ; work         ;
;          |adder:\G_NBit_ADDER:21:ADDER_I|        ; 1 (0)               ; 0 (0)                     ; 0           ; 0            ; 0       ; 0         ; 0    ; 0            ; |RISCV_Processor|pcLogic:PC_LOGIC|adder_N:rs1_Plus_imm|adder:\G_NBit_ADDER:21:ADDER_I                                     ; adder           ; work         ;
;             |org2:or_gate2|                      ; 1 (1)               ; 0 (0)                     ; 0           ; 0            ; 0       ; 0         ; 0    ; 0            ; |RISCV_Processor|pcLogic:PC_LOGIC|adder_N:rs1_Plus_imm|adder:\G_NBit_ADDER:21:ADDER_I|org2:or_gate2                       ; org2            ; work         ;
;          |adder:\G_NBit_ADDER:22:ADDER_I|        ; 2 (0)               ; 0 (0)                     ; 0           ; 0            ; 0       ; 0         ; 0    ; 0            ; |RISCV_Processor|pcLogic:PC_LOGIC|adder_N:rs1_Plus_imm|adder:\G_NBit_ADDER:22:ADDER_I                                     ; adder           ; work         ;
;             |org2:or_gate2|                      ; 1 (1)               ; 0 (0)                     ; 0           ; 0            ; 0       ; 0         ; 0    ; 0            ; |RISCV_Processor|pcLogic:PC_LOGIC|adder_N:rs1_Plus_imm|adder:\G_NBit_ADDER:22:ADDER_I|org2:or_gate2                       ; org2            ; work         ;
;             |xorg2:xor_gate2|                    ; 1 (1)               ; 0 (0)                     ; 0           ; 0            ; 0       ; 0         ; 0    ; 0            ; |RISCV_Processor|pcLogic:PC_LOGIC|adder_N:rs1_Plus_imm|adder:\G_NBit_ADDER:22:ADDER_I|xorg2:xor_gate2                     ; xorg2           ; work         ;
;          |adder:\G_NBit_ADDER:23:ADDER_I|        ; 2 (0)               ; 0 (0)                     ; 0           ; 0            ; 0       ; 0         ; 0    ; 0            ; |RISCV_Processor|pcLogic:PC_LOGIC|adder_N:rs1_Plus_imm|adder:\G_NBit_ADDER:23:ADDER_I                                     ; adder           ; work         ;
;             |org2:or_gate2|                      ; 1 (1)               ; 0 (0)                     ; 0           ; 0            ; 0       ; 0         ; 0    ; 0            ; |RISCV_Processor|pcLogic:PC_LOGIC|adder_N:rs1_Plus_imm|adder:\G_NBit_ADDER:23:ADDER_I|org2:or_gate2                       ; org2            ; work         ;
;             |xorg2:xor_gate2|                    ; 1 (1)               ; 0 (0)                     ; 0           ; 0            ; 0       ; 0         ; 0    ; 0            ; |RISCV_Processor|pcLogic:PC_LOGIC|adder_N:rs1_Plus_imm|adder:\G_NBit_ADDER:23:ADDER_I|xorg2:xor_gate2                     ; xorg2           ; work         ;
;          |adder:\G_NBit_ADDER:24:ADDER_I|        ; 1 (0)               ; 0 (0)                     ; 0           ; 0            ; 0       ; 0         ; 0    ; 0            ; |RISCV_Processor|pcLogic:PC_LOGIC|adder_N:rs1_Plus_imm|adder:\G_NBit_ADDER:24:ADDER_I                                     ; adder           ; work         ;
;             |org2:or_gate2|                      ; 1 (1)               ; 0 (0)                     ; 0           ; 0            ; 0       ; 0         ; 0    ; 0            ; |RISCV_Processor|pcLogic:PC_LOGIC|adder_N:rs1_Plus_imm|adder:\G_NBit_ADDER:24:ADDER_I|org2:or_gate2                       ; org2            ; work         ;
;          |adder:\G_NBit_ADDER:25:ADDER_I|        ; 1 (0)               ; 0 (0)                     ; 0           ; 0            ; 0       ; 0         ; 0    ; 0            ; |RISCV_Processor|pcLogic:PC_LOGIC|adder_N:rs1_Plus_imm|adder:\G_NBit_ADDER:25:ADDER_I                                     ; adder           ; work         ;
;             |org2:or_gate2|                      ; 1 (1)               ; 0 (0)                     ; 0           ; 0            ; 0       ; 0         ; 0    ; 0            ; |RISCV_Processor|pcLogic:PC_LOGIC|adder_N:rs1_Plus_imm|adder:\G_NBit_ADDER:25:ADDER_I|org2:or_gate2                       ; org2            ; work         ;
;          |adder:\G_NBit_ADDER:26:ADDER_I|        ; 2 (0)               ; 0 (0)                     ; 0           ; 0            ; 0       ; 0         ; 0    ; 0            ; |RISCV_Processor|pcLogic:PC_LOGIC|adder_N:rs1_Plus_imm|adder:\G_NBit_ADDER:26:ADDER_I                                     ; adder           ; work         ;
;             |org2:or_gate2|                      ; 2 (2)               ; 0 (0)                     ; 0           ; 0            ; 0       ; 0         ; 0    ; 0            ; |RISCV_Processor|pcLogic:PC_LOGIC|adder_N:rs1_Plus_imm|adder:\G_NBit_ADDER:26:ADDER_I|org2:or_gate2                       ; org2            ; work         ;
;          |adder:\G_NBit_ADDER:27:ADDER_I|        ; 3 (0)               ; 0 (0)                     ; 0           ; 0            ; 0       ; 0         ; 0    ; 0            ; |RISCV_Processor|pcLogic:PC_LOGIC|adder_N:rs1_Plus_imm|adder:\G_NBit_ADDER:27:ADDER_I                                     ; adder           ; work         ;
;             |org2:or_gate2|                      ; 1 (1)               ; 0 (0)                     ; 0           ; 0            ; 0       ; 0         ; 0    ; 0            ; |RISCV_Processor|pcLogic:PC_LOGIC|adder_N:rs1_Plus_imm|adder:\G_NBit_ADDER:27:ADDER_I|org2:or_gate2                       ; org2            ; work         ;
;             |xorg2:xor_gate2|                    ; 2 (2)               ; 0 (0)                     ; 0           ; 0            ; 0       ; 0         ; 0    ; 0            ; |RISCV_Processor|pcLogic:PC_LOGIC|adder_N:rs1_Plus_imm|adder:\G_NBit_ADDER:27:ADDER_I|xorg2:xor_gate2                     ; xorg2           ; work         ;
;          |adder:\G_NBit_ADDER:28:ADDER_I|        ; 2 (0)               ; 0 (0)                     ; 0           ; 0            ; 0       ; 0         ; 0    ; 0            ; |RISCV_Processor|pcLogic:PC_LOGIC|adder_N:rs1_Plus_imm|adder:\G_NBit_ADDER:28:ADDER_I                                     ; adder           ; work         ;
;             |org2:or_gate2|                      ; 1 (1)               ; 0 (0)                     ; 0           ; 0            ; 0       ; 0         ; 0    ; 0            ; |RISCV_Processor|pcLogic:PC_LOGIC|adder_N:rs1_Plus_imm|adder:\G_NBit_ADDER:28:ADDER_I|org2:or_gate2                       ; org2            ; work         ;
;             |xorg2:xor_gate2|                    ; 1 (1)               ; 0 (0)                     ; 0           ; 0            ; 0       ; 0         ; 0    ; 0            ; |RISCV_Processor|pcLogic:PC_LOGIC|adder_N:rs1_Plus_imm|adder:\G_NBit_ADDER:28:ADDER_I|xorg2:xor_gate2                     ; xorg2           ; work         ;
;          |adder:\G_NBit_ADDER:29:ADDER_I|        ; 1 (0)               ; 0 (0)                     ; 0           ; 0            ; 0       ; 0         ; 0    ; 0            ; |RISCV_Processor|pcLogic:PC_LOGIC|adder_N:rs1_Plus_imm|adder:\G_NBit_ADDER:29:ADDER_I                                     ; adder           ; work         ;
;             |org2:or_gate2|                      ; 1 (1)               ; 0 (0)                     ; 0           ; 0            ; 0       ; 0         ; 0    ; 0            ; |RISCV_Processor|pcLogic:PC_LOGIC|adder_N:rs1_Plus_imm|adder:\G_NBit_ADDER:29:ADDER_I|org2:or_gate2                       ; org2            ; work         ;
;          |adder:\G_NBit_ADDER:3:ADDER_I|         ; 3 (0)               ; 0 (0)                     ; 0           ; 0            ; 0       ; 0         ; 0    ; 0            ; |RISCV_Processor|pcLogic:PC_LOGIC|adder_N:rs1_Plus_imm|adder:\G_NBit_ADDER:3:ADDER_I                                      ; adder           ; work         ;
;             |org2:or_gate2|                      ; 3 (3)               ; 0 (0)                     ; 0           ; 0            ; 0       ; 0         ; 0    ; 0            ; |RISCV_Processor|pcLogic:PC_LOGIC|adder_N:rs1_Plus_imm|adder:\G_NBit_ADDER:3:ADDER_I|org2:or_gate2                        ; org2            ; work         ;
;          |adder:\G_NBit_ADDER:4:ADDER_I|         ; 1 (0)               ; 0 (0)                     ; 0           ; 0            ; 0       ; 0         ; 0    ; 0            ; |RISCV_Processor|pcLogic:PC_LOGIC|adder_N:rs1_Plus_imm|adder:\G_NBit_ADDER:4:ADDER_I                                      ; adder           ; work         ;
;             |org2:or_gate2|                      ; 1 (1)               ; 0 (0)                     ; 0           ; 0            ; 0       ; 0         ; 0    ; 0            ; |RISCV_Processor|pcLogic:PC_LOGIC|adder_N:rs1_Plus_imm|adder:\G_NBit_ADDER:4:ADDER_I|org2:or_gate2                        ; org2            ; work         ;
;          |adder:\G_NBit_ADDER:5:ADDER_I|         ; 1 (0)               ; 0 (0)                     ; 0           ; 0            ; 0       ; 0         ; 0    ; 0            ; |RISCV_Processor|pcLogic:PC_LOGIC|adder_N:rs1_Plus_imm|adder:\G_NBit_ADDER:5:ADDER_I                                      ; adder           ; work         ;
;             |org2:or_gate2|                      ; 1 (1)               ; 0 (0)                     ; 0           ; 0            ; 0       ; 0         ; 0    ; 0            ; |RISCV_Processor|pcLogic:PC_LOGIC|adder_N:rs1_Plus_imm|adder:\G_NBit_ADDER:5:ADDER_I|org2:or_gate2                        ; org2            ; work         ;
;          |adder:\G_NBit_ADDER:6:ADDER_I|         ; 1 (0)               ; 0 (0)                     ; 0           ; 0            ; 0       ; 0         ; 0    ; 0            ; |RISCV_Processor|pcLogic:PC_LOGIC|adder_N:rs1_Plus_imm|adder:\G_NBit_ADDER:6:ADDER_I                                      ; adder           ; work         ;
;             |org2:or_gate2|                      ; 1 (1)               ; 0 (0)                     ; 0           ; 0            ; 0       ; 0         ; 0    ; 0            ; |RISCV_Processor|pcLogic:PC_LOGIC|adder_N:rs1_Plus_imm|adder:\G_NBit_ADDER:6:ADDER_I|org2:or_gate2                        ; org2            ; work         ;
;          |adder:\G_NBit_ADDER:7:ADDER_I|         ; 1 (0)               ; 0 (0)                     ; 0           ; 0            ; 0       ; 0         ; 0    ; 0            ; |RISCV_Processor|pcLogic:PC_LOGIC|adder_N:rs1_Plus_imm|adder:\G_NBit_ADDER:7:ADDER_I                                      ; adder           ; work         ;
;             |org2:or_gate2|                      ; 1 (1)               ; 0 (0)                     ; 0           ; 0            ; 0       ; 0         ; 0    ; 0            ; |RISCV_Processor|pcLogic:PC_LOGIC|adder_N:rs1_Plus_imm|adder:\G_NBit_ADDER:7:ADDER_I|org2:or_gate2                        ; org2            ; work         ;
;          |adder:\G_NBit_ADDER:8:ADDER_I|         ; 1 (0)               ; 0 (0)                     ; 0           ; 0            ; 0       ; 0         ; 0    ; 0            ; |RISCV_Processor|pcLogic:PC_LOGIC|adder_N:rs1_Plus_imm|adder:\G_NBit_ADDER:8:ADDER_I                                      ; adder           ; work         ;
;             |org2:or_gate2|                      ; 1 (1)               ; 0 (0)                     ; 0           ; 0            ; 0       ; 0         ; 0    ; 0            ; |RISCV_Processor|pcLogic:PC_LOGIC|adder_N:rs1_Plus_imm|adder:\G_NBit_ADDER:8:ADDER_I|org2:or_gate2                        ; org2            ; work         ;
;       |mux4t1_N:PC_Select_Mux|                   ; 5 (0)               ; 0 (0)                     ; 0           ; 0            ; 0       ; 0         ; 0    ; 0            ; |RISCV_Processor|pcLogic:PC_LOGIC|mux4t1_N:PC_Select_Mux                                                                  ; mux4t1_N        ; work         ;
;          |mux4t1:\G_NBit_MUX:0:MUXI|             ; 2 (2)               ; 0 (0)                     ; 0           ; 0            ; 0       ; 0         ; 0    ; 0            ; |RISCV_Processor|pcLogic:PC_LOGIC|mux4t1_N:PC_Select_Mux|mux4t1:\G_NBit_MUX:0:MUXI                                        ; mux4t1          ; work         ;
;          |mux4t1:\G_NBit_MUX:1:MUXI|             ; 1 (1)               ; 0 (0)                     ; 0           ; 0            ; 0       ; 0         ; 0    ; 0            ; |RISCV_Processor|pcLogic:PC_LOGIC|mux4t1_N:PC_Select_Mux|mux4t1:\G_NBit_MUX:1:MUXI                                        ; mux4t1          ; work         ;
;          |mux4t1:\G_NBit_MUX:26:MUXI|            ; 1 (1)               ; 0 (0)                     ; 0           ; 0            ; 0       ; 0         ; 0    ; 0            ; |RISCV_Processor|pcLogic:PC_LOGIC|mux4t1_N:PC_Select_Mux|mux4t1:\G_NBit_MUX:26:MUXI                                       ; mux4t1          ; work         ;
;          |mux4t1:\G_NBit_MUX:2:MUXI|             ; 1 (1)               ; 0 (0)                     ; 0           ; 0            ; 0       ; 0         ; 0    ; 0            ; |RISCV_Processor|pcLogic:PC_LOGIC|mux4t1_N:PC_Select_Mux|mux4t1:\G_NBit_MUX:2:MUXI                                        ; mux4t1          ; work         ;
;       |reg_N:PC_Register|                        ; 132 (0)             ; 32 (0)                    ; 0           ; 0            ; 0       ; 0         ; 0    ; 0            ; |RISCV_Processor|pcLogic:PC_LOGIC|reg_N:PC_Register                                                                       ; reg_N           ; work         ;
;          |dffg:\G_NBit_Reg:0:RegI|               ; 3 (3)               ; 1 (1)                     ; 0           ; 0            ; 0       ; 0         ; 0    ; 0            ; |RISCV_Processor|pcLogic:PC_LOGIC|reg_N:PC_Register|dffg:\G_NBit_Reg:0:RegI                                               ; dffg            ; work         ;
;          |dffg:\G_NBit_Reg:10:RegI|              ; 1 (1)               ; 1 (1)                     ; 0           ; 0            ; 0       ; 0         ; 0    ; 0            ; |RISCV_Processor|pcLogic:PC_LOGIC|reg_N:PC_Register|dffg:\G_NBit_Reg:10:RegI                                              ; dffg            ; work         ;
;          |dffg:\G_NBit_Reg:11:RegI|              ; 1 (1)               ; 1 (1)                     ; 0           ; 0            ; 0       ; 0         ; 0    ; 0            ; |RISCV_Processor|pcLogic:PC_LOGIC|reg_N:PC_Register|dffg:\G_NBit_Reg:11:RegI                                              ; dffg            ; work         ;
;          |dffg:\G_NBit_Reg:12:RegI|              ; 5 (5)               ; 1 (1)                     ; 0           ; 0            ; 0       ; 0         ; 0    ; 0            ; |RISCV_Processor|pcLogic:PC_LOGIC|reg_N:PC_Register|dffg:\G_NBit_Reg:12:RegI                                              ; dffg            ; work         ;
;          |dffg:\G_NBit_Reg:13:RegI|              ; 5 (5)               ; 1 (1)                     ; 0           ; 0            ; 0       ; 0         ; 0    ; 0            ; |RISCV_Processor|pcLogic:PC_LOGIC|reg_N:PC_Register|dffg:\G_NBit_Reg:13:RegI                                              ; dffg            ; work         ;
;          |dffg:\G_NBit_Reg:14:RegI|              ; 5 (5)               ; 1 (1)                     ; 0           ; 0            ; 0       ; 0         ; 0    ; 0            ; |RISCV_Processor|pcLogic:PC_LOGIC|reg_N:PC_Register|dffg:\G_NBit_Reg:14:RegI                                              ; dffg            ; work         ;
;          |dffg:\G_NBit_Reg:15:RegI|              ; 5 (5)               ; 1 (1)                     ; 0           ; 0            ; 0       ; 0         ; 0    ; 0            ; |RISCV_Processor|pcLogic:PC_LOGIC|reg_N:PC_Register|dffg:\G_NBit_Reg:15:RegI                                              ; dffg            ; work         ;
;          |dffg:\G_NBit_Reg:16:RegI|              ; 5 (5)               ; 1 (1)                     ; 0           ; 0            ; 0       ; 0         ; 0    ; 0            ; |RISCV_Processor|pcLogic:PC_LOGIC|reg_N:PC_Register|dffg:\G_NBit_Reg:16:RegI                                              ; dffg            ; work         ;
;          |dffg:\G_NBit_Reg:17:RegI|              ; 5 (5)               ; 1 (1)                     ; 0           ; 0            ; 0       ; 0         ; 0    ; 0            ; |RISCV_Processor|pcLogic:PC_LOGIC|reg_N:PC_Register|dffg:\G_NBit_Reg:17:RegI                                              ; dffg            ; work         ;
;          |dffg:\G_NBit_Reg:18:RegI|              ; 5 (5)               ; 1 (1)                     ; 0           ; 0            ; 0       ; 0         ; 0    ; 0            ; |RISCV_Processor|pcLogic:PC_LOGIC|reg_N:PC_Register|dffg:\G_NBit_Reg:18:RegI                                              ; dffg            ; work         ;
;          |dffg:\G_NBit_Reg:19:RegI|              ; 5 (5)               ; 1 (1)                     ; 0           ; 0            ; 0       ; 0         ; 0    ; 0            ; |RISCV_Processor|pcLogic:PC_LOGIC|reg_N:PC_Register|dffg:\G_NBit_Reg:19:RegI                                              ; dffg            ; work         ;
;          |dffg:\G_NBit_Reg:1:RegI|               ; 0 (0)               ; 1 (1)                     ; 0           ; 0            ; 0       ; 0         ; 0    ; 0            ; |RISCV_Processor|pcLogic:PC_LOGIC|reg_N:PC_Register|dffg:\G_NBit_Reg:1:RegI                                               ; dffg            ; work         ;
;          |dffg:\G_NBit_Reg:20:RegI|              ; 5 (5)               ; 1 (1)                     ; 0           ; 0            ; 0       ; 0         ; 0    ; 0            ; |RISCV_Processor|pcLogic:PC_LOGIC|reg_N:PC_Register|dffg:\G_NBit_Reg:20:RegI                                              ; dffg            ; work         ;
;          |dffg:\G_NBit_Reg:21:RegI|              ; 5 (5)               ; 1 (1)                     ; 0           ; 0            ; 0       ; 0         ; 0    ; 0            ; |RISCV_Processor|pcLogic:PC_LOGIC|reg_N:PC_Register|dffg:\G_NBit_Reg:21:RegI                                              ; dffg            ; work         ;
;          |dffg:\G_NBit_Reg:22:RegI|              ; 1 (1)               ; 1 (1)                     ; 0           ; 0            ; 0       ; 0         ; 0    ; 0            ; |RISCV_Processor|pcLogic:PC_LOGIC|reg_N:PC_Register|dffg:\G_NBit_Reg:22:RegI                                              ; dffg            ; work         ;
;          |dffg:\G_NBit_Reg:23:RegI|              ; 1 (1)               ; 1 (1)                     ; 0           ; 0            ; 0       ; 0         ; 0    ; 0            ; |RISCV_Processor|pcLogic:PC_LOGIC|reg_N:PC_Register|dffg:\G_NBit_Reg:23:RegI                                              ; dffg            ; work         ;
;          |dffg:\G_NBit_Reg:24:RegI|              ; 5 (5)               ; 1 (1)                     ; 0           ; 0            ; 0       ; 0         ; 0    ; 0            ; |RISCV_Processor|pcLogic:PC_LOGIC|reg_N:PC_Register|dffg:\G_NBit_Reg:24:RegI                                              ; dffg            ; work         ;
;          |dffg:\G_NBit_Reg:25:RegI|              ; 5 (5)               ; 1 (1)                     ; 0           ; 0            ; 0       ; 0         ; 0    ; 0            ; |RISCV_Processor|pcLogic:PC_LOGIC|reg_N:PC_Register|dffg:\G_NBit_Reg:25:RegI                                              ; dffg            ; work         ;
;          |dffg:\G_NBit_Reg:26:RegI|              ; 5 (5)               ; 1 (1)                     ; 0           ; 0            ; 0       ; 0         ; 0    ; 0            ; |RISCV_Processor|pcLogic:PC_LOGIC|reg_N:PC_Register|dffg:\G_NBit_Reg:26:RegI                                              ; dffg            ; work         ;
;          |dffg:\G_NBit_Reg:27:RegI|              ; 1 (1)               ; 1 (1)                     ; 0           ; 0            ; 0       ; 0         ; 0    ; 0            ; |RISCV_Processor|pcLogic:PC_LOGIC|reg_N:PC_Register|dffg:\G_NBit_Reg:27:RegI                                              ; dffg            ; work         ;
;          |dffg:\G_NBit_Reg:28:RegI|              ; 1 (1)               ; 1 (1)                     ; 0           ; 0            ; 0       ; 0         ; 0    ; 0            ; |RISCV_Processor|pcLogic:PC_LOGIC|reg_N:PC_Register|dffg:\G_NBit_Reg:28:RegI                                              ; dffg            ; work         ;
;          |dffg:\G_NBit_Reg:29:RegI|              ; 5 (5)               ; 1 (1)                     ; 0           ; 0            ; 0       ; 0         ; 0    ; 0            ; |RISCV_Processor|pcLogic:PC_LOGIC|reg_N:PC_Register|dffg:\G_NBit_Reg:29:RegI                                              ; dffg            ; work         ;
;          |dffg:\G_NBit_Reg:2:RegI|               ; 6 (6)               ; 1 (1)                     ; 0           ; 0            ; 0       ; 0         ; 0    ; 0            ; |RISCV_Processor|pcLogic:PC_LOGIC|reg_N:PC_Register|dffg:\G_NBit_Reg:2:RegI                                               ; dffg            ; work         ;
;          |dffg:\G_NBit_Reg:30:RegI|              ; 5 (5)               ; 1 (1)                     ; 0           ; 0            ; 0       ; 0         ; 0    ; 0            ; |RISCV_Processor|pcLogic:PC_LOGIC|reg_N:PC_Register|dffg:\G_NBit_Reg:30:RegI                                              ; dffg            ; work         ;
;          |dffg:\G_NBit_Reg:31:RegI|              ; 7 (7)               ; 1 (1)                     ; 0           ; 0            ; 0       ; 0         ; 0    ; 0            ; |RISCV_Processor|pcLogic:PC_LOGIC|reg_N:PC_Register|dffg:\G_NBit_Reg:31:RegI                                              ; dffg            ; work         ;
;          |dffg:\G_NBit_Reg:3:RegI|               ; 5 (5)               ; 1 (1)                     ; 0           ; 0            ; 0       ; 0         ; 0    ; 0            ; |RISCV_Processor|pcLogic:PC_LOGIC|reg_N:PC_Register|dffg:\G_NBit_Reg:3:RegI                                               ; dffg            ; work         ;
;          |dffg:\G_NBit_Reg:4:RegI|               ; 5 (5)               ; 1 (1)                     ; 0           ; 0            ; 0       ; 0         ; 0    ; 0            ; |RISCV_Processor|pcLogic:PC_LOGIC|reg_N:PC_Register|dffg:\G_NBit_Reg:4:RegI                                               ; dffg            ; work         ;
;          |dffg:\G_NBit_Reg:5:RegI|               ; 5 (5)               ; 1 (1)                     ; 0           ; 0            ; 0       ; 0         ; 0    ; 0            ; |RISCV_Processor|pcLogic:PC_LOGIC|reg_N:PC_Register|dffg:\G_NBit_Reg:5:RegI                                               ; dffg            ; work         ;
;          |dffg:\G_NBit_Reg:6:RegI|               ; 5 (5)               ; 1 (1)                     ; 0           ; 0            ; 0       ; 0         ; 0    ; 0            ; |RISCV_Processor|pcLogic:PC_LOGIC|reg_N:PC_Register|dffg:\G_NBit_Reg:6:RegI                                               ; dffg            ; work         ;
;          |dffg:\G_NBit_Reg:7:RegI|               ; 5 (5)               ; 1 (1)                     ; 0           ; 0            ; 0       ; 0         ; 0    ; 0            ; |RISCV_Processor|pcLogic:PC_LOGIC|reg_N:PC_Register|dffg:\G_NBit_Reg:7:RegI                                               ; dffg            ; work         ;
;          |dffg:\G_NBit_Reg:8:RegI|               ; 5 (5)               ; 1 (1)                     ; 0           ; 0            ; 0       ; 0         ; 0    ; 0            ; |RISCV_Processor|pcLogic:PC_LOGIC|reg_N:PC_Register|dffg:\G_NBit_Reg:8:RegI                                               ; dffg            ; work         ;
;          |dffg:\G_NBit_Reg:9:RegI|               ; 5 (5)               ; 1 (1)                     ; 0           ; 0            ; 0       ; 0         ; 0    ; 0            ; |RISCV_Processor|pcLogic:PC_LOGIC|reg_N:PC_Register|dffg:\G_NBit_Reg:9:RegI                                               ; dffg            ; work         ;
;    |regFile:RF|                                  ; 1379 (0)            ; 992 (0)                   ; 0           ; 0            ; 0       ; 0         ; 0    ; 0            ; |RISCV_Processor|regFile:RF                                                                                               ; regFile         ; work         ;
;       |decoder5t32:decoder_inst|                 ; 35 (35)             ; 0 (0)                     ; 0           ; 0            ; 0       ; 0         ; 0    ; 0            ; |RISCV_Processor|regFile:RF|decoder5t32:decoder_inst                                                                      ; decoder5t32     ; work         ;
;       |mux32t1_N:mux_rs1|                        ; 672 (672)           ; 0 (0)                     ; 0           ; 0            ; 0       ; 0         ; 0    ; 0            ; |RISCV_Processor|regFile:RF|mux32t1_N:mux_rs1                                                                             ; mux32t1_N       ; work         ;
;       |mux32t1_N:mux_rs2|                        ; 672 (672)           ; 0 (0)                     ; 0           ; 0            ; 0       ; 0         ; 0    ; 0            ; |RISCV_Processor|regFile:RF|mux32t1_N:mux_rs2                                                                             ; mux32t1_N       ; work         ;
;       |reg_N:reg10|                              ; 0 (0)               ; 32 (0)                    ; 0           ; 0            ; 0       ; 0         ; 0    ; 0            ; |RISCV_Processor|regFile:RF|reg_N:reg10                                                                                   ; reg_N           ; work         ;
;          |dffg:\G_NBit_Reg:0:RegI|               ; 0 (0)               ; 1 (1)                     ; 0           ; 0            ; 0       ; 0         ; 0    ; 0            ; |RISCV_Processor|regFile:RF|reg_N:reg10|dffg:\G_NBit_Reg:0:RegI                                                           ; dffg            ; work         ;
;          |dffg:\G_NBit_Reg:10:RegI|              ; 0 (0)               ; 1 (1)                     ; 0           ; 0            ; 0       ; 0         ; 0    ; 0            ; |RISCV_Processor|regFile:RF|reg_N:reg10|dffg:\G_NBit_Reg:10:RegI                                                          ; dffg            ; work         ;
;          |dffg:\G_NBit_Reg:11:RegI|              ; 0 (0)               ; 1 (1)                     ; 0           ; 0            ; 0       ; 0         ; 0    ; 0            ; |RISCV_Processor|regFile:RF|reg_N:reg10|dffg:\G_NBit_Reg:11:RegI                                                          ; dffg            ; work         ;
;          |dffg:\G_NBit_Reg:12:RegI|              ; 0 (0)               ; 1 (1)                     ; 0           ; 0            ; 0       ; 0         ; 0    ; 0            ; |RISCV_Processor|regFile:RF|reg_N:reg10|dffg:\G_NBit_Reg:12:RegI                                                          ; dffg            ; work         ;
;          |dffg:\G_NBit_Reg:13:RegI|              ; 0 (0)               ; 1 (1)                     ; 0           ; 0            ; 0       ; 0         ; 0    ; 0            ; |RISCV_Processor|regFile:RF|reg_N:reg10|dffg:\G_NBit_Reg:13:RegI                                                          ; dffg            ; work         ;
;          |dffg:\G_NBit_Reg:14:RegI|              ; 0 (0)               ; 1 (1)                     ; 0           ; 0            ; 0       ; 0         ; 0    ; 0            ; |RISCV_Processor|regFile:RF|reg_N:reg10|dffg:\G_NBit_Reg:14:RegI                                                          ; dffg            ; work         ;
;          |dffg:\G_NBit_Reg:15:RegI|              ; 0 (0)               ; 1 (1)                     ; 0           ; 0            ; 0       ; 0         ; 0    ; 0            ; |RISCV_Processor|regFile:RF|reg_N:reg10|dffg:\G_NBit_Reg:15:RegI                                                          ; dffg            ; work         ;
;          |dffg:\G_NBit_Reg:16:RegI|              ; 0 (0)               ; 1 (1)                     ; 0           ; 0            ; 0       ; 0         ; 0    ; 0            ; |RISCV_Processor|regFile:RF|reg_N:reg10|dffg:\G_NBit_Reg:16:RegI                                                          ; dffg            ; work         ;
;          |dffg:\G_NBit_Reg:17:RegI|              ; 0 (0)               ; 1 (1)                     ; 0           ; 0            ; 0       ; 0         ; 0    ; 0            ; |RISCV_Processor|regFile:RF|reg_N:reg10|dffg:\G_NBit_Reg:17:RegI                                                          ; dffg            ; work         ;
;          |dffg:\G_NBit_Reg:18:RegI|              ; 0 (0)               ; 1 (1)                     ; 0           ; 0            ; 0       ; 0         ; 0    ; 0            ; |RISCV_Processor|regFile:RF|reg_N:reg10|dffg:\G_NBit_Reg:18:RegI                                                          ; dffg            ; work         ;
;          |dffg:\G_NBit_Reg:19:RegI|              ; 0 (0)               ; 1 (1)                     ; 0           ; 0            ; 0       ; 0         ; 0    ; 0            ; |RISCV_Processor|regFile:RF|reg_N:reg10|dffg:\G_NBit_Reg:19:RegI                                                          ; dffg            ; work         ;
;          |dffg:\G_NBit_Reg:1:RegI|               ; 0 (0)               ; 1 (1)                     ; 0           ; 0            ; 0       ; 0         ; 0    ; 0            ; |RISCV_Processor|regFile:RF|reg_N:reg10|dffg:\G_NBit_Reg:1:RegI                                                           ; dffg            ; work         ;
;          |dffg:\G_NBit_Reg:20:RegI|              ; 0 (0)               ; 1 (1)                     ; 0           ; 0            ; 0       ; 0         ; 0    ; 0            ; |RISCV_Processor|regFile:RF|reg_N:reg10|dffg:\G_NBit_Reg:20:RegI                                                          ; dffg            ; work         ;
;          |dffg:\G_NBit_Reg:21:RegI|              ; 0 (0)               ; 1 (1)                     ; 0           ; 0            ; 0       ; 0         ; 0    ; 0            ; |RISCV_Processor|regFile:RF|reg_N:reg10|dffg:\G_NBit_Reg:21:RegI                                                          ; dffg            ; work         ;
;          |dffg:\G_NBit_Reg:22:RegI|              ; 0 (0)               ; 1 (1)                     ; 0           ; 0            ; 0       ; 0         ; 0    ; 0            ; |RISCV_Processor|regFile:RF|reg_N:reg10|dffg:\G_NBit_Reg:22:RegI                                                          ; dffg            ; work         ;
;          |dffg:\G_NBit_Reg:23:RegI|              ; 0 (0)               ; 1 (1)                     ; 0           ; 0            ; 0       ; 0         ; 0    ; 0            ; |RISCV_Processor|regFile:RF|reg_N:reg10|dffg:\G_NBit_Reg:23:RegI                                                          ; dffg            ; work         ;
;          |dffg:\G_NBit_Reg:24:RegI|              ; 0 (0)               ; 1 (1)                     ; 0           ; 0            ; 0       ; 0         ; 0    ; 0            ; |RISCV_Processor|regFile:RF|reg_N:reg10|dffg:\G_NBit_Reg:24:RegI                                                          ; dffg            ; work         ;
;          |dffg:\G_NBit_Reg:25:RegI|              ; 0 (0)               ; 1 (1)                     ; 0           ; 0            ; 0       ; 0         ; 0    ; 0            ; |RISCV_Processor|regFile:RF|reg_N:reg10|dffg:\G_NBit_Reg:25:RegI                                                          ; dffg            ; work         ;
;          |dffg:\G_NBit_Reg:26:RegI|              ; 0 (0)               ; 1 (1)                     ; 0           ; 0            ; 0       ; 0         ; 0    ; 0            ; |RISCV_Processor|regFile:RF|reg_N:reg10|dffg:\G_NBit_Reg:26:RegI                                                          ; dffg            ; work         ;
;          |dffg:\G_NBit_Reg:27:RegI|              ; 0 (0)               ; 1 (1)                     ; 0           ; 0            ; 0       ; 0         ; 0    ; 0            ; |RISCV_Processor|regFile:RF|reg_N:reg10|dffg:\G_NBit_Reg:27:RegI                                                          ; dffg            ; work         ;
;          |dffg:\G_NBit_Reg:28:RegI|              ; 0 (0)               ; 1 (1)                     ; 0           ; 0            ; 0       ; 0         ; 0    ; 0            ; |RISCV_Processor|regFile:RF|reg_N:reg10|dffg:\G_NBit_Reg:28:RegI                                                          ; dffg            ; work         ;
;          |dffg:\G_NBit_Reg:29:RegI|              ; 0 (0)               ; 1 (1)                     ; 0           ; 0            ; 0       ; 0         ; 0    ; 0            ; |RISCV_Processor|regFile:RF|reg_N:reg10|dffg:\G_NBit_Reg:29:RegI                                                          ; dffg            ; work         ;
;          |dffg:\G_NBit_Reg:2:RegI|               ; 0 (0)               ; 1 (1)                     ; 0           ; 0            ; 0       ; 0         ; 0    ; 0            ; |RISCV_Processor|regFile:RF|reg_N:reg10|dffg:\G_NBit_Reg:2:RegI                                                           ; dffg            ; work         ;
;          |dffg:\G_NBit_Reg:30:RegI|              ; 0 (0)               ; 1 (1)                     ; 0           ; 0            ; 0       ; 0         ; 0    ; 0            ; |RISCV_Processor|regFile:RF|reg_N:reg10|dffg:\G_NBit_Reg:30:RegI                                                          ; dffg            ; work         ;
;          |dffg:\G_NBit_Reg:31:RegI|              ; 0 (0)               ; 1 (1)                     ; 0           ; 0            ; 0       ; 0         ; 0    ; 0            ; |RISCV_Processor|regFile:RF|reg_N:reg10|dffg:\G_NBit_Reg:31:RegI                                                          ; dffg            ; work         ;
;          |dffg:\G_NBit_Reg:3:RegI|               ; 0 (0)               ; 1 (1)                     ; 0           ; 0            ; 0       ; 0         ; 0    ; 0            ; |RISCV_Processor|regFile:RF|reg_N:reg10|dffg:\G_NBit_Reg:3:RegI                                                           ; dffg            ; work         ;
;          |dffg:\G_NBit_Reg:4:RegI|               ; 0 (0)               ; 1 (1)                     ; 0           ; 0            ; 0       ; 0         ; 0    ; 0            ; |RISCV_Processor|regFile:RF|reg_N:reg10|dffg:\G_NBit_Reg:4:RegI                                                           ; dffg            ; work         ;
;          |dffg:\G_NBit_Reg:5:RegI|               ; 0 (0)               ; 1 (1)                     ; 0           ; 0            ; 0       ; 0         ; 0    ; 0            ; |RISCV_Processor|regFile:RF|reg_N:reg10|dffg:\G_NBit_Reg:5:RegI                                                           ; dffg            ; work         ;
;          |dffg:\G_NBit_Reg:6:RegI|               ; 0 (0)               ; 1 (1)                     ; 0           ; 0            ; 0       ; 0         ; 0    ; 0            ; |RISCV_Processor|regFile:RF|reg_N:reg10|dffg:\G_NBit_Reg:6:RegI                                                           ; dffg            ; work         ;
;          |dffg:\G_NBit_Reg:7:RegI|               ; 0 (0)               ; 1 (1)                     ; 0           ; 0            ; 0       ; 0         ; 0    ; 0            ; |RISCV_Processor|regFile:RF|reg_N:reg10|dffg:\G_NBit_Reg:7:RegI                                                           ; dffg            ; work         ;
;          |dffg:\G_NBit_Reg:8:RegI|               ; 0 (0)               ; 1 (1)                     ; 0           ; 0            ; 0       ; 0         ; 0    ; 0            ; |RISCV_Processor|regFile:RF|reg_N:reg10|dffg:\G_NBit_Reg:8:RegI                                                           ; dffg            ; work         ;
;          |dffg:\G_NBit_Reg:9:RegI|               ; 0 (0)               ; 1 (1)                     ; 0           ; 0            ; 0       ; 0         ; 0    ; 0            ; |RISCV_Processor|regFile:RF|reg_N:reg10|dffg:\G_NBit_Reg:9:RegI                                                           ; dffg            ; work         ;
;       |reg_N:reg11|                              ; 0 (0)               ; 32 (0)                    ; 0           ; 0            ; 0       ; 0         ; 0    ; 0            ; |RISCV_Processor|regFile:RF|reg_N:reg11                                                                                   ; reg_N           ; work         ;
;          |dffg:\G_NBit_Reg:0:RegI|               ; 0 (0)               ; 1 (1)                     ; 0           ; 0            ; 0       ; 0         ; 0    ; 0            ; |RISCV_Processor|regFile:RF|reg_N:reg11|dffg:\G_NBit_Reg:0:RegI                                                           ; dffg            ; work         ;
;          |dffg:\G_NBit_Reg:10:RegI|              ; 0 (0)               ; 1 (1)                     ; 0           ; 0            ; 0       ; 0         ; 0    ; 0            ; |RISCV_Processor|regFile:RF|reg_N:reg11|dffg:\G_NBit_Reg:10:RegI                                                          ; dffg            ; work         ;
;          |dffg:\G_NBit_Reg:11:RegI|              ; 0 (0)               ; 1 (1)                     ; 0           ; 0            ; 0       ; 0         ; 0    ; 0            ; |RISCV_Processor|regFile:RF|reg_N:reg11|dffg:\G_NBit_Reg:11:RegI                                                          ; dffg            ; work         ;
;          |dffg:\G_NBit_Reg:12:RegI|              ; 0 (0)               ; 1 (1)                     ; 0           ; 0            ; 0       ; 0         ; 0    ; 0            ; |RISCV_Processor|regFile:RF|reg_N:reg11|dffg:\G_NBit_Reg:12:RegI                                                          ; dffg            ; work         ;
;          |dffg:\G_NBit_Reg:13:RegI|              ; 0 (0)               ; 1 (1)                     ; 0           ; 0            ; 0       ; 0         ; 0    ; 0            ; |RISCV_Processor|regFile:RF|reg_N:reg11|dffg:\G_NBit_Reg:13:RegI                                                          ; dffg            ; work         ;
;          |dffg:\G_NBit_Reg:14:RegI|              ; 0 (0)               ; 1 (1)                     ; 0           ; 0            ; 0       ; 0         ; 0    ; 0            ; |RISCV_Processor|regFile:RF|reg_N:reg11|dffg:\G_NBit_Reg:14:RegI                                                          ; dffg            ; work         ;
;          |dffg:\G_NBit_Reg:15:RegI|              ; 0 (0)               ; 1 (1)                     ; 0           ; 0            ; 0       ; 0         ; 0    ; 0            ; |RISCV_Processor|regFile:RF|reg_N:reg11|dffg:\G_NBit_Reg:15:RegI                                                          ; dffg            ; work         ;
;          |dffg:\G_NBit_Reg:16:RegI|              ; 0 (0)               ; 1 (1)                     ; 0           ; 0            ; 0       ; 0         ; 0    ; 0            ; |RISCV_Processor|regFile:RF|reg_N:reg11|dffg:\G_NBit_Reg:16:RegI                                                          ; dffg            ; work         ;
;          |dffg:\G_NBit_Reg:17:RegI|              ; 0 (0)               ; 1 (1)                     ; 0           ; 0            ; 0       ; 0         ; 0    ; 0            ; |RISCV_Processor|regFile:RF|reg_N:reg11|dffg:\G_NBit_Reg:17:RegI                                                          ; dffg            ; work         ;
;          |dffg:\G_NBit_Reg:18:RegI|              ; 0 (0)               ; 1 (1)                     ; 0           ; 0            ; 0       ; 0         ; 0    ; 0            ; |RISCV_Processor|regFile:RF|reg_N:reg11|dffg:\G_NBit_Reg:18:RegI                                                          ; dffg            ; work         ;
;          |dffg:\G_NBit_Reg:19:RegI|              ; 0 (0)               ; 1 (1)                     ; 0           ; 0            ; 0       ; 0         ; 0    ; 0            ; |RISCV_Processor|regFile:RF|reg_N:reg11|dffg:\G_NBit_Reg:19:RegI                                                          ; dffg            ; work         ;
;          |dffg:\G_NBit_Reg:1:RegI|               ; 0 (0)               ; 1 (1)                     ; 0           ; 0            ; 0       ; 0         ; 0    ; 0            ; |RISCV_Processor|regFile:RF|reg_N:reg11|dffg:\G_NBit_Reg:1:RegI                                                           ; dffg            ; work         ;
;          |dffg:\G_NBit_Reg:20:RegI|              ; 0 (0)               ; 1 (1)                     ; 0           ; 0            ; 0       ; 0         ; 0    ; 0            ; |RISCV_Processor|regFile:RF|reg_N:reg11|dffg:\G_NBit_Reg:20:RegI                                                          ; dffg            ; work         ;
;          |dffg:\G_NBit_Reg:21:RegI|              ; 0 (0)               ; 1 (1)                     ; 0           ; 0            ; 0       ; 0         ; 0    ; 0            ; |RISCV_Processor|regFile:RF|reg_N:reg11|dffg:\G_NBit_Reg:21:RegI                                                          ; dffg            ; work         ;
;          |dffg:\G_NBit_Reg:22:RegI|              ; 0 (0)               ; 1 (1)                     ; 0           ; 0            ; 0       ; 0         ; 0    ; 0            ; |RISCV_Processor|regFile:RF|reg_N:reg11|dffg:\G_NBit_Reg:22:RegI                                                          ; dffg            ; work         ;
;          |dffg:\G_NBit_Reg:23:RegI|              ; 0 (0)               ; 1 (1)                     ; 0           ; 0            ; 0       ; 0         ; 0    ; 0            ; |RISCV_Processor|regFile:RF|reg_N:reg11|dffg:\G_NBit_Reg:23:RegI                                                          ; dffg            ; work         ;
;          |dffg:\G_NBit_Reg:24:RegI|              ; 0 (0)               ; 1 (1)                     ; 0           ; 0            ; 0       ; 0         ; 0    ; 0            ; |RISCV_Processor|regFile:RF|reg_N:reg11|dffg:\G_NBit_Reg:24:RegI                                                          ; dffg            ; work         ;
;          |dffg:\G_NBit_Reg:25:RegI|              ; 0 (0)               ; 1 (1)                     ; 0           ; 0            ; 0       ; 0         ; 0    ; 0            ; |RISCV_Processor|regFile:RF|reg_N:reg11|dffg:\G_NBit_Reg:25:RegI                                                          ; dffg            ; work         ;
;          |dffg:\G_NBit_Reg:26:RegI|              ; 0 (0)               ; 1 (1)                     ; 0           ; 0            ; 0       ; 0         ; 0    ; 0            ; |RISCV_Processor|regFile:RF|reg_N:reg11|dffg:\G_NBit_Reg:26:RegI                                                          ; dffg            ; work         ;
;          |dffg:\G_NBit_Reg:27:RegI|              ; 0 (0)               ; 1 (1)                     ; 0           ; 0            ; 0       ; 0         ; 0    ; 0            ; |RISCV_Processor|regFile:RF|reg_N:reg11|dffg:\G_NBit_Reg:27:RegI                                                          ; dffg            ; work         ;
;          |dffg:\G_NBit_Reg:28:RegI|              ; 0 (0)               ; 1 (1)                     ; 0           ; 0            ; 0       ; 0         ; 0    ; 0            ; |RISCV_Processor|regFile:RF|reg_N:reg11|dffg:\G_NBit_Reg:28:RegI                                                          ; dffg            ; work         ;
;          |dffg:\G_NBit_Reg:29:RegI|              ; 0 (0)               ; 1 (1)                     ; 0           ; 0            ; 0       ; 0         ; 0    ; 0            ; |RISCV_Processor|regFile:RF|reg_N:reg11|dffg:\G_NBit_Reg:29:RegI                                                          ; dffg            ; work         ;
;          |dffg:\G_NBit_Reg:2:RegI|               ; 0 (0)               ; 1 (1)                     ; 0           ; 0            ; 0       ; 0         ; 0    ; 0            ; |RISCV_Processor|regFile:RF|reg_N:reg11|dffg:\G_NBit_Reg:2:RegI                                                           ; dffg            ; work         ;
;          |dffg:\G_NBit_Reg:30:RegI|              ; 0 (0)               ; 1 (1)                     ; 0           ; 0            ; 0       ; 0         ; 0    ; 0            ; |RISCV_Processor|regFile:RF|reg_N:reg11|dffg:\G_NBit_Reg:30:RegI                                                          ; dffg            ; work         ;
;          |dffg:\G_NBit_Reg:31:RegI|              ; 0 (0)               ; 1 (1)                     ; 0           ; 0            ; 0       ; 0         ; 0    ; 0            ; |RISCV_Processor|regFile:RF|reg_N:reg11|dffg:\G_NBit_Reg:31:RegI                                                          ; dffg            ; work         ;
;          |dffg:\G_NBit_Reg:3:RegI|               ; 0 (0)               ; 1 (1)                     ; 0           ; 0            ; 0       ; 0         ; 0    ; 0            ; |RISCV_Processor|regFile:RF|reg_N:reg11|dffg:\G_NBit_Reg:3:RegI                                                           ; dffg            ; work         ;
;          |dffg:\G_NBit_Reg:4:RegI|               ; 0 (0)               ; 1 (1)                     ; 0           ; 0            ; 0       ; 0         ; 0    ; 0            ; |RISCV_Processor|regFile:RF|reg_N:reg11|dffg:\G_NBit_Reg:4:RegI                                                           ; dffg            ; work         ;
;          |dffg:\G_NBit_Reg:5:RegI|               ; 0 (0)               ; 1 (1)                     ; 0           ; 0            ; 0       ; 0         ; 0    ; 0            ; |RISCV_Processor|regFile:RF|reg_N:reg11|dffg:\G_NBit_Reg:5:RegI                                                           ; dffg            ; work         ;
;          |dffg:\G_NBit_Reg:6:RegI|               ; 0 (0)               ; 1 (1)                     ; 0           ; 0            ; 0       ; 0         ; 0    ; 0            ; |RISCV_Processor|regFile:RF|reg_N:reg11|dffg:\G_NBit_Reg:6:RegI                                                           ; dffg            ; work         ;
;          |dffg:\G_NBit_Reg:7:RegI|               ; 0 (0)               ; 1 (1)                     ; 0           ; 0            ; 0       ; 0         ; 0    ; 0            ; |RISCV_Processor|regFile:RF|reg_N:reg11|dffg:\G_NBit_Reg:7:RegI                                                           ; dffg            ; work         ;
;          |dffg:\G_NBit_Reg:8:RegI|               ; 0 (0)               ; 1 (1)                     ; 0           ; 0            ; 0       ; 0         ; 0    ; 0            ; |RISCV_Processor|regFile:RF|reg_N:reg11|dffg:\G_NBit_Reg:8:RegI                                                           ; dffg            ; work         ;
;          |dffg:\G_NBit_Reg:9:RegI|               ; 0 (0)               ; 1 (1)                     ; 0           ; 0            ; 0       ; 0         ; 0    ; 0            ; |RISCV_Processor|regFile:RF|reg_N:reg11|dffg:\G_NBit_Reg:9:RegI                                                           ; dffg            ; work         ;
;       |reg_N:reg12|                              ; 0 (0)               ; 32 (0)                    ; 0           ; 0            ; 0       ; 0         ; 0    ; 0            ; |RISCV_Processor|regFile:RF|reg_N:reg12                                                                                   ; reg_N           ; work         ;
;          |dffg:\G_NBit_Reg:0:RegI|               ; 0 (0)               ; 1 (1)                     ; 0           ; 0            ; 0       ; 0         ; 0    ; 0            ; |RISCV_Processor|regFile:RF|reg_N:reg12|dffg:\G_NBit_Reg:0:RegI                                                           ; dffg            ; work         ;
;          |dffg:\G_NBit_Reg:10:RegI|              ; 0 (0)               ; 1 (1)                     ; 0           ; 0            ; 0       ; 0         ; 0    ; 0            ; |RISCV_Processor|regFile:RF|reg_N:reg12|dffg:\G_NBit_Reg:10:RegI                                                          ; dffg            ; work         ;
;          |dffg:\G_NBit_Reg:11:RegI|              ; 0 (0)               ; 1 (1)                     ; 0           ; 0            ; 0       ; 0         ; 0    ; 0            ; |RISCV_Processor|regFile:RF|reg_N:reg12|dffg:\G_NBit_Reg:11:RegI                                                          ; dffg            ; work         ;
;          |dffg:\G_NBit_Reg:12:RegI|              ; 0 (0)               ; 1 (1)                     ; 0           ; 0            ; 0       ; 0         ; 0    ; 0            ; |RISCV_Processor|regFile:RF|reg_N:reg12|dffg:\G_NBit_Reg:12:RegI                                                          ; dffg            ; work         ;
;          |dffg:\G_NBit_Reg:13:RegI|              ; 0 (0)               ; 1 (1)                     ; 0           ; 0            ; 0       ; 0         ; 0    ; 0            ; |RISCV_Processor|regFile:RF|reg_N:reg12|dffg:\G_NBit_Reg:13:RegI                                                          ; dffg            ; work         ;
;          |dffg:\G_NBit_Reg:14:RegI|              ; 0 (0)               ; 1 (1)                     ; 0           ; 0            ; 0       ; 0         ; 0    ; 0            ; |RISCV_Processor|regFile:RF|reg_N:reg12|dffg:\G_NBit_Reg:14:RegI                                                          ; dffg            ; work         ;
;          |dffg:\G_NBit_Reg:15:RegI|              ; 0 (0)               ; 1 (1)                     ; 0           ; 0            ; 0       ; 0         ; 0    ; 0            ; |RISCV_Processor|regFile:RF|reg_N:reg12|dffg:\G_NBit_Reg:15:RegI                                                          ; dffg            ; work         ;
;          |dffg:\G_NBit_Reg:16:RegI|              ; 0 (0)               ; 1 (1)                     ; 0           ; 0            ; 0       ; 0         ; 0    ; 0            ; |RISCV_Processor|regFile:RF|reg_N:reg12|dffg:\G_NBit_Reg:16:RegI                                                          ; dffg            ; work         ;
;          |dffg:\G_NBit_Reg:17:RegI|              ; 0 (0)               ; 1 (1)                     ; 0           ; 0            ; 0       ; 0         ; 0    ; 0            ; |RISCV_Processor|regFile:RF|reg_N:reg12|dffg:\G_NBit_Reg:17:RegI                                                          ; dffg            ; work         ;
;          |dffg:\G_NBit_Reg:18:RegI|              ; 0 (0)               ; 1 (1)                     ; 0           ; 0            ; 0       ; 0         ; 0    ; 0            ; |RISCV_Processor|regFile:RF|reg_N:reg12|dffg:\G_NBit_Reg:18:RegI                                                          ; dffg            ; work         ;
;          |dffg:\G_NBit_Reg:19:RegI|              ; 0 (0)               ; 1 (1)                     ; 0           ; 0            ; 0       ; 0         ; 0    ; 0            ; |RISCV_Processor|regFile:RF|reg_N:reg12|dffg:\G_NBit_Reg:19:RegI                                                          ; dffg            ; work         ;
;          |dffg:\G_NBit_Reg:1:RegI|               ; 0 (0)               ; 1 (1)                     ; 0           ; 0            ; 0       ; 0         ; 0    ; 0            ; |RISCV_Processor|regFile:RF|reg_N:reg12|dffg:\G_NBit_Reg:1:RegI                                                           ; dffg            ; work         ;
;          |dffg:\G_NBit_Reg:20:RegI|              ; 0 (0)               ; 1 (1)                     ; 0           ; 0            ; 0       ; 0         ; 0    ; 0            ; |RISCV_Processor|regFile:RF|reg_N:reg12|dffg:\G_NBit_Reg:20:RegI                                                          ; dffg            ; work         ;
;          |dffg:\G_NBit_Reg:21:RegI|              ; 0 (0)               ; 1 (1)                     ; 0           ; 0            ; 0       ; 0         ; 0    ; 0            ; |RISCV_Processor|regFile:RF|reg_N:reg12|dffg:\G_NBit_Reg:21:RegI                                                          ; dffg            ; work         ;
;          |dffg:\G_NBit_Reg:22:RegI|              ; 0 (0)               ; 1 (1)                     ; 0           ; 0            ; 0       ; 0         ; 0    ; 0            ; |RISCV_Processor|regFile:RF|reg_N:reg12|dffg:\G_NBit_Reg:22:RegI                                                          ; dffg            ; work         ;
;          |dffg:\G_NBit_Reg:23:RegI|              ; 0 (0)               ; 1 (1)                     ; 0           ; 0            ; 0       ; 0         ; 0    ; 0            ; |RISCV_Processor|regFile:RF|reg_N:reg12|dffg:\G_NBit_Reg:23:RegI                                                          ; dffg            ; work         ;
;          |dffg:\G_NBit_Reg:24:RegI|              ; 0 (0)               ; 1 (1)                     ; 0           ; 0            ; 0       ; 0         ; 0    ; 0            ; |RISCV_Processor|regFile:RF|reg_N:reg12|dffg:\G_NBit_Reg:24:RegI                                                          ; dffg            ; work         ;
;          |dffg:\G_NBit_Reg:25:RegI|              ; 0 (0)               ; 1 (1)                     ; 0           ; 0            ; 0       ; 0         ; 0    ; 0            ; |RISCV_Processor|regFile:RF|reg_N:reg12|dffg:\G_NBit_Reg:25:RegI                                                          ; dffg            ; work         ;
;          |dffg:\G_NBit_Reg:26:RegI|              ; 0 (0)               ; 1 (1)                     ; 0           ; 0            ; 0       ; 0         ; 0    ; 0            ; |RISCV_Processor|regFile:RF|reg_N:reg12|dffg:\G_NBit_Reg:26:RegI                                                          ; dffg            ; work         ;
;          |dffg:\G_NBit_Reg:27:RegI|              ; 0 (0)               ; 1 (1)                     ; 0           ; 0            ; 0       ; 0         ; 0    ; 0            ; |RISCV_Processor|regFile:RF|reg_N:reg12|dffg:\G_NBit_Reg:27:RegI                                                          ; dffg            ; work         ;
;          |dffg:\G_NBit_Reg:28:RegI|              ; 0 (0)               ; 1 (1)                     ; 0           ; 0            ; 0       ; 0         ; 0    ; 0            ; |RISCV_Processor|regFile:RF|reg_N:reg12|dffg:\G_NBit_Reg:28:RegI                                                          ; dffg            ; work         ;
;          |dffg:\G_NBit_Reg:29:RegI|              ; 0 (0)               ; 1 (1)                     ; 0           ; 0            ; 0       ; 0         ; 0    ; 0            ; |RISCV_Processor|regFile:RF|reg_N:reg12|dffg:\G_NBit_Reg:29:RegI                                                          ; dffg            ; work         ;
;          |dffg:\G_NBit_Reg:2:RegI|               ; 0 (0)               ; 1 (1)                     ; 0           ; 0            ; 0       ; 0         ; 0    ; 0            ; |RISCV_Processor|regFile:RF|reg_N:reg12|dffg:\G_NBit_Reg:2:RegI                                                           ; dffg            ; work         ;
;          |dffg:\G_NBit_Reg:30:RegI|              ; 0 (0)               ; 1 (1)                     ; 0           ; 0            ; 0       ; 0         ; 0    ; 0            ; |RISCV_Processor|regFile:RF|reg_N:reg12|dffg:\G_NBit_Reg:30:RegI                                                          ; dffg            ; work         ;
;          |dffg:\G_NBit_Reg:31:RegI|              ; 0 (0)               ; 1 (1)                     ; 0           ; 0            ; 0       ; 0         ; 0    ; 0            ; |RISCV_Processor|regFile:RF|reg_N:reg12|dffg:\G_NBit_Reg:31:RegI                                                          ; dffg            ; work         ;
;          |dffg:\G_NBit_Reg:3:RegI|               ; 0 (0)               ; 1 (1)                     ; 0           ; 0            ; 0       ; 0         ; 0    ; 0            ; |RISCV_Processor|regFile:RF|reg_N:reg12|dffg:\G_NBit_Reg:3:RegI                                                           ; dffg            ; work         ;
;          |dffg:\G_NBit_Reg:4:RegI|               ; 0 (0)               ; 1 (1)                     ; 0           ; 0            ; 0       ; 0         ; 0    ; 0            ; |RISCV_Processor|regFile:RF|reg_N:reg12|dffg:\G_NBit_Reg:4:RegI                                                           ; dffg            ; work         ;
;          |dffg:\G_NBit_Reg:5:RegI|               ; 0 (0)               ; 1 (1)                     ; 0           ; 0            ; 0       ; 0         ; 0    ; 0            ; |RISCV_Processor|regFile:RF|reg_N:reg12|dffg:\G_NBit_Reg:5:RegI                                                           ; dffg            ; work         ;
;          |dffg:\G_NBit_Reg:6:RegI|               ; 0 (0)               ; 1 (1)                     ; 0           ; 0            ; 0       ; 0         ; 0    ; 0            ; |RISCV_Processor|regFile:RF|reg_N:reg12|dffg:\G_NBit_Reg:6:RegI                                                           ; dffg            ; work         ;
;          |dffg:\G_NBit_Reg:7:RegI|               ; 0 (0)               ; 1 (1)                     ; 0           ; 0            ; 0       ; 0         ; 0    ; 0            ; |RISCV_Processor|regFile:RF|reg_N:reg12|dffg:\G_NBit_Reg:7:RegI                                                           ; dffg            ; work         ;
;          |dffg:\G_NBit_Reg:8:RegI|               ; 0 (0)               ; 1 (1)                     ; 0           ; 0            ; 0       ; 0         ; 0    ; 0            ; |RISCV_Processor|regFile:RF|reg_N:reg12|dffg:\G_NBit_Reg:8:RegI                                                           ; dffg            ; work         ;
;          |dffg:\G_NBit_Reg:9:RegI|               ; 0 (0)               ; 1 (1)                     ; 0           ; 0            ; 0       ; 0         ; 0    ; 0            ; |RISCV_Processor|regFile:RF|reg_N:reg12|dffg:\G_NBit_Reg:9:RegI                                                           ; dffg            ; work         ;
;       |reg_N:reg13|                              ; 0 (0)               ; 32 (0)                    ; 0           ; 0            ; 0       ; 0         ; 0    ; 0            ; |RISCV_Processor|regFile:RF|reg_N:reg13                                                                                   ; reg_N           ; work         ;
;          |dffg:\G_NBit_Reg:0:RegI|               ; 0 (0)               ; 1 (1)                     ; 0           ; 0            ; 0       ; 0         ; 0    ; 0            ; |RISCV_Processor|regFile:RF|reg_N:reg13|dffg:\G_NBit_Reg:0:RegI                                                           ; dffg            ; work         ;
;          |dffg:\G_NBit_Reg:10:RegI|              ; 0 (0)               ; 1 (1)                     ; 0           ; 0            ; 0       ; 0         ; 0    ; 0            ; |RISCV_Processor|regFile:RF|reg_N:reg13|dffg:\G_NBit_Reg:10:RegI                                                          ; dffg            ; work         ;
;          |dffg:\G_NBit_Reg:11:RegI|              ; 0 (0)               ; 1 (1)                     ; 0           ; 0            ; 0       ; 0         ; 0    ; 0            ; |RISCV_Processor|regFile:RF|reg_N:reg13|dffg:\G_NBit_Reg:11:RegI                                                          ; dffg            ; work         ;
;          |dffg:\G_NBit_Reg:12:RegI|              ; 0 (0)               ; 1 (1)                     ; 0           ; 0            ; 0       ; 0         ; 0    ; 0            ; |RISCV_Processor|regFile:RF|reg_N:reg13|dffg:\G_NBit_Reg:12:RegI                                                          ; dffg            ; work         ;
;          |dffg:\G_NBit_Reg:13:RegI|              ; 0 (0)               ; 1 (1)                     ; 0           ; 0            ; 0       ; 0         ; 0    ; 0            ; |RISCV_Processor|regFile:RF|reg_N:reg13|dffg:\G_NBit_Reg:13:RegI                                                          ; dffg            ; work         ;
;          |dffg:\G_NBit_Reg:14:RegI|              ; 0 (0)               ; 1 (1)                     ; 0           ; 0            ; 0       ; 0         ; 0    ; 0            ; |RISCV_Processor|regFile:RF|reg_N:reg13|dffg:\G_NBit_Reg:14:RegI                                                          ; dffg            ; work         ;
;          |dffg:\G_NBit_Reg:15:RegI|              ; 0 (0)               ; 1 (1)                     ; 0           ; 0            ; 0       ; 0         ; 0    ; 0            ; |RISCV_Processor|regFile:RF|reg_N:reg13|dffg:\G_NBit_Reg:15:RegI                                                          ; dffg            ; work         ;
;          |dffg:\G_NBit_Reg:16:RegI|              ; 0 (0)               ; 1 (1)                     ; 0           ; 0            ; 0       ; 0         ; 0    ; 0            ; |RISCV_Processor|regFile:RF|reg_N:reg13|dffg:\G_NBit_Reg:16:RegI                                                          ; dffg            ; work         ;
;          |dffg:\G_NBit_Reg:17:RegI|              ; 0 (0)               ; 1 (1)                     ; 0           ; 0            ; 0       ; 0         ; 0    ; 0            ; |RISCV_Processor|regFile:RF|reg_N:reg13|dffg:\G_NBit_Reg:17:RegI                                                          ; dffg            ; work         ;
;          |dffg:\G_NBit_Reg:18:RegI|              ; 0 (0)               ; 1 (1)                     ; 0           ; 0            ; 0       ; 0         ; 0    ; 0            ; |RISCV_Processor|regFile:RF|reg_N:reg13|dffg:\G_NBit_Reg:18:RegI                                                          ; dffg            ; work         ;
;          |dffg:\G_NBit_Reg:19:RegI|              ; 0 (0)               ; 1 (1)                     ; 0           ; 0            ; 0       ; 0         ; 0    ; 0            ; |RISCV_Processor|regFile:RF|reg_N:reg13|dffg:\G_NBit_Reg:19:RegI                                                          ; dffg            ; work         ;
;          |dffg:\G_NBit_Reg:1:RegI|               ; 0 (0)               ; 1 (1)                     ; 0           ; 0            ; 0       ; 0         ; 0    ; 0            ; |RISCV_Processor|regFile:RF|reg_N:reg13|dffg:\G_NBit_Reg:1:RegI                                                           ; dffg            ; work         ;
;          |dffg:\G_NBit_Reg:20:RegI|              ; 0 (0)               ; 1 (1)                     ; 0           ; 0            ; 0       ; 0         ; 0    ; 0            ; |RISCV_Processor|regFile:RF|reg_N:reg13|dffg:\G_NBit_Reg:20:RegI                                                          ; dffg            ; work         ;
;          |dffg:\G_NBit_Reg:21:RegI|              ; 0 (0)               ; 1 (1)                     ; 0           ; 0            ; 0       ; 0         ; 0    ; 0            ; |RISCV_Processor|regFile:RF|reg_N:reg13|dffg:\G_NBit_Reg:21:RegI                                                          ; dffg            ; work         ;
;          |dffg:\G_NBit_Reg:22:RegI|              ; 0 (0)               ; 1 (1)                     ; 0           ; 0            ; 0       ; 0         ; 0    ; 0            ; |RISCV_Processor|regFile:RF|reg_N:reg13|dffg:\G_NBit_Reg:22:RegI                                                          ; dffg            ; work         ;
;          |dffg:\G_NBit_Reg:23:RegI|              ; 0 (0)               ; 1 (1)                     ; 0           ; 0            ; 0       ; 0         ; 0    ; 0            ; |RISCV_Processor|regFile:RF|reg_N:reg13|dffg:\G_NBit_Reg:23:RegI                                                          ; dffg            ; work         ;
;          |dffg:\G_NBit_Reg:24:RegI|              ; 0 (0)               ; 1 (1)                     ; 0           ; 0            ; 0       ; 0         ; 0    ; 0            ; |RISCV_Processor|regFile:RF|reg_N:reg13|dffg:\G_NBit_Reg:24:RegI                                                          ; dffg            ; work         ;
;          |dffg:\G_NBit_Reg:25:RegI|              ; 0 (0)               ; 1 (1)                     ; 0           ; 0            ; 0       ; 0         ; 0    ; 0            ; |RISCV_Processor|regFile:RF|reg_N:reg13|dffg:\G_NBit_Reg:25:RegI                                                          ; dffg            ; work         ;
;          |dffg:\G_NBit_Reg:26:RegI|              ; 0 (0)               ; 1 (1)                     ; 0           ; 0            ; 0       ; 0         ; 0    ; 0            ; |RISCV_Processor|regFile:RF|reg_N:reg13|dffg:\G_NBit_Reg:26:RegI                                                          ; dffg            ; work         ;
;          |dffg:\G_NBit_Reg:27:RegI|              ; 0 (0)               ; 1 (1)                     ; 0           ; 0            ; 0       ; 0         ; 0    ; 0            ; |RISCV_Processor|regFile:RF|reg_N:reg13|dffg:\G_NBit_Reg:27:RegI                                                          ; dffg            ; work         ;
;          |dffg:\G_NBit_Reg:28:RegI|              ; 0 (0)               ; 1 (1)                     ; 0           ; 0            ; 0       ; 0         ; 0    ; 0            ; |RISCV_Processor|regFile:RF|reg_N:reg13|dffg:\G_NBit_Reg:28:RegI                                                          ; dffg            ; work         ;
;          |dffg:\G_NBit_Reg:29:RegI|              ; 0 (0)               ; 1 (1)                     ; 0           ; 0            ; 0       ; 0         ; 0    ; 0            ; |RISCV_Processor|regFile:RF|reg_N:reg13|dffg:\G_NBit_Reg:29:RegI                                                          ; dffg            ; work         ;
;          |dffg:\G_NBit_Reg:2:RegI|               ; 0 (0)               ; 1 (1)                     ; 0           ; 0            ; 0       ; 0         ; 0    ; 0            ; |RISCV_Processor|regFile:RF|reg_N:reg13|dffg:\G_NBit_Reg:2:RegI                                                           ; dffg            ; work         ;
;          |dffg:\G_NBit_Reg:30:RegI|              ; 0 (0)               ; 1 (1)                     ; 0           ; 0            ; 0       ; 0         ; 0    ; 0            ; |RISCV_Processor|regFile:RF|reg_N:reg13|dffg:\G_NBit_Reg:30:RegI                                                          ; dffg            ; work         ;
;          |dffg:\G_NBit_Reg:31:RegI|              ; 0 (0)               ; 1 (1)                     ; 0           ; 0            ; 0       ; 0         ; 0    ; 0            ; |RISCV_Processor|regFile:RF|reg_N:reg13|dffg:\G_NBit_Reg:31:RegI                                                          ; dffg            ; work         ;
;          |dffg:\G_NBit_Reg:3:RegI|               ; 0 (0)               ; 1 (1)                     ; 0           ; 0            ; 0       ; 0         ; 0    ; 0            ; |RISCV_Processor|regFile:RF|reg_N:reg13|dffg:\G_NBit_Reg:3:RegI                                                           ; dffg            ; work         ;
;          |dffg:\G_NBit_Reg:4:RegI|               ; 0 (0)               ; 1 (1)                     ; 0           ; 0            ; 0       ; 0         ; 0    ; 0            ; |RISCV_Processor|regFile:RF|reg_N:reg13|dffg:\G_NBit_Reg:4:RegI                                                           ; dffg            ; work         ;
;          |dffg:\G_NBit_Reg:5:RegI|               ; 0 (0)               ; 1 (1)                     ; 0           ; 0            ; 0       ; 0         ; 0    ; 0            ; |RISCV_Processor|regFile:RF|reg_N:reg13|dffg:\G_NBit_Reg:5:RegI                                                           ; dffg            ; work         ;
;          |dffg:\G_NBit_Reg:6:RegI|               ; 0 (0)               ; 1 (1)                     ; 0           ; 0            ; 0       ; 0         ; 0    ; 0            ; |RISCV_Processor|regFile:RF|reg_N:reg13|dffg:\G_NBit_Reg:6:RegI                                                           ; dffg            ; work         ;
;          |dffg:\G_NBit_Reg:7:RegI|               ; 0 (0)               ; 1 (1)                     ; 0           ; 0            ; 0       ; 0         ; 0    ; 0            ; |RISCV_Processor|regFile:RF|reg_N:reg13|dffg:\G_NBit_Reg:7:RegI                                                           ; dffg            ; work         ;
;          |dffg:\G_NBit_Reg:8:RegI|               ; 0 (0)               ; 1 (1)                     ; 0           ; 0            ; 0       ; 0         ; 0    ; 0            ; |RISCV_Processor|regFile:RF|reg_N:reg13|dffg:\G_NBit_Reg:8:RegI                                                           ; dffg            ; work         ;
;          |dffg:\G_NBit_Reg:9:RegI|               ; 0 (0)               ; 1 (1)                     ; 0           ; 0            ; 0       ; 0         ; 0    ; 0            ; |RISCV_Processor|regFile:RF|reg_N:reg13|dffg:\G_NBit_Reg:9:RegI                                                           ; dffg            ; work         ;
;       |reg_N:reg14|                              ; 0 (0)               ; 32 (0)                    ; 0           ; 0            ; 0       ; 0         ; 0    ; 0            ; |RISCV_Processor|regFile:RF|reg_N:reg14                                                                                   ; reg_N           ; work         ;
;          |dffg:\G_NBit_Reg:0:RegI|               ; 0 (0)               ; 1 (1)                     ; 0           ; 0            ; 0       ; 0         ; 0    ; 0            ; |RISCV_Processor|regFile:RF|reg_N:reg14|dffg:\G_NBit_Reg:0:RegI                                                           ; dffg            ; work         ;
;          |dffg:\G_NBit_Reg:10:RegI|              ; 0 (0)               ; 1 (1)                     ; 0           ; 0            ; 0       ; 0         ; 0    ; 0            ; |RISCV_Processor|regFile:RF|reg_N:reg14|dffg:\G_NBit_Reg:10:RegI                                                          ; dffg            ; work         ;
;          |dffg:\G_NBit_Reg:11:RegI|              ; 0 (0)               ; 1 (1)                     ; 0           ; 0            ; 0       ; 0         ; 0    ; 0            ; |RISCV_Processor|regFile:RF|reg_N:reg14|dffg:\G_NBit_Reg:11:RegI                                                          ; dffg            ; work         ;
;          |dffg:\G_NBit_Reg:12:RegI|              ; 0 (0)               ; 1 (1)                     ; 0           ; 0            ; 0       ; 0         ; 0    ; 0            ; |RISCV_Processor|regFile:RF|reg_N:reg14|dffg:\G_NBit_Reg:12:RegI                                                          ; dffg            ; work         ;
;          |dffg:\G_NBit_Reg:13:RegI|              ; 0 (0)               ; 1 (1)                     ; 0           ; 0            ; 0       ; 0         ; 0    ; 0            ; |RISCV_Processor|regFile:RF|reg_N:reg14|dffg:\G_NBit_Reg:13:RegI                                                          ; dffg            ; work         ;
;          |dffg:\G_NBit_Reg:14:RegI|              ; 0 (0)               ; 1 (1)                     ; 0           ; 0            ; 0       ; 0         ; 0    ; 0            ; |RISCV_Processor|regFile:RF|reg_N:reg14|dffg:\G_NBit_Reg:14:RegI                                                          ; dffg            ; work         ;
;          |dffg:\G_NBit_Reg:15:RegI|              ; 0 (0)               ; 1 (1)                     ; 0           ; 0            ; 0       ; 0         ; 0    ; 0            ; |RISCV_Processor|regFile:RF|reg_N:reg14|dffg:\G_NBit_Reg:15:RegI                                                          ; dffg            ; work         ;
;          |dffg:\G_NBit_Reg:16:RegI|              ; 0 (0)               ; 1 (1)                     ; 0           ; 0            ; 0       ; 0         ; 0    ; 0            ; |RISCV_Processor|regFile:RF|reg_N:reg14|dffg:\G_NBit_Reg:16:RegI                                                          ; dffg            ; work         ;
;          |dffg:\G_NBit_Reg:17:RegI|              ; 0 (0)               ; 1 (1)                     ; 0           ; 0            ; 0       ; 0         ; 0    ; 0            ; |RISCV_Processor|regFile:RF|reg_N:reg14|dffg:\G_NBit_Reg:17:RegI                                                          ; dffg            ; work         ;
;          |dffg:\G_NBit_Reg:18:RegI|              ; 0 (0)               ; 1 (1)                     ; 0           ; 0            ; 0       ; 0         ; 0    ; 0            ; |RISCV_Processor|regFile:RF|reg_N:reg14|dffg:\G_NBit_Reg:18:RegI                                                          ; dffg            ; work         ;
;          |dffg:\G_NBit_Reg:19:RegI|              ; 0 (0)               ; 1 (1)                     ; 0           ; 0            ; 0       ; 0         ; 0    ; 0            ; |RISCV_Processor|regFile:RF|reg_N:reg14|dffg:\G_NBit_Reg:19:RegI                                                          ; dffg            ; work         ;
;          |dffg:\G_NBit_Reg:1:RegI|               ; 0 (0)               ; 1 (1)                     ; 0           ; 0            ; 0       ; 0         ; 0    ; 0            ; |RISCV_Processor|regFile:RF|reg_N:reg14|dffg:\G_NBit_Reg:1:RegI                                                           ; dffg            ; work         ;
;          |dffg:\G_NBit_Reg:20:RegI|              ; 0 (0)               ; 1 (1)                     ; 0           ; 0            ; 0       ; 0         ; 0    ; 0            ; |RISCV_Processor|regFile:RF|reg_N:reg14|dffg:\G_NBit_Reg:20:RegI                                                          ; dffg            ; work         ;
;          |dffg:\G_NBit_Reg:21:RegI|              ; 0 (0)               ; 1 (1)                     ; 0           ; 0            ; 0       ; 0         ; 0    ; 0            ; |RISCV_Processor|regFile:RF|reg_N:reg14|dffg:\G_NBit_Reg:21:RegI                                                          ; dffg            ; work         ;
;          |dffg:\G_NBit_Reg:22:RegI|              ; 0 (0)               ; 1 (1)                     ; 0           ; 0            ; 0       ; 0         ; 0    ; 0            ; |RISCV_Processor|regFile:RF|reg_N:reg14|dffg:\G_NBit_Reg:22:RegI                                                          ; dffg            ; work         ;
;          |dffg:\G_NBit_Reg:23:RegI|              ; 0 (0)               ; 1 (1)                     ; 0           ; 0            ; 0       ; 0         ; 0    ; 0            ; |RISCV_Processor|regFile:RF|reg_N:reg14|dffg:\G_NBit_Reg:23:RegI                                                          ; dffg            ; work         ;
;          |dffg:\G_NBit_Reg:24:RegI|              ; 0 (0)               ; 1 (1)                     ; 0           ; 0            ; 0       ; 0         ; 0    ; 0            ; |RISCV_Processor|regFile:RF|reg_N:reg14|dffg:\G_NBit_Reg:24:RegI                                                          ; dffg            ; work         ;
;          |dffg:\G_NBit_Reg:25:RegI|              ; 0 (0)               ; 1 (1)                     ; 0           ; 0            ; 0       ; 0         ; 0    ; 0            ; |RISCV_Processor|regFile:RF|reg_N:reg14|dffg:\G_NBit_Reg:25:RegI                                                          ; dffg            ; work         ;
;          |dffg:\G_NBit_Reg:26:RegI|              ; 0 (0)               ; 1 (1)                     ; 0           ; 0            ; 0       ; 0         ; 0    ; 0            ; |RISCV_Processor|regFile:RF|reg_N:reg14|dffg:\G_NBit_Reg:26:RegI                                                          ; dffg            ; work         ;
;          |dffg:\G_NBit_Reg:27:RegI|              ; 0 (0)               ; 1 (1)                     ; 0           ; 0            ; 0       ; 0         ; 0    ; 0            ; |RISCV_Processor|regFile:RF|reg_N:reg14|dffg:\G_NBit_Reg:27:RegI                                                          ; dffg            ; work         ;
;          |dffg:\G_NBit_Reg:28:RegI|              ; 0 (0)               ; 1 (1)                     ; 0           ; 0            ; 0       ; 0         ; 0    ; 0            ; |RISCV_Processor|regFile:RF|reg_N:reg14|dffg:\G_NBit_Reg:28:RegI                                                          ; dffg            ; work         ;
;          |dffg:\G_NBit_Reg:29:RegI|              ; 0 (0)               ; 1 (1)                     ; 0           ; 0            ; 0       ; 0         ; 0    ; 0            ; |RISCV_Processor|regFile:RF|reg_N:reg14|dffg:\G_NBit_Reg:29:RegI                                                          ; dffg            ; work         ;
;          |dffg:\G_NBit_Reg:2:RegI|               ; 0 (0)               ; 1 (1)                     ; 0           ; 0            ; 0       ; 0         ; 0    ; 0            ; |RISCV_Processor|regFile:RF|reg_N:reg14|dffg:\G_NBit_Reg:2:RegI                                                           ; dffg            ; work         ;
;          |dffg:\G_NBit_Reg:30:RegI|              ; 0 (0)               ; 1 (1)                     ; 0           ; 0            ; 0       ; 0         ; 0    ; 0            ; |RISCV_Processor|regFile:RF|reg_N:reg14|dffg:\G_NBit_Reg:30:RegI                                                          ; dffg            ; work         ;
;          |dffg:\G_NBit_Reg:31:RegI|              ; 0 (0)               ; 1 (1)                     ; 0           ; 0            ; 0       ; 0         ; 0    ; 0            ; |RISCV_Processor|regFile:RF|reg_N:reg14|dffg:\G_NBit_Reg:31:RegI                                                          ; dffg            ; work         ;
;          |dffg:\G_NBit_Reg:3:RegI|               ; 0 (0)               ; 1 (1)                     ; 0           ; 0            ; 0       ; 0         ; 0    ; 0            ; |RISCV_Processor|regFile:RF|reg_N:reg14|dffg:\G_NBit_Reg:3:RegI                                                           ; dffg            ; work         ;
;          |dffg:\G_NBit_Reg:4:RegI|               ; 0 (0)               ; 1 (1)                     ; 0           ; 0            ; 0       ; 0         ; 0    ; 0            ; |RISCV_Processor|regFile:RF|reg_N:reg14|dffg:\G_NBit_Reg:4:RegI                                                           ; dffg            ; work         ;
;          |dffg:\G_NBit_Reg:5:RegI|               ; 0 (0)               ; 1 (1)                     ; 0           ; 0            ; 0       ; 0         ; 0    ; 0            ; |RISCV_Processor|regFile:RF|reg_N:reg14|dffg:\G_NBit_Reg:5:RegI                                                           ; dffg            ; work         ;
;          |dffg:\G_NBit_Reg:6:RegI|               ; 0 (0)               ; 1 (1)                     ; 0           ; 0            ; 0       ; 0         ; 0    ; 0            ; |RISCV_Processor|regFile:RF|reg_N:reg14|dffg:\G_NBit_Reg:6:RegI                                                           ; dffg            ; work         ;
;          |dffg:\G_NBit_Reg:7:RegI|               ; 0 (0)               ; 1 (1)                     ; 0           ; 0            ; 0       ; 0         ; 0    ; 0            ; |RISCV_Processor|regFile:RF|reg_N:reg14|dffg:\G_NBit_Reg:7:RegI                                                           ; dffg            ; work         ;
;          |dffg:\G_NBit_Reg:8:RegI|               ; 0 (0)               ; 1 (1)                     ; 0           ; 0            ; 0       ; 0         ; 0    ; 0            ; |RISCV_Processor|regFile:RF|reg_N:reg14|dffg:\G_NBit_Reg:8:RegI                                                           ; dffg            ; work         ;
;          |dffg:\G_NBit_Reg:9:RegI|               ; 0 (0)               ; 1 (1)                     ; 0           ; 0            ; 0       ; 0         ; 0    ; 0            ; |RISCV_Processor|regFile:RF|reg_N:reg14|dffg:\G_NBit_Reg:9:RegI                                                           ; dffg            ; work         ;
;       |reg_N:reg15|                              ; 0 (0)               ; 32 (0)                    ; 0           ; 0            ; 0       ; 0         ; 0    ; 0            ; |RISCV_Processor|regFile:RF|reg_N:reg15                                                                                   ; reg_N           ; work         ;
;          |dffg:\G_NBit_Reg:0:RegI|               ; 0 (0)               ; 1 (1)                     ; 0           ; 0            ; 0       ; 0         ; 0    ; 0            ; |RISCV_Processor|regFile:RF|reg_N:reg15|dffg:\G_NBit_Reg:0:RegI                                                           ; dffg            ; work         ;
;          |dffg:\G_NBit_Reg:10:RegI|              ; 0 (0)               ; 1 (1)                     ; 0           ; 0            ; 0       ; 0         ; 0    ; 0            ; |RISCV_Processor|regFile:RF|reg_N:reg15|dffg:\G_NBit_Reg:10:RegI                                                          ; dffg            ; work         ;
;          |dffg:\G_NBit_Reg:11:RegI|              ; 0 (0)               ; 1 (1)                     ; 0           ; 0            ; 0       ; 0         ; 0    ; 0            ; |RISCV_Processor|regFile:RF|reg_N:reg15|dffg:\G_NBit_Reg:11:RegI                                                          ; dffg            ; work         ;
;          |dffg:\G_NBit_Reg:12:RegI|              ; 0 (0)               ; 1 (1)                     ; 0           ; 0            ; 0       ; 0         ; 0    ; 0            ; |RISCV_Processor|regFile:RF|reg_N:reg15|dffg:\G_NBit_Reg:12:RegI                                                          ; dffg            ; work         ;
;          |dffg:\G_NBit_Reg:13:RegI|              ; 0 (0)               ; 1 (1)                     ; 0           ; 0            ; 0       ; 0         ; 0    ; 0            ; |RISCV_Processor|regFile:RF|reg_N:reg15|dffg:\G_NBit_Reg:13:RegI                                                          ; dffg            ; work         ;
;          |dffg:\G_NBit_Reg:14:RegI|              ; 0 (0)               ; 1 (1)                     ; 0           ; 0            ; 0       ; 0         ; 0    ; 0            ; |RISCV_Processor|regFile:RF|reg_N:reg15|dffg:\G_NBit_Reg:14:RegI                                                          ; dffg            ; work         ;
;          |dffg:\G_NBit_Reg:15:RegI|              ; 0 (0)               ; 1 (1)                     ; 0           ; 0            ; 0       ; 0         ; 0    ; 0            ; |RISCV_Processor|regFile:RF|reg_N:reg15|dffg:\G_NBit_Reg:15:RegI                                                          ; dffg            ; work         ;
;          |dffg:\G_NBit_Reg:16:RegI|              ; 0 (0)               ; 1 (1)                     ; 0           ; 0            ; 0       ; 0         ; 0    ; 0            ; |RISCV_Processor|regFile:RF|reg_N:reg15|dffg:\G_NBit_Reg:16:RegI                                                          ; dffg            ; work         ;
;          |dffg:\G_NBit_Reg:17:RegI|              ; 0 (0)               ; 1 (1)                     ; 0           ; 0            ; 0       ; 0         ; 0    ; 0            ; |RISCV_Processor|regFile:RF|reg_N:reg15|dffg:\G_NBit_Reg:17:RegI                                                          ; dffg            ; work         ;
;          |dffg:\G_NBit_Reg:18:RegI|              ; 0 (0)               ; 1 (1)                     ; 0           ; 0            ; 0       ; 0         ; 0    ; 0            ; |RISCV_Processor|regFile:RF|reg_N:reg15|dffg:\G_NBit_Reg:18:RegI                                                          ; dffg            ; work         ;
;          |dffg:\G_NBit_Reg:19:RegI|              ; 0 (0)               ; 1 (1)                     ; 0           ; 0            ; 0       ; 0         ; 0    ; 0            ; |RISCV_Processor|regFile:RF|reg_N:reg15|dffg:\G_NBit_Reg:19:RegI                                                          ; dffg            ; work         ;
;          |dffg:\G_NBit_Reg:1:RegI|               ; 0 (0)               ; 1 (1)                     ; 0           ; 0            ; 0       ; 0         ; 0    ; 0            ; |RISCV_Processor|regFile:RF|reg_N:reg15|dffg:\G_NBit_Reg:1:RegI                                                           ; dffg            ; work         ;
;          |dffg:\G_NBit_Reg:20:RegI|              ; 0 (0)               ; 1 (1)                     ; 0           ; 0            ; 0       ; 0         ; 0    ; 0            ; |RISCV_Processor|regFile:RF|reg_N:reg15|dffg:\G_NBit_Reg:20:RegI                                                          ; dffg            ; work         ;
;          |dffg:\G_NBit_Reg:21:RegI|              ; 0 (0)               ; 1 (1)                     ; 0           ; 0            ; 0       ; 0         ; 0    ; 0            ; |RISCV_Processor|regFile:RF|reg_N:reg15|dffg:\G_NBit_Reg:21:RegI                                                          ; dffg            ; work         ;
;          |dffg:\G_NBit_Reg:22:RegI|              ; 0 (0)               ; 1 (1)                     ; 0           ; 0            ; 0       ; 0         ; 0    ; 0            ; |RISCV_Processor|regFile:RF|reg_N:reg15|dffg:\G_NBit_Reg:22:RegI                                                          ; dffg            ; work         ;
;          |dffg:\G_NBit_Reg:23:RegI|              ; 0 (0)               ; 1 (1)                     ; 0           ; 0            ; 0       ; 0         ; 0    ; 0            ; |RISCV_Processor|regFile:RF|reg_N:reg15|dffg:\G_NBit_Reg:23:RegI                                                          ; dffg            ; work         ;
;          |dffg:\G_NBit_Reg:24:RegI|              ; 0 (0)               ; 1 (1)                     ; 0           ; 0            ; 0       ; 0         ; 0    ; 0            ; |RISCV_Processor|regFile:RF|reg_N:reg15|dffg:\G_NBit_Reg:24:RegI                                                          ; dffg            ; work         ;
;          |dffg:\G_NBit_Reg:25:RegI|              ; 0 (0)               ; 1 (1)                     ; 0           ; 0            ; 0       ; 0         ; 0    ; 0            ; |RISCV_Processor|regFile:RF|reg_N:reg15|dffg:\G_NBit_Reg:25:RegI                                                          ; dffg            ; work         ;
;          |dffg:\G_NBit_Reg:26:RegI|              ; 0 (0)               ; 1 (1)                     ; 0           ; 0            ; 0       ; 0         ; 0    ; 0            ; |RISCV_Processor|regFile:RF|reg_N:reg15|dffg:\G_NBit_Reg:26:RegI                                                          ; dffg            ; work         ;
;          |dffg:\G_NBit_Reg:27:RegI|              ; 0 (0)               ; 1 (1)                     ; 0           ; 0            ; 0       ; 0         ; 0    ; 0            ; |RISCV_Processor|regFile:RF|reg_N:reg15|dffg:\G_NBit_Reg:27:RegI                                                          ; dffg            ; work         ;
;          |dffg:\G_NBit_Reg:28:RegI|              ; 0 (0)               ; 1 (1)                     ; 0           ; 0            ; 0       ; 0         ; 0    ; 0            ; |RISCV_Processor|regFile:RF|reg_N:reg15|dffg:\G_NBit_Reg:28:RegI                                                          ; dffg            ; work         ;
;          |dffg:\G_NBit_Reg:29:RegI|              ; 0 (0)               ; 1 (1)                     ; 0           ; 0            ; 0       ; 0         ; 0    ; 0            ; |RISCV_Processor|regFile:RF|reg_N:reg15|dffg:\G_NBit_Reg:29:RegI                                                          ; dffg            ; work         ;
;          |dffg:\G_NBit_Reg:2:RegI|               ; 0 (0)               ; 1 (1)                     ; 0           ; 0            ; 0       ; 0         ; 0    ; 0            ; |RISCV_Processor|regFile:RF|reg_N:reg15|dffg:\G_NBit_Reg:2:RegI                                                           ; dffg            ; work         ;
;          |dffg:\G_NBit_Reg:30:RegI|              ; 0 (0)               ; 1 (1)                     ; 0           ; 0            ; 0       ; 0         ; 0    ; 0            ; |RISCV_Processor|regFile:RF|reg_N:reg15|dffg:\G_NBit_Reg:30:RegI                                                          ; dffg            ; work         ;
;          |dffg:\G_NBit_Reg:31:RegI|              ; 0 (0)               ; 1 (1)                     ; 0           ; 0            ; 0       ; 0         ; 0    ; 0            ; |RISCV_Processor|regFile:RF|reg_N:reg15|dffg:\G_NBit_Reg:31:RegI                                                          ; dffg            ; work         ;
;          |dffg:\G_NBit_Reg:3:RegI|               ; 0 (0)               ; 1 (1)                     ; 0           ; 0            ; 0       ; 0         ; 0    ; 0            ; |RISCV_Processor|regFile:RF|reg_N:reg15|dffg:\G_NBit_Reg:3:RegI                                                           ; dffg            ; work         ;
;          |dffg:\G_NBit_Reg:4:RegI|               ; 0 (0)               ; 1 (1)                     ; 0           ; 0            ; 0       ; 0         ; 0    ; 0            ; |RISCV_Processor|regFile:RF|reg_N:reg15|dffg:\G_NBit_Reg:4:RegI                                                           ; dffg            ; work         ;
;          |dffg:\G_NBit_Reg:5:RegI|               ; 0 (0)               ; 1 (1)                     ; 0           ; 0            ; 0       ; 0         ; 0    ; 0            ; |RISCV_Processor|regFile:RF|reg_N:reg15|dffg:\G_NBit_Reg:5:RegI                                                           ; dffg            ; work         ;
;          |dffg:\G_NBit_Reg:6:RegI|               ; 0 (0)               ; 1 (1)                     ; 0           ; 0            ; 0       ; 0         ; 0    ; 0            ; |RISCV_Processor|regFile:RF|reg_N:reg15|dffg:\G_NBit_Reg:6:RegI                                                           ; dffg            ; work         ;
;          |dffg:\G_NBit_Reg:7:RegI|               ; 0 (0)               ; 1 (1)                     ; 0           ; 0            ; 0       ; 0         ; 0    ; 0            ; |RISCV_Processor|regFile:RF|reg_N:reg15|dffg:\G_NBit_Reg:7:RegI                                                           ; dffg            ; work         ;
;          |dffg:\G_NBit_Reg:8:RegI|               ; 0 (0)               ; 1 (1)                     ; 0           ; 0            ; 0       ; 0         ; 0    ; 0            ; |RISCV_Processor|regFile:RF|reg_N:reg15|dffg:\G_NBit_Reg:8:RegI                                                           ; dffg            ; work         ;
;          |dffg:\G_NBit_Reg:9:RegI|               ; 0 (0)               ; 1 (1)                     ; 0           ; 0            ; 0       ; 0         ; 0    ; 0            ; |RISCV_Processor|regFile:RF|reg_N:reg15|dffg:\G_NBit_Reg:9:RegI                                                           ; dffg            ; work         ;
;       |reg_N:reg16|                              ; 0 (0)               ; 32 (0)                    ; 0           ; 0            ; 0       ; 0         ; 0    ; 0            ; |RISCV_Processor|regFile:RF|reg_N:reg16                                                                                   ; reg_N           ; work         ;
;          |dffg:\G_NBit_Reg:0:RegI|               ; 0 (0)               ; 1 (1)                     ; 0           ; 0            ; 0       ; 0         ; 0    ; 0            ; |RISCV_Processor|regFile:RF|reg_N:reg16|dffg:\G_NBit_Reg:0:RegI                                                           ; dffg            ; work         ;
;          |dffg:\G_NBit_Reg:10:RegI|              ; 0 (0)               ; 1 (1)                     ; 0           ; 0            ; 0       ; 0         ; 0    ; 0            ; |RISCV_Processor|regFile:RF|reg_N:reg16|dffg:\G_NBit_Reg:10:RegI                                                          ; dffg            ; work         ;
;          |dffg:\G_NBit_Reg:11:RegI|              ; 0 (0)               ; 1 (1)                     ; 0           ; 0            ; 0       ; 0         ; 0    ; 0            ; |RISCV_Processor|regFile:RF|reg_N:reg16|dffg:\G_NBit_Reg:11:RegI                                                          ; dffg            ; work         ;
;          |dffg:\G_NBit_Reg:12:RegI|              ; 0 (0)               ; 1 (1)                     ; 0           ; 0            ; 0       ; 0         ; 0    ; 0            ; |RISCV_Processor|regFile:RF|reg_N:reg16|dffg:\G_NBit_Reg:12:RegI                                                          ; dffg            ; work         ;
;          |dffg:\G_NBit_Reg:13:RegI|              ; 0 (0)               ; 1 (1)                     ; 0           ; 0            ; 0       ; 0         ; 0    ; 0            ; |RISCV_Processor|regFile:RF|reg_N:reg16|dffg:\G_NBit_Reg:13:RegI                                                          ; dffg            ; work         ;
;          |dffg:\G_NBit_Reg:14:RegI|              ; 0 (0)               ; 1 (1)                     ; 0           ; 0            ; 0       ; 0         ; 0    ; 0            ; |RISCV_Processor|regFile:RF|reg_N:reg16|dffg:\G_NBit_Reg:14:RegI                                                          ; dffg            ; work         ;
;          |dffg:\G_NBit_Reg:15:RegI|              ; 0 (0)               ; 1 (1)                     ; 0           ; 0            ; 0       ; 0         ; 0    ; 0            ; |RISCV_Processor|regFile:RF|reg_N:reg16|dffg:\G_NBit_Reg:15:RegI                                                          ; dffg            ; work         ;
;          |dffg:\G_NBit_Reg:16:RegI|              ; 0 (0)               ; 1 (1)                     ; 0           ; 0            ; 0       ; 0         ; 0    ; 0            ; |RISCV_Processor|regFile:RF|reg_N:reg16|dffg:\G_NBit_Reg:16:RegI                                                          ; dffg            ; work         ;
;          |dffg:\G_NBit_Reg:17:RegI|              ; 0 (0)               ; 1 (1)                     ; 0           ; 0            ; 0       ; 0         ; 0    ; 0            ; |RISCV_Processor|regFile:RF|reg_N:reg16|dffg:\G_NBit_Reg:17:RegI                                                          ; dffg            ; work         ;
;          |dffg:\G_NBit_Reg:18:RegI|              ; 0 (0)               ; 1 (1)                     ; 0           ; 0            ; 0       ; 0         ; 0    ; 0            ; |RISCV_Processor|regFile:RF|reg_N:reg16|dffg:\G_NBit_Reg:18:RegI                                                          ; dffg            ; work         ;
;          |dffg:\G_NBit_Reg:19:RegI|              ; 0 (0)               ; 1 (1)                     ; 0           ; 0            ; 0       ; 0         ; 0    ; 0            ; |RISCV_Processor|regFile:RF|reg_N:reg16|dffg:\G_NBit_Reg:19:RegI                                                          ; dffg            ; work         ;
;          |dffg:\G_NBit_Reg:1:RegI|               ; 0 (0)               ; 1 (1)                     ; 0           ; 0            ; 0       ; 0         ; 0    ; 0            ; |RISCV_Processor|regFile:RF|reg_N:reg16|dffg:\G_NBit_Reg:1:RegI                                                           ; dffg            ; work         ;
;          |dffg:\G_NBit_Reg:20:RegI|              ; 0 (0)               ; 1 (1)                     ; 0           ; 0            ; 0       ; 0         ; 0    ; 0            ; |RISCV_Processor|regFile:RF|reg_N:reg16|dffg:\G_NBit_Reg:20:RegI                                                          ; dffg            ; work         ;
;          |dffg:\G_NBit_Reg:21:RegI|              ; 0 (0)               ; 1 (1)                     ; 0           ; 0            ; 0       ; 0         ; 0    ; 0            ; |RISCV_Processor|regFile:RF|reg_N:reg16|dffg:\G_NBit_Reg:21:RegI                                                          ; dffg            ; work         ;
;          |dffg:\G_NBit_Reg:22:RegI|              ; 0 (0)               ; 1 (1)                     ; 0           ; 0            ; 0       ; 0         ; 0    ; 0            ; |RISCV_Processor|regFile:RF|reg_N:reg16|dffg:\G_NBit_Reg:22:RegI                                                          ; dffg            ; work         ;
;          |dffg:\G_NBit_Reg:23:RegI|              ; 0 (0)               ; 1 (1)                     ; 0           ; 0            ; 0       ; 0         ; 0    ; 0            ; |RISCV_Processor|regFile:RF|reg_N:reg16|dffg:\G_NBit_Reg:23:RegI                                                          ; dffg            ; work         ;
;          |dffg:\G_NBit_Reg:24:RegI|              ; 0 (0)               ; 1 (1)                     ; 0           ; 0            ; 0       ; 0         ; 0    ; 0            ; |RISCV_Processor|regFile:RF|reg_N:reg16|dffg:\G_NBit_Reg:24:RegI                                                          ; dffg            ; work         ;
;          |dffg:\G_NBit_Reg:25:RegI|              ; 0 (0)               ; 1 (1)                     ; 0           ; 0            ; 0       ; 0         ; 0    ; 0            ; |RISCV_Processor|regFile:RF|reg_N:reg16|dffg:\G_NBit_Reg:25:RegI                                                          ; dffg            ; work         ;
;          |dffg:\G_NBit_Reg:26:RegI|              ; 0 (0)               ; 1 (1)                     ; 0           ; 0            ; 0       ; 0         ; 0    ; 0            ; |RISCV_Processor|regFile:RF|reg_N:reg16|dffg:\G_NBit_Reg:26:RegI                                                          ; dffg            ; work         ;
;          |dffg:\G_NBit_Reg:27:RegI|              ; 0 (0)               ; 1 (1)                     ; 0           ; 0            ; 0       ; 0         ; 0    ; 0            ; |RISCV_Processor|regFile:RF|reg_N:reg16|dffg:\G_NBit_Reg:27:RegI                                                          ; dffg            ; work         ;
;          |dffg:\G_NBit_Reg:28:RegI|              ; 0 (0)               ; 1 (1)                     ; 0           ; 0            ; 0       ; 0         ; 0    ; 0            ; |RISCV_Processor|regFile:RF|reg_N:reg16|dffg:\G_NBit_Reg:28:RegI                                                          ; dffg            ; work         ;
;          |dffg:\G_NBit_Reg:29:RegI|              ; 0 (0)               ; 1 (1)                     ; 0           ; 0            ; 0       ; 0         ; 0    ; 0            ; |RISCV_Processor|regFile:RF|reg_N:reg16|dffg:\G_NBit_Reg:29:RegI                                                          ; dffg            ; work         ;
;          |dffg:\G_NBit_Reg:2:RegI|               ; 0 (0)               ; 1 (1)                     ; 0           ; 0            ; 0       ; 0         ; 0    ; 0            ; |RISCV_Processor|regFile:RF|reg_N:reg16|dffg:\G_NBit_Reg:2:RegI                                                           ; dffg            ; work         ;
;          |dffg:\G_NBit_Reg:30:RegI|              ; 0 (0)               ; 1 (1)                     ; 0           ; 0            ; 0       ; 0         ; 0    ; 0            ; |RISCV_Processor|regFile:RF|reg_N:reg16|dffg:\G_NBit_Reg:30:RegI                                                          ; dffg            ; work         ;
;          |dffg:\G_NBit_Reg:31:RegI|              ; 0 (0)               ; 1 (1)                     ; 0           ; 0            ; 0       ; 0         ; 0    ; 0            ; |RISCV_Processor|regFile:RF|reg_N:reg16|dffg:\G_NBit_Reg:31:RegI                                                          ; dffg            ; work         ;
;          |dffg:\G_NBit_Reg:3:RegI|               ; 0 (0)               ; 1 (1)                     ; 0           ; 0            ; 0       ; 0         ; 0    ; 0            ; |RISCV_Processor|regFile:RF|reg_N:reg16|dffg:\G_NBit_Reg:3:RegI                                                           ; dffg            ; work         ;
;          |dffg:\G_NBit_Reg:4:RegI|               ; 0 (0)               ; 1 (1)                     ; 0           ; 0            ; 0       ; 0         ; 0    ; 0            ; |RISCV_Processor|regFile:RF|reg_N:reg16|dffg:\G_NBit_Reg:4:RegI                                                           ; dffg            ; work         ;
;          |dffg:\G_NBit_Reg:5:RegI|               ; 0 (0)               ; 1 (1)                     ; 0           ; 0            ; 0       ; 0         ; 0    ; 0            ; |RISCV_Processor|regFile:RF|reg_N:reg16|dffg:\G_NBit_Reg:5:RegI                                                           ; dffg            ; work         ;
;          |dffg:\G_NBit_Reg:6:RegI|               ; 0 (0)               ; 1 (1)                     ; 0           ; 0            ; 0       ; 0         ; 0    ; 0            ; |RISCV_Processor|regFile:RF|reg_N:reg16|dffg:\G_NBit_Reg:6:RegI                                                           ; dffg            ; work         ;
;          |dffg:\G_NBit_Reg:7:RegI|               ; 0 (0)               ; 1 (1)                     ; 0           ; 0            ; 0       ; 0         ; 0    ; 0            ; |RISCV_Processor|regFile:RF|reg_N:reg16|dffg:\G_NBit_Reg:7:RegI                                                           ; dffg            ; work         ;
;          |dffg:\G_NBit_Reg:8:RegI|               ; 0 (0)               ; 1 (1)                     ; 0           ; 0            ; 0       ; 0         ; 0    ; 0            ; |RISCV_Processor|regFile:RF|reg_N:reg16|dffg:\G_NBit_Reg:8:RegI                                                           ; dffg            ; work         ;
;          |dffg:\G_NBit_Reg:9:RegI|               ; 0 (0)               ; 1 (1)                     ; 0           ; 0            ; 0       ; 0         ; 0    ; 0            ; |RISCV_Processor|regFile:RF|reg_N:reg16|dffg:\G_NBit_Reg:9:RegI                                                           ; dffg            ; work         ;
;       |reg_N:reg17|                              ; 0 (0)               ; 32 (0)                    ; 0           ; 0            ; 0       ; 0         ; 0    ; 0            ; |RISCV_Processor|regFile:RF|reg_N:reg17                                                                                   ; reg_N           ; work         ;
;          |dffg:\G_NBit_Reg:0:RegI|               ; 0 (0)               ; 1 (1)                     ; 0           ; 0            ; 0       ; 0         ; 0    ; 0            ; |RISCV_Processor|regFile:RF|reg_N:reg17|dffg:\G_NBit_Reg:0:RegI                                                           ; dffg            ; work         ;
;          |dffg:\G_NBit_Reg:10:RegI|              ; 0 (0)               ; 1 (1)                     ; 0           ; 0            ; 0       ; 0         ; 0    ; 0            ; |RISCV_Processor|regFile:RF|reg_N:reg17|dffg:\G_NBit_Reg:10:RegI                                                          ; dffg            ; work         ;
;          |dffg:\G_NBit_Reg:11:RegI|              ; 0 (0)               ; 1 (1)                     ; 0           ; 0            ; 0       ; 0         ; 0    ; 0            ; |RISCV_Processor|regFile:RF|reg_N:reg17|dffg:\G_NBit_Reg:11:RegI                                                          ; dffg            ; work         ;
;          |dffg:\G_NBit_Reg:12:RegI|              ; 0 (0)               ; 1 (1)                     ; 0           ; 0            ; 0       ; 0         ; 0    ; 0            ; |RISCV_Processor|regFile:RF|reg_N:reg17|dffg:\G_NBit_Reg:12:RegI                                                          ; dffg            ; work         ;
;          |dffg:\G_NBit_Reg:13:RegI|              ; 0 (0)               ; 1 (1)                     ; 0           ; 0            ; 0       ; 0         ; 0    ; 0            ; |RISCV_Processor|regFile:RF|reg_N:reg17|dffg:\G_NBit_Reg:13:RegI                                                          ; dffg            ; work         ;
;          |dffg:\G_NBit_Reg:14:RegI|              ; 0 (0)               ; 1 (1)                     ; 0           ; 0            ; 0       ; 0         ; 0    ; 0            ; |RISCV_Processor|regFile:RF|reg_N:reg17|dffg:\G_NBit_Reg:14:RegI                                                          ; dffg            ; work         ;
;          |dffg:\G_NBit_Reg:15:RegI|              ; 0 (0)               ; 1 (1)                     ; 0           ; 0            ; 0       ; 0         ; 0    ; 0            ; |RISCV_Processor|regFile:RF|reg_N:reg17|dffg:\G_NBit_Reg:15:RegI                                                          ; dffg            ; work         ;
;          |dffg:\G_NBit_Reg:16:RegI|              ; 0 (0)               ; 1 (1)                     ; 0           ; 0            ; 0       ; 0         ; 0    ; 0            ; |RISCV_Processor|regFile:RF|reg_N:reg17|dffg:\G_NBit_Reg:16:RegI                                                          ; dffg            ; work         ;
;          |dffg:\G_NBit_Reg:17:RegI|              ; 0 (0)               ; 1 (1)                     ; 0           ; 0            ; 0       ; 0         ; 0    ; 0            ; |RISCV_Processor|regFile:RF|reg_N:reg17|dffg:\G_NBit_Reg:17:RegI                                                          ; dffg            ; work         ;
;          |dffg:\G_NBit_Reg:18:RegI|              ; 0 (0)               ; 1 (1)                     ; 0           ; 0            ; 0       ; 0         ; 0    ; 0            ; |RISCV_Processor|regFile:RF|reg_N:reg17|dffg:\G_NBit_Reg:18:RegI                                                          ; dffg            ; work         ;
;          |dffg:\G_NBit_Reg:19:RegI|              ; 0 (0)               ; 1 (1)                     ; 0           ; 0            ; 0       ; 0         ; 0    ; 0            ; |RISCV_Processor|regFile:RF|reg_N:reg17|dffg:\G_NBit_Reg:19:RegI                                                          ; dffg            ; work         ;
;          |dffg:\G_NBit_Reg:1:RegI|               ; 0 (0)               ; 1 (1)                     ; 0           ; 0            ; 0       ; 0         ; 0    ; 0            ; |RISCV_Processor|regFile:RF|reg_N:reg17|dffg:\G_NBit_Reg:1:RegI                                                           ; dffg            ; work         ;
;          |dffg:\G_NBit_Reg:20:RegI|              ; 0 (0)               ; 1 (1)                     ; 0           ; 0            ; 0       ; 0         ; 0    ; 0            ; |RISCV_Processor|regFile:RF|reg_N:reg17|dffg:\G_NBit_Reg:20:RegI                                                          ; dffg            ; work         ;
;          |dffg:\G_NBit_Reg:21:RegI|              ; 0 (0)               ; 1 (1)                     ; 0           ; 0            ; 0       ; 0         ; 0    ; 0            ; |RISCV_Processor|regFile:RF|reg_N:reg17|dffg:\G_NBit_Reg:21:RegI                                                          ; dffg            ; work         ;
;          |dffg:\G_NBit_Reg:22:RegI|              ; 0 (0)               ; 1 (1)                     ; 0           ; 0            ; 0       ; 0         ; 0    ; 0            ; |RISCV_Processor|regFile:RF|reg_N:reg17|dffg:\G_NBit_Reg:22:RegI                                                          ; dffg            ; work         ;
;          |dffg:\G_NBit_Reg:23:RegI|              ; 0 (0)               ; 1 (1)                     ; 0           ; 0            ; 0       ; 0         ; 0    ; 0            ; |RISCV_Processor|regFile:RF|reg_N:reg17|dffg:\G_NBit_Reg:23:RegI                                                          ; dffg            ; work         ;
;          |dffg:\G_NBit_Reg:24:RegI|              ; 0 (0)               ; 1 (1)                     ; 0           ; 0            ; 0       ; 0         ; 0    ; 0            ; |RISCV_Processor|regFile:RF|reg_N:reg17|dffg:\G_NBit_Reg:24:RegI                                                          ; dffg            ; work         ;
;          |dffg:\G_NBit_Reg:25:RegI|              ; 0 (0)               ; 1 (1)                     ; 0           ; 0            ; 0       ; 0         ; 0    ; 0            ; |RISCV_Processor|regFile:RF|reg_N:reg17|dffg:\G_NBit_Reg:25:RegI                                                          ; dffg            ; work         ;
;          |dffg:\G_NBit_Reg:26:RegI|              ; 0 (0)               ; 1 (1)                     ; 0           ; 0            ; 0       ; 0         ; 0    ; 0            ; |RISCV_Processor|regFile:RF|reg_N:reg17|dffg:\G_NBit_Reg:26:RegI                                                          ; dffg            ; work         ;
;          |dffg:\G_NBit_Reg:27:RegI|              ; 0 (0)               ; 1 (1)                     ; 0           ; 0            ; 0       ; 0         ; 0    ; 0            ; |RISCV_Processor|regFile:RF|reg_N:reg17|dffg:\G_NBit_Reg:27:RegI                                                          ; dffg            ; work         ;
;          |dffg:\G_NBit_Reg:28:RegI|              ; 0 (0)               ; 1 (1)                     ; 0           ; 0            ; 0       ; 0         ; 0    ; 0            ; |RISCV_Processor|regFile:RF|reg_N:reg17|dffg:\G_NBit_Reg:28:RegI                                                          ; dffg            ; work         ;
;          |dffg:\G_NBit_Reg:29:RegI|              ; 0 (0)               ; 1 (1)                     ; 0           ; 0            ; 0       ; 0         ; 0    ; 0            ; |RISCV_Processor|regFile:RF|reg_N:reg17|dffg:\G_NBit_Reg:29:RegI                                                          ; dffg            ; work         ;
;          |dffg:\G_NBit_Reg:2:RegI|               ; 0 (0)               ; 1 (1)                     ; 0           ; 0            ; 0       ; 0         ; 0    ; 0            ; |RISCV_Processor|regFile:RF|reg_N:reg17|dffg:\G_NBit_Reg:2:RegI                                                           ; dffg            ; work         ;
;          |dffg:\G_NBit_Reg:30:RegI|              ; 0 (0)               ; 1 (1)                     ; 0           ; 0            ; 0       ; 0         ; 0    ; 0            ; |RISCV_Processor|regFile:RF|reg_N:reg17|dffg:\G_NBit_Reg:30:RegI                                                          ; dffg            ; work         ;
;          |dffg:\G_NBit_Reg:31:RegI|              ; 0 (0)               ; 1 (1)                     ; 0           ; 0            ; 0       ; 0         ; 0    ; 0            ; |RISCV_Processor|regFile:RF|reg_N:reg17|dffg:\G_NBit_Reg:31:RegI                                                          ; dffg            ; work         ;
;          |dffg:\G_NBit_Reg:3:RegI|               ; 0 (0)               ; 1 (1)                     ; 0           ; 0            ; 0       ; 0         ; 0    ; 0            ; |RISCV_Processor|regFile:RF|reg_N:reg17|dffg:\G_NBit_Reg:3:RegI                                                           ; dffg            ; work         ;
;          |dffg:\G_NBit_Reg:4:RegI|               ; 0 (0)               ; 1 (1)                     ; 0           ; 0            ; 0       ; 0         ; 0    ; 0            ; |RISCV_Processor|regFile:RF|reg_N:reg17|dffg:\G_NBit_Reg:4:RegI                                                           ; dffg            ; work         ;
;          |dffg:\G_NBit_Reg:5:RegI|               ; 0 (0)               ; 1 (1)                     ; 0           ; 0            ; 0       ; 0         ; 0    ; 0            ; |RISCV_Processor|regFile:RF|reg_N:reg17|dffg:\G_NBit_Reg:5:RegI                                                           ; dffg            ; work         ;
;          |dffg:\G_NBit_Reg:6:RegI|               ; 0 (0)               ; 1 (1)                     ; 0           ; 0            ; 0       ; 0         ; 0    ; 0            ; |RISCV_Processor|regFile:RF|reg_N:reg17|dffg:\G_NBit_Reg:6:RegI                                                           ; dffg            ; work         ;
;          |dffg:\G_NBit_Reg:7:RegI|               ; 0 (0)               ; 1 (1)                     ; 0           ; 0            ; 0       ; 0         ; 0    ; 0            ; |RISCV_Processor|regFile:RF|reg_N:reg17|dffg:\G_NBit_Reg:7:RegI                                                           ; dffg            ; work         ;
;          |dffg:\G_NBit_Reg:8:RegI|               ; 0 (0)               ; 1 (1)                     ; 0           ; 0            ; 0       ; 0         ; 0    ; 0            ; |RISCV_Processor|regFile:RF|reg_N:reg17|dffg:\G_NBit_Reg:8:RegI                                                           ; dffg            ; work         ;
;          |dffg:\G_NBit_Reg:9:RegI|               ; 0 (0)               ; 1 (1)                     ; 0           ; 0            ; 0       ; 0         ; 0    ; 0            ; |RISCV_Processor|regFile:RF|reg_N:reg17|dffg:\G_NBit_Reg:9:RegI                                                           ; dffg            ; work         ;
;       |reg_N:reg18|                              ; 0 (0)               ; 32 (0)                    ; 0           ; 0            ; 0       ; 0         ; 0    ; 0            ; |RISCV_Processor|regFile:RF|reg_N:reg18                                                                                   ; reg_N           ; work         ;
;          |dffg:\G_NBit_Reg:0:RegI|               ; 0 (0)               ; 1 (1)                     ; 0           ; 0            ; 0       ; 0         ; 0    ; 0            ; |RISCV_Processor|regFile:RF|reg_N:reg18|dffg:\G_NBit_Reg:0:RegI                                                           ; dffg            ; work         ;
;          |dffg:\G_NBit_Reg:10:RegI|              ; 0 (0)               ; 1 (1)                     ; 0           ; 0            ; 0       ; 0         ; 0    ; 0            ; |RISCV_Processor|regFile:RF|reg_N:reg18|dffg:\G_NBit_Reg:10:RegI                                                          ; dffg            ; work         ;
;          |dffg:\G_NBit_Reg:11:RegI|              ; 0 (0)               ; 1 (1)                     ; 0           ; 0            ; 0       ; 0         ; 0    ; 0            ; |RISCV_Processor|regFile:RF|reg_N:reg18|dffg:\G_NBit_Reg:11:RegI                                                          ; dffg            ; work         ;
;          |dffg:\G_NBit_Reg:12:RegI|              ; 0 (0)               ; 1 (1)                     ; 0           ; 0            ; 0       ; 0         ; 0    ; 0            ; |RISCV_Processor|regFile:RF|reg_N:reg18|dffg:\G_NBit_Reg:12:RegI                                                          ; dffg            ; work         ;
;          |dffg:\G_NBit_Reg:13:RegI|              ; 0 (0)               ; 1 (1)                     ; 0           ; 0            ; 0       ; 0         ; 0    ; 0            ; |RISCV_Processor|regFile:RF|reg_N:reg18|dffg:\G_NBit_Reg:13:RegI                                                          ; dffg            ; work         ;
;          |dffg:\G_NBit_Reg:14:RegI|              ; 0 (0)               ; 1 (1)                     ; 0           ; 0            ; 0       ; 0         ; 0    ; 0            ; |RISCV_Processor|regFile:RF|reg_N:reg18|dffg:\G_NBit_Reg:14:RegI                                                          ; dffg            ; work         ;
;          |dffg:\G_NBit_Reg:15:RegI|              ; 0 (0)               ; 1 (1)                     ; 0           ; 0            ; 0       ; 0         ; 0    ; 0            ; |RISCV_Processor|regFile:RF|reg_N:reg18|dffg:\G_NBit_Reg:15:RegI                                                          ; dffg            ; work         ;
;          |dffg:\G_NBit_Reg:16:RegI|              ; 0 (0)               ; 1 (1)                     ; 0           ; 0            ; 0       ; 0         ; 0    ; 0            ; |RISCV_Processor|regFile:RF|reg_N:reg18|dffg:\G_NBit_Reg:16:RegI                                                          ; dffg            ; work         ;
;          |dffg:\G_NBit_Reg:17:RegI|              ; 0 (0)               ; 1 (1)                     ; 0           ; 0            ; 0       ; 0         ; 0    ; 0            ; |RISCV_Processor|regFile:RF|reg_N:reg18|dffg:\G_NBit_Reg:17:RegI                                                          ; dffg            ; work         ;
;          |dffg:\G_NBit_Reg:18:RegI|              ; 0 (0)               ; 1 (1)                     ; 0           ; 0            ; 0       ; 0         ; 0    ; 0            ; |RISCV_Processor|regFile:RF|reg_N:reg18|dffg:\G_NBit_Reg:18:RegI                                                          ; dffg            ; work         ;
;          |dffg:\G_NBit_Reg:19:RegI|              ; 0 (0)               ; 1 (1)                     ; 0           ; 0            ; 0       ; 0         ; 0    ; 0            ; |RISCV_Processor|regFile:RF|reg_N:reg18|dffg:\G_NBit_Reg:19:RegI                                                          ; dffg            ; work         ;
;          |dffg:\G_NBit_Reg:1:RegI|               ; 0 (0)               ; 1 (1)                     ; 0           ; 0            ; 0       ; 0         ; 0    ; 0            ; |RISCV_Processor|regFile:RF|reg_N:reg18|dffg:\G_NBit_Reg:1:RegI                                                           ; dffg            ; work         ;
;          |dffg:\G_NBit_Reg:20:RegI|              ; 0 (0)               ; 1 (1)                     ; 0           ; 0            ; 0       ; 0         ; 0    ; 0            ; |RISCV_Processor|regFile:RF|reg_N:reg18|dffg:\G_NBit_Reg:20:RegI                                                          ; dffg            ; work         ;
;          |dffg:\G_NBit_Reg:21:RegI|              ; 0 (0)               ; 1 (1)                     ; 0           ; 0            ; 0       ; 0         ; 0    ; 0            ; |RISCV_Processor|regFile:RF|reg_N:reg18|dffg:\G_NBit_Reg:21:RegI                                                          ; dffg            ; work         ;
;          |dffg:\G_NBit_Reg:22:RegI|              ; 0 (0)               ; 1 (1)                     ; 0           ; 0            ; 0       ; 0         ; 0    ; 0            ; |RISCV_Processor|regFile:RF|reg_N:reg18|dffg:\G_NBit_Reg:22:RegI                                                          ; dffg            ; work         ;
;          |dffg:\G_NBit_Reg:23:RegI|              ; 0 (0)               ; 1 (1)                     ; 0           ; 0            ; 0       ; 0         ; 0    ; 0            ; |RISCV_Processor|regFile:RF|reg_N:reg18|dffg:\G_NBit_Reg:23:RegI                                                          ; dffg            ; work         ;
;          |dffg:\G_NBit_Reg:24:RegI|              ; 0 (0)               ; 1 (1)                     ; 0           ; 0            ; 0       ; 0         ; 0    ; 0            ; |RISCV_Processor|regFile:RF|reg_N:reg18|dffg:\G_NBit_Reg:24:RegI                                                          ; dffg            ; work         ;
;          |dffg:\G_NBit_Reg:25:RegI|              ; 0 (0)               ; 1 (1)                     ; 0           ; 0            ; 0       ; 0         ; 0    ; 0            ; |RISCV_Processor|regFile:RF|reg_N:reg18|dffg:\G_NBit_Reg:25:RegI                                                          ; dffg            ; work         ;
;          |dffg:\G_NBit_Reg:26:RegI|              ; 0 (0)               ; 1 (1)                     ; 0           ; 0            ; 0       ; 0         ; 0    ; 0            ; |RISCV_Processor|regFile:RF|reg_N:reg18|dffg:\G_NBit_Reg:26:RegI                                                          ; dffg            ; work         ;
;          |dffg:\G_NBit_Reg:27:RegI|              ; 0 (0)               ; 1 (1)                     ; 0           ; 0            ; 0       ; 0         ; 0    ; 0            ; |RISCV_Processor|regFile:RF|reg_N:reg18|dffg:\G_NBit_Reg:27:RegI                                                          ; dffg            ; work         ;
;          |dffg:\G_NBit_Reg:28:RegI|              ; 0 (0)               ; 1 (1)                     ; 0           ; 0            ; 0       ; 0         ; 0    ; 0            ; |RISCV_Processor|regFile:RF|reg_N:reg18|dffg:\G_NBit_Reg:28:RegI                                                          ; dffg            ; work         ;
;          |dffg:\G_NBit_Reg:29:RegI|              ; 0 (0)               ; 1 (1)                     ; 0           ; 0            ; 0       ; 0         ; 0    ; 0            ; |RISCV_Processor|regFile:RF|reg_N:reg18|dffg:\G_NBit_Reg:29:RegI                                                          ; dffg            ; work         ;
;          |dffg:\G_NBit_Reg:2:RegI|               ; 0 (0)               ; 1 (1)                     ; 0           ; 0            ; 0       ; 0         ; 0    ; 0            ; |RISCV_Processor|regFile:RF|reg_N:reg18|dffg:\G_NBit_Reg:2:RegI                                                           ; dffg            ; work         ;
;          |dffg:\G_NBit_Reg:30:RegI|              ; 0 (0)               ; 1 (1)                     ; 0           ; 0            ; 0       ; 0         ; 0    ; 0            ; |RISCV_Processor|regFile:RF|reg_N:reg18|dffg:\G_NBit_Reg:30:RegI                                                          ; dffg            ; work         ;
;          |dffg:\G_NBit_Reg:31:RegI|              ; 0 (0)               ; 1 (1)                     ; 0           ; 0            ; 0       ; 0         ; 0    ; 0            ; |RISCV_Processor|regFile:RF|reg_N:reg18|dffg:\G_NBit_Reg:31:RegI                                                          ; dffg            ; work         ;
;          |dffg:\G_NBit_Reg:3:RegI|               ; 0 (0)               ; 1 (1)                     ; 0           ; 0            ; 0       ; 0         ; 0    ; 0            ; |RISCV_Processor|regFile:RF|reg_N:reg18|dffg:\G_NBit_Reg:3:RegI                                                           ; dffg            ; work         ;
;          |dffg:\G_NBit_Reg:4:RegI|               ; 0 (0)               ; 1 (1)                     ; 0           ; 0            ; 0       ; 0         ; 0    ; 0            ; |RISCV_Processor|regFile:RF|reg_N:reg18|dffg:\G_NBit_Reg:4:RegI                                                           ; dffg            ; work         ;
;          |dffg:\G_NBit_Reg:5:RegI|               ; 0 (0)               ; 1 (1)                     ; 0           ; 0            ; 0       ; 0         ; 0    ; 0            ; |RISCV_Processor|regFile:RF|reg_N:reg18|dffg:\G_NBit_Reg:5:RegI                                                           ; dffg            ; work         ;
;          |dffg:\G_NBit_Reg:6:RegI|               ; 0 (0)               ; 1 (1)                     ; 0           ; 0            ; 0       ; 0         ; 0    ; 0            ; |RISCV_Processor|regFile:RF|reg_N:reg18|dffg:\G_NBit_Reg:6:RegI                                                           ; dffg            ; work         ;
;          |dffg:\G_NBit_Reg:7:RegI|               ; 0 (0)               ; 1 (1)                     ; 0           ; 0            ; 0       ; 0         ; 0    ; 0            ; |RISCV_Processor|regFile:RF|reg_N:reg18|dffg:\G_NBit_Reg:7:RegI                                                           ; dffg            ; work         ;
;          |dffg:\G_NBit_Reg:8:RegI|               ; 0 (0)               ; 1 (1)                     ; 0           ; 0            ; 0       ; 0         ; 0    ; 0            ; |RISCV_Processor|regFile:RF|reg_N:reg18|dffg:\G_NBit_Reg:8:RegI                                                           ; dffg            ; work         ;
;          |dffg:\G_NBit_Reg:9:RegI|               ; 0 (0)               ; 1 (1)                     ; 0           ; 0            ; 0       ; 0         ; 0    ; 0            ; |RISCV_Processor|regFile:RF|reg_N:reg18|dffg:\G_NBit_Reg:9:RegI                                                           ; dffg            ; work         ;
;       |reg_N:reg19|                              ; 0 (0)               ; 32 (0)                    ; 0           ; 0            ; 0       ; 0         ; 0    ; 0            ; |RISCV_Processor|regFile:RF|reg_N:reg19                                                                                   ; reg_N           ; work         ;
;          |dffg:\G_NBit_Reg:0:RegI|               ; 0 (0)               ; 1 (1)                     ; 0           ; 0            ; 0       ; 0         ; 0    ; 0            ; |RISCV_Processor|regFile:RF|reg_N:reg19|dffg:\G_NBit_Reg:0:RegI                                                           ; dffg            ; work         ;
;          |dffg:\G_NBit_Reg:10:RegI|              ; 0 (0)               ; 1 (1)                     ; 0           ; 0            ; 0       ; 0         ; 0    ; 0            ; |RISCV_Processor|regFile:RF|reg_N:reg19|dffg:\G_NBit_Reg:10:RegI                                                          ; dffg            ; work         ;
;          |dffg:\G_NBit_Reg:11:RegI|              ; 0 (0)               ; 1 (1)                     ; 0           ; 0            ; 0       ; 0         ; 0    ; 0            ; |RISCV_Processor|regFile:RF|reg_N:reg19|dffg:\G_NBit_Reg:11:RegI                                                          ; dffg            ; work         ;
;          |dffg:\G_NBit_Reg:12:RegI|              ; 0 (0)               ; 1 (1)                     ; 0           ; 0            ; 0       ; 0         ; 0    ; 0            ; |RISCV_Processor|regFile:RF|reg_N:reg19|dffg:\G_NBit_Reg:12:RegI                                                          ; dffg            ; work         ;
;          |dffg:\G_NBit_Reg:13:RegI|              ; 0 (0)               ; 1 (1)                     ; 0           ; 0            ; 0       ; 0         ; 0    ; 0            ; |RISCV_Processor|regFile:RF|reg_N:reg19|dffg:\G_NBit_Reg:13:RegI                                                          ; dffg            ; work         ;
;          |dffg:\G_NBit_Reg:14:RegI|              ; 0 (0)               ; 1 (1)                     ; 0           ; 0            ; 0       ; 0         ; 0    ; 0            ; |RISCV_Processor|regFile:RF|reg_N:reg19|dffg:\G_NBit_Reg:14:RegI                                                          ; dffg            ; work         ;
;          |dffg:\G_NBit_Reg:15:RegI|              ; 0 (0)               ; 1 (1)                     ; 0           ; 0            ; 0       ; 0         ; 0    ; 0            ; |RISCV_Processor|regFile:RF|reg_N:reg19|dffg:\G_NBit_Reg:15:RegI                                                          ; dffg            ; work         ;
;          |dffg:\G_NBit_Reg:16:RegI|              ; 0 (0)               ; 1 (1)                     ; 0           ; 0            ; 0       ; 0         ; 0    ; 0            ; |RISCV_Processor|regFile:RF|reg_N:reg19|dffg:\G_NBit_Reg:16:RegI                                                          ; dffg            ; work         ;
;          |dffg:\G_NBit_Reg:17:RegI|              ; 0 (0)               ; 1 (1)                     ; 0           ; 0            ; 0       ; 0         ; 0    ; 0            ; |RISCV_Processor|regFile:RF|reg_N:reg19|dffg:\G_NBit_Reg:17:RegI                                                          ; dffg            ; work         ;
;          |dffg:\G_NBit_Reg:18:RegI|              ; 0 (0)               ; 1 (1)                     ; 0           ; 0            ; 0       ; 0         ; 0    ; 0            ; |RISCV_Processor|regFile:RF|reg_N:reg19|dffg:\G_NBit_Reg:18:RegI                                                          ; dffg            ; work         ;
;          |dffg:\G_NBit_Reg:19:RegI|              ; 0 (0)               ; 1 (1)                     ; 0           ; 0            ; 0       ; 0         ; 0    ; 0            ; |RISCV_Processor|regFile:RF|reg_N:reg19|dffg:\G_NBit_Reg:19:RegI                                                          ; dffg            ; work         ;
;          |dffg:\G_NBit_Reg:1:RegI|               ; 0 (0)               ; 1 (1)                     ; 0           ; 0            ; 0       ; 0         ; 0    ; 0            ; |RISCV_Processor|regFile:RF|reg_N:reg19|dffg:\G_NBit_Reg:1:RegI                                                           ; dffg            ; work         ;
;          |dffg:\G_NBit_Reg:20:RegI|              ; 0 (0)               ; 1 (1)                     ; 0           ; 0            ; 0       ; 0         ; 0    ; 0            ; |RISCV_Processor|regFile:RF|reg_N:reg19|dffg:\G_NBit_Reg:20:RegI                                                          ; dffg            ; work         ;
;          |dffg:\G_NBit_Reg:21:RegI|              ; 0 (0)               ; 1 (1)                     ; 0           ; 0            ; 0       ; 0         ; 0    ; 0            ; |RISCV_Processor|regFile:RF|reg_N:reg19|dffg:\G_NBit_Reg:21:RegI                                                          ; dffg            ; work         ;
;          |dffg:\G_NBit_Reg:22:RegI|              ; 0 (0)               ; 1 (1)                     ; 0           ; 0            ; 0       ; 0         ; 0    ; 0            ; |RISCV_Processor|regFile:RF|reg_N:reg19|dffg:\G_NBit_Reg:22:RegI                                                          ; dffg            ; work         ;
;          |dffg:\G_NBit_Reg:23:RegI|              ; 0 (0)               ; 1 (1)                     ; 0           ; 0            ; 0       ; 0         ; 0    ; 0            ; |RISCV_Processor|regFile:RF|reg_N:reg19|dffg:\G_NBit_Reg:23:RegI                                                          ; dffg            ; work         ;
;          |dffg:\G_NBit_Reg:24:RegI|              ; 0 (0)               ; 1 (1)                     ; 0           ; 0            ; 0       ; 0         ; 0    ; 0            ; |RISCV_Processor|regFile:RF|reg_N:reg19|dffg:\G_NBit_Reg:24:RegI                                                          ; dffg            ; work         ;
;          |dffg:\G_NBit_Reg:25:RegI|              ; 0 (0)               ; 1 (1)                     ; 0           ; 0            ; 0       ; 0         ; 0    ; 0            ; |RISCV_Processor|regFile:RF|reg_N:reg19|dffg:\G_NBit_Reg:25:RegI                                                          ; dffg            ; work         ;
;          |dffg:\G_NBit_Reg:26:RegI|              ; 0 (0)               ; 1 (1)                     ; 0           ; 0            ; 0       ; 0         ; 0    ; 0            ; |RISCV_Processor|regFile:RF|reg_N:reg19|dffg:\G_NBit_Reg:26:RegI                                                          ; dffg            ; work         ;
;          |dffg:\G_NBit_Reg:27:RegI|              ; 0 (0)               ; 1 (1)                     ; 0           ; 0            ; 0       ; 0         ; 0    ; 0            ; |RISCV_Processor|regFile:RF|reg_N:reg19|dffg:\G_NBit_Reg:27:RegI                                                          ; dffg            ; work         ;
;          |dffg:\G_NBit_Reg:28:RegI|              ; 0 (0)               ; 1 (1)                     ; 0           ; 0            ; 0       ; 0         ; 0    ; 0            ; |RISCV_Processor|regFile:RF|reg_N:reg19|dffg:\G_NBit_Reg:28:RegI                                                          ; dffg            ; work         ;
;          |dffg:\G_NBit_Reg:29:RegI|              ; 0 (0)               ; 1 (1)                     ; 0           ; 0            ; 0       ; 0         ; 0    ; 0            ; |RISCV_Processor|regFile:RF|reg_N:reg19|dffg:\G_NBit_Reg:29:RegI                                                          ; dffg            ; work         ;
;          |dffg:\G_NBit_Reg:2:RegI|               ; 0 (0)               ; 1 (1)                     ; 0           ; 0            ; 0       ; 0         ; 0    ; 0            ; |RISCV_Processor|regFile:RF|reg_N:reg19|dffg:\G_NBit_Reg:2:RegI                                                           ; dffg            ; work         ;
;          |dffg:\G_NBit_Reg:30:RegI|              ; 0 (0)               ; 1 (1)                     ; 0           ; 0            ; 0       ; 0         ; 0    ; 0            ; |RISCV_Processor|regFile:RF|reg_N:reg19|dffg:\G_NBit_Reg:30:RegI                                                          ; dffg            ; work         ;
;          |dffg:\G_NBit_Reg:31:RegI|              ; 0 (0)               ; 1 (1)                     ; 0           ; 0            ; 0       ; 0         ; 0    ; 0            ; |RISCV_Processor|regFile:RF|reg_N:reg19|dffg:\G_NBit_Reg:31:RegI                                                          ; dffg            ; work         ;
;          |dffg:\G_NBit_Reg:3:RegI|               ; 0 (0)               ; 1 (1)                     ; 0           ; 0            ; 0       ; 0         ; 0    ; 0            ; |RISCV_Processor|regFile:RF|reg_N:reg19|dffg:\G_NBit_Reg:3:RegI                                                           ; dffg            ; work         ;
;          |dffg:\G_NBit_Reg:4:RegI|               ; 0 (0)               ; 1 (1)                     ; 0           ; 0            ; 0       ; 0         ; 0    ; 0            ; |RISCV_Processor|regFile:RF|reg_N:reg19|dffg:\G_NBit_Reg:4:RegI                                                           ; dffg            ; work         ;
;          |dffg:\G_NBit_Reg:5:RegI|               ; 0 (0)               ; 1 (1)                     ; 0           ; 0            ; 0       ; 0         ; 0    ; 0            ; |RISCV_Processor|regFile:RF|reg_N:reg19|dffg:\G_NBit_Reg:5:RegI                                                           ; dffg            ; work         ;
;          |dffg:\G_NBit_Reg:6:RegI|               ; 0 (0)               ; 1 (1)                     ; 0           ; 0            ; 0       ; 0         ; 0    ; 0            ; |RISCV_Processor|regFile:RF|reg_N:reg19|dffg:\G_NBit_Reg:6:RegI                                                           ; dffg            ; work         ;
;          |dffg:\G_NBit_Reg:7:RegI|               ; 0 (0)               ; 1 (1)                     ; 0           ; 0            ; 0       ; 0         ; 0    ; 0            ; |RISCV_Processor|regFile:RF|reg_N:reg19|dffg:\G_NBit_Reg:7:RegI                                                           ; dffg            ; work         ;
;          |dffg:\G_NBit_Reg:8:RegI|               ; 0 (0)               ; 1 (1)                     ; 0           ; 0            ; 0       ; 0         ; 0    ; 0            ; |RISCV_Processor|regFile:RF|reg_N:reg19|dffg:\G_NBit_Reg:8:RegI                                                           ; dffg            ; work         ;
;          |dffg:\G_NBit_Reg:9:RegI|               ; 0 (0)               ; 1 (1)                     ; 0           ; 0            ; 0       ; 0         ; 0    ; 0            ; |RISCV_Processor|regFile:RF|reg_N:reg19|dffg:\G_NBit_Reg:9:RegI                                                           ; dffg            ; work         ;
;       |reg_N:reg1|                               ; 0 (0)               ; 32 (0)                    ; 0           ; 0            ; 0       ; 0         ; 0    ; 0            ; |RISCV_Processor|regFile:RF|reg_N:reg1                                                                                    ; reg_N           ; work         ;
;          |dffg:\G_NBit_Reg:0:RegI|               ; 0 (0)               ; 1 (1)                     ; 0           ; 0            ; 0       ; 0         ; 0    ; 0            ; |RISCV_Processor|regFile:RF|reg_N:reg1|dffg:\G_NBit_Reg:0:RegI                                                            ; dffg            ; work         ;
;          |dffg:\G_NBit_Reg:10:RegI|              ; 0 (0)               ; 1 (1)                     ; 0           ; 0            ; 0       ; 0         ; 0    ; 0            ; |RISCV_Processor|regFile:RF|reg_N:reg1|dffg:\G_NBit_Reg:10:RegI                                                           ; dffg            ; work         ;
;          |dffg:\G_NBit_Reg:11:RegI|              ; 0 (0)               ; 1 (1)                     ; 0           ; 0            ; 0       ; 0         ; 0    ; 0            ; |RISCV_Processor|regFile:RF|reg_N:reg1|dffg:\G_NBit_Reg:11:RegI                                                           ; dffg            ; work         ;
;          |dffg:\G_NBit_Reg:12:RegI|              ; 0 (0)               ; 1 (1)                     ; 0           ; 0            ; 0       ; 0         ; 0    ; 0            ; |RISCV_Processor|regFile:RF|reg_N:reg1|dffg:\G_NBit_Reg:12:RegI                                                           ; dffg            ; work         ;
;          |dffg:\G_NBit_Reg:13:RegI|              ; 0 (0)               ; 1 (1)                     ; 0           ; 0            ; 0       ; 0         ; 0    ; 0            ; |RISCV_Processor|regFile:RF|reg_N:reg1|dffg:\G_NBit_Reg:13:RegI                                                           ; dffg            ; work         ;
;          |dffg:\G_NBit_Reg:14:RegI|              ; 0 (0)               ; 1 (1)                     ; 0           ; 0            ; 0       ; 0         ; 0    ; 0            ; |RISCV_Processor|regFile:RF|reg_N:reg1|dffg:\G_NBit_Reg:14:RegI                                                           ; dffg            ; work         ;
;          |dffg:\G_NBit_Reg:15:RegI|              ; 0 (0)               ; 1 (1)                     ; 0           ; 0            ; 0       ; 0         ; 0    ; 0            ; |RISCV_Processor|regFile:RF|reg_N:reg1|dffg:\G_NBit_Reg:15:RegI                                                           ; dffg            ; work         ;
;          |dffg:\G_NBit_Reg:16:RegI|              ; 0 (0)               ; 1 (1)                     ; 0           ; 0            ; 0       ; 0         ; 0    ; 0            ; |RISCV_Processor|regFile:RF|reg_N:reg1|dffg:\G_NBit_Reg:16:RegI                                                           ; dffg            ; work         ;
;          |dffg:\G_NBit_Reg:17:RegI|              ; 0 (0)               ; 1 (1)                     ; 0           ; 0            ; 0       ; 0         ; 0    ; 0            ; |RISCV_Processor|regFile:RF|reg_N:reg1|dffg:\G_NBit_Reg:17:RegI                                                           ; dffg            ; work         ;
;          |dffg:\G_NBit_Reg:18:RegI|              ; 0 (0)               ; 1 (1)                     ; 0           ; 0            ; 0       ; 0         ; 0    ; 0            ; |RISCV_Processor|regFile:RF|reg_N:reg1|dffg:\G_NBit_Reg:18:RegI                                                           ; dffg            ; work         ;
;          |dffg:\G_NBit_Reg:19:RegI|              ; 0 (0)               ; 1 (1)                     ; 0           ; 0            ; 0       ; 0         ; 0    ; 0            ; |RISCV_Processor|regFile:RF|reg_N:reg1|dffg:\G_NBit_Reg:19:RegI                                                           ; dffg            ; work         ;
;          |dffg:\G_NBit_Reg:1:RegI|               ; 0 (0)               ; 1 (1)                     ; 0           ; 0            ; 0       ; 0         ; 0    ; 0            ; |RISCV_Processor|regFile:RF|reg_N:reg1|dffg:\G_NBit_Reg:1:RegI                                                            ; dffg            ; work         ;
;          |dffg:\G_NBit_Reg:20:RegI|              ; 0 (0)               ; 1 (1)                     ; 0           ; 0            ; 0       ; 0         ; 0    ; 0            ; |RISCV_Processor|regFile:RF|reg_N:reg1|dffg:\G_NBit_Reg:20:RegI                                                           ; dffg            ; work         ;
;          |dffg:\G_NBit_Reg:21:RegI|              ; 0 (0)               ; 1 (1)                     ; 0           ; 0            ; 0       ; 0         ; 0    ; 0            ; |RISCV_Processor|regFile:RF|reg_N:reg1|dffg:\G_NBit_Reg:21:RegI                                                           ; dffg            ; work         ;
;          |dffg:\G_NBit_Reg:22:RegI|              ; 0 (0)               ; 1 (1)                     ; 0           ; 0            ; 0       ; 0         ; 0    ; 0            ; |RISCV_Processor|regFile:RF|reg_N:reg1|dffg:\G_NBit_Reg:22:RegI                                                           ; dffg            ; work         ;
;          |dffg:\G_NBit_Reg:23:RegI|              ; 0 (0)               ; 1 (1)                     ; 0           ; 0            ; 0       ; 0         ; 0    ; 0            ; |RISCV_Processor|regFile:RF|reg_N:reg1|dffg:\G_NBit_Reg:23:RegI                                                           ; dffg            ; work         ;
;          |dffg:\G_NBit_Reg:24:RegI|              ; 0 (0)               ; 1 (1)                     ; 0           ; 0            ; 0       ; 0         ; 0    ; 0            ; |RISCV_Processor|regFile:RF|reg_N:reg1|dffg:\G_NBit_Reg:24:RegI                                                           ; dffg            ; work         ;
;          |dffg:\G_NBit_Reg:25:RegI|              ; 0 (0)               ; 1 (1)                     ; 0           ; 0            ; 0       ; 0         ; 0    ; 0            ; |RISCV_Processor|regFile:RF|reg_N:reg1|dffg:\G_NBit_Reg:25:RegI                                                           ; dffg            ; work         ;
;          |dffg:\G_NBit_Reg:26:RegI|              ; 0 (0)               ; 1 (1)                     ; 0           ; 0            ; 0       ; 0         ; 0    ; 0            ; |RISCV_Processor|regFile:RF|reg_N:reg1|dffg:\G_NBit_Reg:26:RegI                                                           ; dffg            ; work         ;
;          |dffg:\G_NBit_Reg:27:RegI|              ; 0 (0)               ; 1 (1)                     ; 0           ; 0            ; 0       ; 0         ; 0    ; 0            ; |RISCV_Processor|regFile:RF|reg_N:reg1|dffg:\G_NBit_Reg:27:RegI                                                           ; dffg            ; work         ;
;          |dffg:\G_NBit_Reg:28:RegI|              ; 0 (0)               ; 1 (1)                     ; 0           ; 0            ; 0       ; 0         ; 0    ; 0            ; |RISCV_Processor|regFile:RF|reg_N:reg1|dffg:\G_NBit_Reg:28:RegI                                                           ; dffg            ; work         ;
;          |dffg:\G_NBit_Reg:29:RegI|              ; 0 (0)               ; 1 (1)                     ; 0           ; 0            ; 0       ; 0         ; 0    ; 0            ; |RISCV_Processor|regFile:RF|reg_N:reg1|dffg:\G_NBit_Reg:29:RegI                                                           ; dffg            ; work         ;
;          |dffg:\G_NBit_Reg:2:RegI|               ; 0 (0)               ; 1 (1)                     ; 0           ; 0            ; 0       ; 0         ; 0    ; 0            ; |RISCV_Processor|regFile:RF|reg_N:reg1|dffg:\G_NBit_Reg:2:RegI                                                            ; dffg            ; work         ;
;          |dffg:\G_NBit_Reg:30:RegI|              ; 0 (0)               ; 1 (1)                     ; 0           ; 0            ; 0       ; 0         ; 0    ; 0            ; |RISCV_Processor|regFile:RF|reg_N:reg1|dffg:\G_NBit_Reg:30:RegI                                                           ; dffg            ; work         ;
;          |dffg:\G_NBit_Reg:31:RegI|              ; 0 (0)               ; 1 (1)                     ; 0           ; 0            ; 0       ; 0         ; 0    ; 0            ; |RISCV_Processor|regFile:RF|reg_N:reg1|dffg:\G_NBit_Reg:31:RegI                                                           ; dffg            ; work         ;
;          |dffg:\G_NBit_Reg:3:RegI|               ; 0 (0)               ; 1 (1)                     ; 0           ; 0            ; 0       ; 0         ; 0    ; 0            ; |RISCV_Processor|regFile:RF|reg_N:reg1|dffg:\G_NBit_Reg:3:RegI                                                            ; dffg            ; work         ;
;          |dffg:\G_NBit_Reg:4:RegI|               ; 0 (0)               ; 1 (1)                     ; 0           ; 0            ; 0       ; 0         ; 0    ; 0            ; |RISCV_Processor|regFile:RF|reg_N:reg1|dffg:\G_NBit_Reg:4:RegI                                                            ; dffg            ; work         ;
;          |dffg:\G_NBit_Reg:5:RegI|               ; 0 (0)               ; 1 (1)                     ; 0           ; 0            ; 0       ; 0         ; 0    ; 0            ; |RISCV_Processor|regFile:RF|reg_N:reg1|dffg:\G_NBit_Reg:5:RegI                                                            ; dffg            ; work         ;
;          |dffg:\G_NBit_Reg:6:RegI|               ; 0 (0)               ; 1 (1)                     ; 0           ; 0            ; 0       ; 0         ; 0    ; 0            ; |RISCV_Processor|regFile:RF|reg_N:reg1|dffg:\G_NBit_Reg:6:RegI                                                            ; dffg            ; work         ;
;          |dffg:\G_NBit_Reg:7:RegI|               ; 0 (0)               ; 1 (1)                     ; 0           ; 0            ; 0       ; 0         ; 0    ; 0            ; |RISCV_Processor|regFile:RF|reg_N:reg1|dffg:\G_NBit_Reg:7:RegI                                                            ; dffg            ; work         ;
;          |dffg:\G_NBit_Reg:8:RegI|               ; 0 (0)               ; 1 (1)                     ; 0           ; 0            ; 0       ; 0         ; 0    ; 0            ; |RISCV_Processor|regFile:RF|reg_N:reg1|dffg:\G_NBit_Reg:8:RegI                                                            ; dffg            ; work         ;
;          |dffg:\G_NBit_Reg:9:RegI|               ; 0 (0)               ; 1 (1)                     ; 0           ; 0            ; 0       ; 0         ; 0    ; 0            ; |RISCV_Processor|regFile:RF|reg_N:reg1|dffg:\G_NBit_Reg:9:RegI                                                            ; dffg            ; work         ;
;       |reg_N:reg20|                              ; 0 (0)               ; 32 (0)                    ; 0           ; 0            ; 0       ; 0         ; 0    ; 0            ; |RISCV_Processor|regFile:RF|reg_N:reg20                                                                                   ; reg_N           ; work         ;
;          |dffg:\G_NBit_Reg:0:RegI|               ; 0 (0)               ; 1 (1)                     ; 0           ; 0            ; 0       ; 0         ; 0    ; 0            ; |RISCV_Processor|regFile:RF|reg_N:reg20|dffg:\G_NBit_Reg:0:RegI                                                           ; dffg            ; work         ;
;          |dffg:\G_NBit_Reg:10:RegI|              ; 0 (0)               ; 1 (1)                     ; 0           ; 0            ; 0       ; 0         ; 0    ; 0            ; |RISCV_Processor|regFile:RF|reg_N:reg20|dffg:\G_NBit_Reg:10:RegI                                                          ; dffg            ; work         ;
;          |dffg:\G_NBit_Reg:11:RegI|              ; 0 (0)               ; 1 (1)                     ; 0           ; 0            ; 0       ; 0         ; 0    ; 0            ; |RISCV_Processor|regFile:RF|reg_N:reg20|dffg:\G_NBit_Reg:11:RegI                                                          ; dffg            ; work         ;
;          |dffg:\G_NBit_Reg:12:RegI|              ; 0 (0)               ; 1 (1)                     ; 0           ; 0            ; 0       ; 0         ; 0    ; 0            ; |RISCV_Processor|regFile:RF|reg_N:reg20|dffg:\G_NBit_Reg:12:RegI                                                          ; dffg            ; work         ;
;          |dffg:\G_NBit_Reg:13:RegI|              ; 0 (0)               ; 1 (1)                     ; 0           ; 0            ; 0       ; 0         ; 0    ; 0            ; |RISCV_Processor|regFile:RF|reg_N:reg20|dffg:\G_NBit_Reg:13:RegI                                                          ; dffg            ; work         ;
;          |dffg:\G_NBit_Reg:14:RegI|              ; 0 (0)               ; 1 (1)                     ; 0           ; 0            ; 0       ; 0         ; 0    ; 0            ; |RISCV_Processor|regFile:RF|reg_N:reg20|dffg:\G_NBit_Reg:14:RegI                                                          ; dffg            ; work         ;
;          |dffg:\G_NBit_Reg:15:RegI|              ; 0 (0)               ; 1 (1)                     ; 0           ; 0            ; 0       ; 0         ; 0    ; 0            ; |RISCV_Processor|regFile:RF|reg_N:reg20|dffg:\G_NBit_Reg:15:RegI                                                          ; dffg            ; work         ;
;          |dffg:\G_NBit_Reg:16:RegI|              ; 0 (0)               ; 1 (1)                     ; 0           ; 0            ; 0       ; 0         ; 0    ; 0            ; |RISCV_Processor|regFile:RF|reg_N:reg20|dffg:\G_NBit_Reg:16:RegI                                                          ; dffg            ; work         ;
;          |dffg:\G_NBit_Reg:17:RegI|              ; 0 (0)               ; 1 (1)                     ; 0           ; 0            ; 0       ; 0         ; 0    ; 0            ; |RISCV_Processor|regFile:RF|reg_N:reg20|dffg:\G_NBit_Reg:17:RegI                                                          ; dffg            ; work         ;
;          |dffg:\G_NBit_Reg:18:RegI|              ; 0 (0)               ; 1 (1)                     ; 0           ; 0            ; 0       ; 0         ; 0    ; 0            ; |RISCV_Processor|regFile:RF|reg_N:reg20|dffg:\G_NBit_Reg:18:RegI                                                          ; dffg            ; work         ;
;          |dffg:\G_NBit_Reg:19:RegI|              ; 0 (0)               ; 1 (1)                     ; 0           ; 0            ; 0       ; 0         ; 0    ; 0            ; |RISCV_Processor|regFile:RF|reg_N:reg20|dffg:\G_NBit_Reg:19:RegI                                                          ; dffg            ; work         ;
;          |dffg:\G_NBit_Reg:1:RegI|               ; 0 (0)               ; 1 (1)                     ; 0           ; 0            ; 0       ; 0         ; 0    ; 0            ; |RISCV_Processor|regFile:RF|reg_N:reg20|dffg:\G_NBit_Reg:1:RegI                                                           ; dffg            ; work         ;
;          |dffg:\G_NBit_Reg:20:RegI|              ; 0 (0)               ; 1 (1)                     ; 0           ; 0            ; 0       ; 0         ; 0    ; 0            ; |RISCV_Processor|regFile:RF|reg_N:reg20|dffg:\G_NBit_Reg:20:RegI                                                          ; dffg            ; work         ;
;          |dffg:\G_NBit_Reg:21:RegI|              ; 0 (0)               ; 1 (1)                     ; 0           ; 0            ; 0       ; 0         ; 0    ; 0            ; |RISCV_Processor|regFile:RF|reg_N:reg20|dffg:\G_NBit_Reg:21:RegI                                                          ; dffg            ; work         ;
;          |dffg:\G_NBit_Reg:22:RegI|              ; 0 (0)               ; 1 (1)                     ; 0           ; 0            ; 0       ; 0         ; 0    ; 0            ; |RISCV_Processor|regFile:RF|reg_N:reg20|dffg:\G_NBit_Reg:22:RegI                                                          ; dffg            ; work         ;
;          |dffg:\G_NBit_Reg:23:RegI|              ; 0 (0)               ; 1 (1)                     ; 0           ; 0            ; 0       ; 0         ; 0    ; 0            ; |RISCV_Processor|regFile:RF|reg_N:reg20|dffg:\G_NBit_Reg:23:RegI                                                          ; dffg            ; work         ;
;          |dffg:\G_NBit_Reg:24:RegI|              ; 0 (0)               ; 1 (1)                     ; 0           ; 0            ; 0       ; 0         ; 0    ; 0            ; |RISCV_Processor|regFile:RF|reg_N:reg20|dffg:\G_NBit_Reg:24:RegI                                                          ; dffg            ; work         ;
;          |dffg:\G_NBit_Reg:25:RegI|              ; 0 (0)               ; 1 (1)                     ; 0           ; 0            ; 0       ; 0         ; 0    ; 0            ; |RISCV_Processor|regFile:RF|reg_N:reg20|dffg:\G_NBit_Reg:25:RegI                                                          ; dffg            ; work         ;
;          |dffg:\G_NBit_Reg:26:RegI|              ; 0 (0)               ; 1 (1)                     ; 0           ; 0            ; 0       ; 0         ; 0    ; 0            ; |RISCV_Processor|regFile:RF|reg_N:reg20|dffg:\G_NBit_Reg:26:RegI                                                          ; dffg            ; work         ;
;          |dffg:\G_NBit_Reg:27:RegI|              ; 0 (0)               ; 1 (1)                     ; 0           ; 0            ; 0       ; 0         ; 0    ; 0            ; |RISCV_Processor|regFile:RF|reg_N:reg20|dffg:\G_NBit_Reg:27:RegI                                                          ; dffg            ; work         ;
;          |dffg:\G_NBit_Reg:28:RegI|              ; 0 (0)               ; 1 (1)                     ; 0           ; 0            ; 0       ; 0         ; 0    ; 0            ; |RISCV_Processor|regFile:RF|reg_N:reg20|dffg:\G_NBit_Reg:28:RegI                                                          ; dffg            ; work         ;
;          |dffg:\G_NBit_Reg:29:RegI|              ; 0 (0)               ; 1 (1)                     ; 0           ; 0            ; 0       ; 0         ; 0    ; 0            ; |RISCV_Processor|regFile:RF|reg_N:reg20|dffg:\G_NBit_Reg:29:RegI                                                          ; dffg            ; work         ;
;          |dffg:\G_NBit_Reg:2:RegI|               ; 0 (0)               ; 1 (1)                     ; 0           ; 0            ; 0       ; 0         ; 0    ; 0            ; |RISCV_Processor|regFile:RF|reg_N:reg20|dffg:\G_NBit_Reg:2:RegI                                                           ; dffg            ; work         ;
;          |dffg:\G_NBit_Reg:30:RegI|              ; 0 (0)               ; 1 (1)                     ; 0           ; 0            ; 0       ; 0         ; 0    ; 0            ; |RISCV_Processor|regFile:RF|reg_N:reg20|dffg:\G_NBit_Reg:30:RegI                                                          ; dffg            ; work         ;
;          |dffg:\G_NBit_Reg:31:RegI|              ; 0 (0)               ; 1 (1)                     ; 0           ; 0            ; 0       ; 0         ; 0    ; 0            ; |RISCV_Processor|regFile:RF|reg_N:reg20|dffg:\G_NBit_Reg:31:RegI                                                          ; dffg            ; work         ;
;          |dffg:\G_NBit_Reg:3:RegI|               ; 0 (0)               ; 1 (1)                     ; 0           ; 0            ; 0       ; 0         ; 0    ; 0            ; |RISCV_Processor|regFile:RF|reg_N:reg20|dffg:\G_NBit_Reg:3:RegI                                                           ; dffg            ; work         ;
;          |dffg:\G_NBit_Reg:4:RegI|               ; 0 (0)               ; 1 (1)                     ; 0           ; 0            ; 0       ; 0         ; 0    ; 0            ; |RISCV_Processor|regFile:RF|reg_N:reg20|dffg:\G_NBit_Reg:4:RegI                                                           ; dffg            ; work         ;
;          |dffg:\G_NBit_Reg:5:RegI|               ; 0 (0)               ; 1 (1)                     ; 0           ; 0            ; 0       ; 0         ; 0    ; 0            ; |RISCV_Processor|regFile:RF|reg_N:reg20|dffg:\G_NBit_Reg:5:RegI                                                           ; dffg            ; work         ;
;          |dffg:\G_NBit_Reg:6:RegI|               ; 0 (0)               ; 1 (1)                     ; 0           ; 0            ; 0       ; 0         ; 0    ; 0            ; |RISCV_Processor|regFile:RF|reg_N:reg20|dffg:\G_NBit_Reg:6:RegI                                                           ; dffg            ; work         ;
;          |dffg:\G_NBit_Reg:7:RegI|               ; 0 (0)               ; 1 (1)                     ; 0           ; 0            ; 0       ; 0         ; 0    ; 0            ; |RISCV_Processor|regFile:RF|reg_N:reg20|dffg:\G_NBit_Reg:7:RegI                                                           ; dffg            ; work         ;
;          |dffg:\G_NBit_Reg:8:RegI|               ; 0 (0)               ; 1 (1)                     ; 0           ; 0            ; 0       ; 0         ; 0    ; 0            ; |RISCV_Processor|regFile:RF|reg_N:reg20|dffg:\G_NBit_Reg:8:RegI                                                           ; dffg            ; work         ;
;          |dffg:\G_NBit_Reg:9:RegI|               ; 0 (0)               ; 1 (1)                     ; 0           ; 0            ; 0       ; 0         ; 0    ; 0            ; |RISCV_Processor|regFile:RF|reg_N:reg20|dffg:\G_NBit_Reg:9:RegI                                                           ; dffg            ; work         ;
;       |reg_N:reg21|                              ; 0 (0)               ; 32 (0)                    ; 0           ; 0            ; 0       ; 0         ; 0    ; 0            ; |RISCV_Processor|regFile:RF|reg_N:reg21                                                                                   ; reg_N           ; work         ;
;          |dffg:\G_NBit_Reg:0:RegI|               ; 0 (0)               ; 1 (1)                     ; 0           ; 0            ; 0       ; 0         ; 0    ; 0            ; |RISCV_Processor|regFile:RF|reg_N:reg21|dffg:\G_NBit_Reg:0:RegI                                                           ; dffg            ; work         ;
;          |dffg:\G_NBit_Reg:10:RegI|              ; 0 (0)               ; 1 (1)                     ; 0           ; 0            ; 0       ; 0         ; 0    ; 0            ; |RISCV_Processor|regFile:RF|reg_N:reg21|dffg:\G_NBit_Reg:10:RegI                                                          ; dffg            ; work         ;
;          |dffg:\G_NBit_Reg:11:RegI|              ; 0 (0)               ; 1 (1)                     ; 0           ; 0            ; 0       ; 0         ; 0    ; 0            ; |RISCV_Processor|regFile:RF|reg_N:reg21|dffg:\G_NBit_Reg:11:RegI                                                          ; dffg            ; work         ;
;          |dffg:\G_NBit_Reg:12:RegI|              ; 0 (0)               ; 1 (1)                     ; 0           ; 0            ; 0       ; 0         ; 0    ; 0            ; |RISCV_Processor|regFile:RF|reg_N:reg21|dffg:\G_NBit_Reg:12:RegI                                                          ; dffg            ; work         ;
;          |dffg:\G_NBit_Reg:13:RegI|              ; 0 (0)               ; 1 (1)                     ; 0           ; 0            ; 0       ; 0         ; 0    ; 0            ; |RISCV_Processor|regFile:RF|reg_N:reg21|dffg:\G_NBit_Reg:13:RegI                                                          ; dffg            ; work         ;
;          |dffg:\G_NBit_Reg:14:RegI|              ; 0 (0)               ; 1 (1)                     ; 0           ; 0            ; 0       ; 0         ; 0    ; 0            ; |RISCV_Processor|regFile:RF|reg_N:reg21|dffg:\G_NBit_Reg:14:RegI                                                          ; dffg            ; work         ;
;          |dffg:\G_NBit_Reg:15:RegI|              ; 0 (0)               ; 1 (1)                     ; 0           ; 0            ; 0       ; 0         ; 0    ; 0            ; |RISCV_Processor|regFile:RF|reg_N:reg21|dffg:\G_NBit_Reg:15:RegI                                                          ; dffg            ; work         ;
;          |dffg:\G_NBit_Reg:16:RegI|              ; 0 (0)               ; 1 (1)                     ; 0           ; 0            ; 0       ; 0         ; 0    ; 0            ; |RISCV_Processor|regFile:RF|reg_N:reg21|dffg:\G_NBit_Reg:16:RegI                                                          ; dffg            ; work         ;
;          |dffg:\G_NBit_Reg:17:RegI|              ; 0 (0)               ; 1 (1)                     ; 0           ; 0            ; 0       ; 0         ; 0    ; 0            ; |RISCV_Processor|regFile:RF|reg_N:reg21|dffg:\G_NBit_Reg:17:RegI                                                          ; dffg            ; work         ;
;          |dffg:\G_NBit_Reg:18:RegI|              ; 0 (0)               ; 1 (1)                     ; 0           ; 0            ; 0       ; 0         ; 0    ; 0            ; |RISCV_Processor|regFile:RF|reg_N:reg21|dffg:\G_NBit_Reg:18:RegI                                                          ; dffg            ; work         ;
;          |dffg:\G_NBit_Reg:19:RegI|              ; 0 (0)               ; 1 (1)                     ; 0           ; 0            ; 0       ; 0         ; 0    ; 0            ; |RISCV_Processor|regFile:RF|reg_N:reg21|dffg:\G_NBit_Reg:19:RegI                                                          ; dffg            ; work         ;
;          |dffg:\G_NBit_Reg:1:RegI|               ; 0 (0)               ; 1 (1)                     ; 0           ; 0            ; 0       ; 0         ; 0    ; 0            ; |RISCV_Processor|regFile:RF|reg_N:reg21|dffg:\G_NBit_Reg:1:RegI                                                           ; dffg            ; work         ;
;          |dffg:\G_NBit_Reg:20:RegI|              ; 0 (0)               ; 1 (1)                     ; 0           ; 0            ; 0       ; 0         ; 0    ; 0            ; |RISCV_Processor|regFile:RF|reg_N:reg21|dffg:\G_NBit_Reg:20:RegI                                                          ; dffg            ; work         ;
;          |dffg:\G_NBit_Reg:21:RegI|              ; 0 (0)               ; 1 (1)                     ; 0           ; 0            ; 0       ; 0         ; 0    ; 0            ; |RISCV_Processor|regFile:RF|reg_N:reg21|dffg:\G_NBit_Reg:21:RegI                                                          ; dffg            ; work         ;
;          |dffg:\G_NBit_Reg:22:RegI|              ; 0 (0)               ; 1 (1)                     ; 0           ; 0            ; 0       ; 0         ; 0    ; 0            ; |RISCV_Processor|regFile:RF|reg_N:reg21|dffg:\G_NBit_Reg:22:RegI                                                          ; dffg            ; work         ;
;          |dffg:\G_NBit_Reg:23:RegI|              ; 0 (0)               ; 1 (1)                     ; 0           ; 0            ; 0       ; 0         ; 0    ; 0            ; |RISCV_Processor|regFile:RF|reg_N:reg21|dffg:\G_NBit_Reg:23:RegI                                                          ; dffg            ; work         ;
;          |dffg:\G_NBit_Reg:24:RegI|              ; 0 (0)               ; 1 (1)                     ; 0           ; 0            ; 0       ; 0         ; 0    ; 0            ; |RISCV_Processor|regFile:RF|reg_N:reg21|dffg:\G_NBit_Reg:24:RegI                                                          ; dffg            ; work         ;
;          |dffg:\G_NBit_Reg:25:RegI|              ; 0 (0)               ; 1 (1)                     ; 0           ; 0            ; 0       ; 0         ; 0    ; 0            ; |RISCV_Processor|regFile:RF|reg_N:reg21|dffg:\G_NBit_Reg:25:RegI                                                          ; dffg            ; work         ;
;          |dffg:\G_NBit_Reg:26:RegI|              ; 0 (0)               ; 1 (1)                     ; 0           ; 0            ; 0       ; 0         ; 0    ; 0            ; |RISCV_Processor|regFile:RF|reg_N:reg21|dffg:\G_NBit_Reg:26:RegI                                                          ; dffg            ; work         ;
;          |dffg:\G_NBit_Reg:27:RegI|              ; 0 (0)               ; 1 (1)                     ; 0           ; 0            ; 0       ; 0         ; 0    ; 0            ; |RISCV_Processor|regFile:RF|reg_N:reg21|dffg:\G_NBit_Reg:27:RegI                                                          ; dffg            ; work         ;
;          |dffg:\G_NBit_Reg:28:RegI|              ; 0 (0)               ; 1 (1)                     ; 0           ; 0            ; 0       ; 0         ; 0    ; 0            ; |RISCV_Processor|regFile:RF|reg_N:reg21|dffg:\G_NBit_Reg:28:RegI                                                          ; dffg            ; work         ;
;          |dffg:\G_NBit_Reg:29:RegI|              ; 0 (0)               ; 1 (1)                     ; 0           ; 0            ; 0       ; 0         ; 0    ; 0            ; |RISCV_Processor|regFile:RF|reg_N:reg21|dffg:\G_NBit_Reg:29:RegI                                                          ; dffg            ; work         ;
;          |dffg:\G_NBit_Reg:2:RegI|               ; 0 (0)               ; 1 (1)                     ; 0           ; 0            ; 0       ; 0         ; 0    ; 0            ; |RISCV_Processor|regFile:RF|reg_N:reg21|dffg:\G_NBit_Reg:2:RegI                                                           ; dffg            ; work         ;
;          |dffg:\G_NBit_Reg:30:RegI|              ; 0 (0)               ; 1 (1)                     ; 0           ; 0            ; 0       ; 0         ; 0    ; 0            ; |RISCV_Processor|regFile:RF|reg_N:reg21|dffg:\G_NBit_Reg:30:RegI                                                          ; dffg            ; work         ;
;          |dffg:\G_NBit_Reg:31:RegI|              ; 0 (0)               ; 1 (1)                     ; 0           ; 0            ; 0       ; 0         ; 0    ; 0            ; |RISCV_Processor|regFile:RF|reg_N:reg21|dffg:\G_NBit_Reg:31:RegI                                                          ; dffg            ; work         ;
;          |dffg:\G_NBit_Reg:3:RegI|               ; 0 (0)               ; 1 (1)                     ; 0           ; 0            ; 0       ; 0         ; 0    ; 0            ; |RISCV_Processor|regFile:RF|reg_N:reg21|dffg:\G_NBit_Reg:3:RegI                                                           ; dffg            ; work         ;
;          |dffg:\G_NBit_Reg:4:RegI|               ; 0 (0)               ; 1 (1)                     ; 0           ; 0            ; 0       ; 0         ; 0    ; 0            ; |RISCV_Processor|regFile:RF|reg_N:reg21|dffg:\G_NBit_Reg:4:RegI                                                           ; dffg            ; work         ;
;          |dffg:\G_NBit_Reg:5:RegI|               ; 0 (0)               ; 1 (1)                     ; 0           ; 0            ; 0       ; 0         ; 0    ; 0            ; |RISCV_Processor|regFile:RF|reg_N:reg21|dffg:\G_NBit_Reg:5:RegI                                                           ; dffg            ; work         ;
;          |dffg:\G_NBit_Reg:6:RegI|               ; 0 (0)               ; 1 (1)                     ; 0           ; 0            ; 0       ; 0         ; 0    ; 0            ; |RISCV_Processor|regFile:RF|reg_N:reg21|dffg:\G_NBit_Reg:6:RegI                                                           ; dffg            ; work         ;
;          |dffg:\G_NBit_Reg:7:RegI|               ; 0 (0)               ; 1 (1)                     ; 0           ; 0            ; 0       ; 0         ; 0    ; 0            ; |RISCV_Processor|regFile:RF|reg_N:reg21|dffg:\G_NBit_Reg:7:RegI                                                           ; dffg            ; work         ;
;          |dffg:\G_NBit_Reg:8:RegI|               ; 0 (0)               ; 1 (1)                     ; 0           ; 0            ; 0       ; 0         ; 0    ; 0            ; |RISCV_Processor|regFile:RF|reg_N:reg21|dffg:\G_NBit_Reg:8:RegI                                                           ; dffg            ; work         ;
;          |dffg:\G_NBit_Reg:9:RegI|               ; 0 (0)               ; 1 (1)                     ; 0           ; 0            ; 0       ; 0         ; 0    ; 0            ; |RISCV_Processor|regFile:RF|reg_N:reg21|dffg:\G_NBit_Reg:9:RegI                                                           ; dffg            ; work         ;
;       |reg_N:reg22|                              ; 0 (0)               ; 32 (0)                    ; 0           ; 0            ; 0       ; 0         ; 0    ; 0            ; |RISCV_Processor|regFile:RF|reg_N:reg22                                                                                   ; reg_N           ; work         ;
;          |dffg:\G_NBit_Reg:0:RegI|               ; 0 (0)               ; 1 (1)                     ; 0           ; 0            ; 0       ; 0         ; 0    ; 0            ; |RISCV_Processor|regFile:RF|reg_N:reg22|dffg:\G_NBit_Reg:0:RegI                                                           ; dffg            ; work         ;
;          |dffg:\G_NBit_Reg:10:RegI|              ; 0 (0)               ; 1 (1)                     ; 0           ; 0            ; 0       ; 0         ; 0    ; 0            ; |RISCV_Processor|regFile:RF|reg_N:reg22|dffg:\G_NBit_Reg:10:RegI                                                          ; dffg            ; work         ;
;          |dffg:\G_NBit_Reg:11:RegI|              ; 0 (0)               ; 1 (1)                     ; 0           ; 0            ; 0       ; 0         ; 0    ; 0            ; |RISCV_Processor|regFile:RF|reg_N:reg22|dffg:\G_NBit_Reg:11:RegI                                                          ; dffg            ; work         ;
;          |dffg:\G_NBit_Reg:12:RegI|              ; 0 (0)               ; 1 (1)                     ; 0           ; 0            ; 0       ; 0         ; 0    ; 0            ; |RISCV_Processor|regFile:RF|reg_N:reg22|dffg:\G_NBit_Reg:12:RegI                                                          ; dffg            ; work         ;
;          |dffg:\G_NBit_Reg:13:RegI|              ; 0 (0)               ; 1 (1)                     ; 0           ; 0            ; 0       ; 0         ; 0    ; 0            ; |RISCV_Processor|regFile:RF|reg_N:reg22|dffg:\G_NBit_Reg:13:RegI                                                          ; dffg            ; work         ;
;          |dffg:\G_NBit_Reg:14:RegI|              ; 0 (0)               ; 1 (1)                     ; 0           ; 0            ; 0       ; 0         ; 0    ; 0            ; |RISCV_Processor|regFile:RF|reg_N:reg22|dffg:\G_NBit_Reg:14:RegI                                                          ; dffg            ; work         ;
;          |dffg:\G_NBit_Reg:15:RegI|              ; 0 (0)               ; 1 (1)                     ; 0           ; 0            ; 0       ; 0         ; 0    ; 0            ; |RISCV_Processor|regFile:RF|reg_N:reg22|dffg:\G_NBit_Reg:15:RegI                                                          ; dffg            ; work         ;
;          |dffg:\G_NBit_Reg:16:RegI|              ; 0 (0)               ; 1 (1)                     ; 0           ; 0            ; 0       ; 0         ; 0    ; 0            ; |RISCV_Processor|regFile:RF|reg_N:reg22|dffg:\G_NBit_Reg:16:RegI                                                          ; dffg            ; work         ;
;          |dffg:\G_NBit_Reg:17:RegI|              ; 0 (0)               ; 1 (1)                     ; 0           ; 0            ; 0       ; 0         ; 0    ; 0            ; |RISCV_Processor|regFile:RF|reg_N:reg22|dffg:\G_NBit_Reg:17:RegI                                                          ; dffg            ; work         ;
;          |dffg:\G_NBit_Reg:18:RegI|              ; 0 (0)               ; 1 (1)                     ; 0           ; 0            ; 0       ; 0         ; 0    ; 0            ; |RISCV_Processor|regFile:RF|reg_N:reg22|dffg:\G_NBit_Reg:18:RegI                                                          ; dffg            ; work         ;
;          |dffg:\G_NBit_Reg:19:RegI|              ; 0 (0)               ; 1 (1)                     ; 0           ; 0            ; 0       ; 0         ; 0    ; 0            ; |RISCV_Processor|regFile:RF|reg_N:reg22|dffg:\G_NBit_Reg:19:RegI                                                          ; dffg            ; work         ;
;          |dffg:\G_NBit_Reg:1:RegI|               ; 0 (0)               ; 1 (1)                     ; 0           ; 0            ; 0       ; 0         ; 0    ; 0            ; |RISCV_Processor|regFile:RF|reg_N:reg22|dffg:\G_NBit_Reg:1:RegI                                                           ; dffg            ; work         ;
;          |dffg:\G_NBit_Reg:20:RegI|              ; 0 (0)               ; 1 (1)                     ; 0           ; 0            ; 0       ; 0         ; 0    ; 0            ; |RISCV_Processor|regFile:RF|reg_N:reg22|dffg:\G_NBit_Reg:20:RegI                                                          ; dffg            ; work         ;
;          |dffg:\G_NBit_Reg:21:RegI|              ; 0 (0)               ; 1 (1)                     ; 0           ; 0            ; 0       ; 0         ; 0    ; 0            ; |RISCV_Processor|regFile:RF|reg_N:reg22|dffg:\G_NBit_Reg:21:RegI                                                          ; dffg            ; work         ;
;          |dffg:\G_NBit_Reg:22:RegI|              ; 0 (0)               ; 1 (1)                     ; 0           ; 0            ; 0       ; 0         ; 0    ; 0            ; |RISCV_Processor|regFile:RF|reg_N:reg22|dffg:\G_NBit_Reg:22:RegI                                                          ; dffg            ; work         ;
;          |dffg:\G_NBit_Reg:23:RegI|              ; 0 (0)               ; 1 (1)                     ; 0           ; 0            ; 0       ; 0         ; 0    ; 0            ; |RISCV_Processor|regFile:RF|reg_N:reg22|dffg:\G_NBit_Reg:23:RegI                                                          ; dffg            ; work         ;
;          |dffg:\G_NBit_Reg:24:RegI|              ; 0 (0)               ; 1 (1)                     ; 0           ; 0            ; 0       ; 0         ; 0    ; 0            ; |RISCV_Processor|regFile:RF|reg_N:reg22|dffg:\G_NBit_Reg:24:RegI                                                          ; dffg            ; work         ;
;          |dffg:\G_NBit_Reg:25:RegI|              ; 0 (0)               ; 1 (1)                     ; 0           ; 0            ; 0       ; 0         ; 0    ; 0            ; |RISCV_Processor|regFile:RF|reg_N:reg22|dffg:\G_NBit_Reg:25:RegI                                                          ; dffg            ; work         ;
;          |dffg:\G_NBit_Reg:26:RegI|              ; 0 (0)               ; 1 (1)                     ; 0           ; 0            ; 0       ; 0         ; 0    ; 0            ; |RISCV_Processor|regFile:RF|reg_N:reg22|dffg:\G_NBit_Reg:26:RegI                                                          ; dffg            ; work         ;
;          |dffg:\G_NBit_Reg:27:RegI|              ; 0 (0)               ; 1 (1)                     ; 0           ; 0            ; 0       ; 0         ; 0    ; 0            ; |RISCV_Processor|regFile:RF|reg_N:reg22|dffg:\G_NBit_Reg:27:RegI                                                          ; dffg            ; work         ;
;          |dffg:\G_NBit_Reg:28:RegI|              ; 0 (0)               ; 1 (1)                     ; 0           ; 0            ; 0       ; 0         ; 0    ; 0            ; |RISCV_Processor|regFile:RF|reg_N:reg22|dffg:\G_NBit_Reg:28:RegI                                                          ; dffg            ; work         ;
;          |dffg:\G_NBit_Reg:29:RegI|              ; 0 (0)               ; 1 (1)                     ; 0           ; 0            ; 0       ; 0         ; 0    ; 0            ; |RISCV_Processor|regFile:RF|reg_N:reg22|dffg:\G_NBit_Reg:29:RegI                                                          ; dffg            ; work         ;
;          |dffg:\G_NBit_Reg:2:RegI|               ; 0 (0)               ; 1 (1)                     ; 0           ; 0            ; 0       ; 0         ; 0    ; 0            ; |RISCV_Processor|regFile:RF|reg_N:reg22|dffg:\G_NBit_Reg:2:RegI                                                           ; dffg            ; work         ;
;          |dffg:\G_NBit_Reg:30:RegI|              ; 0 (0)               ; 1 (1)                     ; 0           ; 0            ; 0       ; 0         ; 0    ; 0            ; |RISCV_Processor|regFile:RF|reg_N:reg22|dffg:\G_NBit_Reg:30:RegI                                                          ; dffg            ; work         ;
;          |dffg:\G_NBit_Reg:31:RegI|              ; 0 (0)               ; 1 (1)                     ; 0           ; 0            ; 0       ; 0         ; 0    ; 0            ; |RISCV_Processor|regFile:RF|reg_N:reg22|dffg:\G_NBit_Reg:31:RegI                                                          ; dffg            ; work         ;
;          |dffg:\G_NBit_Reg:3:RegI|               ; 0 (0)               ; 1 (1)                     ; 0           ; 0            ; 0       ; 0         ; 0    ; 0            ; |RISCV_Processor|regFile:RF|reg_N:reg22|dffg:\G_NBit_Reg:3:RegI                                                           ; dffg            ; work         ;
;          |dffg:\G_NBit_Reg:4:RegI|               ; 0 (0)               ; 1 (1)                     ; 0           ; 0            ; 0       ; 0         ; 0    ; 0            ; |RISCV_Processor|regFile:RF|reg_N:reg22|dffg:\G_NBit_Reg:4:RegI                                                           ; dffg            ; work         ;
;          |dffg:\G_NBit_Reg:5:RegI|               ; 0 (0)               ; 1 (1)                     ; 0           ; 0            ; 0       ; 0         ; 0    ; 0            ; |RISCV_Processor|regFile:RF|reg_N:reg22|dffg:\G_NBit_Reg:5:RegI                                                           ; dffg            ; work         ;
;          |dffg:\G_NBit_Reg:6:RegI|               ; 0 (0)               ; 1 (1)                     ; 0           ; 0            ; 0       ; 0         ; 0    ; 0            ; |RISCV_Processor|regFile:RF|reg_N:reg22|dffg:\G_NBit_Reg:6:RegI                                                           ; dffg            ; work         ;
;          |dffg:\G_NBit_Reg:7:RegI|               ; 0 (0)               ; 1 (1)                     ; 0           ; 0            ; 0       ; 0         ; 0    ; 0            ; |RISCV_Processor|regFile:RF|reg_N:reg22|dffg:\G_NBit_Reg:7:RegI                                                           ; dffg            ; work         ;
;          |dffg:\G_NBit_Reg:8:RegI|               ; 0 (0)               ; 1 (1)                     ; 0           ; 0            ; 0       ; 0         ; 0    ; 0            ; |RISCV_Processor|regFile:RF|reg_N:reg22|dffg:\G_NBit_Reg:8:RegI                                                           ; dffg            ; work         ;
;          |dffg:\G_NBit_Reg:9:RegI|               ; 0 (0)               ; 1 (1)                     ; 0           ; 0            ; 0       ; 0         ; 0    ; 0            ; |RISCV_Processor|regFile:RF|reg_N:reg22|dffg:\G_NBit_Reg:9:RegI                                                           ; dffg            ; work         ;
;       |reg_N:reg23|                              ; 0 (0)               ; 32 (0)                    ; 0           ; 0            ; 0       ; 0         ; 0    ; 0            ; |RISCV_Processor|regFile:RF|reg_N:reg23                                                                                   ; reg_N           ; work         ;
;          |dffg:\G_NBit_Reg:0:RegI|               ; 0 (0)               ; 1 (1)                     ; 0           ; 0            ; 0       ; 0         ; 0    ; 0            ; |RISCV_Processor|regFile:RF|reg_N:reg23|dffg:\G_NBit_Reg:0:RegI                                                           ; dffg            ; work         ;
;          |dffg:\G_NBit_Reg:10:RegI|              ; 0 (0)               ; 1 (1)                     ; 0           ; 0            ; 0       ; 0         ; 0    ; 0            ; |RISCV_Processor|regFile:RF|reg_N:reg23|dffg:\G_NBit_Reg:10:RegI                                                          ; dffg            ; work         ;
;          |dffg:\G_NBit_Reg:11:RegI|              ; 0 (0)               ; 1 (1)                     ; 0           ; 0            ; 0       ; 0         ; 0    ; 0            ; |RISCV_Processor|regFile:RF|reg_N:reg23|dffg:\G_NBit_Reg:11:RegI                                                          ; dffg            ; work         ;
;          |dffg:\G_NBit_Reg:12:RegI|              ; 0 (0)               ; 1 (1)                     ; 0           ; 0            ; 0       ; 0         ; 0    ; 0            ; |RISCV_Processor|regFile:RF|reg_N:reg23|dffg:\G_NBit_Reg:12:RegI                                                          ; dffg            ; work         ;
;          |dffg:\G_NBit_Reg:13:RegI|              ; 0 (0)               ; 1 (1)                     ; 0           ; 0            ; 0       ; 0         ; 0    ; 0            ; |RISCV_Processor|regFile:RF|reg_N:reg23|dffg:\G_NBit_Reg:13:RegI                                                          ; dffg            ; work         ;
;          |dffg:\G_NBit_Reg:14:RegI|              ; 0 (0)               ; 1 (1)                     ; 0           ; 0            ; 0       ; 0         ; 0    ; 0            ; |RISCV_Processor|regFile:RF|reg_N:reg23|dffg:\G_NBit_Reg:14:RegI                                                          ; dffg            ; work         ;
;          |dffg:\G_NBit_Reg:15:RegI|              ; 0 (0)               ; 1 (1)                     ; 0           ; 0            ; 0       ; 0         ; 0    ; 0            ; |RISCV_Processor|regFile:RF|reg_N:reg23|dffg:\G_NBit_Reg:15:RegI                                                          ; dffg            ; work         ;
;          |dffg:\G_NBit_Reg:16:RegI|              ; 0 (0)               ; 1 (1)                     ; 0           ; 0            ; 0       ; 0         ; 0    ; 0            ; |RISCV_Processor|regFile:RF|reg_N:reg23|dffg:\G_NBit_Reg:16:RegI                                                          ; dffg            ; work         ;
;          |dffg:\G_NBit_Reg:17:RegI|              ; 0 (0)               ; 1 (1)                     ; 0           ; 0            ; 0       ; 0         ; 0    ; 0            ; |RISCV_Processor|regFile:RF|reg_N:reg23|dffg:\G_NBit_Reg:17:RegI                                                          ; dffg            ; work         ;
;          |dffg:\G_NBit_Reg:18:RegI|              ; 0 (0)               ; 1 (1)                     ; 0           ; 0            ; 0       ; 0         ; 0    ; 0            ; |RISCV_Processor|regFile:RF|reg_N:reg23|dffg:\G_NBit_Reg:18:RegI                                                          ; dffg            ; work         ;
;          |dffg:\G_NBit_Reg:19:RegI|              ; 0 (0)               ; 1 (1)                     ; 0           ; 0            ; 0       ; 0         ; 0    ; 0            ; |RISCV_Processor|regFile:RF|reg_N:reg23|dffg:\G_NBit_Reg:19:RegI                                                          ; dffg            ; work         ;
;          |dffg:\G_NBit_Reg:1:RegI|               ; 0 (0)               ; 1 (1)                     ; 0           ; 0            ; 0       ; 0         ; 0    ; 0            ; |RISCV_Processor|regFile:RF|reg_N:reg23|dffg:\G_NBit_Reg:1:RegI                                                           ; dffg            ; work         ;
;          |dffg:\G_NBit_Reg:20:RegI|              ; 0 (0)               ; 1 (1)                     ; 0           ; 0            ; 0       ; 0         ; 0    ; 0            ; |RISCV_Processor|regFile:RF|reg_N:reg23|dffg:\G_NBit_Reg:20:RegI                                                          ; dffg            ; work         ;
;          |dffg:\G_NBit_Reg:21:RegI|              ; 0 (0)               ; 1 (1)                     ; 0           ; 0            ; 0       ; 0         ; 0    ; 0            ; |RISCV_Processor|regFile:RF|reg_N:reg23|dffg:\G_NBit_Reg:21:RegI                                                          ; dffg            ; work         ;
;          |dffg:\G_NBit_Reg:22:RegI|              ; 0 (0)               ; 1 (1)                     ; 0           ; 0            ; 0       ; 0         ; 0    ; 0            ; |RISCV_Processor|regFile:RF|reg_N:reg23|dffg:\G_NBit_Reg:22:RegI                                                          ; dffg            ; work         ;
;          |dffg:\G_NBit_Reg:23:RegI|              ; 0 (0)               ; 1 (1)                     ; 0           ; 0            ; 0       ; 0         ; 0    ; 0            ; |RISCV_Processor|regFile:RF|reg_N:reg23|dffg:\G_NBit_Reg:23:RegI                                                          ; dffg            ; work         ;
;          |dffg:\G_NBit_Reg:24:RegI|              ; 0 (0)               ; 1 (1)                     ; 0           ; 0            ; 0       ; 0         ; 0    ; 0            ; |RISCV_Processor|regFile:RF|reg_N:reg23|dffg:\G_NBit_Reg:24:RegI                                                          ; dffg            ; work         ;
;          |dffg:\G_NBit_Reg:25:RegI|              ; 0 (0)               ; 1 (1)                     ; 0           ; 0            ; 0       ; 0         ; 0    ; 0            ; |RISCV_Processor|regFile:RF|reg_N:reg23|dffg:\G_NBit_Reg:25:RegI                                                          ; dffg            ; work         ;
;          |dffg:\G_NBit_Reg:26:RegI|              ; 0 (0)               ; 1 (1)                     ; 0           ; 0            ; 0       ; 0         ; 0    ; 0            ; |RISCV_Processor|regFile:RF|reg_N:reg23|dffg:\G_NBit_Reg:26:RegI                                                          ; dffg            ; work         ;
;          |dffg:\G_NBit_Reg:27:RegI|              ; 0 (0)               ; 1 (1)                     ; 0           ; 0            ; 0       ; 0         ; 0    ; 0            ; |RISCV_Processor|regFile:RF|reg_N:reg23|dffg:\G_NBit_Reg:27:RegI                                                          ; dffg            ; work         ;
;          |dffg:\G_NBit_Reg:28:RegI|              ; 0 (0)               ; 1 (1)                     ; 0           ; 0            ; 0       ; 0         ; 0    ; 0            ; |RISCV_Processor|regFile:RF|reg_N:reg23|dffg:\G_NBit_Reg:28:RegI                                                          ; dffg            ; work         ;
;          |dffg:\G_NBit_Reg:29:RegI|              ; 0 (0)               ; 1 (1)                     ; 0           ; 0            ; 0       ; 0         ; 0    ; 0            ; |RISCV_Processor|regFile:RF|reg_N:reg23|dffg:\G_NBit_Reg:29:RegI                                                          ; dffg            ; work         ;
;          |dffg:\G_NBit_Reg:2:RegI|               ; 0 (0)               ; 1 (1)                     ; 0           ; 0            ; 0       ; 0         ; 0    ; 0            ; |RISCV_Processor|regFile:RF|reg_N:reg23|dffg:\G_NBit_Reg:2:RegI                                                           ; dffg            ; work         ;
;          |dffg:\G_NBit_Reg:30:RegI|              ; 0 (0)               ; 1 (1)                     ; 0           ; 0            ; 0       ; 0         ; 0    ; 0            ; |RISCV_Processor|regFile:RF|reg_N:reg23|dffg:\G_NBit_Reg:30:RegI                                                          ; dffg            ; work         ;
;          |dffg:\G_NBit_Reg:31:RegI|              ; 0 (0)               ; 1 (1)                     ; 0           ; 0            ; 0       ; 0         ; 0    ; 0            ; |RISCV_Processor|regFile:RF|reg_N:reg23|dffg:\G_NBit_Reg:31:RegI                                                          ; dffg            ; work         ;
;          |dffg:\G_NBit_Reg:3:RegI|               ; 0 (0)               ; 1 (1)                     ; 0           ; 0            ; 0       ; 0         ; 0    ; 0            ; |RISCV_Processor|regFile:RF|reg_N:reg23|dffg:\G_NBit_Reg:3:RegI                                                           ; dffg            ; work         ;
;          |dffg:\G_NBit_Reg:4:RegI|               ; 0 (0)               ; 1 (1)                     ; 0           ; 0            ; 0       ; 0         ; 0    ; 0            ; |RISCV_Processor|regFile:RF|reg_N:reg23|dffg:\G_NBit_Reg:4:RegI                                                           ; dffg            ; work         ;
;          |dffg:\G_NBit_Reg:5:RegI|               ; 0 (0)               ; 1 (1)                     ; 0           ; 0            ; 0       ; 0         ; 0    ; 0            ; |RISCV_Processor|regFile:RF|reg_N:reg23|dffg:\G_NBit_Reg:5:RegI                                                           ; dffg            ; work         ;
;          |dffg:\G_NBit_Reg:6:RegI|               ; 0 (0)               ; 1 (1)                     ; 0           ; 0            ; 0       ; 0         ; 0    ; 0            ; |RISCV_Processor|regFile:RF|reg_N:reg23|dffg:\G_NBit_Reg:6:RegI                                                           ; dffg            ; work         ;
;          |dffg:\G_NBit_Reg:7:RegI|               ; 0 (0)               ; 1 (1)                     ; 0           ; 0            ; 0       ; 0         ; 0    ; 0            ; |RISCV_Processor|regFile:RF|reg_N:reg23|dffg:\G_NBit_Reg:7:RegI                                                           ; dffg            ; work         ;
;          |dffg:\G_NBit_Reg:8:RegI|               ; 0 (0)               ; 1 (1)                     ; 0           ; 0            ; 0       ; 0         ; 0    ; 0            ; |RISCV_Processor|regFile:RF|reg_N:reg23|dffg:\G_NBit_Reg:8:RegI                                                           ; dffg            ; work         ;
;          |dffg:\G_NBit_Reg:9:RegI|               ; 0 (0)               ; 1 (1)                     ; 0           ; 0            ; 0       ; 0         ; 0    ; 0            ; |RISCV_Processor|regFile:RF|reg_N:reg23|dffg:\G_NBit_Reg:9:RegI                                                           ; dffg            ; work         ;
;       |reg_N:reg24|                              ; 0 (0)               ; 32 (0)                    ; 0           ; 0            ; 0       ; 0         ; 0    ; 0            ; |RISCV_Processor|regFile:RF|reg_N:reg24                                                                                   ; reg_N           ; work         ;
;          |dffg:\G_NBit_Reg:0:RegI|               ; 0 (0)               ; 1 (1)                     ; 0           ; 0            ; 0       ; 0         ; 0    ; 0            ; |RISCV_Processor|regFile:RF|reg_N:reg24|dffg:\G_NBit_Reg:0:RegI                                                           ; dffg            ; work         ;
;          |dffg:\G_NBit_Reg:10:RegI|              ; 0 (0)               ; 1 (1)                     ; 0           ; 0            ; 0       ; 0         ; 0    ; 0            ; |RISCV_Processor|regFile:RF|reg_N:reg24|dffg:\G_NBit_Reg:10:RegI                                                          ; dffg            ; work         ;
;          |dffg:\G_NBit_Reg:11:RegI|              ; 0 (0)               ; 1 (1)                     ; 0           ; 0            ; 0       ; 0         ; 0    ; 0            ; |RISCV_Processor|regFile:RF|reg_N:reg24|dffg:\G_NBit_Reg:11:RegI                                                          ; dffg            ; work         ;
;          |dffg:\G_NBit_Reg:12:RegI|              ; 0 (0)               ; 1 (1)                     ; 0           ; 0            ; 0       ; 0         ; 0    ; 0            ; |RISCV_Processor|regFile:RF|reg_N:reg24|dffg:\G_NBit_Reg:12:RegI                                                          ; dffg            ; work         ;
;          |dffg:\G_NBit_Reg:13:RegI|              ; 0 (0)               ; 1 (1)                     ; 0           ; 0            ; 0       ; 0         ; 0    ; 0            ; |RISCV_Processor|regFile:RF|reg_N:reg24|dffg:\G_NBit_Reg:13:RegI                                                          ; dffg            ; work         ;
;          |dffg:\G_NBit_Reg:14:RegI|              ; 0 (0)               ; 1 (1)                     ; 0           ; 0            ; 0       ; 0         ; 0    ; 0            ; |RISCV_Processor|regFile:RF|reg_N:reg24|dffg:\G_NBit_Reg:14:RegI                                                          ; dffg            ; work         ;
;          |dffg:\G_NBit_Reg:15:RegI|              ; 0 (0)               ; 1 (1)                     ; 0           ; 0            ; 0       ; 0         ; 0    ; 0            ; |RISCV_Processor|regFile:RF|reg_N:reg24|dffg:\G_NBit_Reg:15:RegI                                                          ; dffg            ; work         ;
;          |dffg:\G_NBit_Reg:16:RegI|              ; 0 (0)               ; 1 (1)                     ; 0           ; 0            ; 0       ; 0         ; 0    ; 0            ; |RISCV_Processor|regFile:RF|reg_N:reg24|dffg:\G_NBit_Reg:16:RegI                                                          ; dffg            ; work         ;
;          |dffg:\G_NBit_Reg:17:RegI|              ; 0 (0)               ; 1 (1)                     ; 0           ; 0            ; 0       ; 0         ; 0    ; 0            ; |RISCV_Processor|regFile:RF|reg_N:reg24|dffg:\G_NBit_Reg:17:RegI                                                          ; dffg            ; work         ;
;          |dffg:\G_NBit_Reg:18:RegI|              ; 0 (0)               ; 1 (1)                     ; 0           ; 0            ; 0       ; 0         ; 0    ; 0            ; |RISCV_Processor|regFile:RF|reg_N:reg24|dffg:\G_NBit_Reg:18:RegI                                                          ; dffg            ; work         ;
;          |dffg:\G_NBit_Reg:19:RegI|              ; 0 (0)               ; 1 (1)                     ; 0           ; 0            ; 0       ; 0         ; 0    ; 0            ; |RISCV_Processor|regFile:RF|reg_N:reg24|dffg:\G_NBit_Reg:19:RegI                                                          ; dffg            ; work         ;
;          |dffg:\G_NBit_Reg:1:RegI|               ; 0 (0)               ; 1 (1)                     ; 0           ; 0            ; 0       ; 0         ; 0    ; 0            ; |RISCV_Processor|regFile:RF|reg_N:reg24|dffg:\G_NBit_Reg:1:RegI                                                           ; dffg            ; work         ;
;          |dffg:\G_NBit_Reg:20:RegI|              ; 0 (0)               ; 1 (1)                     ; 0           ; 0            ; 0       ; 0         ; 0    ; 0            ; |RISCV_Processor|regFile:RF|reg_N:reg24|dffg:\G_NBit_Reg:20:RegI                                                          ; dffg            ; work         ;
;          |dffg:\G_NBit_Reg:21:RegI|              ; 0 (0)               ; 1 (1)                     ; 0           ; 0            ; 0       ; 0         ; 0    ; 0            ; |RISCV_Processor|regFile:RF|reg_N:reg24|dffg:\G_NBit_Reg:21:RegI                                                          ; dffg            ; work         ;
;          |dffg:\G_NBit_Reg:22:RegI|              ; 0 (0)               ; 1 (1)                     ; 0           ; 0            ; 0       ; 0         ; 0    ; 0            ; |RISCV_Processor|regFile:RF|reg_N:reg24|dffg:\G_NBit_Reg:22:RegI                                                          ; dffg            ; work         ;
;          |dffg:\G_NBit_Reg:23:RegI|              ; 0 (0)               ; 1 (1)                     ; 0           ; 0            ; 0       ; 0         ; 0    ; 0            ; |RISCV_Processor|regFile:RF|reg_N:reg24|dffg:\G_NBit_Reg:23:RegI                                                          ; dffg            ; work         ;
;          |dffg:\G_NBit_Reg:24:RegI|              ; 0 (0)               ; 1 (1)                     ; 0           ; 0            ; 0       ; 0         ; 0    ; 0            ; |RISCV_Processor|regFile:RF|reg_N:reg24|dffg:\G_NBit_Reg:24:RegI                                                          ; dffg            ; work         ;
;          |dffg:\G_NBit_Reg:25:RegI|              ; 0 (0)               ; 1 (1)                     ; 0           ; 0            ; 0       ; 0         ; 0    ; 0            ; |RISCV_Processor|regFile:RF|reg_N:reg24|dffg:\G_NBit_Reg:25:RegI                                                          ; dffg            ; work         ;
;          |dffg:\G_NBit_Reg:26:RegI|              ; 0 (0)               ; 1 (1)                     ; 0           ; 0            ; 0       ; 0         ; 0    ; 0            ; |RISCV_Processor|regFile:RF|reg_N:reg24|dffg:\G_NBit_Reg:26:RegI                                                          ; dffg            ; work         ;
;          |dffg:\G_NBit_Reg:27:RegI|              ; 0 (0)               ; 1 (1)                     ; 0           ; 0            ; 0       ; 0         ; 0    ; 0            ; |RISCV_Processor|regFile:RF|reg_N:reg24|dffg:\G_NBit_Reg:27:RegI                                                          ; dffg            ; work         ;
;          |dffg:\G_NBit_Reg:28:RegI|              ; 0 (0)               ; 1 (1)                     ; 0           ; 0            ; 0       ; 0         ; 0    ; 0            ; |RISCV_Processor|regFile:RF|reg_N:reg24|dffg:\G_NBit_Reg:28:RegI                                                          ; dffg            ; work         ;
;          |dffg:\G_NBit_Reg:29:RegI|              ; 0 (0)               ; 1 (1)                     ; 0           ; 0            ; 0       ; 0         ; 0    ; 0            ; |RISCV_Processor|regFile:RF|reg_N:reg24|dffg:\G_NBit_Reg:29:RegI                                                          ; dffg            ; work         ;
;          |dffg:\G_NBit_Reg:2:RegI|               ; 0 (0)               ; 1 (1)                     ; 0           ; 0            ; 0       ; 0         ; 0    ; 0            ; |RISCV_Processor|regFile:RF|reg_N:reg24|dffg:\G_NBit_Reg:2:RegI                                                           ; dffg            ; work         ;
;          |dffg:\G_NBit_Reg:30:RegI|              ; 0 (0)               ; 1 (1)                     ; 0           ; 0            ; 0       ; 0         ; 0    ; 0            ; |RISCV_Processor|regFile:RF|reg_N:reg24|dffg:\G_NBit_Reg:30:RegI                                                          ; dffg            ; work         ;
;          |dffg:\G_NBit_Reg:31:RegI|              ; 0 (0)               ; 1 (1)                     ; 0           ; 0            ; 0       ; 0         ; 0    ; 0            ; |RISCV_Processor|regFile:RF|reg_N:reg24|dffg:\G_NBit_Reg:31:RegI                                                          ; dffg            ; work         ;
;          |dffg:\G_NBit_Reg:3:RegI|               ; 0 (0)               ; 1 (1)                     ; 0           ; 0            ; 0       ; 0         ; 0    ; 0            ; |RISCV_Processor|regFile:RF|reg_N:reg24|dffg:\G_NBit_Reg:3:RegI                                                           ; dffg            ; work         ;
;          |dffg:\G_NBit_Reg:4:RegI|               ; 0 (0)               ; 1 (1)                     ; 0           ; 0            ; 0       ; 0         ; 0    ; 0            ; |RISCV_Processor|regFile:RF|reg_N:reg24|dffg:\G_NBit_Reg:4:RegI                                                           ; dffg            ; work         ;
;          |dffg:\G_NBit_Reg:5:RegI|               ; 0 (0)               ; 1 (1)                     ; 0           ; 0            ; 0       ; 0         ; 0    ; 0            ; |RISCV_Processor|regFile:RF|reg_N:reg24|dffg:\G_NBit_Reg:5:RegI                                                           ; dffg            ; work         ;
;          |dffg:\G_NBit_Reg:6:RegI|               ; 0 (0)               ; 1 (1)                     ; 0           ; 0            ; 0       ; 0         ; 0    ; 0            ; |RISCV_Processor|regFile:RF|reg_N:reg24|dffg:\G_NBit_Reg:6:RegI                                                           ; dffg            ; work         ;
;          |dffg:\G_NBit_Reg:7:RegI|               ; 0 (0)               ; 1 (1)                     ; 0           ; 0            ; 0       ; 0         ; 0    ; 0            ; |RISCV_Processor|regFile:RF|reg_N:reg24|dffg:\G_NBit_Reg:7:RegI                                                           ; dffg            ; work         ;
;          |dffg:\G_NBit_Reg:8:RegI|               ; 0 (0)               ; 1 (1)                     ; 0           ; 0            ; 0       ; 0         ; 0    ; 0            ; |RISCV_Processor|regFile:RF|reg_N:reg24|dffg:\G_NBit_Reg:8:RegI                                                           ; dffg            ; work         ;
;          |dffg:\G_NBit_Reg:9:RegI|               ; 0 (0)               ; 1 (1)                     ; 0           ; 0            ; 0       ; 0         ; 0    ; 0            ; |RISCV_Processor|regFile:RF|reg_N:reg24|dffg:\G_NBit_Reg:9:RegI                                                           ; dffg            ; work         ;
;       |reg_N:reg25|                              ; 0 (0)               ; 32 (0)                    ; 0           ; 0            ; 0       ; 0         ; 0    ; 0            ; |RISCV_Processor|regFile:RF|reg_N:reg25                                                                                   ; reg_N           ; work         ;
;          |dffg:\G_NBit_Reg:0:RegI|               ; 0 (0)               ; 1 (1)                     ; 0           ; 0            ; 0       ; 0         ; 0    ; 0            ; |RISCV_Processor|regFile:RF|reg_N:reg25|dffg:\G_NBit_Reg:0:RegI                                                           ; dffg            ; work         ;
;          |dffg:\G_NBit_Reg:10:RegI|              ; 0 (0)               ; 1 (1)                     ; 0           ; 0            ; 0       ; 0         ; 0    ; 0            ; |RISCV_Processor|regFile:RF|reg_N:reg25|dffg:\G_NBit_Reg:10:RegI                                                          ; dffg            ; work         ;
;          |dffg:\G_NBit_Reg:11:RegI|              ; 0 (0)               ; 1 (1)                     ; 0           ; 0            ; 0       ; 0         ; 0    ; 0            ; |RISCV_Processor|regFile:RF|reg_N:reg25|dffg:\G_NBit_Reg:11:RegI                                                          ; dffg            ; work         ;
;          |dffg:\G_NBit_Reg:12:RegI|              ; 0 (0)               ; 1 (1)                     ; 0           ; 0            ; 0       ; 0         ; 0    ; 0            ; |RISCV_Processor|regFile:RF|reg_N:reg25|dffg:\G_NBit_Reg:12:RegI                                                          ; dffg            ; work         ;
;          |dffg:\G_NBit_Reg:13:RegI|              ; 0 (0)               ; 1 (1)                     ; 0           ; 0            ; 0       ; 0         ; 0    ; 0            ; |RISCV_Processor|regFile:RF|reg_N:reg25|dffg:\G_NBit_Reg:13:RegI                                                          ; dffg            ; work         ;
;          |dffg:\G_NBit_Reg:14:RegI|              ; 0 (0)               ; 1 (1)                     ; 0           ; 0            ; 0       ; 0         ; 0    ; 0            ; |RISCV_Processor|regFile:RF|reg_N:reg25|dffg:\G_NBit_Reg:14:RegI                                                          ; dffg            ; work         ;
;          |dffg:\G_NBit_Reg:15:RegI|              ; 0 (0)               ; 1 (1)                     ; 0           ; 0            ; 0       ; 0         ; 0    ; 0            ; |RISCV_Processor|regFile:RF|reg_N:reg25|dffg:\G_NBit_Reg:15:RegI                                                          ; dffg            ; work         ;
;          |dffg:\G_NBit_Reg:16:RegI|              ; 0 (0)               ; 1 (1)                     ; 0           ; 0            ; 0       ; 0         ; 0    ; 0            ; |RISCV_Processor|regFile:RF|reg_N:reg25|dffg:\G_NBit_Reg:16:RegI                                                          ; dffg            ; work         ;
;          |dffg:\G_NBit_Reg:17:RegI|              ; 0 (0)               ; 1 (1)                     ; 0           ; 0            ; 0       ; 0         ; 0    ; 0            ; |RISCV_Processor|regFile:RF|reg_N:reg25|dffg:\G_NBit_Reg:17:RegI                                                          ; dffg            ; work         ;
;          |dffg:\G_NBit_Reg:18:RegI|              ; 0 (0)               ; 1 (1)                     ; 0           ; 0            ; 0       ; 0         ; 0    ; 0            ; |RISCV_Processor|regFile:RF|reg_N:reg25|dffg:\G_NBit_Reg:18:RegI                                                          ; dffg            ; work         ;
;          |dffg:\G_NBit_Reg:19:RegI|              ; 0 (0)               ; 1 (1)                     ; 0           ; 0            ; 0       ; 0         ; 0    ; 0            ; |RISCV_Processor|regFile:RF|reg_N:reg25|dffg:\G_NBit_Reg:19:RegI                                                          ; dffg            ; work         ;
;          |dffg:\G_NBit_Reg:1:RegI|               ; 0 (0)               ; 1 (1)                     ; 0           ; 0            ; 0       ; 0         ; 0    ; 0            ; |RISCV_Processor|regFile:RF|reg_N:reg25|dffg:\G_NBit_Reg:1:RegI                                                           ; dffg            ; work         ;
;          |dffg:\G_NBit_Reg:20:RegI|              ; 0 (0)               ; 1 (1)                     ; 0           ; 0            ; 0       ; 0         ; 0    ; 0            ; |RISCV_Processor|regFile:RF|reg_N:reg25|dffg:\G_NBit_Reg:20:RegI                                                          ; dffg            ; work         ;
;          |dffg:\G_NBit_Reg:21:RegI|              ; 0 (0)               ; 1 (1)                     ; 0           ; 0            ; 0       ; 0         ; 0    ; 0            ; |RISCV_Processor|regFile:RF|reg_N:reg25|dffg:\G_NBit_Reg:21:RegI                                                          ; dffg            ; work         ;
;          |dffg:\G_NBit_Reg:22:RegI|              ; 0 (0)               ; 1 (1)                     ; 0           ; 0            ; 0       ; 0         ; 0    ; 0            ; |RISCV_Processor|regFile:RF|reg_N:reg25|dffg:\G_NBit_Reg:22:RegI                                                          ; dffg            ; work         ;
;          |dffg:\G_NBit_Reg:23:RegI|              ; 0 (0)               ; 1 (1)                     ; 0           ; 0            ; 0       ; 0         ; 0    ; 0            ; |RISCV_Processor|regFile:RF|reg_N:reg25|dffg:\G_NBit_Reg:23:RegI                                                          ; dffg            ; work         ;
;          |dffg:\G_NBit_Reg:24:RegI|              ; 0 (0)               ; 1 (1)                     ; 0           ; 0            ; 0       ; 0         ; 0    ; 0            ; |RISCV_Processor|regFile:RF|reg_N:reg25|dffg:\G_NBit_Reg:24:RegI                                                          ; dffg            ; work         ;
;          |dffg:\G_NBit_Reg:25:RegI|              ; 0 (0)               ; 1 (1)                     ; 0           ; 0            ; 0       ; 0         ; 0    ; 0            ; |RISCV_Processor|regFile:RF|reg_N:reg25|dffg:\G_NBit_Reg:25:RegI                                                          ; dffg            ; work         ;
;          |dffg:\G_NBit_Reg:26:RegI|              ; 0 (0)               ; 1 (1)                     ; 0           ; 0            ; 0       ; 0         ; 0    ; 0            ; |RISCV_Processor|regFile:RF|reg_N:reg25|dffg:\G_NBit_Reg:26:RegI                                                          ; dffg            ; work         ;
;          |dffg:\G_NBit_Reg:27:RegI|              ; 0 (0)               ; 1 (1)                     ; 0           ; 0            ; 0       ; 0         ; 0    ; 0            ; |RISCV_Processor|regFile:RF|reg_N:reg25|dffg:\G_NBit_Reg:27:RegI                                                          ; dffg            ; work         ;
;          |dffg:\G_NBit_Reg:28:RegI|              ; 0 (0)               ; 1 (1)                     ; 0           ; 0            ; 0       ; 0         ; 0    ; 0            ; |RISCV_Processor|regFile:RF|reg_N:reg25|dffg:\G_NBit_Reg:28:RegI                                                          ; dffg            ; work         ;
;          |dffg:\G_NBit_Reg:29:RegI|              ; 0 (0)               ; 1 (1)                     ; 0           ; 0            ; 0       ; 0         ; 0    ; 0            ; |RISCV_Processor|regFile:RF|reg_N:reg25|dffg:\G_NBit_Reg:29:RegI                                                          ; dffg            ; work         ;
;          |dffg:\G_NBit_Reg:2:RegI|               ; 0 (0)               ; 1 (1)                     ; 0           ; 0            ; 0       ; 0         ; 0    ; 0            ; |RISCV_Processor|regFile:RF|reg_N:reg25|dffg:\G_NBit_Reg:2:RegI                                                           ; dffg            ; work         ;
;          |dffg:\G_NBit_Reg:30:RegI|              ; 0 (0)               ; 1 (1)                     ; 0           ; 0            ; 0       ; 0         ; 0    ; 0            ; |RISCV_Processor|regFile:RF|reg_N:reg25|dffg:\G_NBit_Reg:30:RegI                                                          ; dffg            ; work         ;
;          |dffg:\G_NBit_Reg:31:RegI|              ; 0 (0)               ; 1 (1)                     ; 0           ; 0            ; 0       ; 0         ; 0    ; 0            ; |RISCV_Processor|regFile:RF|reg_N:reg25|dffg:\G_NBit_Reg:31:RegI                                                          ; dffg            ; work         ;
;          |dffg:\G_NBit_Reg:3:RegI|               ; 0 (0)               ; 1 (1)                     ; 0           ; 0            ; 0       ; 0         ; 0    ; 0            ; |RISCV_Processor|regFile:RF|reg_N:reg25|dffg:\G_NBit_Reg:3:RegI                                                           ; dffg            ; work         ;
;          |dffg:\G_NBit_Reg:4:RegI|               ; 0 (0)               ; 1 (1)                     ; 0           ; 0            ; 0       ; 0         ; 0    ; 0            ; |RISCV_Processor|regFile:RF|reg_N:reg25|dffg:\G_NBit_Reg:4:RegI                                                           ; dffg            ; work         ;
;          |dffg:\G_NBit_Reg:5:RegI|               ; 0 (0)               ; 1 (1)                     ; 0           ; 0            ; 0       ; 0         ; 0    ; 0            ; |RISCV_Processor|regFile:RF|reg_N:reg25|dffg:\G_NBit_Reg:5:RegI                                                           ; dffg            ; work         ;
;          |dffg:\G_NBit_Reg:6:RegI|               ; 0 (0)               ; 1 (1)                     ; 0           ; 0            ; 0       ; 0         ; 0    ; 0            ; |RISCV_Processor|regFile:RF|reg_N:reg25|dffg:\G_NBit_Reg:6:RegI                                                           ; dffg            ; work         ;
;          |dffg:\G_NBit_Reg:7:RegI|               ; 0 (0)               ; 1 (1)                     ; 0           ; 0            ; 0       ; 0         ; 0    ; 0            ; |RISCV_Processor|regFile:RF|reg_N:reg25|dffg:\G_NBit_Reg:7:RegI                                                           ; dffg            ; work         ;
;          |dffg:\G_NBit_Reg:8:RegI|               ; 0 (0)               ; 1 (1)                     ; 0           ; 0            ; 0       ; 0         ; 0    ; 0            ; |RISCV_Processor|regFile:RF|reg_N:reg25|dffg:\G_NBit_Reg:8:RegI                                                           ; dffg            ; work         ;
;          |dffg:\G_NBit_Reg:9:RegI|               ; 0 (0)               ; 1 (1)                     ; 0           ; 0            ; 0       ; 0         ; 0    ; 0            ; |RISCV_Processor|regFile:RF|reg_N:reg25|dffg:\G_NBit_Reg:9:RegI                                                           ; dffg            ; work         ;
;       |reg_N:reg26|                              ; 0 (0)               ; 32 (0)                    ; 0           ; 0            ; 0       ; 0         ; 0    ; 0            ; |RISCV_Processor|regFile:RF|reg_N:reg26                                                                                   ; reg_N           ; work         ;
;          |dffg:\G_NBit_Reg:0:RegI|               ; 0 (0)               ; 1 (1)                     ; 0           ; 0            ; 0       ; 0         ; 0    ; 0            ; |RISCV_Processor|regFile:RF|reg_N:reg26|dffg:\G_NBit_Reg:0:RegI                                                           ; dffg            ; work         ;
;          |dffg:\G_NBit_Reg:10:RegI|              ; 0 (0)               ; 1 (1)                     ; 0           ; 0            ; 0       ; 0         ; 0    ; 0            ; |RISCV_Processor|regFile:RF|reg_N:reg26|dffg:\G_NBit_Reg:10:RegI                                                          ; dffg            ; work         ;
;          |dffg:\G_NBit_Reg:11:RegI|              ; 0 (0)               ; 1 (1)                     ; 0           ; 0            ; 0       ; 0         ; 0    ; 0            ; |RISCV_Processor|regFile:RF|reg_N:reg26|dffg:\G_NBit_Reg:11:RegI                                                          ; dffg            ; work         ;
;          |dffg:\G_NBit_Reg:12:RegI|              ; 0 (0)               ; 1 (1)                     ; 0           ; 0            ; 0       ; 0         ; 0    ; 0            ; |RISCV_Processor|regFile:RF|reg_N:reg26|dffg:\G_NBit_Reg:12:RegI                                                          ; dffg            ; work         ;
;          |dffg:\G_NBit_Reg:13:RegI|              ; 0 (0)               ; 1 (1)                     ; 0           ; 0            ; 0       ; 0         ; 0    ; 0            ; |RISCV_Processor|regFile:RF|reg_N:reg26|dffg:\G_NBit_Reg:13:RegI                                                          ; dffg            ; work         ;
;          |dffg:\G_NBit_Reg:14:RegI|              ; 0 (0)               ; 1 (1)                     ; 0           ; 0            ; 0       ; 0         ; 0    ; 0            ; |RISCV_Processor|regFile:RF|reg_N:reg26|dffg:\G_NBit_Reg:14:RegI                                                          ; dffg            ; work         ;
;          |dffg:\G_NBit_Reg:15:RegI|              ; 0 (0)               ; 1 (1)                     ; 0           ; 0            ; 0       ; 0         ; 0    ; 0            ; |RISCV_Processor|regFile:RF|reg_N:reg26|dffg:\G_NBit_Reg:15:RegI                                                          ; dffg            ; work         ;
;          |dffg:\G_NBit_Reg:16:RegI|              ; 0 (0)               ; 1 (1)                     ; 0           ; 0            ; 0       ; 0         ; 0    ; 0            ; |RISCV_Processor|regFile:RF|reg_N:reg26|dffg:\G_NBit_Reg:16:RegI                                                          ; dffg            ; work         ;
;          |dffg:\G_NBit_Reg:17:RegI|              ; 0 (0)               ; 1 (1)                     ; 0           ; 0            ; 0       ; 0         ; 0    ; 0            ; |RISCV_Processor|regFile:RF|reg_N:reg26|dffg:\G_NBit_Reg:17:RegI                                                          ; dffg            ; work         ;
;          |dffg:\G_NBit_Reg:18:RegI|              ; 0 (0)               ; 1 (1)                     ; 0           ; 0            ; 0       ; 0         ; 0    ; 0            ; |RISCV_Processor|regFile:RF|reg_N:reg26|dffg:\G_NBit_Reg:18:RegI                                                          ; dffg            ; work         ;
;          |dffg:\G_NBit_Reg:19:RegI|              ; 0 (0)               ; 1 (1)                     ; 0           ; 0            ; 0       ; 0         ; 0    ; 0            ; |RISCV_Processor|regFile:RF|reg_N:reg26|dffg:\G_NBit_Reg:19:RegI                                                          ; dffg            ; work         ;
;          |dffg:\G_NBit_Reg:1:RegI|               ; 0 (0)               ; 1 (1)                     ; 0           ; 0            ; 0       ; 0         ; 0    ; 0            ; |RISCV_Processor|regFile:RF|reg_N:reg26|dffg:\G_NBit_Reg:1:RegI                                                           ; dffg            ; work         ;
;          |dffg:\G_NBit_Reg:20:RegI|              ; 0 (0)               ; 1 (1)                     ; 0           ; 0            ; 0       ; 0         ; 0    ; 0            ; |RISCV_Processor|regFile:RF|reg_N:reg26|dffg:\G_NBit_Reg:20:RegI                                                          ; dffg            ; work         ;
;          |dffg:\G_NBit_Reg:21:RegI|              ; 0 (0)               ; 1 (1)                     ; 0           ; 0            ; 0       ; 0         ; 0    ; 0            ; |RISCV_Processor|regFile:RF|reg_N:reg26|dffg:\G_NBit_Reg:21:RegI                                                          ; dffg            ; work         ;
;          |dffg:\G_NBit_Reg:22:RegI|              ; 0 (0)               ; 1 (1)                     ; 0           ; 0            ; 0       ; 0         ; 0    ; 0            ; |RISCV_Processor|regFile:RF|reg_N:reg26|dffg:\G_NBit_Reg:22:RegI                                                          ; dffg            ; work         ;
;          |dffg:\G_NBit_Reg:23:RegI|              ; 0 (0)               ; 1 (1)                     ; 0           ; 0            ; 0       ; 0         ; 0    ; 0            ; |RISCV_Processor|regFile:RF|reg_N:reg26|dffg:\G_NBit_Reg:23:RegI                                                          ; dffg            ; work         ;
;          |dffg:\G_NBit_Reg:24:RegI|              ; 0 (0)               ; 1 (1)                     ; 0           ; 0            ; 0       ; 0         ; 0    ; 0            ; |RISCV_Processor|regFile:RF|reg_N:reg26|dffg:\G_NBit_Reg:24:RegI                                                          ; dffg            ; work         ;
;          |dffg:\G_NBit_Reg:25:RegI|              ; 0 (0)               ; 1 (1)                     ; 0           ; 0            ; 0       ; 0         ; 0    ; 0            ; |RISCV_Processor|regFile:RF|reg_N:reg26|dffg:\G_NBit_Reg:25:RegI                                                          ; dffg            ; work         ;
;          |dffg:\G_NBit_Reg:26:RegI|              ; 0 (0)               ; 1 (1)                     ; 0           ; 0            ; 0       ; 0         ; 0    ; 0            ; |RISCV_Processor|regFile:RF|reg_N:reg26|dffg:\G_NBit_Reg:26:RegI                                                          ; dffg            ; work         ;
;          |dffg:\G_NBit_Reg:27:RegI|              ; 0 (0)               ; 1 (1)                     ; 0           ; 0            ; 0       ; 0         ; 0    ; 0            ; |RISCV_Processor|regFile:RF|reg_N:reg26|dffg:\G_NBit_Reg:27:RegI                                                          ; dffg            ; work         ;
;          |dffg:\G_NBit_Reg:28:RegI|              ; 0 (0)               ; 1 (1)                     ; 0           ; 0            ; 0       ; 0         ; 0    ; 0            ; |RISCV_Processor|regFile:RF|reg_N:reg26|dffg:\G_NBit_Reg:28:RegI                                                          ; dffg            ; work         ;
;          |dffg:\G_NBit_Reg:29:RegI|              ; 0 (0)               ; 1 (1)                     ; 0           ; 0            ; 0       ; 0         ; 0    ; 0            ; |RISCV_Processor|regFile:RF|reg_N:reg26|dffg:\G_NBit_Reg:29:RegI                                                          ; dffg            ; work         ;
;          |dffg:\G_NBit_Reg:2:RegI|               ; 0 (0)               ; 1 (1)                     ; 0           ; 0            ; 0       ; 0         ; 0    ; 0            ; |RISCV_Processor|regFile:RF|reg_N:reg26|dffg:\G_NBit_Reg:2:RegI                                                           ; dffg            ; work         ;
;          |dffg:\G_NBit_Reg:30:RegI|              ; 0 (0)               ; 1 (1)                     ; 0           ; 0            ; 0       ; 0         ; 0    ; 0            ; |RISCV_Processor|regFile:RF|reg_N:reg26|dffg:\G_NBit_Reg:30:RegI                                                          ; dffg            ; work         ;
;          |dffg:\G_NBit_Reg:31:RegI|              ; 0 (0)               ; 1 (1)                     ; 0           ; 0            ; 0       ; 0         ; 0    ; 0            ; |RISCV_Processor|regFile:RF|reg_N:reg26|dffg:\G_NBit_Reg:31:RegI                                                          ; dffg            ; work         ;
;          |dffg:\G_NBit_Reg:3:RegI|               ; 0 (0)               ; 1 (1)                     ; 0           ; 0            ; 0       ; 0         ; 0    ; 0            ; |RISCV_Processor|regFile:RF|reg_N:reg26|dffg:\G_NBit_Reg:3:RegI                                                           ; dffg            ; work         ;
;          |dffg:\G_NBit_Reg:4:RegI|               ; 0 (0)               ; 1 (1)                     ; 0           ; 0            ; 0       ; 0         ; 0    ; 0            ; |RISCV_Processor|regFile:RF|reg_N:reg26|dffg:\G_NBit_Reg:4:RegI                                                           ; dffg            ; work         ;
;          |dffg:\G_NBit_Reg:5:RegI|               ; 0 (0)               ; 1 (1)                     ; 0           ; 0            ; 0       ; 0         ; 0    ; 0            ; |RISCV_Processor|regFile:RF|reg_N:reg26|dffg:\G_NBit_Reg:5:RegI                                                           ; dffg            ; work         ;
;          |dffg:\G_NBit_Reg:6:RegI|               ; 0 (0)               ; 1 (1)                     ; 0           ; 0            ; 0       ; 0         ; 0    ; 0            ; |RISCV_Processor|regFile:RF|reg_N:reg26|dffg:\G_NBit_Reg:6:RegI                                                           ; dffg            ; work         ;
;          |dffg:\G_NBit_Reg:7:RegI|               ; 0 (0)               ; 1 (1)                     ; 0           ; 0            ; 0       ; 0         ; 0    ; 0            ; |RISCV_Processor|regFile:RF|reg_N:reg26|dffg:\G_NBit_Reg:7:RegI                                                           ; dffg            ; work         ;
;          |dffg:\G_NBit_Reg:8:RegI|               ; 0 (0)               ; 1 (1)                     ; 0           ; 0            ; 0       ; 0         ; 0    ; 0            ; |RISCV_Processor|regFile:RF|reg_N:reg26|dffg:\G_NBit_Reg:8:RegI                                                           ; dffg            ; work         ;
;          |dffg:\G_NBit_Reg:9:RegI|               ; 0 (0)               ; 1 (1)                     ; 0           ; 0            ; 0       ; 0         ; 0    ; 0            ; |RISCV_Processor|regFile:RF|reg_N:reg26|dffg:\G_NBit_Reg:9:RegI                                                           ; dffg            ; work         ;
;       |reg_N:reg27|                              ; 0 (0)               ; 32 (0)                    ; 0           ; 0            ; 0       ; 0         ; 0    ; 0            ; |RISCV_Processor|regFile:RF|reg_N:reg27                                                                                   ; reg_N           ; work         ;
;          |dffg:\G_NBit_Reg:0:RegI|               ; 0 (0)               ; 1 (1)                     ; 0           ; 0            ; 0       ; 0         ; 0    ; 0            ; |RISCV_Processor|regFile:RF|reg_N:reg27|dffg:\G_NBit_Reg:0:RegI                                                           ; dffg            ; work         ;
;          |dffg:\G_NBit_Reg:10:RegI|              ; 0 (0)               ; 1 (1)                     ; 0           ; 0            ; 0       ; 0         ; 0    ; 0            ; |RISCV_Processor|regFile:RF|reg_N:reg27|dffg:\G_NBit_Reg:10:RegI                                                          ; dffg            ; work         ;
;          |dffg:\G_NBit_Reg:11:RegI|              ; 0 (0)               ; 1 (1)                     ; 0           ; 0            ; 0       ; 0         ; 0    ; 0            ; |RISCV_Processor|regFile:RF|reg_N:reg27|dffg:\G_NBit_Reg:11:RegI                                                          ; dffg            ; work         ;
;          |dffg:\G_NBit_Reg:12:RegI|              ; 0 (0)               ; 1 (1)                     ; 0           ; 0            ; 0       ; 0         ; 0    ; 0            ; |RISCV_Processor|regFile:RF|reg_N:reg27|dffg:\G_NBit_Reg:12:RegI                                                          ; dffg            ; work         ;
;          |dffg:\G_NBit_Reg:13:RegI|              ; 0 (0)               ; 1 (1)                     ; 0           ; 0            ; 0       ; 0         ; 0    ; 0            ; |RISCV_Processor|regFile:RF|reg_N:reg27|dffg:\G_NBit_Reg:13:RegI                                                          ; dffg            ; work         ;
;          |dffg:\G_NBit_Reg:14:RegI|              ; 0 (0)               ; 1 (1)                     ; 0           ; 0            ; 0       ; 0         ; 0    ; 0            ; |RISCV_Processor|regFile:RF|reg_N:reg27|dffg:\G_NBit_Reg:14:RegI                                                          ; dffg            ; work         ;
;          |dffg:\G_NBit_Reg:15:RegI|              ; 0 (0)               ; 1 (1)                     ; 0           ; 0            ; 0       ; 0         ; 0    ; 0            ; |RISCV_Processor|regFile:RF|reg_N:reg27|dffg:\G_NBit_Reg:15:RegI                                                          ; dffg            ; work         ;
;          |dffg:\G_NBit_Reg:16:RegI|              ; 0 (0)               ; 1 (1)                     ; 0           ; 0            ; 0       ; 0         ; 0    ; 0            ; |RISCV_Processor|regFile:RF|reg_N:reg27|dffg:\G_NBit_Reg:16:RegI                                                          ; dffg            ; work         ;
;          |dffg:\G_NBit_Reg:17:RegI|              ; 0 (0)               ; 1 (1)                     ; 0           ; 0            ; 0       ; 0         ; 0    ; 0            ; |RISCV_Processor|regFile:RF|reg_N:reg27|dffg:\G_NBit_Reg:17:RegI                                                          ; dffg            ; work         ;
;          |dffg:\G_NBit_Reg:18:RegI|              ; 0 (0)               ; 1 (1)                     ; 0           ; 0            ; 0       ; 0         ; 0    ; 0            ; |RISCV_Processor|regFile:RF|reg_N:reg27|dffg:\G_NBit_Reg:18:RegI                                                          ; dffg            ; work         ;
;          |dffg:\G_NBit_Reg:19:RegI|              ; 0 (0)               ; 1 (1)                     ; 0           ; 0            ; 0       ; 0         ; 0    ; 0            ; |RISCV_Processor|regFile:RF|reg_N:reg27|dffg:\G_NBit_Reg:19:RegI                                                          ; dffg            ; work         ;
;          |dffg:\G_NBit_Reg:1:RegI|               ; 0 (0)               ; 1 (1)                     ; 0           ; 0            ; 0       ; 0         ; 0    ; 0            ; |RISCV_Processor|regFile:RF|reg_N:reg27|dffg:\G_NBit_Reg:1:RegI                                                           ; dffg            ; work         ;
;          |dffg:\G_NBit_Reg:20:RegI|              ; 0 (0)               ; 1 (1)                     ; 0           ; 0            ; 0       ; 0         ; 0    ; 0            ; |RISCV_Processor|regFile:RF|reg_N:reg27|dffg:\G_NBit_Reg:20:RegI                                                          ; dffg            ; work         ;
;          |dffg:\G_NBit_Reg:21:RegI|              ; 0 (0)               ; 1 (1)                     ; 0           ; 0            ; 0       ; 0         ; 0    ; 0            ; |RISCV_Processor|regFile:RF|reg_N:reg27|dffg:\G_NBit_Reg:21:RegI                                                          ; dffg            ; work         ;
;          |dffg:\G_NBit_Reg:22:RegI|              ; 0 (0)               ; 1 (1)                     ; 0           ; 0            ; 0       ; 0         ; 0    ; 0            ; |RISCV_Processor|regFile:RF|reg_N:reg27|dffg:\G_NBit_Reg:22:RegI                                                          ; dffg            ; work         ;
;          |dffg:\G_NBit_Reg:23:RegI|              ; 0 (0)               ; 1 (1)                     ; 0           ; 0            ; 0       ; 0         ; 0    ; 0            ; |RISCV_Processor|regFile:RF|reg_N:reg27|dffg:\G_NBit_Reg:23:RegI                                                          ; dffg            ; work         ;
;          |dffg:\G_NBit_Reg:24:RegI|              ; 0 (0)               ; 1 (1)                     ; 0           ; 0            ; 0       ; 0         ; 0    ; 0            ; |RISCV_Processor|regFile:RF|reg_N:reg27|dffg:\G_NBit_Reg:24:RegI                                                          ; dffg            ; work         ;
;          |dffg:\G_NBit_Reg:25:RegI|              ; 0 (0)               ; 1 (1)                     ; 0           ; 0            ; 0       ; 0         ; 0    ; 0            ; |RISCV_Processor|regFile:RF|reg_N:reg27|dffg:\G_NBit_Reg:25:RegI                                                          ; dffg            ; work         ;
;          |dffg:\G_NBit_Reg:26:RegI|              ; 0 (0)               ; 1 (1)                     ; 0           ; 0            ; 0       ; 0         ; 0    ; 0            ; |RISCV_Processor|regFile:RF|reg_N:reg27|dffg:\G_NBit_Reg:26:RegI                                                          ; dffg            ; work         ;
;          |dffg:\G_NBit_Reg:27:RegI|              ; 0 (0)               ; 1 (1)                     ; 0           ; 0            ; 0       ; 0         ; 0    ; 0            ; |RISCV_Processor|regFile:RF|reg_N:reg27|dffg:\G_NBit_Reg:27:RegI                                                          ; dffg            ; work         ;
;          |dffg:\G_NBit_Reg:28:RegI|              ; 0 (0)               ; 1 (1)                     ; 0           ; 0            ; 0       ; 0         ; 0    ; 0            ; |RISCV_Processor|regFile:RF|reg_N:reg27|dffg:\G_NBit_Reg:28:RegI                                                          ; dffg            ; work         ;
;          |dffg:\G_NBit_Reg:29:RegI|              ; 0 (0)               ; 1 (1)                     ; 0           ; 0            ; 0       ; 0         ; 0    ; 0            ; |RISCV_Processor|regFile:RF|reg_N:reg27|dffg:\G_NBit_Reg:29:RegI                                                          ; dffg            ; work         ;
;          |dffg:\G_NBit_Reg:2:RegI|               ; 0 (0)               ; 1 (1)                     ; 0           ; 0            ; 0       ; 0         ; 0    ; 0            ; |RISCV_Processor|regFile:RF|reg_N:reg27|dffg:\G_NBit_Reg:2:RegI                                                           ; dffg            ; work         ;
;          |dffg:\G_NBit_Reg:30:RegI|              ; 0 (0)               ; 1 (1)                     ; 0           ; 0            ; 0       ; 0         ; 0    ; 0            ; |RISCV_Processor|regFile:RF|reg_N:reg27|dffg:\G_NBit_Reg:30:RegI                                                          ; dffg            ; work         ;
;          |dffg:\G_NBit_Reg:31:RegI|              ; 0 (0)               ; 1 (1)                     ; 0           ; 0            ; 0       ; 0         ; 0    ; 0            ; |RISCV_Processor|regFile:RF|reg_N:reg27|dffg:\G_NBit_Reg:31:RegI                                                          ; dffg            ; work         ;
;          |dffg:\G_NBit_Reg:3:RegI|               ; 0 (0)               ; 1 (1)                     ; 0           ; 0            ; 0       ; 0         ; 0    ; 0            ; |RISCV_Processor|regFile:RF|reg_N:reg27|dffg:\G_NBit_Reg:3:RegI                                                           ; dffg            ; work         ;
;          |dffg:\G_NBit_Reg:4:RegI|               ; 0 (0)               ; 1 (1)                     ; 0           ; 0            ; 0       ; 0         ; 0    ; 0            ; |RISCV_Processor|regFile:RF|reg_N:reg27|dffg:\G_NBit_Reg:4:RegI                                                           ; dffg            ; work         ;
;          |dffg:\G_NBit_Reg:5:RegI|               ; 0 (0)               ; 1 (1)                     ; 0           ; 0            ; 0       ; 0         ; 0    ; 0            ; |RISCV_Processor|regFile:RF|reg_N:reg27|dffg:\G_NBit_Reg:5:RegI                                                           ; dffg            ; work         ;
;          |dffg:\G_NBit_Reg:6:RegI|               ; 0 (0)               ; 1 (1)                     ; 0           ; 0            ; 0       ; 0         ; 0    ; 0            ; |RISCV_Processor|regFile:RF|reg_N:reg27|dffg:\G_NBit_Reg:6:RegI                                                           ; dffg            ; work         ;
;          |dffg:\G_NBit_Reg:7:RegI|               ; 0 (0)               ; 1 (1)                     ; 0           ; 0            ; 0       ; 0         ; 0    ; 0            ; |RISCV_Processor|regFile:RF|reg_N:reg27|dffg:\G_NBit_Reg:7:RegI                                                           ; dffg            ; work         ;
;          |dffg:\G_NBit_Reg:8:RegI|               ; 0 (0)               ; 1 (1)                     ; 0           ; 0            ; 0       ; 0         ; 0    ; 0            ; |RISCV_Processor|regFile:RF|reg_N:reg27|dffg:\G_NBit_Reg:8:RegI                                                           ; dffg            ; work         ;
;          |dffg:\G_NBit_Reg:9:RegI|               ; 0 (0)               ; 1 (1)                     ; 0           ; 0            ; 0       ; 0         ; 0    ; 0            ; |RISCV_Processor|regFile:RF|reg_N:reg27|dffg:\G_NBit_Reg:9:RegI                                                           ; dffg            ; work         ;
;       |reg_N:reg28|                              ; 0 (0)               ; 32 (0)                    ; 0           ; 0            ; 0       ; 0         ; 0    ; 0            ; |RISCV_Processor|regFile:RF|reg_N:reg28                                                                                   ; reg_N           ; work         ;
;          |dffg:\G_NBit_Reg:0:RegI|               ; 0 (0)               ; 1 (1)                     ; 0           ; 0            ; 0       ; 0         ; 0    ; 0            ; |RISCV_Processor|regFile:RF|reg_N:reg28|dffg:\G_NBit_Reg:0:RegI                                                           ; dffg            ; work         ;
;          |dffg:\G_NBit_Reg:10:RegI|              ; 0 (0)               ; 1 (1)                     ; 0           ; 0            ; 0       ; 0         ; 0    ; 0            ; |RISCV_Processor|regFile:RF|reg_N:reg28|dffg:\G_NBit_Reg:10:RegI                                                          ; dffg            ; work         ;
;          |dffg:\G_NBit_Reg:11:RegI|              ; 0 (0)               ; 1 (1)                     ; 0           ; 0            ; 0       ; 0         ; 0    ; 0            ; |RISCV_Processor|regFile:RF|reg_N:reg28|dffg:\G_NBit_Reg:11:RegI                                                          ; dffg            ; work         ;
;          |dffg:\G_NBit_Reg:12:RegI|              ; 0 (0)               ; 1 (1)                     ; 0           ; 0            ; 0       ; 0         ; 0    ; 0            ; |RISCV_Processor|regFile:RF|reg_N:reg28|dffg:\G_NBit_Reg:12:RegI                                                          ; dffg            ; work         ;
;          |dffg:\G_NBit_Reg:13:RegI|              ; 0 (0)               ; 1 (1)                     ; 0           ; 0            ; 0       ; 0         ; 0    ; 0            ; |RISCV_Processor|regFile:RF|reg_N:reg28|dffg:\G_NBit_Reg:13:RegI                                                          ; dffg            ; work         ;
;          |dffg:\G_NBit_Reg:14:RegI|              ; 0 (0)               ; 1 (1)                     ; 0           ; 0            ; 0       ; 0         ; 0    ; 0            ; |RISCV_Processor|regFile:RF|reg_N:reg28|dffg:\G_NBit_Reg:14:RegI                                                          ; dffg            ; work         ;
;          |dffg:\G_NBit_Reg:15:RegI|              ; 0 (0)               ; 1 (1)                     ; 0           ; 0            ; 0       ; 0         ; 0    ; 0            ; |RISCV_Processor|regFile:RF|reg_N:reg28|dffg:\G_NBit_Reg:15:RegI                                                          ; dffg            ; work         ;
;          |dffg:\G_NBit_Reg:16:RegI|              ; 0 (0)               ; 1 (1)                     ; 0           ; 0            ; 0       ; 0         ; 0    ; 0            ; |RISCV_Processor|regFile:RF|reg_N:reg28|dffg:\G_NBit_Reg:16:RegI                                                          ; dffg            ; work         ;
;          |dffg:\G_NBit_Reg:17:RegI|              ; 0 (0)               ; 1 (1)                     ; 0           ; 0            ; 0       ; 0         ; 0    ; 0            ; |RISCV_Processor|regFile:RF|reg_N:reg28|dffg:\G_NBit_Reg:17:RegI                                                          ; dffg            ; work         ;
;          |dffg:\G_NBit_Reg:18:RegI|              ; 0 (0)               ; 1 (1)                     ; 0           ; 0            ; 0       ; 0         ; 0    ; 0            ; |RISCV_Processor|regFile:RF|reg_N:reg28|dffg:\G_NBit_Reg:18:RegI                                                          ; dffg            ; work         ;
;          |dffg:\G_NBit_Reg:19:RegI|              ; 0 (0)               ; 1 (1)                     ; 0           ; 0            ; 0       ; 0         ; 0    ; 0            ; |RISCV_Processor|regFile:RF|reg_N:reg28|dffg:\G_NBit_Reg:19:RegI                                                          ; dffg            ; work         ;
;          |dffg:\G_NBit_Reg:1:RegI|               ; 0 (0)               ; 1 (1)                     ; 0           ; 0            ; 0       ; 0         ; 0    ; 0            ; |RISCV_Processor|regFile:RF|reg_N:reg28|dffg:\G_NBit_Reg:1:RegI                                                           ; dffg            ; work         ;
;          |dffg:\G_NBit_Reg:20:RegI|              ; 0 (0)               ; 1 (1)                     ; 0           ; 0            ; 0       ; 0         ; 0    ; 0            ; |RISCV_Processor|regFile:RF|reg_N:reg28|dffg:\G_NBit_Reg:20:RegI                                                          ; dffg            ; work         ;
;          |dffg:\G_NBit_Reg:21:RegI|              ; 0 (0)               ; 1 (1)                     ; 0           ; 0            ; 0       ; 0         ; 0    ; 0            ; |RISCV_Processor|regFile:RF|reg_N:reg28|dffg:\G_NBit_Reg:21:RegI                                                          ; dffg            ; work         ;
;          |dffg:\G_NBit_Reg:22:RegI|              ; 0 (0)               ; 1 (1)                     ; 0           ; 0            ; 0       ; 0         ; 0    ; 0            ; |RISCV_Processor|regFile:RF|reg_N:reg28|dffg:\G_NBit_Reg:22:RegI                                                          ; dffg            ; work         ;
;          |dffg:\G_NBit_Reg:23:RegI|              ; 0 (0)               ; 1 (1)                     ; 0           ; 0            ; 0       ; 0         ; 0    ; 0            ; |RISCV_Processor|regFile:RF|reg_N:reg28|dffg:\G_NBit_Reg:23:RegI                                                          ; dffg            ; work         ;
;          |dffg:\G_NBit_Reg:24:RegI|              ; 0 (0)               ; 1 (1)                     ; 0           ; 0            ; 0       ; 0         ; 0    ; 0            ; |RISCV_Processor|regFile:RF|reg_N:reg28|dffg:\G_NBit_Reg:24:RegI                                                          ; dffg            ; work         ;
;          |dffg:\G_NBit_Reg:25:RegI|              ; 0 (0)               ; 1 (1)                     ; 0           ; 0            ; 0       ; 0         ; 0    ; 0            ; |RISCV_Processor|regFile:RF|reg_N:reg28|dffg:\G_NBit_Reg:25:RegI                                                          ; dffg            ; work         ;
;          |dffg:\G_NBit_Reg:26:RegI|              ; 0 (0)               ; 1 (1)                     ; 0           ; 0            ; 0       ; 0         ; 0    ; 0            ; |RISCV_Processor|regFile:RF|reg_N:reg28|dffg:\G_NBit_Reg:26:RegI                                                          ; dffg            ; work         ;
;          |dffg:\G_NBit_Reg:27:RegI|              ; 0 (0)               ; 1 (1)                     ; 0           ; 0            ; 0       ; 0         ; 0    ; 0            ; |RISCV_Processor|regFile:RF|reg_N:reg28|dffg:\G_NBit_Reg:27:RegI                                                          ; dffg            ; work         ;
;          |dffg:\G_NBit_Reg:28:RegI|              ; 0 (0)               ; 1 (1)                     ; 0           ; 0            ; 0       ; 0         ; 0    ; 0            ; |RISCV_Processor|regFile:RF|reg_N:reg28|dffg:\G_NBit_Reg:28:RegI                                                          ; dffg            ; work         ;
;          |dffg:\G_NBit_Reg:29:RegI|              ; 0 (0)               ; 1 (1)                     ; 0           ; 0            ; 0       ; 0         ; 0    ; 0            ; |RISCV_Processor|regFile:RF|reg_N:reg28|dffg:\G_NBit_Reg:29:RegI                                                          ; dffg            ; work         ;
;          |dffg:\G_NBit_Reg:2:RegI|               ; 0 (0)               ; 1 (1)                     ; 0           ; 0            ; 0       ; 0         ; 0    ; 0            ; |RISCV_Processor|regFile:RF|reg_N:reg28|dffg:\G_NBit_Reg:2:RegI                                                           ; dffg            ; work         ;
;          |dffg:\G_NBit_Reg:30:RegI|              ; 0 (0)               ; 1 (1)                     ; 0           ; 0            ; 0       ; 0         ; 0    ; 0            ; |RISCV_Processor|regFile:RF|reg_N:reg28|dffg:\G_NBit_Reg:30:RegI                                                          ; dffg            ; work         ;
;          |dffg:\G_NBit_Reg:31:RegI|              ; 0 (0)               ; 1 (1)                     ; 0           ; 0            ; 0       ; 0         ; 0    ; 0            ; |RISCV_Processor|regFile:RF|reg_N:reg28|dffg:\G_NBit_Reg:31:RegI                                                          ; dffg            ; work         ;
;          |dffg:\G_NBit_Reg:3:RegI|               ; 0 (0)               ; 1 (1)                     ; 0           ; 0            ; 0       ; 0         ; 0    ; 0            ; |RISCV_Processor|regFile:RF|reg_N:reg28|dffg:\G_NBit_Reg:3:RegI                                                           ; dffg            ; work         ;
;          |dffg:\G_NBit_Reg:4:RegI|               ; 0 (0)               ; 1 (1)                     ; 0           ; 0            ; 0       ; 0         ; 0    ; 0            ; |RISCV_Processor|regFile:RF|reg_N:reg28|dffg:\G_NBit_Reg:4:RegI                                                           ; dffg            ; work         ;
;          |dffg:\G_NBit_Reg:5:RegI|               ; 0 (0)               ; 1 (1)                     ; 0           ; 0            ; 0       ; 0         ; 0    ; 0            ; |RISCV_Processor|regFile:RF|reg_N:reg28|dffg:\G_NBit_Reg:5:RegI                                                           ; dffg            ; work         ;
;          |dffg:\G_NBit_Reg:6:RegI|               ; 0 (0)               ; 1 (1)                     ; 0           ; 0            ; 0       ; 0         ; 0    ; 0            ; |RISCV_Processor|regFile:RF|reg_N:reg28|dffg:\G_NBit_Reg:6:RegI                                                           ; dffg            ; work         ;
;          |dffg:\G_NBit_Reg:7:RegI|               ; 0 (0)               ; 1 (1)                     ; 0           ; 0            ; 0       ; 0         ; 0    ; 0            ; |RISCV_Processor|regFile:RF|reg_N:reg28|dffg:\G_NBit_Reg:7:RegI                                                           ; dffg            ; work         ;
;          |dffg:\G_NBit_Reg:8:RegI|               ; 0 (0)               ; 1 (1)                     ; 0           ; 0            ; 0       ; 0         ; 0    ; 0            ; |RISCV_Processor|regFile:RF|reg_N:reg28|dffg:\G_NBit_Reg:8:RegI                                                           ; dffg            ; work         ;
;          |dffg:\G_NBit_Reg:9:RegI|               ; 0 (0)               ; 1 (1)                     ; 0           ; 0            ; 0       ; 0         ; 0    ; 0            ; |RISCV_Processor|regFile:RF|reg_N:reg28|dffg:\G_NBit_Reg:9:RegI                                                           ; dffg            ; work         ;
;       |reg_N:reg29|                              ; 0 (0)               ; 32 (0)                    ; 0           ; 0            ; 0       ; 0         ; 0    ; 0            ; |RISCV_Processor|regFile:RF|reg_N:reg29                                                                                   ; reg_N           ; work         ;
;          |dffg:\G_NBit_Reg:0:RegI|               ; 0 (0)               ; 1 (1)                     ; 0           ; 0            ; 0       ; 0         ; 0    ; 0            ; |RISCV_Processor|regFile:RF|reg_N:reg29|dffg:\G_NBit_Reg:0:RegI                                                           ; dffg            ; work         ;
;          |dffg:\G_NBit_Reg:10:RegI|              ; 0 (0)               ; 1 (1)                     ; 0           ; 0            ; 0       ; 0         ; 0    ; 0            ; |RISCV_Processor|regFile:RF|reg_N:reg29|dffg:\G_NBit_Reg:10:RegI                                                          ; dffg            ; work         ;
;          |dffg:\G_NBit_Reg:11:RegI|              ; 0 (0)               ; 1 (1)                     ; 0           ; 0            ; 0       ; 0         ; 0    ; 0            ; |RISCV_Processor|regFile:RF|reg_N:reg29|dffg:\G_NBit_Reg:11:RegI                                                          ; dffg            ; work         ;
;          |dffg:\G_NBit_Reg:12:RegI|              ; 0 (0)               ; 1 (1)                     ; 0           ; 0            ; 0       ; 0         ; 0    ; 0            ; |RISCV_Processor|regFile:RF|reg_N:reg29|dffg:\G_NBit_Reg:12:RegI                                                          ; dffg            ; work         ;
;          |dffg:\G_NBit_Reg:13:RegI|              ; 0 (0)               ; 1 (1)                     ; 0           ; 0            ; 0       ; 0         ; 0    ; 0            ; |RISCV_Processor|regFile:RF|reg_N:reg29|dffg:\G_NBit_Reg:13:RegI                                                          ; dffg            ; work         ;
;          |dffg:\G_NBit_Reg:14:RegI|              ; 0 (0)               ; 1 (1)                     ; 0           ; 0            ; 0       ; 0         ; 0    ; 0            ; |RISCV_Processor|regFile:RF|reg_N:reg29|dffg:\G_NBit_Reg:14:RegI                                                          ; dffg            ; work         ;
;          |dffg:\G_NBit_Reg:15:RegI|              ; 0 (0)               ; 1 (1)                     ; 0           ; 0            ; 0       ; 0         ; 0    ; 0            ; |RISCV_Processor|regFile:RF|reg_N:reg29|dffg:\G_NBit_Reg:15:RegI                                                          ; dffg            ; work         ;
;          |dffg:\G_NBit_Reg:16:RegI|              ; 0 (0)               ; 1 (1)                     ; 0           ; 0            ; 0       ; 0         ; 0    ; 0            ; |RISCV_Processor|regFile:RF|reg_N:reg29|dffg:\G_NBit_Reg:16:RegI                                                          ; dffg            ; work         ;
;          |dffg:\G_NBit_Reg:17:RegI|              ; 0 (0)               ; 1 (1)                     ; 0           ; 0            ; 0       ; 0         ; 0    ; 0            ; |RISCV_Processor|regFile:RF|reg_N:reg29|dffg:\G_NBit_Reg:17:RegI                                                          ; dffg            ; work         ;
;          |dffg:\G_NBit_Reg:18:RegI|              ; 0 (0)               ; 1 (1)                     ; 0           ; 0            ; 0       ; 0         ; 0    ; 0            ; |RISCV_Processor|regFile:RF|reg_N:reg29|dffg:\G_NBit_Reg:18:RegI                                                          ; dffg            ; work         ;
;          |dffg:\G_NBit_Reg:19:RegI|              ; 0 (0)               ; 1 (1)                     ; 0           ; 0            ; 0       ; 0         ; 0    ; 0            ; |RISCV_Processor|regFile:RF|reg_N:reg29|dffg:\G_NBit_Reg:19:RegI                                                          ; dffg            ; work         ;
;          |dffg:\G_NBit_Reg:1:RegI|               ; 0 (0)               ; 1 (1)                     ; 0           ; 0            ; 0       ; 0         ; 0    ; 0            ; |RISCV_Processor|regFile:RF|reg_N:reg29|dffg:\G_NBit_Reg:1:RegI                                                           ; dffg            ; work         ;
;          |dffg:\G_NBit_Reg:20:RegI|              ; 0 (0)               ; 1 (1)                     ; 0           ; 0            ; 0       ; 0         ; 0    ; 0            ; |RISCV_Processor|regFile:RF|reg_N:reg29|dffg:\G_NBit_Reg:20:RegI                                                          ; dffg            ; work         ;
;          |dffg:\G_NBit_Reg:21:RegI|              ; 0 (0)               ; 1 (1)                     ; 0           ; 0            ; 0       ; 0         ; 0    ; 0            ; |RISCV_Processor|regFile:RF|reg_N:reg29|dffg:\G_NBit_Reg:21:RegI                                                          ; dffg            ; work         ;
;          |dffg:\G_NBit_Reg:22:RegI|              ; 0 (0)               ; 1 (1)                     ; 0           ; 0            ; 0       ; 0         ; 0    ; 0            ; |RISCV_Processor|regFile:RF|reg_N:reg29|dffg:\G_NBit_Reg:22:RegI                                                          ; dffg            ; work         ;
;          |dffg:\G_NBit_Reg:23:RegI|              ; 0 (0)               ; 1 (1)                     ; 0           ; 0            ; 0       ; 0         ; 0    ; 0            ; |RISCV_Processor|regFile:RF|reg_N:reg29|dffg:\G_NBit_Reg:23:RegI                                                          ; dffg            ; work         ;
;          |dffg:\G_NBit_Reg:24:RegI|              ; 0 (0)               ; 1 (1)                     ; 0           ; 0            ; 0       ; 0         ; 0    ; 0            ; |RISCV_Processor|regFile:RF|reg_N:reg29|dffg:\G_NBit_Reg:24:RegI                                                          ; dffg            ; work         ;
;          |dffg:\G_NBit_Reg:25:RegI|              ; 0 (0)               ; 1 (1)                     ; 0           ; 0            ; 0       ; 0         ; 0    ; 0            ; |RISCV_Processor|regFile:RF|reg_N:reg29|dffg:\G_NBit_Reg:25:RegI                                                          ; dffg            ; work         ;
;          |dffg:\G_NBit_Reg:26:RegI|              ; 0 (0)               ; 1 (1)                     ; 0           ; 0            ; 0       ; 0         ; 0    ; 0            ; |RISCV_Processor|regFile:RF|reg_N:reg29|dffg:\G_NBit_Reg:26:RegI                                                          ; dffg            ; work         ;
;          |dffg:\G_NBit_Reg:27:RegI|              ; 0 (0)               ; 1 (1)                     ; 0           ; 0            ; 0       ; 0         ; 0    ; 0            ; |RISCV_Processor|regFile:RF|reg_N:reg29|dffg:\G_NBit_Reg:27:RegI                                                          ; dffg            ; work         ;
;          |dffg:\G_NBit_Reg:28:RegI|              ; 0 (0)               ; 1 (1)                     ; 0           ; 0            ; 0       ; 0         ; 0    ; 0            ; |RISCV_Processor|regFile:RF|reg_N:reg29|dffg:\G_NBit_Reg:28:RegI                                                          ; dffg            ; work         ;
;          |dffg:\G_NBit_Reg:29:RegI|              ; 0 (0)               ; 1 (1)                     ; 0           ; 0            ; 0       ; 0         ; 0    ; 0            ; |RISCV_Processor|regFile:RF|reg_N:reg29|dffg:\G_NBit_Reg:29:RegI                                                          ; dffg            ; work         ;
;          |dffg:\G_NBit_Reg:2:RegI|               ; 0 (0)               ; 1 (1)                     ; 0           ; 0            ; 0       ; 0         ; 0    ; 0            ; |RISCV_Processor|regFile:RF|reg_N:reg29|dffg:\G_NBit_Reg:2:RegI                                                           ; dffg            ; work         ;
;          |dffg:\G_NBit_Reg:30:RegI|              ; 0 (0)               ; 1 (1)                     ; 0           ; 0            ; 0       ; 0         ; 0    ; 0            ; |RISCV_Processor|regFile:RF|reg_N:reg29|dffg:\G_NBit_Reg:30:RegI                                                          ; dffg            ; work         ;
;          |dffg:\G_NBit_Reg:31:RegI|              ; 0 (0)               ; 1 (1)                     ; 0           ; 0            ; 0       ; 0         ; 0    ; 0            ; |RISCV_Processor|regFile:RF|reg_N:reg29|dffg:\G_NBit_Reg:31:RegI                                                          ; dffg            ; work         ;
;          |dffg:\G_NBit_Reg:3:RegI|               ; 0 (0)               ; 1 (1)                     ; 0           ; 0            ; 0       ; 0         ; 0    ; 0            ; |RISCV_Processor|regFile:RF|reg_N:reg29|dffg:\G_NBit_Reg:3:RegI                                                           ; dffg            ; work         ;
;          |dffg:\G_NBit_Reg:4:RegI|               ; 0 (0)               ; 1 (1)                     ; 0           ; 0            ; 0       ; 0         ; 0    ; 0            ; |RISCV_Processor|regFile:RF|reg_N:reg29|dffg:\G_NBit_Reg:4:RegI                                                           ; dffg            ; work         ;
;          |dffg:\G_NBit_Reg:5:RegI|               ; 0 (0)               ; 1 (1)                     ; 0           ; 0            ; 0       ; 0         ; 0    ; 0            ; |RISCV_Processor|regFile:RF|reg_N:reg29|dffg:\G_NBit_Reg:5:RegI                                                           ; dffg            ; work         ;
;          |dffg:\G_NBit_Reg:6:RegI|               ; 0 (0)               ; 1 (1)                     ; 0           ; 0            ; 0       ; 0         ; 0    ; 0            ; |RISCV_Processor|regFile:RF|reg_N:reg29|dffg:\G_NBit_Reg:6:RegI                                                           ; dffg            ; work         ;
;          |dffg:\G_NBit_Reg:7:RegI|               ; 0 (0)               ; 1 (1)                     ; 0           ; 0            ; 0       ; 0         ; 0    ; 0            ; |RISCV_Processor|regFile:RF|reg_N:reg29|dffg:\G_NBit_Reg:7:RegI                                                           ; dffg            ; work         ;
;          |dffg:\G_NBit_Reg:8:RegI|               ; 0 (0)               ; 1 (1)                     ; 0           ; 0            ; 0       ; 0         ; 0    ; 0            ; |RISCV_Processor|regFile:RF|reg_N:reg29|dffg:\G_NBit_Reg:8:RegI                                                           ; dffg            ; work         ;
;          |dffg:\G_NBit_Reg:9:RegI|               ; 0 (0)               ; 1 (1)                     ; 0           ; 0            ; 0       ; 0         ; 0    ; 0            ; |RISCV_Processor|regFile:RF|reg_N:reg29|dffg:\G_NBit_Reg:9:RegI                                                           ; dffg            ; work         ;
;       |reg_N:reg2|                               ; 0 (0)               ; 32 (0)                    ; 0           ; 0            ; 0       ; 0         ; 0    ; 0            ; |RISCV_Processor|regFile:RF|reg_N:reg2                                                                                    ; reg_N           ; work         ;
;          |dffg:\G_NBit_Reg:0:RegI|               ; 0 (0)               ; 1 (1)                     ; 0           ; 0            ; 0       ; 0         ; 0    ; 0            ; |RISCV_Processor|regFile:RF|reg_N:reg2|dffg:\G_NBit_Reg:0:RegI                                                            ; dffg            ; work         ;
;          |dffg:\G_NBit_Reg:10:RegI|              ; 0 (0)               ; 1 (1)                     ; 0           ; 0            ; 0       ; 0         ; 0    ; 0            ; |RISCV_Processor|regFile:RF|reg_N:reg2|dffg:\G_NBit_Reg:10:RegI                                                           ; dffg            ; work         ;
;          |dffg:\G_NBit_Reg:11:RegI|              ; 0 (0)               ; 1 (1)                     ; 0           ; 0            ; 0       ; 0         ; 0    ; 0            ; |RISCV_Processor|regFile:RF|reg_N:reg2|dffg:\G_NBit_Reg:11:RegI                                                           ; dffg            ; work         ;
;          |dffg:\G_NBit_Reg:12:RegI|              ; 0 (0)               ; 1 (1)                     ; 0           ; 0            ; 0       ; 0         ; 0    ; 0            ; |RISCV_Processor|regFile:RF|reg_N:reg2|dffg:\G_NBit_Reg:12:RegI                                                           ; dffg            ; work         ;
;          |dffg:\G_NBit_Reg:13:RegI|              ; 0 (0)               ; 1 (1)                     ; 0           ; 0            ; 0       ; 0         ; 0    ; 0            ; |RISCV_Processor|regFile:RF|reg_N:reg2|dffg:\G_NBit_Reg:13:RegI                                                           ; dffg            ; work         ;
;          |dffg:\G_NBit_Reg:14:RegI|              ; 0 (0)               ; 1 (1)                     ; 0           ; 0            ; 0       ; 0         ; 0    ; 0            ; |RISCV_Processor|regFile:RF|reg_N:reg2|dffg:\G_NBit_Reg:14:RegI                                                           ; dffg            ; work         ;
;          |dffg:\G_NBit_Reg:15:RegI|              ; 0 (0)               ; 1 (1)                     ; 0           ; 0            ; 0       ; 0         ; 0    ; 0            ; |RISCV_Processor|regFile:RF|reg_N:reg2|dffg:\G_NBit_Reg:15:RegI                                                           ; dffg            ; work         ;
;          |dffg:\G_NBit_Reg:16:RegI|              ; 0 (0)               ; 1 (1)                     ; 0           ; 0            ; 0       ; 0         ; 0    ; 0            ; |RISCV_Processor|regFile:RF|reg_N:reg2|dffg:\G_NBit_Reg:16:RegI                                                           ; dffg            ; work         ;
;          |dffg:\G_NBit_Reg:17:RegI|              ; 0 (0)               ; 1 (1)                     ; 0           ; 0            ; 0       ; 0         ; 0    ; 0            ; |RISCV_Processor|regFile:RF|reg_N:reg2|dffg:\G_NBit_Reg:17:RegI                                                           ; dffg            ; work         ;
;          |dffg:\G_NBit_Reg:18:RegI|              ; 0 (0)               ; 1 (1)                     ; 0           ; 0            ; 0       ; 0         ; 0    ; 0            ; |RISCV_Processor|regFile:RF|reg_N:reg2|dffg:\G_NBit_Reg:18:RegI                                                           ; dffg            ; work         ;
;          |dffg:\G_NBit_Reg:19:RegI|              ; 0 (0)               ; 1 (1)                     ; 0           ; 0            ; 0       ; 0         ; 0    ; 0            ; |RISCV_Processor|regFile:RF|reg_N:reg2|dffg:\G_NBit_Reg:19:RegI                                                           ; dffg            ; work         ;
;          |dffg:\G_NBit_Reg:1:RegI|               ; 0 (0)               ; 1 (1)                     ; 0           ; 0            ; 0       ; 0         ; 0    ; 0            ; |RISCV_Processor|regFile:RF|reg_N:reg2|dffg:\G_NBit_Reg:1:RegI                                                            ; dffg            ; work         ;
;          |dffg:\G_NBit_Reg:20:RegI|              ; 0 (0)               ; 1 (1)                     ; 0           ; 0            ; 0       ; 0         ; 0    ; 0            ; |RISCV_Processor|regFile:RF|reg_N:reg2|dffg:\G_NBit_Reg:20:RegI                                                           ; dffg            ; work         ;
;          |dffg:\G_NBit_Reg:21:RegI|              ; 0 (0)               ; 1 (1)                     ; 0           ; 0            ; 0       ; 0         ; 0    ; 0            ; |RISCV_Processor|regFile:RF|reg_N:reg2|dffg:\G_NBit_Reg:21:RegI                                                           ; dffg            ; work         ;
;          |dffg:\G_NBit_Reg:22:RegI|              ; 0 (0)               ; 1 (1)                     ; 0           ; 0            ; 0       ; 0         ; 0    ; 0            ; |RISCV_Processor|regFile:RF|reg_N:reg2|dffg:\G_NBit_Reg:22:RegI                                                           ; dffg            ; work         ;
;          |dffg:\G_NBit_Reg:23:RegI|              ; 0 (0)               ; 1 (1)                     ; 0           ; 0            ; 0       ; 0         ; 0    ; 0            ; |RISCV_Processor|regFile:RF|reg_N:reg2|dffg:\G_NBit_Reg:23:RegI                                                           ; dffg            ; work         ;
;          |dffg:\G_NBit_Reg:24:RegI|              ; 0 (0)               ; 1 (1)                     ; 0           ; 0            ; 0       ; 0         ; 0    ; 0            ; |RISCV_Processor|regFile:RF|reg_N:reg2|dffg:\G_NBit_Reg:24:RegI                                                           ; dffg            ; work         ;
;          |dffg:\G_NBit_Reg:25:RegI|              ; 0 (0)               ; 1 (1)                     ; 0           ; 0            ; 0       ; 0         ; 0    ; 0            ; |RISCV_Processor|regFile:RF|reg_N:reg2|dffg:\G_NBit_Reg:25:RegI                                                           ; dffg            ; work         ;
;          |dffg:\G_NBit_Reg:26:RegI|              ; 0 (0)               ; 1 (1)                     ; 0           ; 0            ; 0       ; 0         ; 0    ; 0            ; |RISCV_Processor|regFile:RF|reg_N:reg2|dffg:\G_NBit_Reg:26:RegI                                                           ; dffg            ; work         ;
;          |dffg:\G_NBit_Reg:27:RegI|              ; 0 (0)               ; 1 (1)                     ; 0           ; 0            ; 0       ; 0         ; 0    ; 0            ; |RISCV_Processor|regFile:RF|reg_N:reg2|dffg:\G_NBit_Reg:27:RegI                                                           ; dffg            ; work         ;
;          |dffg:\G_NBit_Reg:28:RegI|              ; 0 (0)               ; 1 (1)                     ; 0           ; 0            ; 0       ; 0         ; 0    ; 0            ; |RISCV_Processor|regFile:RF|reg_N:reg2|dffg:\G_NBit_Reg:28:RegI                                                           ; dffg            ; work         ;
;          |dffg:\G_NBit_Reg:29:RegI|              ; 0 (0)               ; 1 (1)                     ; 0           ; 0            ; 0       ; 0         ; 0    ; 0            ; |RISCV_Processor|regFile:RF|reg_N:reg2|dffg:\G_NBit_Reg:29:RegI                                                           ; dffg            ; work         ;
;          |dffg:\G_NBit_Reg:2:RegI|               ; 0 (0)               ; 1 (1)                     ; 0           ; 0            ; 0       ; 0         ; 0    ; 0            ; |RISCV_Processor|regFile:RF|reg_N:reg2|dffg:\G_NBit_Reg:2:RegI                                                            ; dffg            ; work         ;
;          |dffg:\G_NBit_Reg:30:RegI|              ; 0 (0)               ; 1 (1)                     ; 0           ; 0            ; 0       ; 0         ; 0    ; 0            ; |RISCV_Processor|regFile:RF|reg_N:reg2|dffg:\G_NBit_Reg:30:RegI                                                           ; dffg            ; work         ;
;          |dffg:\G_NBit_Reg:31:RegI|              ; 0 (0)               ; 1 (1)                     ; 0           ; 0            ; 0       ; 0         ; 0    ; 0            ; |RISCV_Processor|regFile:RF|reg_N:reg2|dffg:\G_NBit_Reg:31:RegI                                                           ; dffg            ; work         ;
;          |dffg:\G_NBit_Reg:3:RegI|               ; 0 (0)               ; 1 (1)                     ; 0           ; 0            ; 0       ; 0         ; 0    ; 0            ; |RISCV_Processor|regFile:RF|reg_N:reg2|dffg:\G_NBit_Reg:3:RegI                                                            ; dffg            ; work         ;
;          |dffg:\G_NBit_Reg:4:RegI|               ; 0 (0)               ; 1 (1)                     ; 0           ; 0            ; 0       ; 0         ; 0    ; 0            ; |RISCV_Processor|regFile:RF|reg_N:reg2|dffg:\G_NBit_Reg:4:RegI                                                            ; dffg            ; work         ;
;          |dffg:\G_NBit_Reg:5:RegI|               ; 0 (0)               ; 1 (1)                     ; 0           ; 0            ; 0       ; 0         ; 0    ; 0            ; |RISCV_Processor|regFile:RF|reg_N:reg2|dffg:\G_NBit_Reg:5:RegI                                                            ; dffg            ; work         ;
;          |dffg:\G_NBit_Reg:6:RegI|               ; 0 (0)               ; 1 (1)                     ; 0           ; 0            ; 0       ; 0         ; 0    ; 0            ; |RISCV_Processor|regFile:RF|reg_N:reg2|dffg:\G_NBit_Reg:6:RegI                                                            ; dffg            ; work         ;
;          |dffg:\G_NBit_Reg:7:RegI|               ; 0 (0)               ; 1 (1)                     ; 0           ; 0            ; 0       ; 0         ; 0    ; 0            ; |RISCV_Processor|regFile:RF|reg_N:reg2|dffg:\G_NBit_Reg:7:RegI                                                            ; dffg            ; work         ;
;          |dffg:\G_NBit_Reg:8:RegI|               ; 0 (0)               ; 1 (1)                     ; 0           ; 0            ; 0       ; 0         ; 0    ; 0            ; |RISCV_Processor|regFile:RF|reg_N:reg2|dffg:\G_NBit_Reg:8:RegI                                                            ; dffg            ; work         ;
;          |dffg:\G_NBit_Reg:9:RegI|               ; 0 (0)               ; 1 (1)                     ; 0           ; 0            ; 0       ; 0         ; 0    ; 0            ; |RISCV_Processor|regFile:RF|reg_N:reg2|dffg:\G_NBit_Reg:9:RegI                                                            ; dffg            ; work         ;
;       |reg_N:reg30|                              ; 0 (0)               ; 32 (0)                    ; 0           ; 0            ; 0       ; 0         ; 0    ; 0            ; |RISCV_Processor|regFile:RF|reg_N:reg30                                                                                   ; reg_N           ; work         ;
;          |dffg:\G_NBit_Reg:0:RegI|               ; 0 (0)               ; 1 (1)                     ; 0           ; 0            ; 0       ; 0         ; 0    ; 0            ; |RISCV_Processor|regFile:RF|reg_N:reg30|dffg:\G_NBit_Reg:0:RegI                                                           ; dffg            ; work         ;
;          |dffg:\G_NBit_Reg:10:RegI|              ; 0 (0)               ; 1 (1)                     ; 0           ; 0            ; 0       ; 0         ; 0    ; 0            ; |RISCV_Processor|regFile:RF|reg_N:reg30|dffg:\G_NBit_Reg:10:RegI                                                          ; dffg            ; work         ;
;          |dffg:\G_NBit_Reg:11:RegI|              ; 0 (0)               ; 1 (1)                     ; 0           ; 0            ; 0       ; 0         ; 0    ; 0            ; |RISCV_Processor|regFile:RF|reg_N:reg30|dffg:\G_NBit_Reg:11:RegI                                                          ; dffg            ; work         ;
;          |dffg:\G_NBit_Reg:12:RegI|              ; 0 (0)               ; 1 (1)                     ; 0           ; 0            ; 0       ; 0         ; 0    ; 0            ; |RISCV_Processor|regFile:RF|reg_N:reg30|dffg:\G_NBit_Reg:12:RegI                                                          ; dffg            ; work         ;
;          |dffg:\G_NBit_Reg:13:RegI|              ; 0 (0)               ; 1 (1)                     ; 0           ; 0            ; 0       ; 0         ; 0    ; 0            ; |RISCV_Processor|regFile:RF|reg_N:reg30|dffg:\G_NBit_Reg:13:RegI                                                          ; dffg            ; work         ;
;          |dffg:\G_NBit_Reg:14:RegI|              ; 0 (0)               ; 1 (1)                     ; 0           ; 0            ; 0       ; 0         ; 0    ; 0            ; |RISCV_Processor|regFile:RF|reg_N:reg30|dffg:\G_NBit_Reg:14:RegI                                                          ; dffg            ; work         ;
;          |dffg:\G_NBit_Reg:15:RegI|              ; 0 (0)               ; 1 (1)                     ; 0           ; 0            ; 0       ; 0         ; 0    ; 0            ; |RISCV_Processor|regFile:RF|reg_N:reg30|dffg:\G_NBit_Reg:15:RegI                                                          ; dffg            ; work         ;
;          |dffg:\G_NBit_Reg:16:RegI|              ; 0 (0)               ; 1 (1)                     ; 0           ; 0            ; 0       ; 0         ; 0    ; 0            ; |RISCV_Processor|regFile:RF|reg_N:reg30|dffg:\G_NBit_Reg:16:RegI                                                          ; dffg            ; work         ;
;          |dffg:\G_NBit_Reg:17:RegI|              ; 0 (0)               ; 1 (1)                     ; 0           ; 0            ; 0       ; 0         ; 0    ; 0            ; |RISCV_Processor|regFile:RF|reg_N:reg30|dffg:\G_NBit_Reg:17:RegI                                                          ; dffg            ; work         ;
;          |dffg:\G_NBit_Reg:18:RegI|              ; 0 (0)               ; 1 (1)                     ; 0           ; 0            ; 0       ; 0         ; 0    ; 0            ; |RISCV_Processor|regFile:RF|reg_N:reg30|dffg:\G_NBit_Reg:18:RegI                                                          ; dffg            ; work         ;
;          |dffg:\G_NBit_Reg:19:RegI|              ; 0 (0)               ; 1 (1)                     ; 0           ; 0            ; 0       ; 0         ; 0    ; 0            ; |RISCV_Processor|regFile:RF|reg_N:reg30|dffg:\G_NBit_Reg:19:RegI                                                          ; dffg            ; work         ;
;          |dffg:\G_NBit_Reg:1:RegI|               ; 0 (0)               ; 1 (1)                     ; 0           ; 0            ; 0       ; 0         ; 0    ; 0            ; |RISCV_Processor|regFile:RF|reg_N:reg30|dffg:\G_NBit_Reg:1:RegI                                                           ; dffg            ; work         ;
;          |dffg:\G_NBit_Reg:20:RegI|              ; 0 (0)               ; 1 (1)                     ; 0           ; 0            ; 0       ; 0         ; 0    ; 0            ; |RISCV_Processor|regFile:RF|reg_N:reg30|dffg:\G_NBit_Reg:20:RegI                                                          ; dffg            ; work         ;
;          |dffg:\G_NBit_Reg:21:RegI|              ; 0 (0)               ; 1 (1)                     ; 0           ; 0            ; 0       ; 0         ; 0    ; 0            ; |RISCV_Processor|regFile:RF|reg_N:reg30|dffg:\G_NBit_Reg:21:RegI                                                          ; dffg            ; work         ;
;          |dffg:\G_NBit_Reg:22:RegI|              ; 0 (0)               ; 1 (1)                     ; 0           ; 0            ; 0       ; 0         ; 0    ; 0            ; |RISCV_Processor|regFile:RF|reg_N:reg30|dffg:\G_NBit_Reg:22:RegI                                                          ; dffg            ; work         ;
;          |dffg:\G_NBit_Reg:23:RegI|              ; 0 (0)               ; 1 (1)                     ; 0           ; 0            ; 0       ; 0         ; 0    ; 0            ; |RISCV_Processor|regFile:RF|reg_N:reg30|dffg:\G_NBit_Reg:23:RegI                                                          ; dffg            ; work         ;
;          |dffg:\G_NBit_Reg:24:RegI|              ; 0 (0)               ; 1 (1)                     ; 0           ; 0            ; 0       ; 0         ; 0    ; 0            ; |RISCV_Processor|regFile:RF|reg_N:reg30|dffg:\G_NBit_Reg:24:RegI                                                          ; dffg            ; work         ;
;          |dffg:\G_NBit_Reg:25:RegI|              ; 0 (0)               ; 1 (1)                     ; 0           ; 0            ; 0       ; 0         ; 0    ; 0            ; |RISCV_Processor|regFile:RF|reg_N:reg30|dffg:\G_NBit_Reg:25:RegI                                                          ; dffg            ; work         ;
;          |dffg:\G_NBit_Reg:26:RegI|              ; 0 (0)               ; 1 (1)                     ; 0           ; 0            ; 0       ; 0         ; 0    ; 0            ; |RISCV_Processor|regFile:RF|reg_N:reg30|dffg:\G_NBit_Reg:26:RegI                                                          ; dffg            ; work         ;
;          |dffg:\G_NBit_Reg:27:RegI|              ; 0 (0)               ; 1 (1)                     ; 0           ; 0            ; 0       ; 0         ; 0    ; 0            ; |RISCV_Processor|regFile:RF|reg_N:reg30|dffg:\G_NBit_Reg:27:RegI                                                          ; dffg            ; work         ;
;          |dffg:\G_NBit_Reg:28:RegI|              ; 0 (0)               ; 1 (1)                     ; 0           ; 0            ; 0       ; 0         ; 0    ; 0            ; |RISCV_Processor|regFile:RF|reg_N:reg30|dffg:\G_NBit_Reg:28:RegI                                                          ; dffg            ; work         ;
;          |dffg:\G_NBit_Reg:29:RegI|              ; 0 (0)               ; 1 (1)                     ; 0           ; 0            ; 0       ; 0         ; 0    ; 0            ; |RISCV_Processor|regFile:RF|reg_N:reg30|dffg:\G_NBit_Reg:29:RegI                                                          ; dffg            ; work         ;
;          |dffg:\G_NBit_Reg:2:RegI|               ; 0 (0)               ; 1 (1)                     ; 0           ; 0            ; 0       ; 0         ; 0    ; 0            ; |RISCV_Processor|regFile:RF|reg_N:reg30|dffg:\G_NBit_Reg:2:RegI                                                           ; dffg            ; work         ;
;          |dffg:\G_NBit_Reg:30:RegI|              ; 0 (0)               ; 1 (1)                     ; 0           ; 0            ; 0       ; 0         ; 0    ; 0            ; |RISCV_Processor|regFile:RF|reg_N:reg30|dffg:\G_NBit_Reg:30:RegI                                                          ; dffg            ; work         ;
;          |dffg:\G_NBit_Reg:31:RegI|              ; 0 (0)               ; 1 (1)                     ; 0           ; 0            ; 0       ; 0         ; 0    ; 0            ; |RISCV_Processor|regFile:RF|reg_N:reg30|dffg:\G_NBit_Reg:31:RegI                                                          ; dffg            ; work         ;
;          |dffg:\G_NBit_Reg:3:RegI|               ; 0 (0)               ; 1 (1)                     ; 0           ; 0            ; 0       ; 0         ; 0    ; 0            ; |RISCV_Processor|regFile:RF|reg_N:reg30|dffg:\G_NBit_Reg:3:RegI                                                           ; dffg            ; work         ;
;          |dffg:\G_NBit_Reg:4:RegI|               ; 0 (0)               ; 1 (1)                     ; 0           ; 0            ; 0       ; 0         ; 0    ; 0            ; |RISCV_Processor|regFile:RF|reg_N:reg30|dffg:\G_NBit_Reg:4:RegI                                                           ; dffg            ; work         ;
;          |dffg:\G_NBit_Reg:5:RegI|               ; 0 (0)               ; 1 (1)                     ; 0           ; 0            ; 0       ; 0         ; 0    ; 0            ; |RISCV_Processor|regFile:RF|reg_N:reg30|dffg:\G_NBit_Reg:5:RegI                                                           ; dffg            ; work         ;
;          |dffg:\G_NBit_Reg:6:RegI|               ; 0 (0)               ; 1 (1)                     ; 0           ; 0            ; 0       ; 0         ; 0    ; 0            ; |RISCV_Processor|regFile:RF|reg_N:reg30|dffg:\G_NBit_Reg:6:RegI                                                           ; dffg            ; work         ;
;          |dffg:\G_NBit_Reg:7:RegI|               ; 0 (0)               ; 1 (1)                     ; 0           ; 0            ; 0       ; 0         ; 0    ; 0            ; |RISCV_Processor|regFile:RF|reg_N:reg30|dffg:\G_NBit_Reg:7:RegI                                                           ; dffg            ; work         ;
;          |dffg:\G_NBit_Reg:8:RegI|               ; 0 (0)               ; 1 (1)                     ; 0           ; 0            ; 0       ; 0         ; 0    ; 0            ; |RISCV_Processor|regFile:RF|reg_N:reg30|dffg:\G_NBit_Reg:8:RegI                                                           ; dffg            ; work         ;
;          |dffg:\G_NBit_Reg:9:RegI|               ; 0 (0)               ; 1 (1)                     ; 0           ; 0            ; 0       ; 0         ; 0    ; 0            ; |RISCV_Processor|regFile:RF|reg_N:reg30|dffg:\G_NBit_Reg:9:RegI                                                           ; dffg            ; work         ;
;       |reg_N:reg31|                              ; 0 (0)               ; 32 (0)                    ; 0           ; 0            ; 0       ; 0         ; 0    ; 0            ; |RISCV_Processor|regFile:RF|reg_N:reg31                                                                                   ; reg_N           ; work         ;
;          |dffg:\G_NBit_Reg:0:RegI|               ; 0 (0)               ; 1 (1)                     ; 0           ; 0            ; 0       ; 0         ; 0    ; 0            ; |RISCV_Processor|regFile:RF|reg_N:reg31|dffg:\G_NBit_Reg:0:RegI                                                           ; dffg            ; work         ;
;          |dffg:\G_NBit_Reg:10:RegI|              ; 0 (0)               ; 1 (1)                     ; 0           ; 0            ; 0       ; 0         ; 0    ; 0            ; |RISCV_Processor|regFile:RF|reg_N:reg31|dffg:\G_NBit_Reg:10:RegI                                                          ; dffg            ; work         ;
;          |dffg:\G_NBit_Reg:11:RegI|              ; 0 (0)               ; 1 (1)                     ; 0           ; 0            ; 0       ; 0         ; 0    ; 0            ; |RISCV_Processor|regFile:RF|reg_N:reg31|dffg:\G_NBit_Reg:11:RegI                                                          ; dffg            ; work         ;
;          |dffg:\G_NBit_Reg:12:RegI|              ; 0 (0)               ; 1 (1)                     ; 0           ; 0            ; 0       ; 0         ; 0    ; 0            ; |RISCV_Processor|regFile:RF|reg_N:reg31|dffg:\G_NBit_Reg:12:RegI                                                          ; dffg            ; work         ;
;          |dffg:\G_NBit_Reg:13:RegI|              ; 0 (0)               ; 1 (1)                     ; 0           ; 0            ; 0       ; 0         ; 0    ; 0            ; |RISCV_Processor|regFile:RF|reg_N:reg31|dffg:\G_NBit_Reg:13:RegI                                                          ; dffg            ; work         ;
;          |dffg:\G_NBit_Reg:14:RegI|              ; 0 (0)               ; 1 (1)                     ; 0           ; 0            ; 0       ; 0         ; 0    ; 0            ; |RISCV_Processor|regFile:RF|reg_N:reg31|dffg:\G_NBit_Reg:14:RegI                                                          ; dffg            ; work         ;
;          |dffg:\G_NBit_Reg:15:RegI|              ; 0 (0)               ; 1 (1)                     ; 0           ; 0            ; 0       ; 0         ; 0    ; 0            ; |RISCV_Processor|regFile:RF|reg_N:reg31|dffg:\G_NBit_Reg:15:RegI                                                          ; dffg            ; work         ;
;          |dffg:\G_NBit_Reg:16:RegI|              ; 0 (0)               ; 1 (1)                     ; 0           ; 0            ; 0       ; 0         ; 0    ; 0            ; |RISCV_Processor|regFile:RF|reg_N:reg31|dffg:\G_NBit_Reg:16:RegI                                                          ; dffg            ; work         ;
;          |dffg:\G_NBit_Reg:17:RegI|              ; 0 (0)               ; 1 (1)                     ; 0           ; 0            ; 0       ; 0         ; 0    ; 0            ; |RISCV_Processor|regFile:RF|reg_N:reg31|dffg:\G_NBit_Reg:17:RegI                                                          ; dffg            ; work         ;
;          |dffg:\G_NBit_Reg:18:RegI|              ; 0 (0)               ; 1 (1)                     ; 0           ; 0            ; 0       ; 0         ; 0    ; 0            ; |RISCV_Processor|regFile:RF|reg_N:reg31|dffg:\G_NBit_Reg:18:RegI                                                          ; dffg            ; work         ;
;          |dffg:\G_NBit_Reg:19:RegI|              ; 0 (0)               ; 1 (1)                     ; 0           ; 0            ; 0       ; 0         ; 0    ; 0            ; |RISCV_Processor|regFile:RF|reg_N:reg31|dffg:\G_NBit_Reg:19:RegI                                                          ; dffg            ; work         ;
;          |dffg:\G_NBit_Reg:1:RegI|               ; 0 (0)               ; 1 (1)                     ; 0           ; 0            ; 0       ; 0         ; 0    ; 0            ; |RISCV_Processor|regFile:RF|reg_N:reg31|dffg:\G_NBit_Reg:1:RegI                                                           ; dffg            ; work         ;
;          |dffg:\G_NBit_Reg:20:RegI|              ; 0 (0)               ; 1 (1)                     ; 0           ; 0            ; 0       ; 0         ; 0    ; 0            ; |RISCV_Processor|regFile:RF|reg_N:reg31|dffg:\G_NBit_Reg:20:RegI                                                          ; dffg            ; work         ;
;          |dffg:\G_NBit_Reg:21:RegI|              ; 0 (0)               ; 1 (1)                     ; 0           ; 0            ; 0       ; 0         ; 0    ; 0            ; |RISCV_Processor|regFile:RF|reg_N:reg31|dffg:\G_NBit_Reg:21:RegI                                                          ; dffg            ; work         ;
;          |dffg:\G_NBit_Reg:22:RegI|              ; 0 (0)               ; 1 (1)                     ; 0           ; 0            ; 0       ; 0         ; 0    ; 0            ; |RISCV_Processor|regFile:RF|reg_N:reg31|dffg:\G_NBit_Reg:22:RegI                                                          ; dffg            ; work         ;
;          |dffg:\G_NBit_Reg:23:RegI|              ; 0 (0)               ; 1 (1)                     ; 0           ; 0            ; 0       ; 0         ; 0    ; 0            ; |RISCV_Processor|regFile:RF|reg_N:reg31|dffg:\G_NBit_Reg:23:RegI                                                          ; dffg            ; work         ;
;          |dffg:\G_NBit_Reg:24:RegI|              ; 0 (0)               ; 1 (1)                     ; 0           ; 0            ; 0       ; 0         ; 0    ; 0            ; |RISCV_Processor|regFile:RF|reg_N:reg31|dffg:\G_NBit_Reg:24:RegI                                                          ; dffg            ; work         ;
;          |dffg:\G_NBit_Reg:25:RegI|              ; 0 (0)               ; 1 (1)                     ; 0           ; 0            ; 0       ; 0         ; 0    ; 0            ; |RISCV_Processor|regFile:RF|reg_N:reg31|dffg:\G_NBit_Reg:25:RegI                                                          ; dffg            ; work         ;
;          |dffg:\G_NBit_Reg:26:RegI|              ; 0 (0)               ; 1 (1)                     ; 0           ; 0            ; 0       ; 0         ; 0    ; 0            ; |RISCV_Processor|regFile:RF|reg_N:reg31|dffg:\G_NBit_Reg:26:RegI                                                          ; dffg            ; work         ;
;          |dffg:\G_NBit_Reg:27:RegI|              ; 0 (0)               ; 1 (1)                     ; 0           ; 0            ; 0       ; 0         ; 0    ; 0            ; |RISCV_Processor|regFile:RF|reg_N:reg31|dffg:\G_NBit_Reg:27:RegI                                                          ; dffg            ; work         ;
;          |dffg:\G_NBit_Reg:28:RegI|              ; 0 (0)               ; 1 (1)                     ; 0           ; 0            ; 0       ; 0         ; 0    ; 0            ; |RISCV_Processor|regFile:RF|reg_N:reg31|dffg:\G_NBit_Reg:28:RegI                                                          ; dffg            ; work         ;
;          |dffg:\G_NBit_Reg:29:RegI|              ; 0 (0)               ; 1 (1)                     ; 0           ; 0            ; 0       ; 0         ; 0    ; 0            ; |RISCV_Processor|regFile:RF|reg_N:reg31|dffg:\G_NBit_Reg:29:RegI                                                          ; dffg            ; work         ;
;          |dffg:\G_NBit_Reg:2:RegI|               ; 0 (0)               ; 1 (1)                     ; 0           ; 0            ; 0       ; 0         ; 0    ; 0            ; |RISCV_Processor|regFile:RF|reg_N:reg31|dffg:\G_NBit_Reg:2:RegI                                                           ; dffg            ; work         ;
;          |dffg:\G_NBit_Reg:30:RegI|              ; 0 (0)               ; 1 (1)                     ; 0           ; 0            ; 0       ; 0         ; 0    ; 0            ; |RISCV_Processor|regFile:RF|reg_N:reg31|dffg:\G_NBit_Reg:30:RegI                                                          ; dffg            ; work         ;
;          |dffg:\G_NBit_Reg:31:RegI|              ; 0 (0)               ; 1 (1)                     ; 0           ; 0            ; 0       ; 0         ; 0    ; 0            ; |RISCV_Processor|regFile:RF|reg_N:reg31|dffg:\G_NBit_Reg:31:RegI                                                          ; dffg            ; work         ;
;          |dffg:\G_NBit_Reg:3:RegI|               ; 0 (0)               ; 1 (1)                     ; 0           ; 0            ; 0       ; 0         ; 0    ; 0            ; |RISCV_Processor|regFile:RF|reg_N:reg31|dffg:\G_NBit_Reg:3:RegI                                                           ; dffg            ; work         ;
;          |dffg:\G_NBit_Reg:4:RegI|               ; 0 (0)               ; 1 (1)                     ; 0           ; 0            ; 0       ; 0         ; 0    ; 0            ; |RISCV_Processor|regFile:RF|reg_N:reg31|dffg:\G_NBit_Reg:4:RegI                                                           ; dffg            ; work         ;
;          |dffg:\G_NBit_Reg:5:RegI|               ; 0 (0)               ; 1 (1)                     ; 0           ; 0            ; 0       ; 0         ; 0    ; 0            ; |RISCV_Processor|regFile:RF|reg_N:reg31|dffg:\G_NBit_Reg:5:RegI                                                           ; dffg            ; work         ;
;          |dffg:\G_NBit_Reg:6:RegI|               ; 0 (0)               ; 1 (1)                     ; 0           ; 0            ; 0       ; 0         ; 0    ; 0            ; |RISCV_Processor|regFile:RF|reg_N:reg31|dffg:\G_NBit_Reg:6:RegI                                                           ; dffg            ; work         ;
;          |dffg:\G_NBit_Reg:7:RegI|               ; 0 (0)               ; 1 (1)                     ; 0           ; 0            ; 0       ; 0         ; 0    ; 0            ; |RISCV_Processor|regFile:RF|reg_N:reg31|dffg:\G_NBit_Reg:7:RegI                                                           ; dffg            ; work         ;
;          |dffg:\G_NBit_Reg:8:RegI|               ; 0 (0)               ; 1 (1)                     ; 0           ; 0            ; 0       ; 0         ; 0    ; 0            ; |RISCV_Processor|regFile:RF|reg_N:reg31|dffg:\G_NBit_Reg:8:RegI                                                           ; dffg            ; work         ;
;          |dffg:\G_NBit_Reg:9:RegI|               ; 0 (0)               ; 1 (1)                     ; 0           ; 0            ; 0       ; 0         ; 0    ; 0            ; |RISCV_Processor|regFile:RF|reg_N:reg31|dffg:\G_NBit_Reg:9:RegI                                                           ; dffg            ; work         ;
;       |reg_N:reg3|                               ; 0 (0)               ; 32 (0)                    ; 0           ; 0            ; 0       ; 0         ; 0    ; 0            ; |RISCV_Processor|regFile:RF|reg_N:reg3                                                                                    ; reg_N           ; work         ;
;          |dffg:\G_NBit_Reg:0:RegI|               ; 0 (0)               ; 1 (1)                     ; 0           ; 0            ; 0       ; 0         ; 0    ; 0            ; |RISCV_Processor|regFile:RF|reg_N:reg3|dffg:\G_NBit_Reg:0:RegI                                                            ; dffg            ; work         ;
;          |dffg:\G_NBit_Reg:10:RegI|              ; 0 (0)               ; 1 (1)                     ; 0           ; 0            ; 0       ; 0         ; 0    ; 0            ; |RISCV_Processor|regFile:RF|reg_N:reg3|dffg:\G_NBit_Reg:10:RegI                                                           ; dffg            ; work         ;
;          |dffg:\G_NBit_Reg:11:RegI|              ; 0 (0)               ; 1 (1)                     ; 0           ; 0            ; 0       ; 0         ; 0    ; 0            ; |RISCV_Processor|regFile:RF|reg_N:reg3|dffg:\G_NBit_Reg:11:RegI                                                           ; dffg            ; work         ;
;          |dffg:\G_NBit_Reg:12:RegI|              ; 0 (0)               ; 1 (1)                     ; 0           ; 0            ; 0       ; 0         ; 0    ; 0            ; |RISCV_Processor|regFile:RF|reg_N:reg3|dffg:\G_NBit_Reg:12:RegI                                                           ; dffg            ; work         ;
;          |dffg:\G_NBit_Reg:13:RegI|              ; 0 (0)               ; 1 (1)                     ; 0           ; 0            ; 0       ; 0         ; 0    ; 0            ; |RISCV_Processor|regFile:RF|reg_N:reg3|dffg:\G_NBit_Reg:13:RegI                                                           ; dffg            ; work         ;
;          |dffg:\G_NBit_Reg:14:RegI|              ; 0 (0)               ; 1 (1)                     ; 0           ; 0            ; 0       ; 0         ; 0    ; 0            ; |RISCV_Processor|regFile:RF|reg_N:reg3|dffg:\G_NBit_Reg:14:RegI                                                           ; dffg            ; work         ;
;          |dffg:\G_NBit_Reg:15:RegI|              ; 0 (0)               ; 1 (1)                     ; 0           ; 0            ; 0       ; 0         ; 0    ; 0            ; |RISCV_Processor|regFile:RF|reg_N:reg3|dffg:\G_NBit_Reg:15:RegI                                                           ; dffg            ; work         ;
;          |dffg:\G_NBit_Reg:16:RegI|              ; 0 (0)               ; 1 (1)                     ; 0           ; 0            ; 0       ; 0         ; 0    ; 0            ; |RISCV_Processor|regFile:RF|reg_N:reg3|dffg:\G_NBit_Reg:16:RegI                                                           ; dffg            ; work         ;
;          |dffg:\G_NBit_Reg:17:RegI|              ; 0 (0)               ; 1 (1)                     ; 0           ; 0            ; 0       ; 0         ; 0    ; 0            ; |RISCV_Processor|regFile:RF|reg_N:reg3|dffg:\G_NBit_Reg:17:RegI                                                           ; dffg            ; work         ;
;          |dffg:\G_NBit_Reg:18:RegI|              ; 0 (0)               ; 1 (1)                     ; 0           ; 0            ; 0       ; 0         ; 0    ; 0            ; |RISCV_Processor|regFile:RF|reg_N:reg3|dffg:\G_NBit_Reg:18:RegI                                                           ; dffg            ; work         ;
;          |dffg:\G_NBit_Reg:19:RegI|              ; 0 (0)               ; 1 (1)                     ; 0           ; 0            ; 0       ; 0         ; 0    ; 0            ; |RISCV_Processor|regFile:RF|reg_N:reg3|dffg:\G_NBit_Reg:19:RegI                                                           ; dffg            ; work         ;
;          |dffg:\G_NBit_Reg:1:RegI|               ; 0 (0)               ; 1 (1)                     ; 0           ; 0            ; 0       ; 0         ; 0    ; 0            ; |RISCV_Processor|regFile:RF|reg_N:reg3|dffg:\G_NBit_Reg:1:RegI                                                            ; dffg            ; work         ;
;          |dffg:\G_NBit_Reg:20:RegI|              ; 0 (0)               ; 1 (1)                     ; 0           ; 0            ; 0       ; 0         ; 0    ; 0            ; |RISCV_Processor|regFile:RF|reg_N:reg3|dffg:\G_NBit_Reg:20:RegI                                                           ; dffg            ; work         ;
;          |dffg:\G_NBit_Reg:21:RegI|              ; 0 (0)               ; 1 (1)                     ; 0           ; 0            ; 0       ; 0         ; 0    ; 0            ; |RISCV_Processor|regFile:RF|reg_N:reg3|dffg:\G_NBit_Reg:21:RegI                                                           ; dffg            ; work         ;
;          |dffg:\G_NBit_Reg:22:RegI|              ; 0 (0)               ; 1 (1)                     ; 0           ; 0            ; 0       ; 0         ; 0    ; 0            ; |RISCV_Processor|regFile:RF|reg_N:reg3|dffg:\G_NBit_Reg:22:RegI                                                           ; dffg            ; work         ;
;          |dffg:\G_NBit_Reg:23:RegI|              ; 0 (0)               ; 1 (1)                     ; 0           ; 0            ; 0       ; 0         ; 0    ; 0            ; |RISCV_Processor|regFile:RF|reg_N:reg3|dffg:\G_NBit_Reg:23:RegI                                                           ; dffg            ; work         ;
;          |dffg:\G_NBit_Reg:24:RegI|              ; 0 (0)               ; 1 (1)                     ; 0           ; 0            ; 0       ; 0         ; 0    ; 0            ; |RISCV_Processor|regFile:RF|reg_N:reg3|dffg:\G_NBit_Reg:24:RegI                                                           ; dffg            ; work         ;
;          |dffg:\G_NBit_Reg:25:RegI|              ; 0 (0)               ; 1 (1)                     ; 0           ; 0            ; 0       ; 0         ; 0    ; 0            ; |RISCV_Processor|regFile:RF|reg_N:reg3|dffg:\G_NBit_Reg:25:RegI                                                           ; dffg            ; work         ;
;          |dffg:\G_NBit_Reg:26:RegI|              ; 0 (0)               ; 1 (1)                     ; 0           ; 0            ; 0       ; 0         ; 0    ; 0            ; |RISCV_Processor|regFile:RF|reg_N:reg3|dffg:\G_NBit_Reg:26:RegI                                                           ; dffg            ; work         ;
;          |dffg:\G_NBit_Reg:27:RegI|              ; 0 (0)               ; 1 (1)                     ; 0           ; 0            ; 0       ; 0         ; 0    ; 0            ; |RISCV_Processor|regFile:RF|reg_N:reg3|dffg:\G_NBit_Reg:27:RegI                                                           ; dffg            ; work         ;
;          |dffg:\G_NBit_Reg:28:RegI|              ; 0 (0)               ; 1 (1)                     ; 0           ; 0            ; 0       ; 0         ; 0    ; 0            ; |RISCV_Processor|regFile:RF|reg_N:reg3|dffg:\G_NBit_Reg:28:RegI                                                           ; dffg            ; work         ;
;          |dffg:\G_NBit_Reg:29:RegI|              ; 0 (0)               ; 1 (1)                     ; 0           ; 0            ; 0       ; 0         ; 0    ; 0            ; |RISCV_Processor|regFile:RF|reg_N:reg3|dffg:\G_NBit_Reg:29:RegI                                                           ; dffg            ; work         ;
;          |dffg:\G_NBit_Reg:2:RegI|               ; 0 (0)               ; 1 (1)                     ; 0           ; 0            ; 0       ; 0         ; 0    ; 0            ; |RISCV_Processor|regFile:RF|reg_N:reg3|dffg:\G_NBit_Reg:2:RegI                                                            ; dffg            ; work         ;
;          |dffg:\G_NBit_Reg:30:RegI|              ; 0 (0)               ; 1 (1)                     ; 0           ; 0            ; 0       ; 0         ; 0    ; 0            ; |RISCV_Processor|regFile:RF|reg_N:reg3|dffg:\G_NBit_Reg:30:RegI                                                           ; dffg            ; work         ;
;          |dffg:\G_NBit_Reg:31:RegI|              ; 0 (0)               ; 1 (1)                     ; 0           ; 0            ; 0       ; 0         ; 0    ; 0            ; |RISCV_Processor|regFile:RF|reg_N:reg3|dffg:\G_NBit_Reg:31:RegI                                                           ; dffg            ; work         ;
;          |dffg:\G_NBit_Reg:3:RegI|               ; 0 (0)               ; 1 (1)                     ; 0           ; 0            ; 0       ; 0         ; 0    ; 0            ; |RISCV_Processor|regFile:RF|reg_N:reg3|dffg:\G_NBit_Reg:3:RegI                                                            ; dffg            ; work         ;
;          |dffg:\G_NBit_Reg:4:RegI|               ; 0 (0)               ; 1 (1)                     ; 0           ; 0            ; 0       ; 0         ; 0    ; 0            ; |RISCV_Processor|regFile:RF|reg_N:reg3|dffg:\G_NBit_Reg:4:RegI                                                            ; dffg            ; work         ;
;          |dffg:\G_NBit_Reg:5:RegI|               ; 0 (0)               ; 1 (1)                     ; 0           ; 0            ; 0       ; 0         ; 0    ; 0            ; |RISCV_Processor|regFile:RF|reg_N:reg3|dffg:\G_NBit_Reg:5:RegI                                                            ; dffg            ; work         ;
;          |dffg:\G_NBit_Reg:6:RegI|               ; 0 (0)               ; 1 (1)                     ; 0           ; 0            ; 0       ; 0         ; 0    ; 0            ; |RISCV_Processor|regFile:RF|reg_N:reg3|dffg:\G_NBit_Reg:6:RegI                                                            ; dffg            ; work         ;
;          |dffg:\G_NBit_Reg:7:RegI|               ; 0 (0)               ; 1 (1)                     ; 0           ; 0            ; 0       ; 0         ; 0    ; 0            ; |RISCV_Processor|regFile:RF|reg_N:reg3|dffg:\G_NBit_Reg:7:RegI                                                            ; dffg            ; work         ;
;          |dffg:\G_NBit_Reg:8:RegI|               ; 0 (0)               ; 1 (1)                     ; 0           ; 0            ; 0       ; 0         ; 0    ; 0            ; |RISCV_Processor|regFile:RF|reg_N:reg3|dffg:\G_NBit_Reg:8:RegI                                                            ; dffg            ; work         ;
;          |dffg:\G_NBit_Reg:9:RegI|               ; 0 (0)               ; 1 (1)                     ; 0           ; 0            ; 0       ; 0         ; 0    ; 0            ; |RISCV_Processor|regFile:RF|reg_N:reg3|dffg:\G_NBit_Reg:9:RegI                                                            ; dffg            ; work         ;
;       |reg_N:reg4|                               ; 0 (0)               ; 32 (0)                    ; 0           ; 0            ; 0       ; 0         ; 0    ; 0            ; |RISCV_Processor|regFile:RF|reg_N:reg4                                                                                    ; reg_N           ; work         ;
;          |dffg:\G_NBit_Reg:0:RegI|               ; 0 (0)               ; 1 (1)                     ; 0           ; 0            ; 0       ; 0         ; 0    ; 0            ; |RISCV_Processor|regFile:RF|reg_N:reg4|dffg:\G_NBit_Reg:0:RegI                                                            ; dffg            ; work         ;
;          |dffg:\G_NBit_Reg:10:RegI|              ; 0 (0)               ; 1 (1)                     ; 0           ; 0            ; 0       ; 0         ; 0    ; 0            ; |RISCV_Processor|regFile:RF|reg_N:reg4|dffg:\G_NBit_Reg:10:RegI                                                           ; dffg            ; work         ;
;          |dffg:\G_NBit_Reg:11:RegI|              ; 0 (0)               ; 1 (1)                     ; 0           ; 0            ; 0       ; 0         ; 0    ; 0            ; |RISCV_Processor|regFile:RF|reg_N:reg4|dffg:\G_NBit_Reg:11:RegI                                                           ; dffg            ; work         ;
;          |dffg:\G_NBit_Reg:12:RegI|              ; 0 (0)               ; 1 (1)                     ; 0           ; 0            ; 0       ; 0         ; 0    ; 0            ; |RISCV_Processor|regFile:RF|reg_N:reg4|dffg:\G_NBit_Reg:12:RegI                                                           ; dffg            ; work         ;
;          |dffg:\G_NBit_Reg:13:RegI|              ; 0 (0)               ; 1 (1)                     ; 0           ; 0            ; 0       ; 0         ; 0    ; 0            ; |RISCV_Processor|regFile:RF|reg_N:reg4|dffg:\G_NBit_Reg:13:RegI                                                           ; dffg            ; work         ;
;          |dffg:\G_NBit_Reg:14:RegI|              ; 0 (0)               ; 1 (1)                     ; 0           ; 0            ; 0       ; 0         ; 0    ; 0            ; |RISCV_Processor|regFile:RF|reg_N:reg4|dffg:\G_NBit_Reg:14:RegI                                                           ; dffg            ; work         ;
;          |dffg:\G_NBit_Reg:15:RegI|              ; 0 (0)               ; 1 (1)                     ; 0           ; 0            ; 0       ; 0         ; 0    ; 0            ; |RISCV_Processor|regFile:RF|reg_N:reg4|dffg:\G_NBit_Reg:15:RegI                                                           ; dffg            ; work         ;
;          |dffg:\G_NBit_Reg:16:RegI|              ; 0 (0)               ; 1 (1)                     ; 0           ; 0            ; 0       ; 0         ; 0    ; 0            ; |RISCV_Processor|regFile:RF|reg_N:reg4|dffg:\G_NBit_Reg:16:RegI                                                           ; dffg            ; work         ;
;          |dffg:\G_NBit_Reg:17:RegI|              ; 0 (0)               ; 1 (1)                     ; 0           ; 0            ; 0       ; 0         ; 0    ; 0            ; |RISCV_Processor|regFile:RF|reg_N:reg4|dffg:\G_NBit_Reg:17:RegI                                                           ; dffg            ; work         ;
;          |dffg:\G_NBit_Reg:18:RegI|              ; 0 (0)               ; 1 (1)                     ; 0           ; 0            ; 0       ; 0         ; 0    ; 0            ; |RISCV_Processor|regFile:RF|reg_N:reg4|dffg:\G_NBit_Reg:18:RegI                                                           ; dffg            ; work         ;
;          |dffg:\G_NBit_Reg:19:RegI|              ; 0 (0)               ; 1 (1)                     ; 0           ; 0            ; 0       ; 0         ; 0    ; 0            ; |RISCV_Processor|regFile:RF|reg_N:reg4|dffg:\G_NBit_Reg:19:RegI                                                           ; dffg            ; work         ;
;          |dffg:\G_NBit_Reg:1:RegI|               ; 0 (0)               ; 1 (1)                     ; 0           ; 0            ; 0       ; 0         ; 0    ; 0            ; |RISCV_Processor|regFile:RF|reg_N:reg4|dffg:\G_NBit_Reg:1:RegI                                                            ; dffg            ; work         ;
;          |dffg:\G_NBit_Reg:20:RegI|              ; 0 (0)               ; 1 (1)                     ; 0           ; 0            ; 0       ; 0         ; 0    ; 0            ; |RISCV_Processor|regFile:RF|reg_N:reg4|dffg:\G_NBit_Reg:20:RegI                                                           ; dffg            ; work         ;
;          |dffg:\G_NBit_Reg:21:RegI|              ; 0 (0)               ; 1 (1)                     ; 0           ; 0            ; 0       ; 0         ; 0    ; 0            ; |RISCV_Processor|regFile:RF|reg_N:reg4|dffg:\G_NBit_Reg:21:RegI                                                           ; dffg            ; work         ;
;          |dffg:\G_NBit_Reg:22:RegI|              ; 0 (0)               ; 1 (1)                     ; 0           ; 0            ; 0       ; 0         ; 0    ; 0            ; |RISCV_Processor|regFile:RF|reg_N:reg4|dffg:\G_NBit_Reg:22:RegI                                                           ; dffg            ; work         ;
;          |dffg:\G_NBit_Reg:23:RegI|              ; 0 (0)               ; 1 (1)                     ; 0           ; 0            ; 0       ; 0         ; 0    ; 0            ; |RISCV_Processor|regFile:RF|reg_N:reg4|dffg:\G_NBit_Reg:23:RegI                                                           ; dffg            ; work         ;
;          |dffg:\G_NBit_Reg:24:RegI|              ; 0 (0)               ; 1 (1)                     ; 0           ; 0            ; 0       ; 0         ; 0    ; 0            ; |RISCV_Processor|regFile:RF|reg_N:reg4|dffg:\G_NBit_Reg:24:RegI                                                           ; dffg            ; work         ;
;          |dffg:\G_NBit_Reg:25:RegI|              ; 0 (0)               ; 1 (1)                     ; 0           ; 0            ; 0       ; 0         ; 0    ; 0            ; |RISCV_Processor|regFile:RF|reg_N:reg4|dffg:\G_NBit_Reg:25:RegI                                                           ; dffg            ; work         ;
;          |dffg:\G_NBit_Reg:26:RegI|              ; 0 (0)               ; 1 (1)                     ; 0           ; 0            ; 0       ; 0         ; 0    ; 0            ; |RISCV_Processor|regFile:RF|reg_N:reg4|dffg:\G_NBit_Reg:26:RegI                                                           ; dffg            ; work         ;
;          |dffg:\G_NBit_Reg:27:RegI|              ; 0 (0)               ; 1 (1)                     ; 0           ; 0            ; 0       ; 0         ; 0    ; 0            ; |RISCV_Processor|regFile:RF|reg_N:reg4|dffg:\G_NBit_Reg:27:RegI                                                           ; dffg            ; work         ;
;          |dffg:\G_NBit_Reg:28:RegI|              ; 0 (0)               ; 1 (1)                     ; 0           ; 0            ; 0       ; 0         ; 0    ; 0            ; |RISCV_Processor|regFile:RF|reg_N:reg4|dffg:\G_NBit_Reg:28:RegI                                                           ; dffg            ; work         ;
;          |dffg:\G_NBit_Reg:29:RegI|              ; 0 (0)               ; 1 (1)                     ; 0           ; 0            ; 0       ; 0         ; 0    ; 0            ; |RISCV_Processor|regFile:RF|reg_N:reg4|dffg:\G_NBit_Reg:29:RegI                                                           ; dffg            ; work         ;
;          |dffg:\G_NBit_Reg:2:RegI|               ; 0 (0)               ; 1 (1)                     ; 0           ; 0            ; 0       ; 0         ; 0    ; 0            ; |RISCV_Processor|regFile:RF|reg_N:reg4|dffg:\G_NBit_Reg:2:RegI                                                            ; dffg            ; work         ;
;          |dffg:\G_NBit_Reg:30:RegI|              ; 0 (0)               ; 1 (1)                     ; 0           ; 0            ; 0       ; 0         ; 0    ; 0            ; |RISCV_Processor|regFile:RF|reg_N:reg4|dffg:\G_NBit_Reg:30:RegI                                                           ; dffg            ; work         ;
;          |dffg:\G_NBit_Reg:31:RegI|              ; 0 (0)               ; 1 (1)                     ; 0           ; 0            ; 0       ; 0         ; 0    ; 0            ; |RISCV_Processor|regFile:RF|reg_N:reg4|dffg:\G_NBit_Reg:31:RegI                                                           ; dffg            ; work         ;
;          |dffg:\G_NBit_Reg:3:RegI|               ; 0 (0)               ; 1 (1)                     ; 0           ; 0            ; 0       ; 0         ; 0    ; 0            ; |RISCV_Processor|regFile:RF|reg_N:reg4|dffg:\G_NBit_Reg:3:RegI                                                            ; dffg            ; work         ;
;          |dffg:\G_NBit_Reg:4:RegI|               ; 0 (0)               ; 1 (1)                     ; 0           ; 0            ; 0       ; 0         ; 0    ; 0            ; |RISCV_Processor|regFile:RF|reg_N:reg4|dffg:\G_NBit_Reg:4:RegI                                                            ; dffg            ; work         ;
;          |dffg:\G_NBit_Reg:5:RegI|               ; 0 (0)               ; 1 (1)                     ; 0           ; 0            ; 0       ; 0         ; 0    ; 0            ; |RISCV_Processor|regFile:RF|reg_N:reg4|dffg:\G_NBit_Reg:5:RegI                                                            ; dffg            ; work         ;
;          |dffg:\G_NBit_Reg:6:RegI|               ; 0 (0)               ; 1 (1)                     ; 0           ; 0            ; 0       ; 0         ; 0    ; 0            ; |RISCV_Processor|regFile:RF|reg_N:reg4|dffg:\G_NBit_Reg:6:RegI                                                            ; dffg            ; work         ;
;          |dffg:\G_NBit_Reg:7:RegI|               ; 0 (0)               ; 1 (1)                     ; 0           ; 0            ; 0       ; 0         ; 0    ; 0            ; |RISCV_Processor|regFile:RF|reg_N:reg4|dffg:\G_NBit_Reg:7:RegI                                                            ; dffg            ; work         ;
;          |dffg:\G_NBit_Reg:8:RegI|               ; 0 (0)               ; 1 (1)                     ; 0           ; 0            ; 0       ; 0         ; 0    ; 0            ; |RISCV_Processor|regFile:RF|reg_N:reg4|dffg:\G_NBit_Reg:8:RegI                                                            ; dffg            ; work         ;
;          |dffg:\G_NBit_Reg:9:RegI|               ; 0 (0)               ; 1 (1)                     ; 0           ; 0            ; 0       ; 0         ; 0    ; 0            ; |RISCV_Processor|regFile:RF|reg_N:reg4|dffg:\G_NBit_Reg:9:RegI                                                            ; dffg            ; work         ;
;       |reg_N:reg5|                               ; 0 (0)               ; 32 (0)                    ; 0           ; 0            ; 0       ; 0         ; 0    ; 0            ; |RISCV_Processor|regFile:RF|reg_N:reg5                                                                                    ; reg_N           ; work         ;
;          |dffg:\G_NBit_Reg:0:RegI|               ; 0 (0)               ; 1 (1)                     ; 0           ; 0            ; 0       ; 0         ; 0    ; 0            ; |RISCV_Processor|regFile:RF|reg_N:reg5|dffg:\G_NBit_Reg:0:RegI                                                            ; dffg            ; work         ;
;          |dffg:\G_NBit_Reg:10:RegI|              ; 0 (0)               ; 1 (1)                     ; 0           ; 0            ; 0       ; 0         ; 0    ; 0            ; |RISCV_Processor|regFile:RF|reg_N:reg5|dffg:\G_NBit_Reg:10:RegI                                                           ; dffg            ; work         ;
;          |dffg:\G_NBit_Reg:11:RegI|              ; 0 (0)               ; 1 (1)                     ; 0           ; 0            ; 0       ; 0         ; 0    ; 0            ; |RISCV_Processor|regFile:RF|reg_N:reg5|dffg:\G_NBit_Reg:11:RegI                                                           ; dffg            ; work         ;
;          |dffg:\G_NBit_Reg:12:RegI|              ; 0 (0)               ; 1 (1)                     ; 0           ; 0            ; 0       ; 0         ; 0    ; 0            ; |RISCV_Processor|regFile:RF|reg_N:reg5|dffg:\G_NBit_Reg:12:RegI                                                           ; dffg            ; work         ;
;          |dffg:\G_NBit_Reg:13:RegI|              ; 0 (0)               ; 1 (1)                     ; 0           ; 0            ; 0       ; 0         ; 0    ; 0            ; |RISCV_Processor|regFile:RF|reg_N:reg5|dffg:\G_NBit_Reg:13:RegI                                                           ; dffg            ; work         ;
;          |dffg:\G_NBit_Reg:14:RegI|              ; 0 (0)               ; 1 (1)                     ; 0           ; 0            ; 0       ; 0         ; 0    ; 0            ; |RISCV_Processor|regFile:RF|reg_N:reg5|dffg:\G_NBit_Reg:14:RegI                                                           ; dffg            ; work         ;
;          |dffg:\G_NBit_Reg:15:RegI|              ; 0 (0)               ; 1 (1)                     ; 0           ; 0            ; 0       ; 0         ; 0    ; 0            ; |RISCV_Processor|regFile:RF|reg_N:reg5|dffg:\G_NBit_Reg:15:RegI                                                           ; dffg            ; work         ;
;          |dffg:\G_NBit_Reg:16:RegI|              ; 0 (0)               ; 1 (1)                     ; 0           ; 0            ; 0       ; 0         ; 0    ; 0            ; |RISCV_Processor|regFile:RF|reg_N:reg5|dffg:\G_NBit_Reg:16:RegI                                                           ; dffg            ; work         ;
;          |dffg:\G_NBit_Reg:17:RegI|              ; 0 (0)               ; 1 (1)                     ; 0           ; 0            ; 0       ; 0         ; 0    ; 0            ; |RISCV_Processor|regFile:RF|reg_N:reg5|dffg:\G_NBit_Reg:17:RegI                                                           ; dffg            ; work         ;
;          |dffg:\G_NBit_Reg:18:RegI|              ; 0 (0)               ; 1 (1)                     ; 0           ; 0            ; 0       ; 0         ; 0    ; 0            ; |RISCV_Processor|regFile:RF|reg_N:reg5|dffg:\G_NBit_Reg:18:RegI                                                           ; dffg            ; work         ;
;          |dffg:\G_NBit_Reg:19:RegI|              ; 0 (0)               ; 1 (1)                     ; 0           ; 0            ; 0       ; 0         ; 0    ; 0            ; |RISCV_Processor|regFile:RF|reg_N:reg5|dffg:\G_NBit_Reg:19:RegI                                                           ; dffg            ; work         ;
;          |dffg:\G_NBit_Reg:1:RegI|               ; 0 (0)               ; 1 (1)                     ; 0           ; 0            ; 0       ; 0         ; 0    ; 0            ; |RISCV_Processor|regFile:RF|reg_N:reg5|dffg:\G_NBit_Reg:1:RegI                                                            ; dffg            ; work         ;
;          |dffg:\G_NBit_Reg:20:RegI|              ; 0 (0)               ; 1 (1)                     ; 0           ; 0            ; 0       ; 0         ; 0    ; 0            ; |RISCV_Processor|regFile:RF|reg_N:reg5|dffg:\G_NBit_Reg:20:RegI                                                           ; dffg            ; work         ;
;          |dffg:\G_NBit_Reg:21:RegI|              ; 0 (0)               ; 1 (1)                     ; 0           ; 0            ; 0       ; 0         ; 0    ; 0            ; |RISCV_Processor|regFile:RF|reg_N:reg5|dffg:\G_NBit_Reg:21:RegI                                                           ; dffg            ; work         ;
;          |dffg:\G_NBit_Reg:22:RegI|              ; 0 (0)               ; 1 (1)                     ; 0           ; 0            ; 0       ; 0         ; 0    ; 0            ; |RISCV_Processor|regFile:RF|reg_N:reg5|dffg:\G_NBit_Reg:22:RegI                                                           ; dffg            ; work         ;
;          |dffg:\G_NBit_Reg:23:RegI|              ; 0 (0)               ; 1 (1)                     ; 0           ; 0            ; 0       ; 0         ; 0    ; 0            ; |RISCV_Processor|regFile:RF|reg_N:reg5|dffg:\G_NBit_Reg:23:RegI                                                           ; dffg            ; work         ;
;          |dffg:\G_NBit_Reg:24:RegI|              ; 0 (0)               ; 1 (1)                     ; 0           ; 0            ; 0       ; 0         ; 0    ; 0            ; |RISCV_Processor|regFile:RF|reg_N:reg5|dffg:\G_NBit_Reg:24:RegI                                                           ; dffg            ; work         ;
;          |dffg:\G_NBit_Reg:25:RegI|              ; 0 (0)               ; 1 (1)                     ; 0           ; 0            ; 0       ; 0         ; 0    ; 0            ; |RISCV_Processor|regFile:RF|reg_N:reg5|dffg:\G_NBit_Reg:25:RegI                                                           ; dffg            ; work         ;
;          |dffg:\G_NBit_Reg:26:RegI|              ; 0 (0)               ; 1 (1)                     ; 0           ; 0            ; 0       ; 0         ; 0    ; 0            ; |RISCV_Processor|regFile:RF|reg_N:reg5|dffg:\G_NBit_Reg:26:RegI                                                           ; dffg            ; work         ;
;          |dffg:\G_NBit_Reg:27:RegI|              ; 0 (0)               ; 1 (1)                     ; 0           ; 0            ; 0       ; 0         ; 0    ; 0            ; |RISCV_Processor|regFile:RF|reg_N:reg5|dffg:\G_NBit_Reg:27:RegI                                                           ; dffg            ; work         ;
;          |dffg:\G_NBit_Reg:28:RegI|              ; 0 (0)               ; 1 (1)                     ; 0           ; 0            ; 0       ; 0         ; 0    ; 0            ; |RISCV_Processor|regFile:RF|reg_N:reg5|dffg:\G_NBit_Reg:28:RegI                                                           ; dffg            ; work         ;
;          |dffg:\G_NBit_Reg:29:RegI|              ; 0 (0)               ; 1 (1)                     ; 0           ; 0            ; 0       ; 0         ; 0    ; 0            ; |RISCV_Processor|regFile:RF|reg_N:reg5|dffg:\G_NBit_Reg:29:RegI                                                           ; dffg            ; work         ;
;          |dffg:\G_NBit_Reg:2:RegI|               ; 0 (0)               ; 1 (1)                     ; 0           ; 0            ; 0       ; 0         ; 0    ; 0            ; |RISCV_Processor|regFile:RF|reg_N:reg5|dffg:\G_NBit_Reg:2:RegI                                                            ; dffg            ; work         ;
;          |dffg:\G_NBit_Reg:30:RegI|              ; 0 (0)               ; 1 (1)                     ; 0           ; 0            ; 0       ; 0         ; 0    ; 0            ; |RISCV_Processor|regFile:RF|reg_N:reg5|dffg:\G_NBit_Reg:30:RegI                                                           ; dffg            ; work         ;
;          |dffg:\G_NBit_Reg:31:RegI|              ; 0 (0)               ; 1 (1)                     ; 0           ; 0            ; 0       ; 0         ; 0    ; 0            ; |RISCV_Processor|regFile:RF|reg_N:reg5|dffg:\G_NBit_Reg:31:RegI                                                           ; dffg            ; work         ;
;          |dffg:\G_NBit_Reg:3:RegI|               ; 0 (0)               ; 1 (1)                     ; 0           ; 0            ; 0       ; 0         ; 0    ; 0            ; |RISCV_Processor|regFile:RF|reg_N:reg5|dffg:\G_NBit_Reg:3:RegI                                                            ; dffg            ; work         ;
;          |dffg:\G_NBit_Reg:4:RegI|               ; 0 (0)               ; 1 (1)                     ; 0           ; 0            ; 0       ; 0         ; 0    ; 0            ; |RISCV_Processor|regFile:RF|reg_N:reg5|dffg:\G_NBit_Reg:4:RegI                                                            ; dffg            ; work         ;
;          |dffg:\G_NBit_Reg:5:RegI|               ; 0 (0)               ; 1 (1)                     ; 0           ; 0            ; 0       ; 0         ; 0    ; 0            ; |RISCV_Processor|regFile:RF|reg_N:reg5|dffg:\G_NBit_Reg:5:RegI                                                            ; dffg            ; work         ;
;          |dffg:\G_NBit_Reg:6:RegI|               ; 0 (0)               ; 1 (1)                     ; 0           ; 0            ; 0       ; 0         ; 0    ; 0            ; |RISCV_Processor|regFile:RF|reg_N:reg5|dffg:\G_NBit_Reg:6:RegI                                                            ; dffg            ; work         ;
;          |dffg:\G_NBit_Reg:7:RegI|               ; 0 (0)               ; 1 (1)                     ; 0           ; 0            ; 0       ; 0         ; 0    ; 0            ; |RISCV_Processor|regFile:RF|reg_N:reg5|dffg:\G_NBit_Reg:7:RegI                                                            ; dffg            ; work         ;
;          |dffg:\G_NBit_Reg:8:RegI|               ; 0 (0)               ; 1 (1)                     ; 0           ; 0            ; 0       ; 0         ; 0    ; 0            ; |RISCV_Processor|regFile:RF|reg_N:reg5|dffg:\G_NBit_Reg:8:RegI                                                            ; dffg            ; work         ;
;          |dffg:\G_NBit_Reg:9:RegI|               ; 0 (0)               ; 1 (1)                     ; 0           ; 0            ; 0       ; 0         ; 0    ; 0            ; |RISCV_Processor|regFile:RF|reg_N:reg5|dffg:\G_NBit_Reg:9:RegI                                                            ; dffg            ; work         ;
;       |reg_N:reg6|                               ; 0 (0)               ; 32 (0)                    ; 0           ; 0            ; 0       ; 0         ; 0    ; 0            ; |RISCV_Processor|regFile:RF|reg_N:reg6                                                                                    ; reg_N           ; work         ;
;          |dffg:\G_NBit_Reg:0:RegI|               ; 0 (0)               ; 1 (1)                     ; 0           ; 0            ; 0       ; 0         ; 0    ; 0            ; |RISCV_Processor|regFile:RF|reg_N:reg6|dffg:\G_NBit_Reg:0:RegI                                                            ; dffg            ; work         ;
;          |dffg:\G_NBit_Reg:10:RegI|              ; 0 (0)               ; 1 (1)                     ; 0           ; 0            ; 0       ; 0         ; 0    ; 0            ; |RISCV_Processor|regFile:RF|reg_N:reg6|dffg:\G_NBit_Reg:10:RegI                                                           ; dffg            ; work         ;
;          |dffg:\G_NBit_Reg:11:RegI|              ; 0 (0)               ; 1 (1)                     ; 0           ; 0            ; 0       ; 0         ; 0    ; 0            ; |RISCV_Processor|regFile:RF|reg_N:reg6|dffg:\G_NBit_Reg:11:RegI                                                           ; dffg            ; work         ;
;          |dffg:\G_NBit_Reg:12:RegI|              ; 0 (0)               ; 1 (1)                     ; 0           ; 0            ; 0       ; 0         ; 0    ; 0            ; |RISCV_Processor|regFile:RF|reg_N:reg6|dffg:\G_NBit_Reg:12:RegI                                                           ; dffg            ; work         ;
;          |dffg:\G_NBit_Reg:13:RegI|              ; 0 (0)               ; 1 (1)                     ; 0           ; 0            ; 0       ; 0         ; 0    ; 0            ; |RISCV_Processor|regFile:RF|reg_N:reg6|dffg:\G_NBit_Reg:13:RegI                                                           ; dffg            ; work         ;
;          |dffg:\G_NBit_Reg:14:RegI|              ; 0 (0)               ; 1 (1)                     ; 0           ; 0            ; 0       ; 0         ; 0    ; 0            ; |RISCV_Processor|regFile:RF|reg_N:reg6|dffg:\G_NBit_Reg:14:RegI                                                           ; dffg            ; work         ;
;          |dffg:\G_NBit_Reg:15:RegI|              ; 0 (0)               ; 1 (1)                     ; 0           ; 0            ; 0       ; 0         ; 0    ; 0            ; |RISCV_Processor|regFile:RF|reg_N:reg6|dffg:\G_NBit_Reg:15:RegI                                                           ; dffg            ; work         ;
;          |dffg:\G_NBit_Reg:16:RegI|              ; 0 (0)               ; 1 (1)                     ; 0           ; 0            ; 0       ; 0         ; 0    ; 0            ; |RISCV_Processor|regFile:RF|reg_N:reg6|dffg:\G_NBit_Reg:16:RegI                                                           ; dffg            ; work         ;
;          |dffg:\G_NBit_Reg:17:RegI|              ; 0 (0)               ; 1 (1)                     ; 0           ; 0            ; 0       ; 0         ; 0    ; 0            ; |RISCV_Processor|regFile:RF|reg_N:reg6|dffg:\G_NBit_Reg:17:RegI                                                           ; dffg            ; work         ;
;          |dffg:\G_NBit_Reg:18:RegI|              ; 0 (0)               ; 1 (1)                     ; 0           ; 0            ; 0       ; 0         ; 0    ; 0            ; |RISCV_Processor|regFile:RF|reg_N:reg6|dffg:\G_NBit_Reg:18:RegI                                                           ; dffg            ; work         ;
;          |dffg:\G_NBit_Reg:19:RegI|              ; 0 (0)               ; 1 (1)                     ; 0           ; 0            ; 0       ; 0         ; 0    ; 0            ; |RISCV_Processor|regFile:RF|reg_N:reg6|dffg:\G_NBit_Reg:19:RegI                                                           ; dffg            ; work         ;
;          |dffg:\G_NBit_Reg:1:RegI|               ; 0 (0)               ; 1 (1)                     ; 0           ; 0            ; 0       ; 0         ; 0    ; 0            ; |RISCV_Processor|regFile:RF|reg_N:reg6|dffg:\G_NBit_Reg:1:RegI                                                            ; dffg            ; work         ;
;          |dffg:\G_NBit_Reg:20:RegI|              ; 0 (0)               ; 1 (1)                     ; 0           ; 0            ; 0       ; 0         ; 0    ; 0            ; |RISCV_Processor|regFile:RF|reg_N:reg6|dffg:\G_NBit_Reg:20:RegI                                                           ; dffg            ; work         ;
;          |dffg:\G_NBit_Reg:21:RegI|              ; 0 (0)               ; 1 (1)                     ; 0           ; 0            ; 0       ; 0         ; 0    ; 0            ; |RISCV_Processor|regFile:RF|reg_N:reg6|dffg:\G_NBit_Reg:21:RegI                                                           ; dffg            ; work         ;
;          |dffg:\G_NBit_Reg:22:RegI|              ; 0 (0)               ; 1 (1)                     ; 0           ; 0            ; 0       ; 0         ; 0    ; 0            ; |RISCV_Processor|regFile:RF|reg_N:reg6|dffg:\G_NBit_Reg:22:RegI                                                           ; dffg            ; work         ;
;          |dffg:\G_NBit_Reg:23:RegI|              ; 0 (0)               ; 1 (1)                     ; 0           ; 0            ; 0       ; 0         ; 0    ; 0            ; |RISCV_Processor|regFile:RF|reg_N:reg6|dffg:\G_NBit_Reg:23:RegI                                                           ; dffg            ; work         ;
;          |dffg:\G_NBit_Reg:24:RegI|              ; 0 (0)               ; 1 (1)                     ; 0           ; 0            ; 0       ; 0         ; 0    ; 0            ; |RISCV_Processor|regFile:RF|reg_N:reg6|dffg:\G_NBit_Reg:24:RegI                                                           ; dffg            ; work         ;
;          |dffg:\G_NBit_Reg:25:RegI|              ; 0 (0)               ; 1 (1)                     ; 0           ; 0            ; 0       ; 0         ; 0    ; 0            ; |RISCV_Processor|regFile:RF|reg_N:reg6|dffg:\G_NBit_Reg:25:RegI                                                           ; dffg            ; work         ;
;          |dffg:\G_NBit_Reg:26:RegI|              ; 0 (0)               ; 1 (1)                     ; 0           ; 0            ; 0       ; 0         ; 0    ; 0            ; |RISCV_Processor|regFile:RF|reg_N:reg6|dffg:\G_NBit_Reg:26:RegI                                                           ; dffg            ; work         ;
;          |dffg:\G_NBit_Reg:27:RegI|              ; 0 (0)               ; 1 (1)                     ; 0           ; 0            ; 0       ; 0         ; 0    ; 0            ; |RISCV_Processor|regFile:RF|reg_N:reg6|dffg:\G_NBit_Reg:27:RegI                                                           ; dffg            ; work         ;
;          |dffg:\G_NBit_Reg:28:RegI|              ; 0 (0)               ; 1 (1)                     ; 0           ; 0            ; 0       ; 0         ; 0    ; 0            ; |RISCV_Processor|regFile:RF|reg_N:reg6|dffg:\G_NBit_Reg:28:RegI                                                           ; dffg            ; work         ;
;          |dffg:\G_NBit_Reg:29:RegI|              ; 0 (0)               ; 1 (1)                     ; 0           ; 0            ; 0       ; 0         ; 0    ; 0            ; |RISCV_Processor|regFile:RF|reg_N:reg6|dffg:\G_NBit_Reg:29:RegI                                                           ; dffg            ; work         ;
;          |dffg:\G_NBit_Reg:2:RegI|               ; 0 (0)               ; 1 (1)                     ; 0           ; 0            ; 0       ; 0         ; 0    ; 0            ; |RISCV_Processor|regFile:RF|reg_N:reg6|dffg:\G_NBit_Reg:2:RegI                                                            ; dffg            ; work         ;
;          |dffg:\G_NBit_Reg:30:RegI|              ; 0 (0)               ; 1 (1)                     ; 0           ; 0            ; 0       ; 0         ; 0    ; 0            ; |RISCV_Processor|regFile:RF|reg_N:reg6|dffg:\G_NBit_Reg:30:RegI                                                           ; dffg            ; work         ;
;          |dffg:\G_NBit_Reg:31:RegI|              ; 0 (0)               ; 1 (1)                     ; 0           ; 0            ; 0       ; 0         ; 0    ; 0            ; |RISCV_Processor|regFile:RF|reg_N:reg6|dffg:\G_NBit_Reg:31:RegI                                                           ; dffg            ; work         ;
;          |dffg:\G_NBit_Reg:3:RegI|               ; 0 (0)               ; 1 (1)                     ; 0           ; 0            ; 0       ; 0         ; 0    ; 0            ; |RISCV_Processor|regFile:RF|reg_N:reg6|dffg:\G_NBit_Reg:3:RegI                                                            ; dffg            ; work         ;
;          |dffg:\G_NBit_Reg:4:RegI|               ; 0 (0)               ; 1 (1)                     ; 0           ; 0            ; 0       ; 0         ; 0    ; 0            ; |RISCV_Processor|regFile:RF|reg_N:reg6|dffg:\G_NBit_Reg:4:RegI                                                            ; dffg            ; work         ;
;          |dffg:\G_NBit_Reg:5:RegI|               ; 0 (0)               ; 1 (1)                     ; 0           ; 0            ; 0       ; 0         ; 0    ; 0            ; |RISCV_Processor|regFile:RF|reg_N:reg6|dffg:\G_NBit_Reg:5:RegI                                                            ; dffg            ; work         ;
;          |dffg:\G_NBit_Reg:6:RegI|               ; 0 (0)               ; 1 (1)                     ; 0           ; 0            ; 0       ; 0         ; 0    ; 0            ; |RISCV_Processor|regFile:RF|reg_N:reg6|dffg:\G_NBit_Reg:6:RegI                                                            ; dffg            ; work         ;
;          |dffg:\G_NBit_Reg:7:RegI|               ; 0 (0)               ; 1 (1)                     ; 0           ; 0            ; 0       ; 0         ; 0    ; 0            ; |RISCV_Processor|regFile:RF|reg_N:reg6|dffg:\G_NBit_Reg:7:RegI                                                            ; dffg            ; work         ;
;          |dffg:\G_NBit_Reg:8:RegI|               ; 0 (0)               ; 1 (1)                     ; 0           ; 0            ; 0       ; 0         ; 0    ; 0            ; |RISCV_Processor|regFile:RF|reg_N:reg6|dffg:\G_NBit_Reg:8:RegI                                                            ; dffg            ; work         ;
;          |dffg:\G_NBit_Reg:9:RegI|               ; 0 (0)               ; 1 (1)                     ; 0           ; 0            ; 0       ; 0         ; 0    ; 0            ; |RISCV_Processor|regFile:RF|reg_N:reg6|dffg:\G_NBit_Reg:9:RegI                                                            ; dffg            ; work         ;
;       |reg_N:reg7|                               ; 0 (0)               ; 32 (0)                    ; 0           ; 0            ; 0       ; 0         ; 0    ; 0            ; |RISCV_Processor|regFile:RF|reg_N:reg7                                                                                    ; reg_N           ; work         ;
;          |dffg:\G_NBit_Reg:0:RegI|               ; 0 (0)               ; 1 (1)                     ; 0           ; 0            ; 0       ; 0         ; 0    ; 0            ; |RISCV_Processor|regFile:RF|reg_N:reg7|dffg:\G_NBit_Reg:0:RegI                                                            ; dffg            ; work         ;
;          |dffg:\G_NBit_Reg:10:RegI|              ; 0 (0)               ; 1 (1)                     ; 0           ; 0            ; 0       ; 0         ; 0    ; 0            ; |RISCV_Processor|regFile:RF|reg_N:reg7|dffg:\G_NBit_Reg:10:RegI                                                           ; dffg            ; work         ;
;          |dffg:\G_NBit_Reg:11:RegI|              ; 0 (0)               ; 1 (1)                     ; 0           ; 0            ; 0       ; 0         ; 0    ; 0            ; |RISCV_Processor|regFile:RF|reg_N:reg7|dffg:\G_NBit_Reg:11:RegI                                                           ; dffg            ; work         ;
;          |dffg:\G_NBit_Reg:12:RegI|              ; 0 (0)               ; 1 (1)                     ; 0           ; 0            ; 0       ; 0         ; 0    ; 0            ; |RISCV_Processor|regFile:RF|reg_N:reg7|dffg:\G_NBit_Reg:12:RegI                                                           ; dffg            ; work         ;
;          |dffg:\G_NBit_Reg:13:RegI|              ; 0 (0)               ; 1 (1)                     ; 0           ; 0            ; 0       ; 0         ; 0    ; 0            ; |RISCV_Processor|regFile:RF|reg_N:reg7|dffg:\G_NBit_Reg:13:RegI                                                           ; dffg            ; work         ;
;          |dffg:\G_NBit_Reg:14:RegI|              ; 0 (0)               ; 1 (1)                     ; 0           ; 0            ; 0       ; 0         ; 0    ; 0            ; |RISCV_Processor|regFile:RF|reg_N:reg7|dffg:\G_NBit_Reg:14:RegI                                                           ; dffg            ; work         ;
;          |dffg:\G_NBit_Reg:15:RegI|              ; 0 (0)               ; 1 (1)                     ; 0           ; 0            ; 0       ; 0         ; 0    ; 0            ; |RISCV_Processor|regFile:RF|reg_N:reg7|dffg:\G_NBit_Reg:15:RegI                                                           ; dffg            ; work         ;
;          |dffg:\G_NBit_Reg:16:RegI|              ; 0 (0)               ; 1 (1)                     ; 0           ; 0            ; 0       ; 0         ; 0    ; 0            ; |RISCV_Processor|regFile:RF|reg_N:reg7|dffg:\G_NBit_Reg:16:RegI                                                           ; dffg            ; work         ;
;          |dffg:\G_NBit_Reg:17:RegI|              ; 0 (0)               ; 1 (1)                     ; 0           ; 0            ; 0       ; 0         ; 0    ; 0            ; |RISCV_Processor|regFile:RF|reg_N:reg7|dffg:\G_NBit_Reg:17:RegI                                                           ; dffg            ; work         ;
;          |dffg:\G_NBit_Reg:18:RegI|              ; 0 (0)               ; 1 (1)                     ; 0           ; 0            ; 0       ; 0         ; 0    ; 0            ; |RISCV_Processor|regFile:RF|reg_N:reg7|dffg:\G_NBit_Reg:18:RegI                                                           ; dffg            ; work         ;
;          |dffg:\G_NBit_Reg:19:RegI|              ; 0 (0)               ; 1 (1)                     ; 0           ; 0            ; 0       ; 0         ; 0    ; 0            ; |RISCV_Processor|regFile:RF|reg_N:reg7|dffg:\G_NBit_Reg:19:RegI                                                           ; dffg            ; work         ;
;          |dffg:\G_NBit_Reg:1:RegI|               ; 0 (0)               ; 1 (1)                     ; 0           ; 0            ; 0       ; 0         ; 0    ; 0            ; |RISCV_Processor|regFile:RF|reg_N:reg7|dffg:\G_NBit_Reg:1:RegI                                                            ; dffg            ; work         ;
;          |dffg:\G_NBit_Reg:20:RegI|              ; 0 (0)               ; 1 (1)                     ; 0           ; 0            ; 0       ; 0         ; 0    ; 0            ; |RISCV_Processor|regFile:RF|reg_N:reg7|dffg:\G_NBit_Reg:20:RegI                                                           ; dffg            ; work         ;
;          |dffg:\G_NBit_Reg:21:RegI|              ; 0 (0)               ; 1 (1)                     ; 0           ; 0            ; 0       ; 0         ; 0    ; 0            ; |RISCV_Processor|regFile:RF|reg_N:reg7|dffg:\G_NBit_Reg:21:RegI                                                           ; dffg            ; work         ;
;          |dffg:\G_NBit_Reg:22:RegI|              ; 0 (0)               ; 1 (1)                     ; 0           ; 0            ; 0       ; 0         ; 0    ; 0            ; |RISCV_Processor|regFile:RF|reg_N:reg7|dffg:\G_NBit_Reg:22:RegI                                                           ; dffg            ; work         ;
;          |dffg:\G_NBit_Reg:23:RegI|              ; 0 (0)               ; 1 (1)                     ; 0           ; 0            ; 0       ; 0         ; 0    ; 0            ; |RISCV_Processor|regFile:RF|reg_N:reg7|dffg:\G_NBit_Reg:23:RegI                                                           ; dffg            ; work         ;
;          |dffg:\G_NBit_Reg:24:RegI|              ; 0 (0)               ; 1 (1)                     ; 0           ; 0            ; 0       ; 0         ; 0    ; 0            ; |RISCV_Processor|regFile:RF|reg_N:reg7|dffg:\G_NBit_Reg:24:RegI                                                           ; dffg            ; work         ;
;          |dffg:\G_NBit_Reg:25:RegI|              ; 0 (0)               ; 1 (1)                     ; 0           ; 0            ; 0       ; 0         ; 0    ; 0            ; |RISCV_Processor|regFile:RF|reg_N:reg7|dffg:\G_NBit_Reg:25:RegI                                                           ; dffg            ; work         ;
;          |dffg:\G_NBit_Reg:26:RegI|              ; 0 (0)               ; 1 (1)                     ; 0           ; 0            ; 0       ; 0         ; 0    ; 0            ; |RISCV_Processor|regFile:RF|reg_N:reg7|dffg:\G_NBit_Reg:26:RegI                                                           ; dffg            ; work         ;
;          |dffg:\G_NBit_Reg:27:RegI|              ; 0 (0)               ; 1 (1)                     ; 0           ; 0            ; 0       ; 0         ; 0    ; 0            ; |RISCV_Processor|regFile:RF|reg_N:reg7|dffg:\G_NBit_Reg:27:RegI                                                           ; dffg            ; work         ;
;          |dffg:\G_NBit_Reg:28:RegI|              ; 0 (0)               ; 1 (1)                     ; 0           ; 0            ; 0       ; 0         ; 0    ; 0            ; |RISCV_Processor|regFile:RF|reg_N:reg7|dffg:\G_NBit_Reg:28:RegI                                                           ; dffg            ; work         ;
;          |dffg:\G_NBit_Reg:29:RegI|              ; 0 (0)               ; 1 (1)                     ; 0           ; 0            ; 0       ; 0         ; 0    ; 0            ; |RISCV_Processor|regFile:RF|reg_N:reg7|dffg:\G_NBit_Reg:29:RegI                                                           ; dffg            ; work         ;
;          |dffg:\G_NBit_Reg:2:RegI|               ; 0 (0)               ; 1 (1)                     ; 0           ; 0            ; 0       ; 0         ; 0    ; 0            ; |RISCV_Processor|regFile:RF|reg_N:reg7|dffg:\G_NBit_Reg:2:RegI                                                            ; dffg            ; work         ;
;          |dffg:\G_NBit_Reg:30:RegI|              ; 0 (0)               ; 1 (1)                     ; 0           ; 0            ; 0       ; 0         ; 0    ; 0            ; |RISCV_Processor|regFile:RF|reg_N:reg7|dffg:\G_NBit_Reg:30:RegI                                                           ; dffg            ; work         ;
;          |dffg:\G_NBit_Reg:31:RegI|              ; 0 (0)               ; 1 (1)                     ; 0           ; 0            ; 0       ; 0         ; 0    ; 0            ; |RISCV_Processor|regFile:RF|reg_N:reg7|dffg:\G_NBit_Reg:31:RegI                                                           ; dffg            ; work         ;
;          |dffg:\G_NBit_Reg:3:RegI|               ; 0 (0)               ; 1 (1)                     ; 0           ; 0            ; 0       ; 0         ; 0    ; 0            ; |RISCV_Processor|regFile:RF|reg_N:reg7|dffg:\G_NBit_Reg:3:RegI                                                            ; dffg            ; work         ;
;          |dffg:\G_NBit_Reg:4:RegI|               ; 0 (0)               ; 1 (1)                     ; 0           ; 0            ; 0       ; 0         ; 0    ; 0            ; |RISCV_Processor|regFile:RF|reg_N:reg7|dffg:\G_NBit_Reg:4:RegI                                                            ; dffg            ; work         ;
;          |dffg:\G_NBit_Reg:5:RegI|               ; 0 (0)               ; 1 (1)                     ; 0           ; 0            ; 0       ; 0         ; 0    ; 0            ; |RISCV_Processor|regFile:RF|reg_N:reg7|dffg:\G_NBit_Reg:5:RegI                                                            ; dffg            ; work         ;
;          |dffg:\G_NBit_Reg:6:RegI|               ; 0 (0)               ; 1 (1)                     ; 0           ; 0            ; 0       ; 0         ; 0    ; 0            ; |RISCV_Processor|regFile:RF|reg_N:reg7|dffg:\G_NBit_Reg:6:RegI                                                            ; dffg            ; work         ;
;          |dffg:\G_NBit_Reg:7:RegI|               ; 0 (0)               ; 1 (1)                     ; 0           ; 0            ; 0       ; 0         ; 0    ; 0            ; |RISCV_Processor|regFile:RF|reg_N:reg7|dffg:\G_NBit_Reg:7:RegI                                                            ; dffg            ; work         ;
;          |dffg:\G_NBit_Reg:8:RegI|               ; 0 (0)               ; 1 (1)                     ; 0           ; 0            ; 0       ; 0         ; 0    ; 0            ; |RISCV_Processor|regFile:RF|reg_N:reg7|dffg:\G_NBit_Reg:8:RegI                                                            ; dffg            ; work         ;
;          |dffg:\G_NBit_Reg:9:RegI|               ; 0 (0)               ; 1 (1)                     ; 0           ; 0            ; 0       ; 0         ; 0    ; 0            ; |RISCV_Processor|regFile:RF|reg_N:reg7|dffg:\G_NBit_Reg:9:RegI                                                            ; dffg            ; work         ;
;       |reg_N:reg8|                               ; 0 (0)               ; 32 (0)                    ; 0           ; 0            ; 0       ; 0         ; 0    ; 0            ; |RISCV_Processor|regFile:RF|reg_N:reg8                                                                                    ; reg_N           ; work         ;
;          |dffg:\G_NBit_Reg:0:RegI|               ; 0 (0)               ; 1 (1)                     ; 0           ; 0            ; 0       ; 0         ; 0    ; 0            ; |RISCV_Processor|regFile:RF|reg_N:reg8|dffg:\G_NBit_Reg:0:RegI                                                            ; dffg            ; work         ;
;          |dffg:\G_NBit_Reg:10:RegI|              ; 0 (0)               ; 1 (1)                     ; 0           ; 0            ; 0       ; 0         ; 0    ; 0            ; |RISCV_Processor|regFile:RF|reg_N:reg8|dffg:\G_NBit_Reg:10:RegI                                                           ; dffg            ; work         ;
;          |dffg:\G_NBit_Reg:11:RegI|              ; 0 (0)               ; 1 (1)                     ; 0           ; 0            ; 0       ; 0         ; 0    ; 0            ; |RISCV_Processor|regFile:RF|reg_N:reg8|dffg:\G_NBit_Reg:11:RegI                                                           ; dffg            ; work         ;
;          |dffg:\G_NBit_Reg:12:RegI|              ; 0 (0)               ; 1 (1)                     ; 0           ; 0            ; 0       ; 0         ; 0    ; 0            ; |RISCV_Processor|regFile:RF|reg_N:reg8|dffg:\G_NBit_Reg:12:RegI                                                           ; dffg            ; work         ;
;          |dffg:\G_NBit_Reg:13:RegI|              ; 0 (0)               ; 1 (1)                     ; 0           ; 0            ; 0       ; 0         ; 0    ; 0            ; |RISCV_Processor|regFile:RF|reg_N:reg8|dffg:\G_NBit_Reg:13:RegI                                                           ; dffg            ; work         ;
;          |dffg:\G_NBit_Reg:14:RegI|              ; 0 (0)               ; 1 (1)                     ; 0           ; 0            ; 0       ; 0         ; 0    ; 0            ; |RISCV_Processor|regFile:RF|reg_N:reg8|dffg:\G_NBit_Reg:14:RegI                                                           ; dffg            ; work         ;
;          |dffg:\G_NBit_Reg:15:RegI|              ; 0 (0)               ; 1 (1)                     ; 0           ; 0            ; 0       ; 0         ; 0    ; 0            ; |RISCV_Processor|regFile:RF|reg_N:reg8|dffg:\G_NBit_Reg:15:RegI                                                           ; dffg            ; work         ;
;          |dffg:\G_NBit_Reg:16:RegI|              ; 0 (0)               ; 1 (1)                     ; 0           ; 0            ; 0       ; 0         ; 0    ; 0            ; |RISCV_Processor|regFile:RF|reg_N:reg8|dffg:\G_NBit_Reg:16:RegI                                                           ; dffg            ; work         ;
;          |dffg:\G_NBit_Reg:17:RegI|              ; 0 (0)               ; 1 (1)                     ; 0           ; 0            ; 0       ; 0         ; 0    ; 0            ; |RISCV_Processor|regFile:RF|reg_N:reg8|dffg:\G_NBit_Reg:17:RegI                                                           ; dffg            ; work         ;
;          |dffg:\G_NBit_Reg:18:RegI|              ; 0 (0)               ; 1 (1)                     ; 0           ; 0            ; 0       ; 0         ; 0    ; 0            ; |RISCV_Processor|regFile:RF|reg_N:reg8|dffg:\G_NBit_Reg:18:RegI                                                           ; dffg            ; work         ;
;          |dffg:\G_NBit_Reg:19:RegI|              ; 0 (0)               ; 1 (1)                     ; 0           ; 0            ; 0       ; 0         ; 0    ; 0            ; |RISCV_Processor|regFile:RF|reg_N:reg8|dffg:\G_NBit_Reg:19:RegI                                                           ; dffg            ; work         ;
;          |dffg:\G_NBit_Reg:1:RegI|               ; 0 (0)               ; 1 (1)                     ; 0           ; 0            ; 0       ; 0         ; 0    ; 0            ; |RISCV_Processor|regFile:RF|reg_N:reg8|dffg:\G_NBit_Reg:1:RegI                                                            ; dffg            ; work         ;
;          |dffg:\G_NBit_Reg:20:RegI|              ; 0 (0)               ; 1 (1)                     ; 0           ; 0            ; 0       ; 0         ; 0    ; 0            ; |RISCV_Processor|regFile:RF|reg_N:reg8|dffg:\G_NBit_Reg:20:RegI                                                           ; dffg            ; work         ;
;          |dffg:\G_NBit_Reg:21:RegI|              ; 0 (0)               ; 1 (1)                     ; 0           ; 0            ; 0       ; 0         ; 0    ; 0            ; |RISCV_Processor|regFile:RF|reg_N:reg8|dffg:\G_NBit_Reg:21:RegI                                                           ; dffg            ; work         ;
;          |dffg:\G_NBit_Reg:22:RegI|              ; 0 (0)               ; 1 (1)                     ; 0           ; 0            ; 0       ; 0         ; 0    ; 0            ; |RISCV_Processor|regFile:RF|reg_N:reg8|dffg:\G_NBit_Reg:22:RegI                                                           ; dffg            ; work         ;
;          |dffg:\G_NBit_Reg:23:RegI|              ; 0 (0)               ; 1 (1)                     ; 0           ; 0            ; 0       ; 0         ; 0    ; 0            ; |RISCV_Processor|regFile:RF|reg_N:reg8|dffg:\G_NBit_Reg:23:RegI                                                           ; dffg            ; work         ;
;          |dffg:\G_NBit_Reg:24:RegI|              ; 0 (0)               ; 1 (1)                     ; 0           ; 0            ; 0       ; 0         ; 0    ; 0            ; |RISCV_Processor|regFile:RF|reg_N:reg8|dffg:\G_NBit_Reg:24:RegI                                                           ; dffg            ; work         ;
;          |dffg:\G_NBit_Reg:25:RegI|              ; 0 (0)               ; 1 (1)                     ; 0           ; 0            ; 0       ; 0         ; 0    ; 0            ; |RISCV_Processor|regFile:RF|reg_N:reg8|dffg:\G_NBit_Reg:25:RegI                                                           ; dffg            ; work         ;
;          |dffg:\G_NBit_Reg:26:RegI|              ; 0 (0)               ; 1 (1)                     ; 0           ; 0            ; 0       ; 0         ; 0    ; 0            ; |RISCV_Processor|regFile:RF|reg_N:reg8|dffg:\G_NBit_Reg:26:RegI                                                           ; dffg            ; work         ;
;          |dffg:\G_NBit_Reg:27:RegI|              ; 0 (0)               ; 1 (1)                     ; 0           ; 0            ; 0       ; 0         ; 0    ; 0            ; |RISCV_Processor|regFile:RF|reg_N:reg8|dffg:\G_NBit_Reg:27:RegI                                                           ; dffg            ; work         ;
;          |dffg:\G_NBit_Reg:28:RegI|              ; 0 (0)               ; 1 (1)                     ; 0           ; 0            ; 0       ; 0         ; 0    ; 0            ; |RISCV_Processor|regFile:RF|reg_N:reg8|dffg:\G_NBit_Reg:28:RegI                                                           ; dffg            ; work         ;
;          |dffg:\G_NBit_Reg:29:RegI|              ; 0 (0)               ; 1 (1)                     ; 0           ; 0            ; 0       ; 0         ; 0    ; 0            ; |RISCV_Processor|regFile:RF|reg_N:reg8|dffg:\G_NBit_Reg:29:RegI                                                           ; dffg            ; work         ;
;          |dffg:\G_NBit_Reg:2:RegI|               ; 0 (0)               ; 1 (1)                     ; 0           ; 0            ; 0       ; 0         ; 0    ; 0            ; |RISCV_Processor|regFile:RF|reg_N:reg8|dffg:\G_NBit_Reg:2:RegI                                                            ; dffg            ; work         ;
;          |dffg:\G_NBit_Reg:30:RegI|              ; 0 (0)               ; 1 (1)                     ; 0           ; 0            ; 0       ; 0         ; 0    ; 0            ; |RISCV_Processor|regFile:RF|reg_N:reg8|dffg:\G_NBit_Reg:30:RegI                                                           ; dffg            ; work         ;
;          |dffg:\G_NBit_Reg:31:RegI|              ; 0 (0)               ; 1 (1)                     ; 0           ; 0            ; 0       ; 0         ; 0    ; 0            ; |RISCV_Processor|regFile:RF|reg_N:reg8|dffg:\G_NBit_Reg:31:RegI                                                           ; dffg            ; work         ;
;          |dffg:\G_NBit_Reg:3:RegI|               ; 0 (0)               ; 1 (1)                     ; 0           ; 0            ; 0       ; 0         ; 0    ; 0            ; |RISCV_Processor|regFile:RF|reg_N:reg8|dffg:\G_NBit_Reg:3:RegI                                                            ; dffg            ; work         ;
;          |dffg:\G_NBit_Reg:4:RegI|               ; 0 (0)               ; 1 (1)                     ; 0           ; 0            ; 0       ; 0         ; 0    ; 0            ; |RISCV_Processor|regFile:RF|reg_N:reg8|dffg:\G_NBit_Reg:4:RegI                                                            ; dffg            ; work         ;
;          |dffg:\G_NBit_Reg:5:RegI|               ; 0 (0)               ; 1 (1)                     ; 0           ; 0            ; 0       ; 0         ; 0    ; 0            ; |RISCV_Processor|regFile:RF|reg_N:reg8|dffg:\G_NBit_Reg:5:RegI                                                            ; dffg            ; work         ;
;          |dffg:\G_NBit_Reg:6:RegI|               ; 0 (0)               ; 1 (1)                     ; 0           ; 0            ; 0       ; 0         ; 0    ; 0            ; |RISCV_Processor|regFile:RF|reg_N:reg8|dffg:\G_NBit_Reg:6:RegI                                                            ; dffg            ; work         ;
;          |dffg:\G_NBit_Reg:7:RegI|               ; 0 (0)               ; 1 (1)                     ; 0           ; 0            ; 0       ; 0         ; 0    ; 0            ; |RISCV_Processor|regFile:RF|reg_N:reg8|dffg:\G_NBit_Reg:7:RegI                                                            ; dffg            ; work         ;
;          |dffg:\G_NBit_Reg:8:RegI|               ; 0 (0)               ; 1 (1)                     ; 0           ; 0            ; 0       ; 0         ; 0    ; 0            ; |RISCV_Processor|regFile:RF|reg_N:reg8|dffg:\G_NBit_Reg:8:RegI                                                            ; dffg            ; work         ;
;          |dffg:\G_NBit_Reg:9:RegI|               ; 0 (0)               ; 1 (1)                     ; 0           ; 0            ; 0       ; 0         ; 0    ; 0            ; |RISCV_Processor|regFile:RF|reg_N:reg8|dffg:\G_NBit_Reg:9:RegI                                                            ; dffg            ; work         ;
;       |reg_N:reg9|                               ; 0 (0)               ; 32 (0)                    ; 0           ; 0            ; 0       ; 0         ; 0    ; 0            ; |RISCV_Processor|regFile:RF|reg_N:reg9                                                                                    ; reg_N           ; work         ;
;          |dffg:\G_NBit_Reg:0:RegI|               ; 0 (0)               ; 1 (1)                     ; 0           ; 0            ; 0       ; 0         ; 0    ; 0            ; |RISCV_Processor|regFile:RF|reg_N:reg9|dffg:\G_NBit_Reg:0:RegI                                                            ; dffg            ; work         ;
;          |dffg:\G_NBit_Reg:10:RegI|              ; 0 (0)               ; 1 (1)                     ; 0           ; 0            ; 0       ; 0         ; 0    ; 0            ; |RISCV_Processor|regFile:RF|reg_N:reg9|dffg:\G_NBit_Reg:10:RegI                                                           ; dffg            ; work         ;
;          |dffg:\G_NBit_Reg:11:RegI|              ; 0 (0)               ; 1 (1)                     ; 0           ; 0            ; 0       ; 0         ; 0    ; 0            ; |RISCV_Processor|regFile:RF|reg_N:reg9|dffg:\G_NBit_Reg:11:RegI                                                           ; dffg            ; work         ;
;          |dffg:\G_NBit_Reg:12:RegI|              ; 0 (0)               ; 1 (1)                     ; 0           ; 0            ; 0       ; 0         ; 0    ; 0            ; |RISCV_Processor|regFile:RF|reg_N:reg9|dffg:\G_NBit_Reg:12:RegI                                                           ; dffg            ; work         ;
;          |dffg:\G_NBit_Reg:13:RegI|              ; 0 (0)               ; 1 (1)                     ; 0           ; 0            ; 0       ; 0         ; 0    ; 0            ; |RISCV_Processor|regFile:RF|reg_N:reg9|dffg:\G_NBit_Reg:13:RegI                                                           ; dffg            ; work         ;
;          |dffg:\G_NBit_Reg:14:RegI|              ; 0 (0)               ; 1 (1)                     ; 0           ; 0            ; 0       ; 0         ; 0    ; 0            ; |RISCV_Processor|regFile:RF|reg_N:reg9|dffg:\G_NBit_Reg:14:RegI                                                           ; dffg            ; work         ;
;          |dffg:\G_NBit_Reg:15:RegI|              ; 0 (0)               ; 1 (1)                     ; 0           ; 0            ; 0       ; 0         ; 0    ; 0            ; |RISCV_Processor|regFile:RF|reg_N:reg9|dffg:\G_NBit_Reg:15:RegI                                                           ; dffg            ; work         ;
;          |dffg:\G_NBit_Reg:16:RegI|              ; 0 (0)               ; 1 (1)                     ; 0           ; 0            ; 0       ; 0         ; 0    ; 0            ; |RISCV_Processor|regFile:RF|reg_N:reg9|dffg:\G_NBit_Reg:16:RegI                                                           ; dffg            ; work         ;
;          |dffg:\G_NBit_Reg:17:RegI|              ; 0 (0)               ; 1 (1)                     ; 0           ; 0            ; 0       ; 0         ; 0    ; 0            ; |RISCV_Processor|regFile:RF|reg_N:reg9|dffg:\G_NBit_Reg:17:RegI                                                           ; dffg            ; work         ;
;          |dffg:\G_NBit_Reg:18:RegI|              ; 0 (0)               ; 1 (1)                     ; 0           ; 0            ; 0       ; 0         ; 0    ; 0            ; |RISCV_Processor|regFile:RF|reg_N:reg9|dffg:\G_NBit_Reg:18:RegI                                                           ; dffg            ; work         ;
;          |dffg:\G_NBit_Reg:19:RegI|              ; 0 (0)               ; 1 (1)                     ; 0           ; 0            ; 0       ; 0         ; 0    ; 0            ; |RISCV_Processor|regFile:RF|reg_N:reg9|dffg:\G_NBit_Reg:19:RegI                                                           ; dffg            ; work         ;
;          |dffg:\G_NBit_Reg:1:RegI|               ; 0 (0)               ; 1 (1)                     ; 0           ; 0            ; 0       ; 0         ; 0    ; 0            ; |RISCV_Processor|regFile:RF|reg_N:reg9|dffg:\G_NBit_Reg:1:RegI                                                            ; dffg            ; work         ;
;          |dffg:\G_NBit_Reg:20:RegI|              ; 0 (0)               ; 1 (1)                     ; 0           ; 0            ; 0       ; 0         ; 0    ; 0            ; |RISCV_Processor|regFile:RF|reg_N:reg9|dffg:\G_NBit_Reg:20:RegI                                                           ; dffg            ; work         ;
;          |dffg:\G_NBit_Reg:21:RegI|              ; 0 (0)               ; 1 (1)                     ; 0           ; 0            ; 0       ; 0         ; 0    ; 0            ; |RISCV_Processor|regFile:RF|reg_N:reg9|dffg:\G_NBit_Reg:21:RegI                                                           ; dffg            ; work         ;
;          |dffg:\G_NBit_Reg:22:RegI|              ; 0 (0)               ; 1 (1)                     ; 0           ; 0            ; 0       ; 0         ; 0    ; 0            ; |RISCV_Processor|regFile:RF|reg_N:reg9|dffg:\G_NBit_Reg:22:RegI                                                           ; dffg            ; work         ;
;          |dffg:\G_NBit_Reg:23:RegI|              ; 0 (0)               ; 1 (1)                     ; 0           ; 0            ; 0       ; 0         ; 0    ; 0            ; |RISCV_Processor|regFile:RF|reg_N:reg9|dffg:\G_NBit_Reg:23:RegI                                                           ; dffg            ; work         ;
;          |dffg:\G_NBit_Reg:24:RegI|              ; 0 (0)               ; 1 (1)                     ; 0           ; 0            ; 0       ; 0         ; 0    ; 0            ; |RISCV_Processor|regFile:RF|reg_N:reg9|dffg:\G_NBit_Reg:24:RegI                                                           ; dffg            ; work         ;
;          |dffg:\G_NBit_Reg:25:RegI|              ; 0 (0)               ; 1 (1)                     ; 0           ; 0            ; 0       ; 0         ; 0    ; 0            ; |RISCV_Processor|regFile:RF|reg_N:reg9|dffg:\G_NBit_Reg:25:RegI                                                           ; dffg            ; work         ;
;          |dffg:\G_NBit_Reg:26:RegI|              ; 0 (0)               ; 1 (1)                     ; 0           ; 0            ; 0       ; 0         ; 0    ; 0            ; |RISCV_Processor|regFile:RF|reg_N:reg9|dffg:\G_NBit_Reg:26:RegI                                                           ; dffg            ; work         ;
;          |dffg:\G_NBit_Reg:27:RegI|              ; 0 (0)               ; 1 (1)                     ; 0           ; 0            ; 0       ; 0         ; 0    ; 0            ; |RISCV_Processor|regFile:RF|reg_N:reg9|dffg:\G_NBit_Reg:27:RegI                                                           ; dffg            ; work         ;
;          |dffg:\G_NBit_Reg:28:RegI|              ; 0 (0)               ; 1 (1)                     ; 0           ; 0            ; 0       ; 0         ; 0    ; 0            ; |RISCV_Processor|regFile:RF|reg_N:reg9|dffg:\G_NBit_Reg:28:RegI                                                           ; dffg            ; work         ;
;          |dffg:\G_NBit_Reg:29:RegI|              ; 0 (0)               ; 1 (1)                     ; 0           ; 0            ; 0       ; 0         ; 0    ; 0            ; |RISCV_Processor|regFile:RF|reg_N:reg9|dffg:\G_NBit_Reg:29:RegI                                                           ; dffg            ; work         ;
;          |dffg:\G_NBit_Reg:2:RegI|               ; 0 (0)               ; 1 (1)                     ; 0           ; 0            ; 0       ; 0         ; 0    ; 0            ; |RISCV_Processor|regFile:RF|reg_N:reg9|dffg:\G_NBit_Reg:2:RegI                                                            ; dffg            ; work         ;
;          |dffg:\G_NBit_Reg:30:RegI|              ; 0 (0)               ; 1 (1)                     ; 0           ; 0            ; 0       ; 0         ; 0    ; 0            ; |RISCV_Processor|regFile:RF|reg_N:reg9|dffg:\G_NBit_Reg:30:RegI                                                           ; dffg            ; work         ;
;          |dffg:\G_NBit_Reg:31:RegI|              ; 0 (0)               ; 1 (1)                     ; 0           ; 0            ; 0       ; 0         ; 0    ; 0            ; |RISCV_Processor|regFile:RF|reg_N:reg9|dffg:\G_NBit_Reg:31:RegI                                                           ; dffg            ; work         ;
;          |dffg:\G_NBit_Reg:3:RegI|               ; 0 (0)               ; 1 (1)                     ; 0           ; 0            ; 0       ; 0         ; 0    ; 0            ; |RISCV_Processor|regFile:RF|reg_N:reg9|dffg:\G_NBit_Reg:3:RegI                                                            ; dffg            ; work         ;
;          |dffg:\G_NBit_Reg:4:RegI|               ; 0 (0)               ; 1 (1)                     ; 0           ; 0            ; 0       ; 0         ; 0    ; 0            ; |RISCV_Processor|regFile:RF|reg_N:reg9|dffg:\G_NBit_Reg:4:RegI                                                            ; dffg            ; work         ;
;          |dffg:\G_NBit_Reg:5:RegI|               ; 0 (0)               ; 1 (1)                     ; 0           ; 0            ; 0       ; 0         ; 0    ; 0            ; |RISCV_Processor|regFile:RF|reg_N:reg9|dffg:\G_NBit_Reg:5:RegI                                                            ; dffg            ; work         ;
;          |dffg:\G_NBit_Reg:6:RegI|               ; 0 (0)               ; 1 (1)                     ; 0           ; 0            ; 0       ; 0         ; 0    ; 0            ; |RISCV_Processor|regFile:RF|reg_N:reg9|dffg:\G_NBit_Reg:6:RegI                                                            ; dffg            ; work         ;
;          |dffg:\G_NBit_Reg:7:RegI|               ; 0 (0)               ; 1 (1)                     ; 0           ; 0            ; 0       ; 0         ; 0    ; 0            ; |RISCV_Processor|regFile:RF|reg_N:reg9|dffg:\G_NBit_Reg:7:RegI                                                            ; dffg            ; work         ;
;          |dffg:\G_NBit_Reg:8:RegI|               ; 0 (0)               ; 1 (1)                     ; 0           ; 0            ; 0       ; 0         ; 0    ; 0            ; |RISCV_Processor|regFile:RF|reg_N:reg9|dffg:\G_NBit_Reg:8:RegI                                                            ; dffg            ; work         ;
;          |dffg:\G_NBit_Reg:9:RegI|               ; 0 (0)               ; 1 (1)                     ; 0           ; 0            ; 0       ; 0         ; 0    ; 0            ; |RISCV_Processor|regFile:RF|reg_N:reg9|dffg:\G_NBit_Reg:9:RegI                                                            ; dffg            ; work         ;
+--------------------------------------------------+---------------------+---------------------------+-------------+--------------+---------+-----------+------+--------------+---------------------------------------------------------------------------------------------------------------------------+-----------------+--------------+
Note: For table entries with two numbers listed, the numbers in parentheses indicate the number of resources of the given type used by the specific entity alone. The numbers listed outside of parentheses indicate the total resources of the given type used by the specific entity and all of its sub-entities in the hierarchy.


+-------------------------------------------------------------------------------------------------------------------------------------------------------------------------+
; Analysis & Synthesis RAM Summary                                                                                                                                        ;
+-------------------------------------------------------------------------+------+-------------+--------------+--------------+--------------+--------------+-------+------+
; Name                                                                    ; Type ; Mode        ; Port A Depth ; Port A Width ; Port B Depth ; Port B Width ; Size  ; MIF  ;
+-------------------------------------------------------------------------+------+-------------+--------------+--------------+--------------+--------------+-------+------+
; mem:IMem|altsyncram:ram_rtl_0|altsyncram_eg81:auto_generated|ALTSYNCRAM ; AUTO ; Single Port ; 1024         ; 32           ; --           ; --           ; 32768 ; None ;
+-------------------------------------------------------------------------+------+-------------+--------------+--------------+--------------+--------------+-------+------+


+------------------------------------------------------+
; General Register Statistics                          ;
+----------------------------------------------+-------+
; Statistic                                    ; Value ;
+----------------------------------------------+-------+
; Total registers                              ; 34129 ;
; Number of registers using Synchronous Clear  ; 0     ;
; Number of registers using Synchronous Load   ; 30    ;
; Number of registers using Asynchronous Clear ; 1361  ;
; Number of registers using Asynchronous Load  ; 0     ;
; Number of registers using Clock Enable       ; 33792 ;
; Number of registers using Preset             ; 0     ;
+----------------------------------------------+-------+


+-----------------------------------------------------------------------------------------+
; Registers Packed Into Inferred Megafunctions                                            ;
+-------------------------------------------------------------+--------------------+------+
; Register Name                                               ; Megafunction       ; Type ;
+-------------------------------------------------------------+--------------------+------+
; IF_ID:IF_ID_REG|reg_N:INST_REG|dffg:\G_NBit_Reg:0:RegI|s_Q  ; mem:IMem|ram_rtl_0 ; RAM  ;
; IF_ID:IF_ID_REG|reg_N:INST_REG|dffg:\G_NBit_Reg:1:RegI|s_Q  ; mem:IMem|ram_rtl_0 ; RAM  ;
; IF_ID:IF_ID_REG|reg_N:INST_REG|dffg:\G_NBit_Reg:2:RegI|s_Q  ; mem:IMem|ram_rtl_0 ; RAM  ;
; IF_ID:IF_ID_REG|reg_N:INST_REG|dffg:\G_NBit_Reg:3:RegI|s_Q  ; mem:IMem|ram_rtl_0 ; RAM  ;
; IF_ID:IF_ID_REG|reg_N:INST_REG|dffg:\G_NBit_Reg:4:RegI|s_Q  ; mem:IMem|ram_rtl_0 ; RAM  ;
; IF_ID:IF_ID_REG|reg_N:INST_REG|dffg:\G_NBit_Reg:5:RegI|s_Q  ; mem:IMem|ram_rtl_0 ; RAM  ;
; IF_ID:IF_ID_REG|reg_N:INST_REG|dffg:\G_NBit_Reg:6:RegI|s_Q  ; mem:IMem|ram_rtl_0 ; RAM  ;
; IF_ID:IF_ID_REG|reg_N:INST_REG|dffg:\G_NBit_Reg:7:RegI|s_Q  ; mem:IMem|ram_rtl_0 ; RAM  ;
; IF_ID:IF_ID_REG|reg_N:INST_REG|dffg:\G_NBit_Reg:8:RegI|s_Q  ; mem:IMem|ram_rtl_0 ; RAM  ;
; IF_ID:IF_ID_REG|reg_N:INST_REG|dffg:\G_NBit_Reg:9:RegI|s_Q  ; mem:IMem|ram_rtl_0 ; RAM  ;
; IF_ID:IF_ID_REG|reg_N:INST_REG|dffg:\G_NBit_Reg:10:RegI|s_Q ; mem:IMem|ram_rtl_0 ; RAM  ;
; IF_ID:IF_ID_REG|reg_N:INST_REG|dffg:\G_NBit_Reg:11:RegI|s_Q ; mem:IMem|ram_rtl_0 ; RAM  ;
; IF_ID:IF_ID_REG|reg_N:INST_REG|dffg:\G_NBit_Reg:12:RegI|s_Q ; mem:IMem|ram_rtl_0 ; RAM  ;
; IF_ID:IF_ID_REG|reg_N:INST_REG|dffg:\G_NBit_Reg:13:RegI|s_Q ; mem:IMem|ram_rtl_0 ; RAM  ;
; IF_ID:IF_ID_REG|reg_N:INST_REG|dffg:\G_NBit_Reg:14:RegI|s_Q ; mem:IMem|ram_rtl_0 ; RAM  ;
; IF_ID:IF_ID_REG|reg_N:INST_REG|dffg:\G_NBit_Reg:15:RegI|s_Q ; mem:IMem|ram_rtl_0 ; RAM  ;
; IF_ID:IF_ID_REG|reg_N:INST_REG|dffg:\G_NBit_Reg:16:RegI|s_Q ; mem:IMem|ram_rtl_0 ; RAM  ;
; IF_ID:IF_ID_REG|reg_N:INST_REG|dffg:\G_NBit_Reg:17:RegI|s_Q ; mem:IMem|ram_rtl_0 ; RAM  ;
; IF_ID:IF_ID_REG|reg_N:INST_REG|dffg:\G_NBit_Reg:18:RegI|s_Q ; mem:IMem|ram_rtl_0 ; RAM  ;
; IF_ID:IF_ID_REG|reg_N:INST_REG|dffg:\G_NBit_Reg:19:RegI|s_Q ; mem:IMem|ram_rtl_0 ; RAM  ;
; IF_ID:IF_ID_REG|reg_N:INST_REG|dffg:\G_NBit_Reg:20:RegI|s_Q ; mem:IMem|ram_rtl_0 ; RAM  ;
; IF_ID:IF_ID_REG|reg_N:INST_REG|dffg:\G_NBit_Reg:21:RegI|s_Q ; mem:IMem|ram_rtl_0 ; RAM  ;
; IF_ID:IF_ID_REG|reg_N:INST_REG|dffg:\G_NBit_Reg:22:RegI|s_Q ; mem:IMem|ram_rtl_0 ; RAM  ;
; IF_ID:IF_ID_REG|reg_N:INST_REG|dffg:\G_NBit_Reg:23:RegI|s_Q ; mem:IMem|ram_rtl_0 ; RAM  ;
; IF_ID:IF_ID_REG|reg_N:INST_REG|dffg:\G_NBit_Reg:24:RegI|s_Q ; mem:IMem|ram_rtl_0 ; RAM  ;
; IF_ID:IF_ID_REG|reg_N:INST_REG|dffg:\G_NBit_Reg:25:RegI|s_Q ; mem:IMem|ram_rtl_0 ; RAM  ;
; IF_ID:IF_ID_REG|reg_N:INST_REG|dffg:\G_NBit_Reg:26:RegI|s_Q ; mem:IMem|ram_rtl_0 ; RAM  ;
; IF_ID:IF_ID_REG|reg_N:INST_REG|dffg:\G_NBit_Reg:27:RegI|s_Q ; mem:IMem|ram_rtl_0 ; RAM  ;
; IF_ID:IF_ID_REG|reg_N:INST_REG|dffg:\G_NBit_Reg:28:RegI|s_Q ; mem:IMem|ram_rtl_0 ; RAM  ;
; IF_ID:IF_ID_REG|reg_N:INST_REG|dffg:\G_NBit_Reg:29:RegI|s_Q ; mem:IMem|ram_rtl_0 ; RAM  ;
; IF_ID:IF_ID_REG|reg_N:INST_REG|dffg:\G_NBit_Reg:30:RegI|s_Q ; mem:IMem|ram_rtl_0 ; RAM  ;
; IF_ID:IF_ID_REG|reg_N:INST_REG|dffg:\G_NBit_Reg:31:RegI|s_Q ; mem:IMem|ram_rtl_0 ; RAM  ;
+-------------------------------------------------------------+--------------------+------+


+---------------------------------------------------------------------------------------------------------------------------------------------------------------------------------------------------------------------------------------------+
; Multiplexer Restructuring Statistics (Restructuring Performed)                                                                                                                                                                              ;
+--------------------+-----------+---------------+----------------------+------------------------+------------+-------------------------------------------------------------------------------------------------------------------------------+
; Multiplexer Inputs ; Bus Width ; Baseline Area ; Area if Restructured ; Saving if Restructured ; Registered ; Example Multiplexer Output                                                                                                    ;
+--------------------+-----------+---------------+----------------------+------------------------+------------+-------------------------------------------------------------------------------------------------------------------------------+
; 3:1                ; 8 bits    ; 16 LEs        ; 8 LEs                ; 8 LEs                  ; Yes        ; |RISCV_Processor|MEM_WB:MEM_WB_REG|reg_N:MEM_DATA_REG|dffg:\G_NBit_Reg:14:RegI|s_Q                                            ;
; 5:1                ; 11 bits   ; 33 LEs        ; 33 LEs               ; 0 LEs                  ; Yes        ; |RISCV_Processor|ID_EX:ID_EX_REG|reg_N:IMM_REG|dffg:\G_NBit_Reg:1:RegI|s_Q                                                    ;
; 4:1                ; 8 bits    ; 16 LEs        ; 16 LEs               ; 0 LEs                  ; Yes        ; |RISCV_Processor|ID_EX:ID_EX_REG|reg_N:IMM_REG|dffg:\G_NBit_Reg:14:RegI|s_Q                                                   ;
; 4:1                ; 11 bits   ; 22 LEs        ; 22 LEs               ; 0 LEs                  ; Yes        ; |RISCV_Processor|ID_EX:ID_EX_REG|reg_N:IMM_REG|dffg:\G_NBit_Reg:21:RegI|s_Q                                                   ;
; 3:1                ; 30 bits   ; 60 LEs        ; 60 LEs               ; 0 LEs                  ; Yes        ; |RISCV_Processor|pcLogic:PC_LOGIC|reg_N:PC_Register|dffg:\G_NBit_Reg:25:RegI|s_Q                                              ;
; 6:1                ; 5 bits    ; 20 LEs        ; 10 LEs               ; 10 LEs                 ; Yes        ; |RISCV_Processor|ID_EX:ID_EX_REG|reg_N:RD_REG|dffg:\G_NBit_Reg:4:RegI|s_Q                                                     ;
; 32:1               ; 32 bits   ; 672 LEs       ; 672 LEs              ; 0 LEs                  ; Yes        ; |RISCV_Processor|ID_EX:ID_EX_REG|reg_N:RS2_DATA_REG|dffg:\G_NBit_Reg:17:RegI|s_Q                                              ;
; 32:1               ; 32 bits   ; 672 LEs       ; 672 LEs              ; 0 LEs                  ; Yes        ; |RISCV_Processor|ID_EX:ID_EX_REG|reg_N:RS1_DATA_REG|dffg:\G_NBit_Reg:13:RegI|s_Q                                              ;
; 154:1              ; 2 bits    ; 204 LEs       ; 82 LEs               ; 122 LEs                ; Yes        ; |RISCV_Processor|ID_EX:ID_EX_REG|reg_N:ALUOP_REG|dffg:\G_NBit_Reg:3:RegI|s_Q                                                  ;
; 3:1                ; 30 bits   ; 60 LEs        ; 60 LEs               ; 0 LEs                  ; No         ; |RISCV_Processor|s_Op1[22]                                                                                                    ;
; 3:1                ; 31 bits   ; 62 LEs        ; 62 LEs               ; 0 LEs                  ; No         ; |RISCV_Processor|alu:ALU_UNIT|barrelShifter:SHIFT_UNIT|shiftBinary:shift1|mux2t1:\gen_mux_inputs:9:mux_inst|org2:or_gate|o_F  ;
; 3:1                ; 8 bits    ; 16 LEs        ; 16 LEs               ; 0 LEs                  ; No         ; |RISCV_Processor|alu:ALU_UNIT|barrelShifter:SHIFT_UNIT|shiftBinary:shift8|mux2t1:\gen_mux_inputs:1:mux_inst|org2:or_gate|o_F  ;
; 3:1                ; 24 bits   ; 48 LEs        ; 48 LEs               ; 0 LEs                  ; No         ; |RISCV_Processor|alu:ALU_UNIT|barrelShifter:SHIFT_UNIT|shiftBinary:shift8|mux2t1:\gen_mux_inputs:20:mux_inst|org2:or_gate|o_F ;
; 3:1                ; 4 bits    ; 8 LEs         ; 8 LEs                ; 0 LEs                  ; No         ; |RISCV_Processor|alu:ALU_UNIT|barrelShifter:SHIFT_UNIT|shiftBinary:shift4|mux2t1:\gen_mux_inputs:1:mux_inst|org2:or_gate|o_F  ;
; 3:1                ; 28 bits   ; 56 LEs        ; 56 LEs               ; 0 LEs                  ; No         ; |RISCV_Processor|alu:ALU_UNIT|barrelShifter:SHIFT_UNIT|shiftBinary:shift4|mux2t1:\gen_mux_inputs:22:mux_inst|org2:or_gate|o_F ;
; 3:1                ; 2 bits    ; 4 LEs         ; 4 LEs                ; 0 LEs                  ; No         ; |RISCV_Processor|alu:ALU_UNIT|barrelShifter:SHIFT_UNIT|shiftBinary:shift2|mux2t1:\gen_mux_inputs:0:mux_inst|org2:or_gate|o_F  ;
; 3:1                ; 30 bits   ; 60 LEs        ; 60 LEs               ; 0 LEs                  ; No         ; |RISCV_Processor|alu:ALU_UNIT|barrelShifter:SHIFT_UNIT|shiftBinary:shift2|mux2t1:\gen_mux_inputs:21:mux_inst|org2:or_gate|o_F ;
; 3:1                ; 25 bits   ; 50 LEs        ; 25 LEs               ; 25 LEs                 ; No         ; |RISCV_Processor|Decode:DECODER|Mux18                                                                                         ;
; 5:1                ; 5 bits    ; 15 LEs        ; 10 LEs               ; 5 LEs                  ; No         ; |RISCV_Processor|Decode:DECODER|Mux13                                                                                         ;
; 7:1                ; 8 bits    ; 32 LEs        ; 16 LEs               ; 16 LEs                 ; No         ; |RISCV_Processor|Decode:DECODER|Mux50                                                                                         ;
; 6:1                ; 8 bits    ; 32 LEs        ; 16 LEs               ; 16 LEs                 ; No         ; |RISCV_Processor|Decode:DECODER|Mux12                                                                                         ;
; 7:1                ; 6 bits    ; 24 LEs        ; 18 LEs               ; 6 LEs                  ; No         ; |RISCV_Processor|Decode:DECODER|Mux28                                                                                         ;
; 7:1                ; 5 bits    ; 20 LEs        ; 10 LEs               ; 10 LEs                 ; No         ; |RISCV_Processor|Decode:DECODER|Mux32                                                                                         ;
; 13:1               ; 15 bits   ; 120 LEs       ; 90 LEs               ; 30 LEs                 ; No         ; |RISCV_Processor|alu:ALU_UNIT|Mux25                                                                                           ;
; 13:1               ; 16 bits   ; 128 LEs       ; 96 LEs               ; 32 LEs                 ; No         ; |RISCV_Processor|alu:ALU_UNIT|Mux11                                                                                           ;
; 7:1                ; 12 bits   ; 48 LEs        ; 24 LEs               ; 24 LEs                 ; No         ; |RISCV_Processor|Decode:DECODER|Mux42                                                                                         ;
; 10:1               ; 7 bits    ; 42 LEs        ; 14 LEs               ; 28 LEs                 ; No         ; |RISCV_Processor|Decode:DECODER|Mux23                                                                                         ;
+--------------------+-----------+---------------+----------------------+------------------------+------------+-------------------------------------------------------------------------------------------------------------------------------+


+-------------------------------------------------------------------------------------+
; Source assignments for mem:IMem|altsyncram:ram_rtl_0|altsyncram_eg81:auto_generated ;
+---------------------------------+--------------------+------+-----------------------+
; Assignment                      ; Value              ; From ; To                    ;
+---------------------------------+--------------------+------+-----------------------+
; OPTIMIZE_POWER_DURING_SYNTHESIS ; NORMAL_COMPILATION ; -    ; -                     ;
+---------------------------------+--------------------+------+-----------------------+


+---------------------------------------------------------------------------------+
; Parameter Settings for User Entity Instance: Top-level Entity: |RISCV_Processor ;
+----------------+-------+--------------------------------------------------------+
; Parameter Name ; Value ; Type                                                   ;
+----------------+-------+--------------------------------------------------------+
; N              ; 32    ; Signed Integer                                         ;
+----------------+-------+--------------------------------------------------------+
Note: In order to hide this table in the UI and the text report file, please set the "Show Parameter Settings in Synthesis Report" option in "Analysis and Synthesis Settings -> More Settings" to "Off".


+-------------------------------------------------------+
; Parameter Settings for User Entity Instance: mem:IMem ;
+----------------+-------+------------------------------+
; Parameter Name ; Value ; Type                         ;
+----------------+-------+------------------------------+
; data_width     ; 32    ; Signed Integer               ;
; addr_width     ; 10    ; Signed Integer               ;
+----------------+-------+------------------------------+
Note: In order to hide this table in the UI and the text report file, please set the "Show Parameter Settings in Synthesis Report" option in "Analysis and Synthesis Settings -> More Settings" to "Off".


+-------------------------------------------------------+
; Parameter Settings for User Entity Instance: mem:DMem ;
+----------------+-------+------------------------------+
; Parameter Name ; Value ; Type                         ;
+----------------+-------+------------------------------+
; data_width     ; 32    ; Signed Integer               ;
; addr_width     ; 10    ; Signed Integer               ;
+----------------+-------+------------------------------+
Note: In order to hide this table in the UI and the text report file, please set the "Show Parameter Settings in Synthesis Report" option in "Analysis and Synthesis Settings -> More Settings" to "Off".


+---------------------------------------------------------------------------------+
; Parameter Settings for User Entity Instance: pcLogic:PC_LOGIC|reg_N:PC_Register ;
+----------------+-------+--------------------------------------------------------+
; Parameter Name ; Value ; Type                                                   ;
+----------------+-------+--------------------------------------------------------+
; n              ; 32    ; Signed Integer                                         ;
+----------------+-------+--------------------------------------------------------+
Note: In order to hide this table in the UI and the text report file, please set the "Show Parameter Settings in Synthesis Report" option in "Analysis and Synthesis Settings -> More Settings" to "Off".


+---------------------------------------------------------------------------------+
; Parameter Settings for User Entity Instance: pcLogic:PC_LOGIC|adder_N:PC_Plus_4 ;
+----------------+-------+--------------------------------------------------------+
; Parameter Name ; Value ; Type                                                   ;
+----------------+-------+--------------------------------------------------------+
; N              ; 32    ; Signed Integer                                         ;
+----------------+-------+--------------------------------------------------------+
Note: In order to hide this table in the UI and the text report file, please set the "Show Parameter Settings in Synthesis Report" option in "Analysis and Synthesis Settings -> More Settings" to "Off".


+-----------------------------------------------------------------------------------+
; Parameter Settings for User Entity Instance: pcLogic:PC_LOGIC|adder_N:PC_Plus_imm ;
+----------------+-------+----------------------------------------------------------+
; Parameter Name ; Value ; Type                                                     ;
+----------------+-------+----------------------------------------------------------+
; N              ; 32    ; Signed Integer                                           ;
+----------------+-------+----------------------------------------------------------+
Note: In order to hide this table in the UI and the text report file, please set the "Show Parameter Settings in Synthesis Report" option in "Analysis and Synthesis Settings -> More Settings" to "Off".


+------------------------------------------------------------------------------------+
; Parameter Settings for User Entity Instance: pcLogic:PC_LOGIC|adder_N:rs1_Plus_imm ;
+----------------+-------+-----------------------------------------------------------+
; Parameter Name ; Value ; Type                                                      ;
+----------------+-------+-----------------------------------------------------------+
; N              ; 32    ; Signed Integer                                            ;
+----------------+-------+-----------------------------------------------------------+
Note: In order to hide this table in the UI and the text report file, please set the "Show Parameter Settings in Synthesis Report" option in "Analysis and Synthesis Settings -> More Settings" to "Off".


+--------------------------------------------------------------------------------------------+
; Parameter Settings for User Entity Instance: pcLogic:PC_LOGIC|adder_N:JALR_Adjust_Subtract ;
+----------------+-------+-------------------------------------------------------------------+
; Parameter Name ; Value ; Type                                                              ;
+----------------+-------+-------------------------------------------------------------------+
; N              ; 32    ; Signed Integer                                                    ;
+----------------+-------+-------------------------------------------------------------------+
Note: In order to hide this table in the UI and the text report file, please set the "Show Parameter Settings in Synthesis Report" option in "Analysis and Synthesis Settings -> More Settings" to "Off".


+--------------------------------------------------------------------------------------+
; Parameter Settings for User Entity Instance: pcLogic:PC_LOGIC|mux4t1_N:PC_Select_Mux ;
+----------------+-------+-------------------------------------------------------------+
; Parameter Name ; Value ; Type                                                        ;
+----------------+-------+-------------------------------------------------------------+
; n              ; 32    ; Signed Integer                                              ;
+----------------+-------+-------------------------------------------------------------+
Note: In order to hide this table in the UI and the text report file, please set the "Show Parameter Settings in Synthesis Report" option in "Analysis and Synthesis Settings -> More Settings" to "Off".


+---------------------------------------------------------------------------+
; Parameter Settings for User Entity Instance: IF_ID:IF_ID_REG|reg_N:PC_REG ;
+----------------+-------+--------------------------------------------------+
; Parameter Name ; Value ; Type                                             ;
+----------------+-------+--------------------------------------------------+
; n              ; 32    ; Signed Integer                                   ;
+----------------+-------+--------------------------------------------------+
Note: In order to hide this table in the UI and the text report file, please set the "Show Parameter Settings in Synthesis Report" option in "Analysis and Synthesis Settings -> More Settings" to "Off".


+-----------------------------------------------------------------------------+
; Parameter Settings for User Entity Instance: IF_ID:IF_ID_REG|reg_N:INST_REG ;
+----------------+-------+----------------------------------------------------+
; Parameter Name ; Value ; Type                                               ;
+----------------+-------+----------------------------------------------------+
; n              ; 32    ; Signed Integer                                     ;
+----------------+-------+----------------------------------------------------+
Note: In order to hide this table in the UI and the text report file, please set the "Show Parameter Settings in Synthesis Report" option in "Analysis and Synthesis Settings -> More Settings" to "Off".


+--------------------------------------------------------------------+
; Parameter Settings for User Entity Instance: regFile:RF|reg_N:reg1 ;
+----------------+-------+-------------------------------------------+
; Parameter Name ; Value ; Type                                      ;
+----------------+-------+-------------------------------------------+
; n              ; 32    ; Signed Integer                            ;
+----------------+-------+-------------------------------------------+
Note: In order to hide this table in the UI and the text report file, please set the "Show Parameter Settings in Synthesis Report" option in "Analysis and Synthesis Settings -> More Settings" to "Off".


+--------------------------------------------------------------------+
; Parameter Settings for User Entity Instance: regFile:RF|reg_N:reg2 ;
+----------------+-------+-------------------------------------------+
; Parameter Name ; Value ; Type                                      ;
+----------------+-------+-------------------------------------------+
; n              ; 32    ; Signed Integer                            ;
+----------------+-------+-------------------------------------------+
Note: In order to hide this table in the UI and the text report file, please set the "Show Parameter Settings in Synthesis Report" option in "Analysis and Synthesis Settings -> More Settings" to "Off".


+--------------------------------------------------------------------+
; Parameter Settings for User Entity Instance: regFile:RF|reg_N:reg3 ;
+----------------+-------+-------------------------------------------+
; Parameter Name ; Value ; Type                                      ;
+----------------+-------+-------------------------------------------+
; n              ; 32    ; Signed Integer                            ;
+----------------+-------+-------------------------------------------+
Note: In order to hide this table in the UI and the text report file, please set the "Show Parameter Settings in Synthesis Report" option in "Analysis and Synthesis Settings -> More Settings" to "Off".


+--------------------------------------------------------------------+
; Parameter Settings for User Entity Instance: regFile:RF|reg_N:reg4 ;
+----------------+-------+-------------------------------------------+
; Parameter Name ; Value ; Type                                      ;
+----------------+-------+-------------------------------------------+
; n              ; 32    ; Signed Integer                            ;
+----------------+-------+-------------------------------------------+
Note: In order to hide this table in the UI and the text report file, please set the "Show Parameter Settings in Synthesis Report" option in "Analysis and Synthesis Settings -> More Settings" to "Off".


+--------------------------------------------------------------------+
; Parameter Settings for User Entity Instance: regFile:RF|reg_N:reg5 ;
+----------------+-------+-------------------------------------------+
; Parameter Name ; Value ; Type                                      ;
+----------------+-------+-------------------------------------------+
; n              ; 32    ; Signed Integer                            ;
+----------------+-------+-------------------------------------------+
Note: In order to hide this table in the UI and the text report file, please set the "Show Parameter Settings in Synthesis Report" option in "Analysis and Synthesis Settings -> More Settings" to "Off".


+--------------------------------------------------------------------+
; Parameter Settings for User Entity Instance: regFile:RF|reg_N:reg6 ;
+----------------+-------+-------------------------------------------+
; Parameter Name ; Value ; Type                                      ;
+----------------+-------+-------------------------------------------+
; n              ; 32    ; Signed Integer                            ;
+----------------+-------+-------------------------------------------+
Note: In order to hide this table in the UI and the text report file, please set the "Show Parameter Settings in Synthesis Report" option in "Analysis and Synthesis Settings -> More Settings" to "Off".


+--------------------------------------------------------------------+
; Parameter Settings for User Entity Instance: regFile:RF|reg_N:reg7 ;
+----------------+-------+-------------------------------------------+
; Parameter Name ; Value ; Type                                      ;
+----------------+-------+-------------------------------------------+
; n              ; 32    ; Signed Integer                            ;
+----------------+-------+-------------------------------------------+
Note: In order to hide this table in the UI and the text report file, please set the "Show Parameter Settings in Synthesis Report" option in "Analysis and Synthesis Settings -> More Settings" to "Off".


+--------------------------------------------------------------------+
; Parameter Settings for User Entity Instance: regFile:RF|reg_N:reg8 ;
+----------------+-------+-------------------------------------------+
; Parameter Name ; Value ; Type                                      ;
+----------------+-------+-------------------------------------------+
; n              ; 32    ; Signed Integer                            ;
+----------------+-------+-------------------------------------------+
Note: In order to hide this table in the UI and the text report file, please set the "Show Parameter Settings in Synthesis Report" option in "Analysis and Synthesis Settings -> More Settings" to "Off".


+--------------------------------------------------------------------+
; Parameter Settings for User Entity Instance: regFile:RF|reg_N:reg9 ;
+----------------+-------+-------------------------------------------+
; Parameter Name ; Value ; Type                                      ;
+----------------+-------+-------------------------------------------+
; n              ; 32    ; Signed Integer                            ;
+----------------+-------+-------------------------------------------+
Note: In order to hide this table in the UI and the text report file, please set the "Show Parameter Settings in Synthesis Report" option in "Analysis and Synthesis Settings -> More Settings" to "Off".


+---------------------------------------------------------------------+
; Parameter Settings for User Entity Instance: regFile:RF|reg_N:reg10 ;
+----------------+-------+--------------------------------------------+
; Parameter Name ; Value ; Type                                       ;
+----------------+-------+--------------------------------------------+
; n              ; 32    ; Signed Integer                             ;
+----------------+-------+--------------------------------------------+
Note: In order to hide this table in the UI and the text report file, please set the "Show Parameter Settings in Synthesis Report" option in "Analysis and Synthesis Settings -> More Settings" to "Off".


+---------------------------------------------------------------------+
; Parameter Settings for User Entity Instance: regFile:RF|reg_N:reg11 ;
+----------------+-------+--------------------------------------------+
; Parameter Name ; Value ; Type                                       ;
+----------------+-------+--------------------------------------------+
; n              ; 32    ; Signed Integer                             ;
+----------------+-------+--------------------------------------------+
Note: In order to hide this table in the UI and the text report file, please set the "Show Parameter Settings in Synthesis Report" option in "Analysis and Synthesis Settings -> More Settings" to "Off".


+---------------------------------------------------------------------+
; Parameter Settings for User Entity Instance: regFile:RF|reg_N:reg12 ;
+----------------+-------+--------------------------------------------+
; Parameter Name ; Value ; Type                                       ;
+----------------+-------+--------------------------------------------+
; n              ; 32    ; Signed Integer                             ;
+----------------+-------+--------------------------------------------+
Note: In order to hide this table in the UI and the text report file, please set the "Show Parameter Settings in Synthesis Report" option in "Analysis and Synthesis Settings -> More Settings" to "Off".


+---------------------------------------------------------------------+
; Parameter Settings for User Entity Instance: regFile:RF|reg_N:reg13 ;
+----------------+-------+--------------------------------------------+
; Parameter Name ; Value ; Type                                       ;
+----------------+-------+--------------------------------------------+
; n              ; 32    ; Signed Integer                             ;
+----------------+-------+--------------------------------------------+
Note: In order to hide this table in the UI and the text report file, please set the "Show Parameter Settings in Synthesis Report" option in "Analysis and Synthesis Settings -> More Settings" to "Off".


+---------------------------------------------------------------------+
; Parameter Settings for User Entity Instance: regFile:RF|reg_N:reg14 ;
+----------------+-------+--------------------------------------------+
; Parameter Name ; Value ; Type                                       ;
+----------------+-------+--------------------------------------------+
; n              ; 32    ; Signed Integer                             ;
+----------------+-------+--------------------------------------------+
Note: In order to hide this table in the UI and the text report file, please set the "Show Parameter Settings in Synthesis Report" option in "Analysis and Synthesis Settings -> More Settings" to "Off".


+---------------------------------------------------------------------+
; Parameter Settings for User Entity Instance: regFile:RF|reg_N:reg15 ;
+----------------+-------+--------------------------------------------+
; Parameter Name ; Value ; Type                                       ;
+----------------+-------+--------------------------------------------+
; n              ; 32    ; Signed Integer                             ;
+----------------+-------+--------------------------------------------+
Note: In order to hide this table in the UI and the text report file, please set the "Show Parameter Settings in Synthesis Report" option in "Analysis and Synthesis Settings -> More Settings" to "Off".


+---------------------------------------------------------------------+
; Parameter Settings for User Entity Instance: regFile:RF|reg_N:reg16 ;
+----------------+-------+--------------------------------------------+
; Parameter Name ; Value ; Type                                       ;
+----------------+-------+--------------------------------------------+
; n              ; 32    ; Signed Integer                             ;
+----------------+-------+--------------------------------------------+
Note: In order to hide this table in the UI and the text report file, please set the "Show Parameter Settings in Synthesis Report" option in "Analysis and Synthesis Settings -> More Settings" to "Off".


+---------------------------------------------------------------------+
; Parameter Settings for User Entity Instance: regFile:RF|reg_N:reg17 ;
+----------------+-------+--------------------------------------------+
; Parameter Name ; Value ; Type                                       ;
+----------------+-------+--------------------------------------------+
; n              ; 32    ; Signed Integer                             ;
+----------------+-------+--------------------------------------------+
Note: In order to hide this table in the UI and the text report file, please set the "Show Parameter Settings in Synthesis Report" option in "Analysis and Synthesis Settings -> More Settings" to "Off".


+---------------------------------------------------------------------+
; Parameter Settings for User Entity Instance: regFile:RF|reg_N:reg18 ;
+----------------+-------+--------------------------------------------+
; Parameter Name ; Value ; Type                                       ;
+----------------+-------+--------------------------------------------+
; n              ; 32    ; Signed Integer                             ;
+----------------+-------+--------------------------------------------+
Note: In order to hide this table in the UI and the text report file, please set the "Show Parameter Settings in Synthesis Report" option in "Analysis and Synthesis Settings -> More Settings" to "Off".


+---------------------------------------------------------------------+
; Parameter Settings for User Entity Instance: regFile:RF|reg_N:reg19 ;
+----------------+-------+--------------------------------------------+
; Parameter Name ; Value ; Type                                       ;
+----------------+-------+--------------------------------------------+
; n              ; 32    ; Signed Integer                             ;
+----------------+-------+--------------------------------------------+
Note: In order to hide this table in the UI and the text report file, please set the "Show Parameter Settings in Synthesis Report" option in "Analysis and Synthesis Settings -> More Settings" to "Off".


+---------------------------------------------------------------------+
; Parameter Settings for User Entity Instance: regFile:RF|reg_N:reg20 ;
+----------------+-------+--------------------------------------------+
; Parameter Name ; Value ; Type                                       ;
+----------------+-------+--------------------------------------------+
; n              ; 32    ; Signed Integer                             ;
+----------------+-------+--------------------------------------------+
Note: In order to hide this table in the UI and the text report file, please set the "Show Parameter Settings in Synthesis Report" option in "Analysis and Synthesis Settings -> More Settings" to "Off".


+---------------------------------------------------------------------+
; Parameter Settings for User Entity Instance: regFile:RF|reg_N:reg21 ;
+----------------+-------+--------------------------------------------+
; Parameter Name ; Value ; Type                                       ;
+----------------+-------+--------------------------------------------+
; n              ; 32    ; Signed Integer                             ;
+----------------+-------+--------------------------------------------+
Note: In order to hide this table in the UI and the text report file, please set the "Show Parameter Settings in Synthesis Report" option in "Analysis and Synthesis Settings -> More Settings" to "Off".


+---------------------------------------------------------------------+
; Parameter Settings for User Entity Instance: regFile:RF|reg_N:reg22 ;
+----------------+-------+--------------------------------------------+
; Parameter Name ; Value ; Type                                       ;
+----------------+-------+--------------------------------------------+
; n              ; 32    ; Signed Integer                             ;
+----------------+-------+--------------------------------------------+
Note: In order to hide this table in the UI and the text report file, please set the "Show Parameter Settings in Synthesis Report" option in "Analysis and Synthesis Settings -> More Settings" to "Off".


+---------------------------------------------------------------------+
; Parameter Settings for User Entity Instance: regFile:RF|reg_N:reg23 ;
+----------------+-------+--------------------------------------------+
; Parameter Name ; Value ; Type                                       ;
+----------------+-------+--------------------------------------------+
; n              ; 32    ; Signed Integer                             ;
+----------------+-------+--------------------------------------------+
Note: In order to hide this table in the UI and the text report file, please set the "Show Parameter Settings in Synthesis Report" option in "Analysis and Synthesis Settings -> More Settings" to "Off".


+---------------------------------------------------------------------+
; Parameter Settings for User Entity Instance: regFile:RF|reg_N:reg24 ;
+----------------+-------+--------------------------------------------+
; Parameter Name ; Value ; Type                                       ;
+----------------+-------+--------------------------------------------+
; n              ; 32    ; Signed Integer                             ;
+----------------+-------+--------------------------------------------+
Note: In order to hide this table in the UI and the text report file, please set the "Show Parameter Settings in Synthesis Report" option in "Analysis and Synthesis Settings -> More Settings" to "Off".


+---------------------------------------------------------------------+
; Parameter Settings for User Entity Instance: regFile:RF|reg_N:reg25 ;
+----------------+-------+--------------------------------------------+
; Parameter Name ; Value ; Type                                       ;
+----------------+-------+--------------------------------------------+
; n              ; 32    ; Signed Integer                             ;
+----------------+-------+--------------------------------------------+
Note: In order to hide this table in the UI and the text report file, please set the "Show Parameter Settings in Synthesis Report" option in "Analysis and Synthesis Settings -> More Settings" to "Off".


+---------------------------------------------------------------------+
; Parameter Settings for User Entity Instance: regFile:RF|reg_N:reg26 ;
+----------------+-------+--------------------------------------------+
; Parameter Name ; Value ; Type                                       ;
+----------------+-------+--------------------------------------------+
; n              ; 32    ; Signed Integer                             ;
+----------------+-------+--------------------------------------------+
Note: In order to hide this table in the UI and the text report file, please set the "Show Parameter Settings in Synthesis Report" option in "Analysis and Synthesis Settings -> More Settings" to "Off".


+---------------------------------------------------------------------+
; Parameter Settings for User Entity Instance: regFile:RF|reg_N:reg27 ;
+----------------+-------+--------------------------------------------+
; Parameter Name ; Value ; Type                                       ;
+----------------+-------+--------------------------------------------+
; n              ; 32    ; Signed Integer                             ;
+----------------+-------+--------------------------------------------+
Note: In order to hide this table in the UI and the text report file, please set the "Show Parameter Settings in Synthesis Report" option in "Analysis and Synthesis Settings -> More Settings" to "Off".


+---------------------------------------------------------------------+
; Parameter Settings for User Entity Instance: regFile:RF|reg_N:reg28 ;
+----------------+-------+--------------------------------------------+
; Parameter Name ; Value ; Type                                       ;
+----------------+-------+--------------------------------------------+
; n              ; 32    ; Signed Integer                             ;
+----------------+-------+--------------------------------------------+
Note: In order to hide this table in the UI and the text report file, please set the "Show Parameter Settings in Synthesis Report" option in "Analysis and Synthesis Settings -> More Settings" to "Off".


+---------------------------------------------------------------------+
; Parameter Settings for User Entity Instance: regFile:RF|reg_N:reg29 ;
+----------------+-------+--------------------------------------------+
; Parameter Name ; Value ; Type                                       ;
+----------------+-------+--------------------------------------------+
; n              ; 32    ; Signed Integer                             ;
+----------------+-------+--------------------------------------------+
Note: In order to hide this table in the UI and the text report file, please set the "Show Parameter Settings in Synthesis Report" option in "Analysis and Synthesis Settings -> More Settings" to "Off".


+---------------------------------------------------------------------+
; Parameter Settings for User Entity Instance: regFile:RF|reg_N:reg30 ;
+----------------+-------+--------------------------------------------+
; Parameter Name ; Value ; Type                                       ;
+----------------+-------+--------------------------------------------+
; n              ; 32    ; Signed Integer                             ;
+----------------+-------+--------------------------------------------+
Note: In order to hide this table in the UI and the text report file, please set the "Show Parameter Settings in Synthesis Report" option in "Analysis and Synthesis Settings -> More Settings" to "Off".


+---------------------------------------------------------------------+
; Parameter Settings for User Entity Instance: regFile:RF|reg_N:reg31 ;
+----------------+-------+--------------------------------------------+
; Parameter Name ; Value ; Type                                       ;
+----------------+-------+--------------------------------------------+
; n              ; 32    ; Signed Integer                             ;
+----------------+-------+--------------------------------------------+
Note: In order to hide this table in the UI and the text report file, please set the "Show Parameter Settings in Synthesis Report" option in "Analysis and Synthesis Settings -> More Settings" to "Off".


+---------------------------------------------------------------------------+
; Parameter Settings for User Entity Instance: regFile:RF|mux32t1_N:mux_rs1 ;
+----------------+-------+--------------------------------------------------+
; Parameter Name ; Value ; Type                                             ;
+----------------+-------+--------------------------------------------------+
; n              ; 32    ; Signed Integer                                   ;
+----------------+-------+--------------------------------------------------+
Note: In order to hide this table in the UI and the text report file, please set the "Show Parameter Settings in Synthesis Report" option in "Analysis and Synthesis Settings -> More Settings" to "Off".


+---------------------------------------------------------------------------+
; Parameter Settings for User Entity Instance: regFile:RF|mux32t1_N:mux_rs2 ;
+----------------+-------+--------------------------------------------------+
; Parameter Name ; Value ; Type                                             ;
+----------------+-------+--------------------------------------------------+
; n              ; 32    ; Signed Integer                                   ;
+----------------+-------+--------------------------------------------------+
Note: In order to hide this table in the UI and the text report file, please set the "Show Parameter Settings in Synthesis Report" option in "Analysis and Synthesis Settings -> More Settings" to "Off".


+---------------------------------------------------------------------------------+
; Parameter Settings for User Entity Instance: ID_EX:ID_EX_REG|reg_N:RS1_DATA_REG ;
+----------------+-------+--------------------------------------------------------+
; Parameter Name ; Value ; Type                                                   ;
+----------------+-------+--------------------------------------------------------+
; n              ; 32    ; Signed Integer                                         ;
+----------------+-------+--------------------------------------------------------+
Note: In order to hide this table in the UI and the text report file, please set the "Show Parameter Settings in Synthesis Report" option in "Analysis and Synthesis Settings -> More Settings" to "Off".


+---------------------------------------------------------------------------------+
; Parameter Settings for User Entity Instance: ID_EX:ID_EX_REG|reg_N:RS2_DATA_REG ;
+----------------+-------+--------------------------------------------------------+
; Parameter Name ; Value ; Type                                                   ;
+----------------+-------+--------------------------------------------------------+
; n              ; 32    ; Signed Integer                                         ;
+----------------+-------+--------------------------------------------------------+
Note: In order to hide this table in the UI and the text report file, please set the "Show Parameter Settings in Synthesis Report" option in "Analysis and Synthesis Settings -> More Settings" to "Off".


+----------------------------------------------------------------------------+
; Parameter Settings for User Entity Instance: ID_EX:ID_EX_REG|reg_N:RS1_REG ;
+----------------+-------+---------------------------------------------------+
; Parameter Name ; Value ; Type                                              ;
+----------------+-------+---------------------------------------------------+
; n              ; 5     ; Signed Integer                                    ;
+----------------+-------+---------------------------------------------------+
Note: In order to hide this table in the UI and the text report file, please set the "Show Parameter Settings in Synthesis Report" option in "Analysis and Synthesis Settings -> More Settings" to "Off".


+----------------------------------------------------------------------------+
; Parameter Settings for User Entity Instance: ID_EX:ID_EX_REG|reg_N:RS2_REG ;
+----------------+-------+---------------------------------------------------+
; Parameter Name ; Value ; Type                                              ;
+----------------+-------+---------------------------------------------------+
; n              ; 5     ; Signed Integer                                    ;
+----------------+-------+---------------------------------------------------+
Note: In order to hide this table in the UI and the text report file, please set the "Show Parameter Settings in Synthesis Report" option in "Analysis and Synthesis Settings -> More Settings" to "Off".


+---------------------------------------------------------------------------+
; Parameter Settings for User Entity Instance: ID_EX:ID_EX_REG|reg_N:RD_REG ;
+----------------+-------+--------------------------------------------------+
; Parameter Name ; Value ; Type                                             ;
+----------------+-------+--------------------------------------------------+
; n              ; 5     ; Signed Integer                                   ;
+----------------+-------+--------------------------------------------------+
Note: In order to hide this table in the UI and the text report file, please set the "Show Parameter Settings in Synthesis Report" option in "Analysis and Synthesis Settings -> More Settings" to "Off".


+----------------------------------------------------------------------------+
; Parameter Settings for User Entity Instance: ID_EX:ID_EX_REG|reg_N:IMM_REG ;
+----------------+-------+---------------------------------------------------+
; Parameter Name ; Value ; Type                                              ;
+----------------+-------+---------------------------------------------------+
; n              ; 32    ; Signed Integer                                    ;
+----------------+-------+---------------------------------------------------+
Note: In order to hide this table in the UI and the text report file, please set the "Show Parameter Settings in Synthesis Report" option in "Analysis and Synthesis Settings -> More Settings" to "Off".


+---------------------------------------------------------------------------+
; Parameter Settings for User Entity Instance: ID_EX:ID_EX_REG|reg_N:PC_REG ;
+----------------+-------+--------------------------------------------------+
; Parameter Name ; Value ; Type                                             ;
+----------------+-------+--------------------------------------------------+
; n              ; 32    ; Signed Integer                                   ;
+----------------+-------+--------------------------------------------------+
Note: In order to hide this table in the UI and the text report file, please set the "Show Parameter Settings in Synthesis Report" option in "Analysis and Synthesis Settings -> More Settings" to "Off".


+------------------------------------------------------------------------------+
; Parameter Settings for User Entity Instance: ID_EX:ID_EX_REG|reg_N:ALUOP_REG ;
+----------------+-------+-----------------------------------------------------+
; Parameter Name ; Value ; Type                                                ;
+----------------+-------+-----------------------------------------------------+
; n              ; 4     ; Signed Integer                                      ;
+----------------+-------+-----------------------------------------------------+
Note: In order to hide this table in the UI and the text report file, please set the "Show Parameter Settings in Synthesis Report" option in "Analysis and Synthesis Settings -> More Settings" to "Off".


+------------------------------------------------------------------------------+
; Parameter Settings for User Entity Instance: ID_EX:ID_EX_REG|reg_N:FUNC3_REG ;
+----------------+-------+-----------------------------------------------------+
; Parameter Name ; Value ; Type                                                ;
+----------------+-------+-----------------------------------------------------+
; n              ; 3     ; Signed Integer                                      ;
+----------------+-------+-----------------------------------------------------+
Note: In order to hide this table in the UI and the text report file, please set the "Show Parameter Settings in Synthesis Report" option in "Analysis and Synthesis Settings -> More Settings" to "Off".


+------------------------------------------------------------------------------+
; Parameter Settings for User Entity Instance: ID_EX:ID_EX_REG|reg_N:FUNC7_REG ;
+----------------+-------+-----------------------------------------------------+
; Parameter Name ; Value ; Type                                                ;
+----------------+-------+-----------------------------------------------------+
; n              ; 7     ; Signed Integer                                      ;
+----------------+-------+-----------------------------------------------------+
Note: In order to hide this table in the UI and the text report file, please set the "Show Parameter Settings in Synthesis Report" option in "Analysis and Synthesis Settings -> More Settings" to "Off".


+-------------------------------------------------------------------------------+
; Parameter Settings for User Entity Instance: ID_EX:ID_EX_REG|reg_N:OPCODE_REG ;
+----------------+-------+------------------------------------------------------+
; Parameter Name ; Value ; Type                                                 ;
+----------------+-------+------------------------------------------------------+
; n              ; 7     ; Signed Integer                                       ;
+----------------+-------+------------------------------------------------------+
Note: In order to hide this table in the UI and the text report file, please set the "Show Parameter Settings in Synthesis Report" option in "Analysis and Synthesis Settings -> More Settings" to "Off".


+-----------------------------------------------------------+
; Parameter Settings for User Entity Instance: alu:ALU_UNIT ;
+----------------+-------+----------------------------------+
; Parameter Name ; Value ; Type                             ;
+----------------+-------+----------------------------------+
; n              ; 32    ; Signed Integer                   ;
+----------------+-------+----------------------------------+
Note: In order to hide this table in the UI and the text report file, please set the "Show Parameter Settings in Synthesis Report" option in "Analysis and Synthesis Settings -> More Settings" to "Off".


+-----------------------------------------------------------------------------------+
; Parameter Settings for User Entity Instance: alu:ALU_UNIT|addiSubi_N:ADD_SUB_UNIT ;
+----------------+-------+----------------------------------------------------------+
; Parameter Name ; Value ; Type                                                     ;
+----------------+-------+----------------------------------------------------------+
; n              ; 32    ; Signed Integer                                           ;
+----------------+-------+----------------------------------------------------------+
Note: In order to hide this table in the UI and the text report file, please set the "Show Parameter Settings in Synthesis Report" option in "Analysis and Synthesis Settings -> More Settings" to "Off".


+-----------------------------------------------------------------------------------------------------------+
; Parameter Settings for User Entity Instance: alu:ALU_UNIT|addiSubi_N:ADD_SUB_UNIT|mux2t1_N:MUX2to1_ALUSrc ;
+----------------+-------+----------------------------------------------------------------------------------+
; Parameter Name ; Value ; Type                                                                             ;
+----------------+-------+----------------------------------------------------------------------------------+
; N              ; 32    ; Signed Integer                                                                   ;
+----------------+-------+----------------------------------------------------------------------------------+
Note: In order to hide this table in the UI and the text report file, please set the "Show Parameter Settings in Synthesis Report" option in "Analysis and Synthesis Settings -> More Settings" to "Off".


+--------------------------------------------------------------------------------------------------------+
; Parameter Settings for User Entity Instance: alu:ALU_UNIT|addiSubi_N:ADD_SUB_UNIT|onesComp_N:ones_comp ;
+----------------+-------+-------------------------------------------------------------------------------+
; Parameter Name ; Value ; Type                                                                          ;
+----------------+-------+-------------------------------------------------------------------------------+
; N              ; 32    ; Signed Integer                                                                ;
+----------------+-------+-------------------------------------------------------------------------------+
Note: In order to hide this table in the UI and the text report file, please set the "Show Parameter Settings in Synthesis Report" option in "Analysis and Synthesis Settings -> More Settings" to "Off".


+-----------------------------------------------------------------------------------------------------------+
; Parameter Settings for User Entity Instance: alu:ALU_UNIT|addiSubi_N:ADD_SUB_UNIT|mux2t1_N:MUX2to1_AddSub ;
+----------------+-------+----------------------------------------------------------------------------------+
; Parameter Name ; Value ; Type                                                                             ;
+----------------+-------+----------------------------------------------------------------------------------+
; N              ; 32    ; Signed Integer                                                                   ;
+----------------+-------+----------------------------------------------------------------------------------+
Note: In order to hide this table in the UI and the text report file, please set the "Show Parameter Settings in Synthesis Report" option in "Analysis and Synthesis Settings -> More Settings" to "Off".


+-------------------------------------------------------------------------------------------------+
; Parameter Settings for User Entity Instance: alu:ALU_UNIT|addiSubi_N:ADD_SUB_UNIT|adder_N:adder ;
+----------------+-------+------------------------------------------------------------------------+
; Parameter Name ; Value ; Type                                                                   ;
+----------------+-------+------------------------------------------------------------------------+
; N              ; 32    ; Signed Integer                                                         ;
+----------------+-------+------------------------------------------------------------------------+
Note: In order to hide this table in the UI and the text report file, please set the "Show Parameter Settings in Synthesis Report" option in "Analysis and Synthesis Settings -> More Settings" to "Off".


+----------------------------------------------------------------------------+
; Parameter Settings for User Entity Instance: alu:ALU_UNIT|andg2_N:AND_UNIT ;
+----------------+-------+---------------------------------------------------+
; Parameter Name ; Value ; Type                                              ;
+----------------+-------+---------------------------------------------------+
; n              ; 32    ; Signed Integer                                    ;
+----------------+-------+---------------------------------------------------+
Note: In order to hide this table in the UI and the text report file, please set the "Show Parameter Settings in Synthesis Report" option in "Analysis and Synthesis Settings -> More Settings" to "Off".


+--------------------------------------------------------------------------+
; Parameter Settings for User Entity Instance: alu:ALU_UNIT|org2_N:OR_UNIT ;
+----------------+-------+-------------------------------------------------+
; Parameter Name ; Value ; Type                                            ;
+----------------+-------+-------------------------------------------------+
; n              ; 32    ; Signed Integer                                  ;
+----------------+-------+-------------------------------------------------+
Note: In order to hide this table in the UI and the text report file, please set the "Show Parameter Settings in Synthesis Report" option in "Analysis and Synthesis Settings -> More Settings" to "Off".


+----------------------------------------------------------------------------+
; Parameter Settings for User Entity Instance: alu:ALU_UNIT|xorg2_N:XOR_UNIT ;
+----------------+-------+---------------------------------------------------+
; Parameter Name ; Value ; Type                                              ;
+----------------+-------+---------------------------------------------------+
; n              ; 32    ; Signed Integer                                    ;
+----------------+-------+---------------------------------------------------+
Note: In order to hide this table in the UI and the text report file, please set the "Show Parameter Settings in Synthesis Report" option in "Analysis and Synthesis Settings -> More Settings" to "Off".


+---------------------------------------------------------------------------+
; Parameter Settings for User Entity Instance: alu:ALU_UNIT|invg_N:NOR_UNIT ;
+----------------+-------+--------------------------------------------------+
; Parameter Name ; Value ; Type                                             ;
+----------------+-------+--------------------------------------------------+
; n              ; 32    ; Signed Integer                                   ;
+----------------+-------+--------------------------------------------------+
Note: In order to hide this table in the UI and the text report file, please set the "Show Parameter Settings in Synthesis Report" option in "Analysis and Synthesis Settings -> More Settings" to "Off".


+--------------------------------------------------------------------------+
; Parameter Settings for User Entity Instance: alu:ALU_UNIT|slt_N:SLT_UNIT ;
+----------------+-------+-------------------------------------------------+
; Parameter Name ; Value ; Type                                            ;
+----------------+-------+-------------------------------------------------+
; n              ; 32    ; Signed Integer                                  ;
+----------------+-------+-------------------------------------------------+
Note: In order to hide this table in the UI and the text report file, please set the "Show Parameter Settings in Synthesis Report" option in "Analysis and Synthesis Settings -> More Settings" to "Off".


+-------------------------------------------------------------------------------------------------------+
; Parameter Settings for User Entity Instance: alu:ALU_UNIT|barrelShifter:SHIFT_UNIT|shiftBinary:shift1 ;
+----------------+-------+------------------------------------------------------------------------------+
; Parameter Name ; Value ; Type                                                                         ;
+----------------+-------+------------------------------------------------------------------------------+
; n              ; 1     ; Signed Integer                                                               ;
+----------------+-------+------------------------------------------------------------------------------+
Note: In order to hide this table in the UI and the text report file, please set the "Show Parameter Settings in Synthesis Report" option in "Analysis and Synthesis Settings -> More Settings" to "Off".


+-------------------------------------------------------------------------------------------------------+
; Parameter Settings for User Entity Instance: alu:ALU_UNIT|barrelShifter:SHIFT_UNIT|shiftBinary:shift2 ;
+----------------+-------+------------------------------------------------------------------------------+
; Parameter Name ; Value ; Type                                                                         ;
+----------------+-------+------------------------------------------------------------------------------+
; n              ; 2     ; Signed Integer                                                               ;
+----------------+-------+------------------------------------------------------------------------------+
Note: In order to hide this table in the UI and the text report file, please set the "Show Parameter Settings in Synthesis Report" option in "Analysis and Synthesis Settings -> More Settings" to "Off".


+-------------------------------------------------------------------------------------------------------+
; Parameter Settings for User Entity Instance: alu:ALU_UNIT|barrelShifter:SHIFT_UNIT|shiftBinary:shift4 ;
+----------------+-------+------------------------------------------------------------------------------+
; Parameter Name ; Value ; Type                                                                         ;
+----------------+-------+------------------------------------------------------------------------------+
; n              ; 4     ; Signed Integer                                                               ;
+----------------+-------+------------------------------------------------------------------------------+
Note: In order to hide this table in the UI and the text report file, please set the "Show Parameter Settings in Synthesis Report" option in "Analysis and Synthesis Settings -> More Settings" to "Off".


+-------------------------------------------------------------------------------------------------------+
; Parameter Settings for User Entity Instance: alu:ALU_UNIT|barrelShifter:SHIFT_UNIT|shiftBinary:shift8 ;
+----------------+-------+------------------------------------------------------------------------------+
; Parameter Name ; Value ; Type                                                                         ;
+----------------+-------+------------------------------------------------------------------------------+
; n              ; 8     ; Signed Integer                                                               ;
+----------------+-------+------------------------------------------------------------------------------+
Note: In order to hide this table in the UI and the text report file, please set the "Show Parameter Settings in Synthesis Report" option in "Analysis and Synthesis Settings -> More Settings" to "Off".


+--------------------------------------------------------------------------------------------------------+
; Parameter Settings for User Entity Instance: alu:ALU_UNIT|barrelShifter:SHIFT_UNIT|shiftBinary:shift16 ;
+----------------+-------+-------------------------------------------------------------------------------+
; Parameter Name ; Value ; Type                                                                          ;
+----------------+-------+-------------------------------------------------------------------------------+
; n              ; 16    ; Signed Integer                                                                ;
+----------------+-------+-------------------------------------------------------------------------------+
Note: In order to hide this table in the UI and the text report file, please set the "Show Parameter Settings in Synthesis Report" option in "Analysis and Synthesis Settings -> More Settings" to "Off".


+-------------------------------------------------------------------------------------+
; Parameter Settings for User Entity Instance: EX_MEM:EX_MEM_REG|reg_N:ALU_RESULT_REG ;
+----------------+-------+------------------------------------------------------------+
; Parameter Name ; Value ; Type                                                       ;
+----------------+-------+------------------------------------------------------------+
; n              ; 32    ; Signed Integer                                             ;
+----------------+-------+------------------------------------------------------------+
Note: In order to hide this table in the UI and the text report file, please set the "Show Parameter Settings in Synthesis Report" option in "Analysis and Synthesis Settings -> More Settings" to "Off".


+-----------------------------------------------------------------------------------+
; Parameter Settings for User Entity Instance: EX_MEM:EX_MEM_REG|reg_N:RS2_DATA_REG ;
+----------------+-------+----------------------------------------------------------+
; Parameter Name ; Value ; Type                                                     ;
+----------------+-------+----------------------------------------------------------+
; n              ; 32    ; Signed Integer                                           ;
+----------------+-------+----------------------------------------------------------+
Note: In order to hide this table in the UI and the text report file, please set the "Show Parameter Settings in Synthesis Report" option in "Analysis and Synthesis Settings -> More Settings" to "Off".


+-----------------------------------------------------------------------------+
; Parameter Settings for User Entity Instance: EX_MEM:EX_MEM_REG|reg_N:RD_REG ;
+----------------+-------+----------------------------------------------------+
; Parameter Name ; Value ; Type                                               ;
+----------------+-------+----------------------------------------------------+
; n              ; 5     ; Signed Integer                                     ;
+----------------+-------+----------------------------------------------------+
Note: In order to hide this table in the UI and the text report file, please set the "Show Parameter Settings in Synthesis Report" option in "Analysis and Synthesis Settings -> More Settings" to "Off".


+--------------------------------------------------------------------------------+
; Parameter Settings for User Entity Instance: EX_MEM:EX_MEM_REG|reg_N:FUNC3_REG ;
+----------------+-------+-------------------------------------------------------+
; Parameter Name ; Value ; Type                                                  ;
+----------------+-------+-------------------------------------------------------+
; n              ; 3     ; Signed Integer                                        ;
+----------------+-------+-------------------------------------------------------+
Note: In order to hide this table in the UI and the text report file, please set the "Show Parameter Settings in Synthesis Report" option in "Analysis and Synthesis Settings -> More Settings" to "Off".


+--------------------------------------------------------------------------------+
; Parameter Settings for User Entity Instance: EX_MEM:EX_MEM_REG|reg_N:FUNC7_REG ;
+----------------+-------+-------------------------------------------------------+
; Parameter Name ; Value ; Type                                                  ;
+----------------+-------+-------------------------------------------------------+
; n              ; 7     ; Signed Integer                                        ;
+----------------+-------+-------------------------------------------------------+
Note: In order to hide this table in the UI and the text report file, please set the "Show Parameter Settings in Synthesis Report" option in "Analysis and Synthesis Settings -> More Settings" to "Off".


+---------------------------------------------------------------------------------+
; Parameter Settings for User Entity Instance: EX_MEM:EX_MEM_REG|reg_N:OPCODE_REG ;
+----------------+-------+--------------------------------------------------------+
; Parameter Name ; Value ; Type                                                   ;
+----------------+-------+--------------------------------------------------------+
; n              ; 7     ; Signed Integer                                         ;
+----------------+-------+--------------------------------------------------------+
Note: In order to hide this table in the UI and the text report file, please set the "Show Parameter Settings in Synthesis Report" option in "Analysis and Synthesis Settings -> More Settings" to "Off".


+-----------------------------------------------------------------------------------+
; Parameter Settings for User Entity Instance: MEM_WB:MEM_WB_REG|reg_N:MEM_DATA_REG ;
+----------------+-------+----------------------------------------------------------+
; Parameter Name ; Value ; Type                                                     ;
+----------------+-------+----------------------------------------------------------+
; n              ; 32    ; Signed Integer                                           ;
+----------------+-------+----------------------------------------------------------+
Note: In order to hide this table in the UI and the text report file, please set the "Show Parameter Settings in Synthesis Report" option in "Analysis and Synthesis Settings -> More Settings" to "Off".


+-------------------------------------------------------------------------------------+
; Parameter Settings for User Entity Instance: MEM_WB:MEM_WB_REG|reg_N:ALU_RESULT_REG ;
+----------------+-------+------------------------------------------------------------+
; Parameter Name ; Value ; Type                                                       ;
+----------------+-------+------------------------------------------------------------+
; n              ; 32    ; Signed Integer                                             ;
+----------------+-------+------------------------------------------------------------+
Note: In order to hide this table in the UI and the text report file, please set the "Show Parameter Settings in Synthesis Report" option in "Analysis and Synthesis Settings -> More Settings" to "Off".


+-----------------------------------------------------------------------------+
; Parameter Settings for User Entity Instance: MEM_WB:MEM_WB_REG|reg_N:RD_REG ;
+----------------+-------+----------------------------------------------------+
; Parameter Name ; Value ; Type                                               ;
+----------------+-------+----------------------------------------------------+
; n              ; 5     ; Signed Integer                                     ;
+----------------+-------+----------------------------------------------------+
Note: In order to hide this table in the UI and the text report file, please set the "Show Parameter Settings in Synthesis Report" option in "Analysis and Synthesis Settings -> More Settings" to "Off".


+--------------------------------------------------------------------------------+
; Parameter Settings for User Entity Instance: MEM_WB:MEM_WB_REG|reg_N:FUNC3_REG ;
+----------------+-------+-------------------------------------------------------+
; Parameter Name ; Value ; Type                                                  ;
+----------------+-------+-------------------------------------------------------+
; n              ; 3     ; Signed Integer                                        ;
+----------------+-------+-------------------------------------------------------+
Note: In order to hide this table in the UI and the text report file, please set the "Show Parameter Settings in Synthesis Report" option in "Analysis and Synthesis Settings -> More Settings" to "Off".


+--------------------------------------------------------------------------------+
; Parameter Settings for User Entity Instance: MEM_WB:MEM_WB_REG|reg_N:FUNC7_REG ;
+----------------+-------+-------------------------------------------------------+
; Parameter Name ; Value ; Type                                                  ;
+----------------+-------+-------------------------------------------------------+
; n              ; 7     ; Signed Integer                                        ;
+----------------+-------+-------------------------------------------------------+
Note: In order to hide this table in the UI and the text report file, please set the "Show Parameter Settings in Synthesis Report" option in "Analysis and Synthesis Settings -> More Settings" to "Off".


+---------------------------------------------------------------------------------+
; Parameter Settings for User Entity Instance: MEM_WB:MEM_WB_REG|reg_N:OPCODE_REG ;
+----------------+-------+--------------------------------------------------------+
; Parameter Name ; Value ; Type                                                   ;
+----------------+-------+--------------------------------------------------------+
; n              ; 7     ; Signed Integer                                         ;
+----------------+-------+--------------------------------------------------------+
Note: In order to hide this table in the UI and the text report file, please set the "Show Parameter Settings in Synthesis Report" option in "Analysis and Synthesis Settings -> More Settings" to "Off".


+--------------------------------------------------------------------------------+
; Parameter Settings for Inferred Entity Instance: mem:IMem|altsyncram:ram_rtl_0 ;
+------------------------------------+----------------------+--------------------+
; Parameter Name                     ; Value                ; Type               ;
+------------------------------------+----------------------+--------------------+
; BYTE_SIZE_BLOCK                    ; 8                    ; Untyped            ;
; AUTO_CARRY_CHAINS                  ; ON                   ; AUTO_CARRY         ;
; IGNORE_CARRY_BUFFERS               ; OFF                  ; IGNORE_CARRY       ;
; AUTO_CASCADE_CHAINS                ; ON                   ; AUTO_CASCADE       ;
; IGNORE_CASCADE_BUFFERS             ; OFF                  ; IGNORE_CASCADE     ;
; WIDTH_BYTEENA                      ; 1                    ; Untyped            ;
; OPERATION_MODE                     ; SINGLE_PORT          ; Untyped            ;
; WIDTH_A                            ; 32                   ; Untyped            ;
; WIDTHAD_A                          ; 10                   ; Untyped            ;
; NUMWORDS_A                         ; 1024                 ; Untyped            ;
; OUTDATA_REG_A                      ; UNREGISTERED         ; Untyped            ;
; ADDRESS_ACLR_A                     ; NONE                 ; Untyped            ;
; OUTDATA_ACLR_A                     ; NONE                 ; Untyped            ;
; WRCONTROL_ACLR_A                   ; NONE                 ; Untyped            ;
; INDATA_ACLR_A                      ; NONE                 ; Untyped            ;
; BYTEENA_ACLR_A                     ; NONE                 ; Untyped            ;
; WIDTH_B                            ; 1                    ; Untyped            ;
; WIDTHAD_B                          ; 1                    ; Untyped            ;
; NUMWORDS_B                         ; 1                    ; Untyped            ;
; INDATA_REG_B                       ; CLOCK1               ; Untyped            ;
; WRCONTROL_WRADDRESS_REG_B          ; CLOCK1               ; Untyped            ;
; RDCONTROL_REG_B                    ; CLOCK1               ; Untyped            ;
; ADDRESS_REG_B                      ; CLOCK1               ; Untyped            ;
; OUTDATA_REG_B                      ; UNREGISTERED         ; Untyped            ;
; BYTEENA_REG_B                      ; CLOCK1               ; Untyped            ;
; INDATA_ACLR_B                      ; NONE                 ; Untyped            ;
; WRCONTROL_ACLR_B                   ; NONE                 ; Untyped            ;
; ADDRESS_ACLR_B                     ; NONE                 ; Untyped            ;
; OUTDATA_ACLR_B                     ; NONE                 ; Untyped            ;
; RDCONTROL_ACLR_B                   ; NONE                 ; Untyped            ;
; BYTEENA_ACLR_B                     ; NONE                 ; Untyped            ;
; WIDTH_BYTEENA_A                    ; 1                    ; Untyped            ;
; WIDTH_BYTEENA_B                    ; 1                    ; Untyped            ;
; RAM_BLOCK_TYPE                     ; AUTO                 ; Untyped            ;
; BYTE_SIZE                          ; 8                    ; Untyped            ;
; READ_DURING_WRITE_MODE_MIXED_PORTS ; DONT_CARE            ; Untyped            ;
; READ_DURING_WRITE_MODE_PORT_A      ; OLD_DATA             ; Untyped            ;
; READ_DURING_WRITE_MODE_PORT_B      ; NEW_DATA_NO_NBE_READ ; Untyped            ;
; INIT_FILE                          ; UNUSED               ; Untyped            ;
; INIT_FILE_LAYOUT                   ; PORT_A               ; Untyped            ;
; MAXIMUM_DEPTH                      ; 0                    ; Untyped            ;
; CLOCK_ENABLE_INPUT_A               ; NORMAL               ; Untyped            ;
; CLOCK_ENABLE_INPUT_B               ; NORMAL               ; Untyped            ;
; CLOCK_ENABLE_OUTPUT_A              ; NORMAL               ; Untyped            ;
; CLOCK_ENABLE_OUTPUT_B              ; NORMAL               ; Untyped            ;
; CLOCK_ENABLE_CORE_A                ; USE_INPUT_CLKEN      ; Untyped            ;
; CLOCK_ENABLE_CORE_B                ; USE_INPUT_CLKEN      ; Untyped            ;
; ENABLE_ECC                         ; FALSE                ; Untyped            ;
; ECC_PIPELINE_STAGE_ENABLED         ; FALSE                ; Untyped            ;
; WIDTH_ECCSTATUS                    ; 3                    ; Untyped            ;
; DEVICE_FAMILY                      ; Cyclone IV E         ; Untyped            ;
; CBXI_PARAMETER                     ; altsyncram_eg81      ; Untyped            ;
+------------------------------------+----------------------+--------------------+
Note: In order to hide this table in the UI and the text report file, please set the "Show Parameter Settings in Synthesis Report" option in "Analysis and Synthesis Settings -> More Settings" to "Off".


+---------------------------------------------------------------------------+
; altsyncram Parameter Settings by Entity Instance                          ;
+-------------------------------------------+-------------------------------+
; Name                                      ; Value                         ;
+-------------------------------------------+-------------------------------+
; Number of entity instances                ; 1                             ;
; Entity Instance                           ; mem:IMem|altsyncram:ram_rtl_0 ;
;     -- OPERATION_MODE                     ; SINGLE_PORT                   ;
;     -- WIDTH_A                            ; 32                            ;
;     -- NUMWORDS_A                         ; 1024                          ;
;     -- OUTDATA_REG_A                      ; UNREGISTERED                  ;
;     -- WIDTH_B                            ; 1                             ;
;     -- NUMWORDS_B                         ; 1                             ;
;     -- ADDRESS_REG_B                      ; CLOCK1                        ;
;     -- OUTDATA_REG_B                      ; UNREGISTERED                  ;
;     -- RAM_BLOCK_TYPE                     ; AUTO                          ;
;     -- READ_DURING_WRITE_MODE_MIXED_PORTS ; DONT_CARE                     ;
+-------------------------------------------+-------------------------------+


+-------------------------------------------------------------+
; Port Connectivity Checks: "MEM_WB:MEM_WB_REG|dffg:HALT_REG" ;
+------+-------+----------+-----------------------------------+
; Port ; Type  ; Severity ; Details                           ;
+------+-------+----------+-----------------------------------+
; i_we ; Input ; Info     ; Stuck at VCC                      ;
+------+-------+----------+-----------------------------------+


+--------------------------------------------------------------+
; Port Connectivity Checks: "MEM_WB:MEM_WB_REG|dffg:REGWR_REG" ;
+------+-------+----------+------------------------------------+
; Port ; Type  ; Severity ; Details                            ;
+------+-------+----------+------------------------------------+
; i_we ; Input ; Info     ; Stuck at VCC                       ;
+------+-------+----------+------------------------------------+


+---------------------------------------------------------------+
; Port Connectivity Checks: "MEM_WB:MEM_WB_REG|dffg:MEMREG_REG" ;
+------+-------+----------+-------------------------------------+
; Port ; Type  ; Severity ; Details                             ;
+------+-------+----------+-------------------------------------+
; i_we ; Input ; Info     ; Stuck at VCC                        ;
+------+-------+----------+-------------------------------------+


+----------------------------------------------------------------+
; Port Connectivity Checks: "MEM_WB:MEM_WB_REG|reg_N:OPCODE_REG" ;
+------+-------+----------+--------------------------------------+
; Port ; Type  ; Severity ; Details                              ;
+------+-------+----------+--------------------------------------+
; i_we ; Input ; Info     ; Stuck at VCC                         ;
+------+-------+----------+--------------------------------------+


+---------------------------------------------------------------+
; Port Connectivity Checks: "MEM_WB:MEM_WB_REG|reg_N:FUNC7_REG" ;
+------+-------+----------+-------------------------------------+
; Port ; Type  ; Severity ; Details                             ;
+------+-------+----------+-------------------------------------+
; i_we ; Input ; Info     ; Stuck at VCC                        ;
+------+-------+----------+-------------------------------------+


+---------------------------------------------------------------+
; Port Connectivity Checks: "MEM_WB:MEM_WB_REG|reg_N:FUNC3_REG" ;
+------+-------+----------+-------------------------------------+
; Port ; Type  ; Severity ; Details                             ;
+------+-------+----------+-------------------------------------+
; i_we ; Input ; Info     ; Stuck at VCC                        ;
+------+-------+----------+-------------------------------------+


+------------------------------------------------------------+
; Port Connectivity Checks: "MEM_WB:MEM_WB_REG|reg_N:RD_REG" ;
+------+-------+----------+----------------------------------+
; Port ; Type  ; Severity ; Details                          ;
+------+-------+----------+----------------------------------+
; i_we ; Input ; Info     ; Stuck at VCC                     ;
+------+-------+----------+----------------------------------+


+--------------------------------------------------------------------+
; Port Connectivity Checks: "MEM_WB:MEM_WB_REG|reg_N:ALU_RESULT_REG" ;
+------+-------+----------+------------------------------------------+
; Port ; Type  ; Severity ; Details                                  ;
+------+-------+----------+------------------------------------------+
; i_we ; Input ; Info     ; Stuck at VCC                             ;
+------+-------+----------+------------------------------------------+


+------------------------------------------------------------------+
; Port Connectivity Checks: "MEM_WB:MEM_WB_REG|reg_N:MEM_DATA_REG" ;
+------+-------+----------+----------------------------------------+
; Port ; Type  ; Severity ; Details                                ;
+------+-------+----------+----------------------------------------+
; i_we ; Input ; Info     ; Stuck at VCC                           ;
+------+-------+----------+----------------------------------------+


+--------------------------------------------------------------------------------------------------------------------+
; Port Connectivity Checks: "MEM_WB:MEM_WB_REG"                                                                      ;
+----------+--------+----------+-------------------------------------------------------------------------------------+
; Port     ; Type   ; Severity ; Details                                                                             ;
+----------+--------+----------+-------------------------------------------------------------------------------------+
; o_func3  ; Output ; Info     ; Connected to dangling logic. Logic that only feeds a dangling port will be removed. ;
; o_func7  ; Output ; Info     ; Connected to dangling logic. Logic that only feeds a dangling port will be removed. ;
; o_opcode ; Output ; Info     ; Connected to dangling logic. Logic that only feeds a dangling port will be removed. ;
+----------+--------+----------+-------------------------------------------------------------------------------------+


+-------------------------------------------------------------+
; Port Connectivity Checks: "EX_MEM:EX_MEM_REG|dffg:HALT_REG" ;
+------+-------+----------+-----------------------------------+
; Port ; Type  ; Severity ; Details                           ;
+------+-------+----------+-----------------------------------+
; i_we ; Input ; Info     ; Stuck at VCC                      ;
+------+-------+----------+-----------------------------------+


+--------------------------------------------------------------+
; Port Connectivity Checks: "EX_MEM:EX_MEM_REG|dffg:REGWR_REG" ;
+------+-------+----------+------------------------------------+
; Port ; Type  ; Severity ; Details                            ;
+------+-------+----------+------------------------------------+
; i_we ; Input ; Info     ; Stuck at VCC                       ;
+------+-------+----------+------------------------------------+


+---------------------------------------------------------------+
; Port Connectivity Checks: "EX_MEM:EX_MEM_REG|dffg:MEMREG_REG" ;
+------+-------+----------+-------------------------------------+
; Port ; Type  ; Severity ; Details                             ;
+------+-------+----------+-------------------------------------+
; i_we ; Input ; Info     ; Stuck at VCC                        ;
+------+-------+----------+-------------------------------------+


+--------------------------------------------------------------+
; Port Connectivity Checks: "EX_MEM:EX_MEM_REG|dffg:MEMWR_REG" ;
+------+-------+----------+------------------------------------+
; Port ; Type  ; Severity ; Details                            ;
+------+-------+----------+------------------------------------+
; i_we ; Input ; Info     ; Stuck at VCC                       ;
+------+-------+----------+------------------------------------+


+---------------------------------------------------------------+
; Port Connectivity Checks: "EX_MEM:EX_MEM_REG|dffg:BRANCH_REG" ;
+------+-------+----------+-------------------------------------+
; Port ; Type  ; Severity ; Details                             ;
+------+-------+----------+-------------------------------------+
; i_we ; Input ; Info     ; Stuck at VCC                        ;
+------+-------+----------+-------------------------------------+


+----------------------------------------------------------------+
; Port Connectivity Checks: "EX_MEM:EX_MEM_REG|reg_N:OPCODE_REG" ;
+------+-------+----------+--------------------------------------+
; Port ; Type  ; Severity ; Details                              ;
+------+-------+----------+--------------------------------------+
; i_we ; Input ; Info     ; Stuck at VCC                         ;
+------+-------+----------+--------------------------------------+


+---------------------------------------------------------------+
; Port Connectivity Checks: "EX_MEM:EX_MEM_REG|reg_N:FUNC7_REG" ;
+------+-------+----------+-------------------------------------+
; Port ; Type  ; Severity ; Details                             ;
+------+-------+----------+-------------------------------------+
; i_we ; Input ; Info     ; Stuck at VCC                        ;
+------+-------+----------+-------------------------------------+


+---------------------------------------------------------------+
; Port Connectivity Checks: "EX_MEM:EX_MEM_REG|reg_N:FUNC3_REG" ;
+------+-------+----------+-------------------------------------+
; Port ; Type  ; Severity ; Details                             ;
+------+-------+----------+-------------------------------------+
; i_we ; Input ; Info     ; Stuck at VCC                        ;
+------+-------+----------+-------------------------------------+


+------------------------------------------------------------+
; Port Connectivity Checks: "EX_MEM:EX_MEM_REG|reg_N:RD_REG" ;
+------+-------+----------+----------------------------------+
; Port ; Type  ; Severity ; Details                          ;
+------+-------+----------+----------------------------------+
; i_we ; Input ; Info     ; Stuck at VCC                     ;
+------+-------+----------+----------------------------------+


+------------------------------------------------------------------+
; Port Connectivity Checks: "EX_MEM:EX_MEM_REG|reg_N:RS2_DATA_REG" ;
+------+-------+----------+----------------------------------------+
; Port ; Type  ; Severity ; Details                                ;
+------+-------+----------+----------------------------------------+
; i_we ; Input ; Info     ; Stuck at VCC                           ;
+------+-------+----------+----------------------------------------+


+--------------------------------------------------------------------+
; Port Connectivity Checks: "EX_MEM:EX_MEM_REG|reg_N:ALU_RESULT_REG" ;
+------+-------+----------+------------------------------------------+
; Port ; Type  ; Severity ; Details                                  ;
+------+-------+----------+------------------------------------------+
; i_we ; Input ; Info     ; Stuck at VCC                             ;
+------+-------+----------+------------------------------------------+


+--------------------------------------------------------------------------------------------------------------------+
; Port Connectivity Checks: "EX_MEM:EX_MEM_REG"                                                                      ;
+----------+--------+----------+-------------------------------------------------------------------------------------+
; Port     ; Type   ; Severity ; Details                                                                             ;
+----------+--------+----------+-------------------------------------------------------------------------------------+
; o_branch ; Output ; Info     ; Connected to dangling logic. Logic that only feeds a dangling port will be removed. ;
+----------+--------+----------+-------------------------------------------------------------------------------------+


+------------------------------------------------------------------------------------------------------------------+
; Port Connectivity Checks: "alu:ALU_UNIT|addiSubi_N:ADD_SUB_UNIT"                                                 ;
+--------+--------+----------+-------------------------------------------------------------------------------------+
; Port   ; Type   ; Severity ; Details                                                                             ;
+--------+--------+----------+-------------------------------------------------------------------------------------+
; o_cout ; Output ; Info     ; Connected to dangling logic. Logic that only feeds a dangling port will be removed. ;
+--------+--------+----------+-------------------------------------------------------------------------------------+


+-----------------------------------------------------------+
; Port Connectivity Checks: "ID_EX:ID_EX_REG|dffg:HALT_REG" ;
+------+-------+----------+---------------------------------+
; Port ; Type  ; Severity ; Details                         ;
+------+-------+----------+---------------------------------+
; i_we ; Input ; Info     ; Stuck at VCC                    ;
+------+-------+----------+---------------------------------+


+------------------------------------------------------------+
; Port Connectivity Checks: "ID_EX:ID_EX_REG|dffg:REGWR_REG" ;
+------+-------+----------+----------------------------------+
; Port ; Type  ; Severity ; Details                          ;
+------+-------+----------+----------------------------------+
; i_we ; Input ; Info     ; Stuck at VCC                     ;
+------+-------+----------+----------------------------------+


+-------------------------------------------------------------+
; Port Connectivity Checks: "ID_EX:ID_EX_REG|dffg:MEMREG_REG" ;
+------+-------+----------+-----------------------------------+
; Port ; Type  ; Severity ; Details                           ;
+------+-------+----------+-----------------------------------+
; i_we ; Input ; Info     ; Stuck at VCC                      ;
+------+-------+----------+-----------------------------------+


+------------------------------------------------------------+
; Port Connectivity Checks: "ID_EX:ID_EX_REG|dffg:MEMWR_REG" ;
+------+-------+----------+----------------------------------+
; Port ; Type  ; Severity ; Details                          ;
+------+-------+----------+----------------------------------+
; i_we ; Input ; Info     ; Stuck at VCC                     ;
+------+-------+----------+----------------------------------+


+-----------------------------------------------------------+
; Port Connectivity Checks: "ID_EX:ID_EX_REG|dffg:UIMM_REG" ;
+------+-------+----------+---------------------------------+
; Port ; Type  ; Severity ; Details                         ;
+------+-------+----------+---------------------------------+
; i_we ; Input ; Info     ; Stuck at VCC                    ;
+------+-------+----------+---------------------------------+


+------------------------------------------------------------+
; Port Connectivity Checks: "ID_EX:ID_EX_REG|dffg:AUIPC_REG" ;
+------+-------+----------+----------------------------------+
; Port ; Type  ; Severity ; Details                          ;
+------+-------+----------+----------------------------------+
; i_we ; Input ; Info     ; Stuck at VCC                     ;
+------+-------+----------+----------------------------------+


+-----------------------------------------------------------+
; Port Connectivity Checks: "ID_EX:ID_EX_REG|dffg:JUMP_REG" ;
+------+-------+----------+---------------------------------+
; Port ; Type  ; Severity ; Details                         ;
+------+-------+----------+---------------------------------+
; i_we ; Input ; Info     ; Stuck at VCC                    ;
+------+-------+----------+---------------------------------+


+-------------------------------------------------------------+
; Port Connectivity Checks: "ID_EX:ID_EX_REG|dffg:BRANCH_REG" ;
+------+-------+----------+-----------------------------------+
; Port ; Type  ; Severity ; Details                           ;
+------+-------+----------+-----------------------------------+
; i_we ; Input ; Info     ; Stuck at VCC                      ;
+------+-------+----------+-----------------------------------+


+-------------------------------------------------------------+
; Port Connectivity Checks: "ID_EX:ID_EX_REG|dffg:SIGNED_REG" ;
+------+-------+----------+-----------------------------------+
; Port ; Type  ; Severity ; Details                           ;
+------+-------+----------+-----------------------------------+
; i_we ; Input ; Info     ; Stuck at VCC                      ;
+------+-------+----------+-----------------------------------+


+-------------------------------------------------------------+
; Port Connectivity Checks: "ID_EX:ID_EX_REG|dffg:ALUSRC_REG" ;
+------+-------+----------+-----------------------------------+
; Port ; Type  ; Severity ; Details                           ;
+------+-------+----------+-----------------------------------+
; i_we ; Input ; Info     ; Stuck at VCC                      ;
+------+-------+----------+-----------------------------------+


+--------------------------------------------------------------+
; Port Connectivity Checks: "ID_EX:ID_EX_REG|reg_N:OPCODE_REG" ;
+------+-------+----------+------------------------------------+
; Port ; Type  ; Severity ; Details                            ;
+------+-------+----------+------------------------------------+
; i_we ; Input ; Info     ; Stuck at VCC                       ;
+------+-------+----------+------------------------------------+


+-------------------------------------------------------------+
; Port Connectivity Checks: "ID_EX:ID_EX_REG|reg_N:FUNC7_REG" ;
+------+-------+----------+-----------------------------------+
; Port ; Type  ; Severity ; Details                           ;
+------+-------+----------+-----------------------------------+
; i_we ; Input ; Info     ; Stuck at VCC                      ;
+------+-------+----------+-----------------------------------+


+-------------------------------------------------------------+
; Port Connectivity Checks: "ID_EX:ID_EX_REG|reg_N:FUNC3_REG" ;
+------+-------+----------+-----------------------------------+
; Port ; Type  ; Severity ; Details                           ;
+------+-------+----------+-----------------------------------+
; i_we ; Input ; Info     ; Stuck at VCC                      ;
+------+-------+----------+-----------------------------------+


+-------------------------------------------------------------+
; Port Connectivity Checks: "ID_EX:ID_EX_REG|reg_N:ALUOP_REG" ;
+------+-------+----------+-----------------------------------+
; Port ; Type  ; Severity ; Details                           ;
+------+-------+----------+-----------------------------------+
; i_we ; Input ; Info     ; Stuck at VCC                      ;
+------+-------+----------+-----------------------------------+


+----------------------------------------------------------+
; Port Connectivity Checks: "ID_EX:ID_EX_REG|reg_N:PC_REG" ;
+------+-------+----------+--------------------------------+
; Port ; Type  ; Severity ; Details                        ;
+------+-------+----------+--------------------------------+
; i_we ; Input ; Info     ; Stuck at VCC                   ;
+------+-------+----------+--------------------------------+


+-----------------------------------------------------------+
; Port Connectivity Checks: "ID_EX:ID_EX_REG|reg_N:IMM_REG" ;
+------+-------+----------+---------------------------------+
; Port ; Type  ; Severity ; Details                         ;
+------+-------+----------+---------------------------------+
; i_we ; Input ; Info     ; Stuck at VCC                    ;
+------+-------+----------+---------------------------------+


+----------------------------------------------------------+
; Port Connectivity Checks: "ID_EX:ID_EX_REG|reg_N:RD_REG" ;
+------+-------+----------+--------------------------------+
; Port ; Type  ; Severity ; Details                        ;
+------+-------+----------+--------------------------------+
; i_we ; Input ; Info     ; Stuck at VCC                   ;
+------+-------+----------+--------------------------------+


+-----------------------------------------------------------+
; Port Connectivity Checks: "ID_EX:ID_EX_REG|reg_N:RS2_REG" ;
+------+-------+----------+---------------------------------+
; Port ; Type  ; Severity ; Details                         ;
+------+-------+----------+---------------------------------+
; i_we ; Input ; Info     ; Stuck at VCC                    ;
+------+-------+----------+---------------------------------+


+-----------------------------------------------------------+
; Port Connectivity Checks: "ID_EX:ID_EX_REG|reg_N:RS1_REG" ;
+------+-------+----------+---------------------------------+
; Port ; Type  ; Severity ; Details                         ;
+------+-------+----------+---------------------------------+
; i_we ; Input ; Info     ; Stuck at VCC                    ;
+------+-------+----------+---------------------------------+


+----------------------------------------------------------------+
; Port Connectivity Checks: "ID_EX:ID_EX_REG|reg_N:RS2_DATA_REG" ;
+------+-------+----------+--------------------------------------+
; Port ; Type  ; Severity ; Details                              ;
+------+-------+----------+--------------------------------------+
; i_we ; Input ; Info     ; Stuck at VCC                         ;
+------+-------+----------+--------------------------------------+


+----------------------------------------------------------------+
; Port Connectivity Checks: "ID_EX:ID_EX_REG|reg_N:RS1_DATA_REG" ;
+------+-------+----------+--------------------------------------+
; Port ; Type  ; Severity ; Details                              ;
+------+-------+----------+--------------------------------------+
; i_we ; Input ; Info     ; Stuck at VCC                         ;
+------+-------+----------+--------------------------------------+


+----------------------------------------------------------------------------------------------------------------------+
; Port Connectivity Checks: "ID_EX:ID_EX_REG"                                                                          ;
+------------+--------+----------+-------------------------------------------------------------------------------------+
; Port       ; Type   ; Severity ; Details                                                                             ;
+------------+--------+----------+-------------------------------------------------------------------------------------+
; o_rs1      ; Output ; Info     ; Connected to dangling logic. Logic that only feeds a dangling port will be removed. ;
; o_rs2      ; Output ; Info     ; Connected to dangling logic. Logic that only feeds a dangling port will be removed. ;
; o_upperimm ; Output ; Info     ; Connected to dangling logic. Logic that only feeds a dangling port will be removed. ;
+------------+--------+----------+-------------------------------------------------------------------------------------+


+----------------------------------------------------------+
; Port Connectivity Checks: "regFile:RF|mux32t1_N:mux_rs2" ;
+------+-------+----------+--------------------------------+
; Port ; Type  ; Severity ; Details                        ;
+------+-------+----------+--------------------------------+
; i_d0 ; Input ; Info     ; Stuck at GND                   ;
+------+-------+----------+--------------------------------+


+----------------------------------------------------------+
; Port Connectivity Checks: "regFile:RF|mux32t1_N:mux_rs1" ;
+------+-------+----------+--------------------------------+
; Port ; Type  ; Severity ; Details                        ;
+------+-------+----------+--------------------------------+
; i_d0 ; Input ; Info     ; Stuck at GND                   ;
+------+-------+----------+--------------------------------+


+--------------------------------------------------------------------------------------------------------------------+
; Port Connectivity Checks: "regFile:RF|decoder5t32:decoder_inst"                                                    ;
+----------+--------+----------+-------------------------------------------------------------------------------------+
; Port     ; Type   ; Severity ; Details                                                                             ;
+----------+--------+----------+-------------------------------------------------------------------------------------+
; o_out[0] ; Output ; Info     ; Connected to dangling logic. Logic that only feeds a dangling port will be removed. ;
+----------+--------+----------+-------------------------------------------------------------------------------------+


+---------------------------------------------------------------------------------------------------------------------+
; Port Connectivity Checks: "Control:CTRL"                                                                            ;
+-----------+--------+----------+-------------------------------------------------------------------------------------+
; Port      ; Type   ; Severity ; Details                                                                             ;
+-----------+--------+----------+-------------------------------------------------------------------------------------+
; o_immtype ; Output ; Info     ; Connected to dangling logic. Logic that only feeds a dangling port will be removed. ;
+-----------+--------+----------+-------------------------------------------------------------------------------------+


+------------------------------------------------------------+
; Port Connectivity Checks: "IF_ID:IF_ID_REG|reg_N:INST_REG" ;
+------+-------+----------+----------------------------------+
; Port ; Type  ; Severity ; Details                          ;
+------+-------+----------+----------------------------------+
; i_we ; Input ; Info     ; Stuck at VCC                     ;
+------+-------+----------+----------------------------------+


+----------------------------------------------------------+
; Port Connectivity Checks: "IF_ID:IF_ID_REG|reg_N:PC_REG" ;
+------+-------+----------+--------------------------------+
; Port ; Type  ; Severity ; Details                        ;
+------+-------+----------+--------------------------------+
; i_we ; Input ; Info     ; Stuck at VCC                   ;
+------+-------+----------+--------------------------------+


+-----------------------------------------------------------------------------------------------------------------------+
; Port Connectivity Checks: "pcLogic:PC_LOGIC|adder_N:JALR_Adjust_Subtract"                                             ;
+-------------+--------+----------+-------------------------------------------------------------------------------------+
; Port        ; Type   ; Severity ; Details                                                                             ;
+-------------+--------+----------+-------------------------------------------------------------------------------------+
; i_a[0]      ; Input  ; Info     ; Stuck at GND                                                                        ;
; i_b[31..22] ; Input  ; Info     ; Stuck at VCC                                                                        ;
; i_b[21..0]  ; Input  ; Info     ; Stuck at GND                                                                        ;
; i_cin       ; Input  ; Info     ; Stuck at GND                                                                        ;
; o_cout      ; Output ; Info     ; Connected to dangling logic. Logic that only feeds a dangling port will be removed. ;
+-------------+--------+----------+-------------------------------------------------------------------------------------+


+------------------------------------------------------------------------------------------------------------------+
; Port Connectivity Checks: "pcLogic:PC_LOGIC|adder_N:rs1_Plus_imm"                                                ;
+--------+--------+----------+-------------------------------------------------------------------------------------+
; Port   ; Type   ; Severity ; Details                                                                             ;
+--------+--------+----------+-------------------------------------------------------------------------------------+
; i_cin  ; Input  ; Info     ; Stuck at GND                                                                        ;
; o_s[0] ; Output ; Info     ; Connected to dangling logic. Logic that only feeds a dangling port will be removed. ;
; o_cout ; Output ; Info     ; Connected to dangling logic. Logic that only feeds a dangling port will be removed. ;
+--------+--------+----------+-------------------------------------------------------------------------------------+


+------------------------------------------------------------------------------------------------------------------+
; Port Connectivity Checks: "pcLogic:PC_LOGIC|adder_N:PC_Plus_imm"                                                 ;
+--------+--------+----------+-------------------------------------------------------------------------------------+
; Port   ; Type   ; Severity ; Details                                                                             ;
+--------+--------+----------+-------------------------------------------------------------------------------------+
; i_cin  ; Input  ; Info     ; Stuck at GND                                                                        ;
; o_cout ; Output ; Info     ; Connected to dangling logic. Logic that only feeds a dangling port will be removed. ;
+--------+--------+----------+-------------------------------------------------------------------------------------+


+----------------------------------------------------------------------------------------------------------------------+
; Port Connectivity Checks: "pcLogic:PC_LOGIC|adder_N:PC_Plus_4"                                                       ;
+------------+--------+----------+-------------------------------------------------------------------------------------+
; Port       ; Type   ; Severity ; Details                                                                             ;
+------------+--------+----------+-------------------------------------------------------------------------------------+
; i_b[31..3] ; Input  ; Info     ; Stuck at GND                                                                        ;
; i_b[1..0]  ; Input  ; Info     ; Stuck at GND                                                                        ;
; i_b[2]     ; Input  ; Info     ; Stuck at VCC                                                                        ;
; i_cin      ; Input  ; Info     ; Stuck at GND                                                                        ;
; o_cout     ; Output ; Info     ; Connected to dangling logic. Logic that only feeds a dangling port will be removed. ;
+------------+--------+----------+-------------------------------------------------------------------------------------+


+-----------------------------------------------------+
; Post-Synthesis Netlist Statistics for Top Partition ;
+-----------------------+-----------------------------+
; Type                  ; Count                       ;
+-----------------------+-----------------------------+
; boundary_port         ; 99                          ;
; cycloneiii_ff         ; 34129                       ;
;     CLR               ; 337                         ;
;     ENA               ; 32768                       ;
;     ENA CLR           ; 994                         ;
;     ENA CLR SLD       ; 30                          ;
; cycloneiii_lcell_comb ; 25739                       ;
;     arith             ; 100                         ;
;         2 data inputs ; 38                          ;
;         3 data inputs ; 62                          ;
;     normal            ; 25639                       ;
;         1 data inputs ; 3                           ;
;         2 data inputs ; 647                         ;
;         3 data inputs ; 964                         ;
;         4 data inputs ; 24025                       ;
; cycloneiii_ram_block  ; 32                          ;
;                       ;                             ;
; Max LUT depth         ; 40.00                       ;
; Average LUT depth     ; 8.72                        ;
+-----------------------+-----------------------------+


+-------------------------------+
; Elapsed Time Per Partition    ;
+----------------+--------------+
; Partition Name ; Elapsed Time ;
+----------------+--------------+
; Top            ; 00:01:05     ;
+----------------+--------------+


+-------------------------------+
; Analysis & Synthesis Messages ;
+-------------------------------+
Info: *******************************************************************
Info: Running Quartus Prime Analysis & Synthesis
    Info: Version 20.1.1 Build 720 11/11/2020 SJ Standard Edition
    Info: Copyright (C) 2020  Intel Corporation. All rights reserved.
    Info: Your use of Intel Corporation's design tools, logic functions 
    Info: and other software and tools, and any partner logic 
    Info: functions, and any output files from any of the foregoing 
    Info: (including device programming or simulation files), and any 
    Info: associated documentation or information are expressly subject 
    Info: to the terms and conditions of the Intel Program License 
    Info: Subscription Agreement, the Intel Quartus Prime License Agreement,
    Info: the Intel FPGA IP License Agreement, or other applicable license
    Info: agreement, including, without limitation, that your use is for
    Info: the sole purpose of programming logic devices manufactured by
    Info: Intel and sold by Intel or its authorized distributors.  Please
    Info: refer to the applicable agreement for further details, at
    Info: https://fpgasoftware.intel.com/eula.
    Info: Processing started: Thu Nov 20 19:36:19 2025
Info: Command: quartus_map --read_settings_files=on --write_settings_files=off toolflow -c toolflow
Warning (18236): Number of processors has not been specified which may cause overloading on shared machines.  Set the global assignment NUM_PARALLEL_PROCESSORS in your QSF to an appropriate value for best performance.
Info (20030): Parallel compilation is enabled and will use 4 of the 4 processors detected
Info (12021): Found 2 design units, including 0 entities, in source file /home/connorwm/cpre381/Proj2/cpre3810-toolflow/proj/src/RISCV_types.vhd
    Info (12022): Found design unit 1: RISCV_types File: /home/connorwm/cpre381/Proj2/cpre3810-toolflow/proj/src/RISCV_types.vhd Line: 15
    Info (12022): Found design unit 2: RISCV_types-body File: /home/connorwm/cpre381/Proj2/cpre3810-toolflow/proj/src/RISCV_types.vhd Line: 29
Info (12021): Found 2 design units, including 1 entities, in source file /home/connorwm/cpre381/Proj2/cpre3810-toolflow/proj/src/TopLevel/Control.vhd
    Info (12022): Found design unit 1: Control-dataflow File: /home/connorwm/cpre381/Proj2/cpre3810-toolflow/proj/src/TopLevel/Control.vhd Line: 26
    Info (12023): Found entity 1: Control File: /home/connorwm/cpre381/Proj2/cpre3810-toolflow/proj/src/TopLevel/Control.vhd Line: 5
Info (12021): Found 2 design units, including 1 entities, in source file /home/connorwm/cpre381/Proj2/cpre3810-toolflow/proj/src/TopLevel/Decode.vhd
    Info (12022): Found design unit 1: Decode-Dataflow File: /home/connorwm/cpre381/Proj2/cpre3810-toolflow/proj/src/TopLevel/Decode.vhd Line: 22
    Info (12023): Found entity 1: Decode File: /home/connorwm/cpre381/Proj2/cpre3810-toolflow/proj/src/TopLevel/Decode.vhd Line: 5
Info (12021): Found 2 design units, including 1 entities, in source file /home/connorwm/cpre381/Proj2/cpre3810-toolflow/proj/src/TopLevel/EX_MEM.vhd
    Info (12022): Found design unit 1: EX_MEM-structural File: /home/connorwm/cpre381/Proj2/cpre3810-toolflow/proj/src/TopLevel/EX_MEM.vhd Line: 57
    Info (12023): Found entity 1: EX_MEM File: /home/connorwm/cpre381/Proj2/cpre3810-toolflow/proj/src/TopLevel/EX_MEM.vhd Line: 19
Info (12021): Found 2 design units, including 1 entities, in source file /home/connorwm/cpre381/Proj2/cpre3810-toolflow/proj/src/TopLevel/ID_EX.vhd
    Info (12022): Found design unit 1: ID_EX-structural File: /home/connorwm/cpre381/Proj2/cpre3810-toolflow/proj/src/TopLevel/ID_EX.vhd Line: 77
    Info (12023): Found entity 1: ID_EX File: /home/connorwm/cpre381/Proj2/cpre3810-toolflow/proj/src/TopLevel/ID_EX.vhd Line: 19
Info (12021): Found 2 design units, including 1 entities, in source file /home/connorwm/cpre381/Proj2/cpre3810-toolflow/proj/src/TopLevel/IF_ID.vhd
    Info (12022): Found design unit 1: IF_ID-structural File: /home/connorwm/cpre381/Proj2/cpre3810-toolflow/proj/src/TopLevel/IF_ID.vhd Line: 35
    Info (12023): Found entity 1: IF_ID File: /home/connorwm/cpre381/Proj2/cpre3810-toolflow/proj/src/TopLevel/IF_ID.vhd Line: 19
Info (12021): Found 2 design units, including 1 entities, in source file /home/connorwm/cpre381/Proj2/cpre3810-toolflow/proj/src/TopLevel/MEM_WB.vhd
    Info (12022): Found design unit 1: MEM_WB-structural File: /home/connorwm/cpre381/Proj2/cpre3810-toolflow/proj/src/TopLevel/MEM_WB.vhd Line: 53
    Info (12023): Found entity 1: MEM_WB File: /home/connorwm/cpre381/Proj2/cpre3810-toolflow/proj/src/TopLevel/MEM_WB.vhd Line: 19
Info (12021): Found 2 design units, including 1 entities, in source file /home/connorwm/cpre381/Proj2/cpre3810-toolflow/proj/src/TopLevel/RISCV_Processor.vhd
    Info (12022): Found design unit 1: RISCV_Processor-structure File: /home/connorwm/cpre381/Proj2/cpre3810-toolflow/proj/src/TopLevel/RISCV_Processor.vhd Line: 37
    Info (12023): Found entity 1: RISCV_Processor File: /home/connorwm/cpre381/Proj2/cpre3810-toolflow/proj/src/TopLevel/RISCV_Processor.vhd Line: 25
Info (12021): Found 2 design units, including 1 entities, in source file /home/connorwm/cpre381/Proj2/cpre3810-toolflow/proj/src/TopLevel/adder.vhd
    Info (12022): Found design unit 1: adder-structure File: /home/connorwm/cpre381/Proj2/cpre3810-toolflow/proj/src/TopLevel/adder.vhd Line: 30
    Info (12023): Found entity 1: adder File: /home/connorwm/cpre381/Proj2/cpre3810-toolflow/proj/src/TopLevel/adder.vhd Line: 20
Info (12021): Found 2 design units, including 1 entities, in source file /home/connorwm/cpre381/Proj2/cpre3810-toolflow/proj/src/TopLevel/adder_N.vhd
    Info (12022): Found design unit 1: adder_N-structural File: /home/connorwm/cpre381/Proj2/cpre3810-toolflow/proj/src/TopLevel/adder_N.vhd Line: 32
    Info (12023): Found entity 1: adder_N File: /home/connorwm/cpre381/Proj2/cpre3810-toolflow/proj/src/TopLevel/adder_N.vhd Line: 21
Info (12021): Found 2 design units, including 1 entities, in source file /home/connorwm/cpre381/Proj2/cpre3810-toolflow/proj/src/TopLevel/addiSubi_N.vhd
    Info (12022): Found design unit 1: addiSubi_N-structural File: /home/connorwm/cpre381/Proj2/cpre3810-toolflow/proj/src/TopLevel/addiSubi_N.vhd Line: 32
    Info (12023): Found entity 1: addiSubi_N File: /home/connorwm/cpre381/Proj2/cpre3810-toolflow/proj/src/TopLevel/addiSubi_N.vhd Line: 21
Info (12021): Found 2 design units, including 1 entities, in source file /home/connorwm/cpre381/Proj2/cpre3810-toolflow/proj/src/TopLevel/alu.vhd
    Info (12022): Found design unit 1: alu-structural File: /home/connorwm/cpre381/Proj2/cpre3810-toolflow/proj/src/TopLevel/alu.vhd Line: 56
    Info (12023): Found entity 1: alu File: /home/connorwm/cpre381/Proj2/cpre3810-toolflow/proj/src/TopLevel/alu.vhd Line: 24
Info (12021): Found 2 design units, including 1 entities, in source file /home/connorwm/cpre381/Proj2/cpre3810-toolflow/proj/src/TopLevel/andg2.vhd
    Info (12022): Found design unit 1: andg2-dataflow File: /home/connorwm/cpre381/Proj2/cpre3810-toolflow/proj/src/TopLevel/andg2.vhd Line: 31
    Info (12023): Found entity 1: andg2 File: /home/connorwm/cpre381/Proj2/cpre3810-toolflow/proj/src/TopLevel/andg2.vhd Line: 23
Info (12021): Found 2 design units, including 1 entities, in source file /home/connorwm/cpre381/Proj2/cpre3810-toolflow/proj/src/TopLevel/andg2_N.vhd
    Info (12022): Found design unit 1: andg2_N-structure File: /home/connorwm/cpre381/Proj2/cpre3810-toolflow/proj/src/TopLevel/andg2_N.vhd Line: 30
    Info (12023): Found entity 1: andg2_N File: /home/connorwm/cpre381/Proj2/cpre3810-toolflow/proj/src/TopLevel/andg2_N.vhd Line: 21
Info (12021): Found 2 design units, including 1 entities, in source file /home/connorwm/cpre381/Proj2/cpre3810-toolflow/proj/src/TopLevel/barrelShifter.vhd
    Info (12022): Found design unit 1: barrelShifter-structure File: /home/connorwm/cpre381/Proj2/cpre3810-toolflow/proj/src/TopLevel/barrelShifter.vhd Line: 36
    Info (12023): Found entity 1: barrelShifter File: /home/connorwm/cpre381/Proj2/cpre3810-toolflow/proj/src/TopLevel/barrelShifter.vhd Line: 26
Info (12021): Found 2 design units, including 1 entities, in source file /home/connorwm/cpre381/Proj2/cpre3810-toolflow/proj/src/TopLevel/decoder5t32.vhd
    Info (12022): Found design unit 1: decoder5t32-dataflow File: /home/connorwm/cpre381/Proj2/cpre3810-toolflow/proj/src/TopLevel/decoder5t32.vhd Line: 28
    Info (12023): Found entity 1: decoder5t32 File: /home/connorwm/cpre381/Proj2/cpre3810-toolflow/proj/src/TopLevel/decoder5t32.vhd Line: 20
Info (12021): Found 2 design units, including 1 entities, in source file /home/connorwm/cpre381/Proj2/cpre3810-toolflow/proj/src/TopLevel/dffg.vhd
    Info (12022): Found design unit 1: dffg-mixed File: /home/connorwm/cpre381/Proj2/cpre3810-toolflow/proj/src/TopLevel/dffg.vhd Line: 34
    Info (12023): Found entity 1: dffg File: /home/connorwm/cpre381/Proj2/cpre3810-toolflow/proj/src/TopLevel/dffg.vhd Line: 23
Info (12021): Found 2 design units, including 1 entities, in source file /home/connorwm/cpre381/Proj2/cpre3810-toolflow/proj/src/TopLevel/extender.vhd
    Info (12022): Found design unit 1: extender-dataflow File: /home/connorwm/cpre381/Proj2/cpre3810-toolflow/proj/src/TopLevel/extender.vhd Line: 34
    Info (12023): Found entity 1: extender File: /home/connorwm/cpre381/Proj2/cpre3810-toolflow/proj/src/TopLevel/extender.vhd Line: 20
Info (12021): Found 2 design units, including 1 entities, in source file /home/connorwm/cpre381/Proj2/cpre3810-toolflow/proj/src/TopLevel/invg.vhd
    Info (12022): Found design unit 1: invg-dataflow File: /home/connorwm/cpre381/Proj2/cpre3810-toolflow/proj/src/TopLevel/invg.vhd Line: 30
    Info (12023): Found entity 1: invg File: /home/connorwm/cpre381/Proj2/cpre3810-toolflow/proj/src/TopLevel/invg.vhd Line: 23
Info (12021): Found 2 design units, including 1 entities, in source file /home/connorwm/cpre381/Proj2/cpre3810-toolflow/proj/src/TopLevel/invg_N.vhd
    Info (12022): Found design unit 1: invg_N-structure File: /home/connorwm/cpre381/Proj2/cpre3810-toolflow/proj/src/TopLevel/invg_N.vhd Line: 29
    Info (12023): Found entity 1: invg_N File: /home/connorwm/cpre381/Proj2/cpre3810-toolflow/proj/src/TopLevel/invg_N.vhd Line: 21
Info (12021): Found 2 design units, including 1 entities, in source file /home/connorwm/cpre381/Proj2/cpre3810-toolflow/proj/src/TopLevel/mem.vhd
    Info (12022): Found design unit 1: mem-rtl File: /home/connorwm/cpre381/Proj2/cpre3810-toolflow/proj/src/TopLevel/mem.vhd Line: 27
    Info (12023): Found entity 1: mem File: /home/connorwm/cpre381/Proj2/cpre3810-toolflow/proj/src/TopLevel/mem.vhd Line: 8
Info (12021): Found 2 design units, including 1 entities, in source file /home/connorwm/cpre381/Proj2/cpre3810-toolflow/proj/src/TopLevel/mux2t1.vhd
    Info (12022): Found design unit 1: mux2t1-structure File: /home/connorwm/cpre381/Proj2/cpre3810-toolflow/proj/src/TopLevel/mux2t1.vhd Line: 29
    Info (12023): Found entity 1: mux2t1 File: /home/connorwm/cpre381/Proj2/cpre3810-toolflow/proj/src/TopLevel/mux2t1.vhd Line: 20
Info (12021): Found 2 design units, including 1 entities, in source file /home/connorwm/cpre381/Proj2/cpre3810-toolflow/proj/src/TopLevel/mux2t1_N.vhd
    Info (12022): Found design unit 1: mux2t1_N-structural File: /home/connorwm/cpre381/Proj2/cpre3810-toolflow/proj/src/TopLevel/mux2t1_N.vhd Line: 30
    Info (12023): Found entity 1: mux2t1_N File: /home/connorwm/cpre381/Proj2/cpre3810-toolflow/proj/src/TopLevel/mux2t1_N.vhd Line: 21
Info (12021): Found 2 design units, including 1 entities, in source file /home/connorwm/cpre381/Proj2/cpre3810-toolflow/proj/src/TopLevel/mux32t1_N.vhd
    Info (12022): Found design unit 1: mux32t1_N-dataflow File: /home/connorwm/cpre381/Proj2/cpre3810-toolflow/proj/src/TopLevel/mux32t1_N.vhd Line: 61
    Info (12023): Found entity 1: mux32t1_N File: /home/connorwm/cpre381/Proj2/cpre3810-toolflow/proj/src/TopLevel/mux32t1_N.vhd Line: 20
Info (12021): Found 2 design units, including 1 entities, in source file /home/connorwm/cpre381/Proj2/cpre3810-toolflow/proj/src/TopLevel/mux4t1.vhd
    Info (12022): Found design unit 1: mux4t1-dataflow File: /home/connorwm/cpre381/Proj2/cpre3810-toolflow/proj/src/TopLevel/mux4t1.vhd Line: 31
    Info (12023): Found entity 1: mux4t1 File: /home/connorwm/cpre381/Proj2/cpre3810-toolflow/proj/src/TopLevel/mux4t1.vhd Line: 20
Info (12021): Found 2 design units, including 1 entities, in source file /home/connorwm/cpre381/Proj2/cpre3810-toolflow/proj/src/TopLevel/mux4t1_N.vhd
    Info (12022): Found design unit 1: mux4t1_N-structural File: /home/connorwm/cpre381/Proj2/cpre3810-toolflow/proj/src/TopLevel/mux4t1_N.vhd Line: 32
    Info (12023): Found entity 1: mux4t1_N File: /home/connorwm/cpre381/Proj2/cpre3810-toolflow/proj/src/TopLevel/mux4t1_N.vhd Line: 21
Info (12021): Found 2 design units, including 1 entities, in source file /home/connorwm/cpre381/Proj2/cpre3810-toolflow/proj/src/TopLevel/onesComp_N.vhd
    Info (12022): Found design unit 1: onesComp_N-structural File: /home/connorwm/cpre381/Proj2/cpre3810-toolflow/proj/src/TopLevel/onesComp_N.vhd Line: 28
    Info (12023): Found entity 1: onesComp_N File: /home/connorwm/cpre381/Proj2/cpre3810-toolflow/proj/src/TopLevel/onesComp_N.vhd Line: 21
Info (12021): Found 2 design units, including 1 entities, in source file /home/connorwm/cpre381/Proj2/cpre3810-toolflow/proj/src/TopLevel/org2.vhd
    Info (12022): Found design unit 1: org2-dataflow File: /home/connorwm/cpre381/Proj2/cpre3810-toolflow/proj/src/TopLevel/org2.vhd Line: 31
    Info (12023): Found entity 1: org2 File: /home/connorwm/cpre381/Proj2/cpre3810-toolflow/proj/src/TopLevel/org2.vhd Line: 23
Info (12021): Found 2 design units, including 1 entities, in source file /home/connorwm/cpre381/Proj2/cpre3810-toolflow/proj/src/TopLevel/org2_N.vhd
    Info (12022): Found design unit 1: org2_N-structure File: /home/connorwm/cpre381/Proj2/cpre3810-toolflow/proj/src/TopLevel/org2_N.vhd Line: 30
    Info (12023): Found entity 1: org2_N File: /home/connorwm/cpre381/Proj2/cpre3810-toolflow/proj/src/TopLevel/org2_N.vhd Line: 21
Info (12021): Found 2 design units, including 1 entities, in source file /home/connorwm/cpre381/Proj2/cpre3810-toolflow/proj/src/TopLevel/pcLogic.vhd
    Info (12022): Found design unit 1: pcLogic-structural File: /home/connorwm/cpre381/Proj2/cpre3810-toolflow/proj/src/TopLevel/pcLogic.vhd Line: 39
    Info (12023): Found entity 1: pcLogic File: /home/connorwm/cpre381/Proj2/cpre3810-toolflow/proj/src/TopLevel/pcLogic.vhd Line: 21
Info (12021): Found 2 design units, including 1 entities, in source file /home/connorwm/cpre381/Proj2/cpre3810-toolflow/proj/src/TopLevel/regFile.vhd
    Info (12022): Found design unit 1: regFile-structural File: /home/connorwm/cpre381/Proj2/cpre3810-toolflow/proj/src/TopLevel/regFile.vhd Line: 34
    Info (12023): Found entity 1: regFile File: /home/connorwm/cpre381/Proj2/cpre3810-toolflow/proj/src/TopLevel/regFile.vhd Line: 21
Info (12021): Found 2 design units, including 1 entities, in source file /home/connorwm/cpre381/Proj2/cpre3810-toolflow/proj/src/TopLevel/reg_N.vhd
    Info (12022): Found design unit 1: reg_N-structural File: /home/connorwm/cpre381/Proj2/cpre3810-toolflow/proj/src/TopLevel/reg_N.vhd Line: 31
    Info (12023): Found entity 1: reg_N File: /home/connorwm/cpre381/Proj2/cpre3810-toolflow/proj/src/TopLevel/reg_N.vhd Line: 21
Info (12021): Found 2 design units, including 1 entities, in source file /home/connorwm/cpre381/Proj2/cpre3810-toolflow/proj/src/TopLevel/shiftBinary.vhd
    Info (12022): Found design unit 1: shiftBinary-structure File: /home/connorwm/cpre381/Proj2/cpre3810-toolflow/proj/src/TopLevel/shiftBinary.vhd Line: 38
    Info (12023): Found entity 1: shiftBinary File: /home/connorwm/cpre381/Proj2/cpre3810-toolflow/proj/src/TopLevel/shiftBinary.vhd Line: 25
Info (12021): Found 2 design units, including 1 entities, in source file /home/connorwm/cpre381/Proj2/cpre3810-toolflow/proj/src/TopLevel/slt_N.vhd
    Info (12022): Found design unit 1: slt_N-dataflow File: /home/connorwm/cpre381/Proj2/cpre3810-toolflow/proj/src/TopLevel/slt_N.vhd Line: 32
    Info (12023): Found entity 1: slt_N File: /home/connorwm/cpre381/Proj2/cpre3810-toolflow/proj/src/TopLevel/slt_N.vhd Line: 22
Info (12021): Found 2 design units, including 1 entities, in source file /home/connorwm/cpre381/Proj2/cpre3810-toolflow/proj/src/TopLevel/xorg2.vhd
    Info (12022): Found design unit 1: xorg2-dataflow File: /home/connorwm/cpre381/Proj2/cpre3810-toolflow/proj/src/TopLevel/xorg2.vhd Line: 31
    Info (12023): Found entity 1: xorg2 File: /home/connorwm/cpre381/Proj2/cpre3810-toolflow/proj/src/TopLevel/xorg2.vhd Line: 23
Info (12021): Found 2 design units, including 1 entities, in source file /home/connorwm/cpre381/Proj2/cpre3810-toolflow/proj/src/TopLevel/xorg2_N.vhd
    Info (12022): Found design unit 1: xorg2_N-structure File: /home/connorwm/cpre381/Proj2/cpre3810-toolflow/proj/src/TopLevel/xorg2_N.vhd Line: 30
    Info (12023): Found entity 1: xorg2_N File: /home/connorwm/cpre381/Proj2/cpre3810-toolflow/proj/src/TopLevel/xorg2_N.vhd Line: 21
Info (12127): Elaborating entity "RISCV_Processor" for the top level hierarchy
Warning (10036): Verilog HDL or VHDL warning at RISCV_Processor.vhd(62): object "s_Ovfl" assigned a value but never read File: /home/connorwm/cpre381/Proj2/cpre3810-toolflow/proj/src/TopLevel/RISCV_Processor.vhd Line: 62
Warning (10036): Verilog HDL or VHDL warning at RISCV_Processor.vhd(348): object "s_ImmType" assigned a value but never read File: /home/connorwm/cpre381/Proj2/cpre3810-toolflow/proj/src/TopLevel/RISCV_Processor.vhd Line: 348
Warning (10036): Verilog HDL or VHDL warning at RISCV_Processor.vhd(381): object "s_IDEX_rs1" assigned a value but never read File: /home/connorwm/cpre381/Proj2/cpre3810-toolflow/proj/src/TopLevel/RISCV_Processor.vhd Line: 381
Warning (10036): Verilog HDL or VHDL warning at RISCV_Processor.vhd(382): object "s_IDEX_rs2" assigned a value but never read File: /home/connorwm/cpre381/Proj2/cpre3810-toolflow/proj/src/TopLevel/RISCV_Processor.vhd Line: 382
Warning (10036): Verilog HDL or VHDL warning at RISCV_Processor.vhd(397): object "s_IDEX_upperIMM" assigned a value but never read File: /home/connorwm/cpre381/Proj2/cpre3810-toolflow/proj/src/TopLevel/RISCV_Processor.vhd Line: 397
Warning (10036): Verilog HDL or VHDL warning at RISCV_Processor.vhd(412): object "s_EXMEM_Branch" assigned a value but never read File: /home/connorwm/cpre381/Proj2/cpre3810-toolflow/proj/src/TopLevel/RISCV_Processor.vhd Line: 412
Warning (10036): Verilog HDL or VHDL warning at RISCV_Processor.vhd(422): object "s_MEMWB_func3" assigned a value but never read File: /home/connorwm/cpre381/Proj2/cpre3810-toolflow/proj/src/TopLevel/RISCV_Processor.vhd Line: 422
Warning (10036): Verilog HDL or VHDL warning at RISCV_Processor.vhd(423): object "s_MEMWB_func7" assigned a value but never read File: /home/connorwm/cpre381/Proj2/cpre3810-toolflow/proj/src/TopLevel/RISCV_Processor.vhd Line: 423
Warning (10036): Verilog HDL or VHDL warning at RISCV_Processor.vhd(424): object "s_MEMWB_opcode" assigned a value but never read File: /home/connorwm/cpre381/Proj2/cpre3810-toolflow/proj/src/TopLevel/RISCV_Processor.vhd Line: 424
Info (12128): Elaborating entity "mem" for hierarchy "mem:IMem" File: /home/connorwm/cpre381/Proj2/cpre3810-toolflow/proj/src/TopLevel/RISCV_Processor.vhd Line: 438
Info (12128): Elaborating entity "pcLogic" for hierarchy "pcLogic:PC_LOGIC" File: /home/connorwm/cpre381/Proj2/cpre3810-toolflow/proj/src/TopLevel/RISCV_Processor.vhd Line: 474
Warning (10540): VHDL Signal Declaration warning at pcLogic.vhd(75): used explicit default value for signal "s_PC_BA" because signal was never assigned a value File: /home/connorwm/cpre381/Proj2/cpre3810-toolflow/proj/src/TopLevel/pcLogic.vhd Line: 75
Warning (10036): Verilog HDL or VHDL warning at pcLogic.vhd(77): object "s_unused_carry" assigned a value but never read File: /home/connorwm/cpre381/Proj2/cpre3810-toolflow/proj/src/TopLevel/pcLogic.vhd Line: 77
Info (12128): Elaborating entity "reg_N" for hierarchy "pcLogic:PC_LOGIC|reg_N:PC_Register" File: /home/connorwm/cpre381/Proj2/cpre3810-toolflow/proj/src/TopLevel/pcLogic.vhd Line: 81
Info (12128): Elaborating entity "dffg" for hierarchy "pcLogic:PC_LOGIC|reg_N:PC_Register|dffg:\G_NBit_Reg:0:RegI" File: /home/connorwm/cpre381/Proj2/cpre3810-toolflow/proj/src/TopLevel/reg_N.vhd Line: 45
Info (12128): Elaborating entity "adder_N" for hierarchy "pcLogic:PC_LOGIC|adder_N:PC_Plus_4" File: /home/connorwm/cpre381/Proj2/cpre3810-toolflow/proj/src/TopLevel/pcLogic.vhd Line: 92
Info (12128): Elaborating entity "adder" for hierarchy "pcLogic:PC_LOGIC|adder_N:PC_Plus_4|adder:\G_NBit_ADDER:0:ADDER_I" File: /home/connorwm/cpre381/Proj2/cpre3810-toolflow/proj/src/TopLevel/adder_N.vhd Line: 48
Info (12128): Elaborating entity "andg2" for hierarchy "pcLogic:PC_LOGIC|adder_N:PC_Plus_4|adder:\G_NBit_ADDER:0:ADDER_I|andg2:and_gate1" File: /home/connorwm/cpre381/Proj2/cpre3810-toolflow/proj/src/TopLevel/adder.vhd Line: 68
Info (12128): Elaborating entity "org2" for hierarchy "pcLogic:PC_LOGIC|adder_N:PC_Plus_4|adder:\G_NBit_ADDER:0:ADDER_I|org2:or_gate1" File: /home/connorwm/cpre381/Proj2/cpre3810-toolflow/proj/src/TopLevel/adder.vhd Line: 83
Info (12128): Elaborating entity "xorg2" for hierarchy "pcLogic:PC_LOGIC|adder_N:PC_Plus_4|adder:\G_NBit_ADDER:0:ADDER_I|xorg2:xor_gate1" File: /home/connorwm/cpre381/Proj2/cpre3810-toolflow/proj/src/TopLevel/adder.vhd Line: 97
Info (12128): Elaborating entity "mux4t1_N" for hierarchy "pcLogic:PC_LOGIC|mux4t1_N:PC_Select_Mux" File: /home/connorwm/cpre381/Proj2/cpre3810-toolflow/proj/src/TopLevel/pcLogic.vhd Line: 135
Info (12128): Elaborating entity "mux4t1" for hierarchy "pcLogic:PC_LOGIC|mux4t1_N:PC_Select_Mux|mux4t1:\G_NBit_MUX:0:MUXI" File: /home/connorwm/cpre381/Proj2/cpre3810-toolflow/proj/src/TopLevel/mux4t1_N.vhd Line: 47
Info (12128): Elaborating entity "IF_ID" for hierarchy "IF_ID:IF_ID_REG" File: /home/connorwm/cpre381/Proj2/cpre3810-toolflow/proj/src/TopLevel/RISCV_Processor.vhd Line: 487
Info (12128): Elaborating entity "Decode" for hierarchy "Decode:DECODER" File: /home/connorwm/cpre381/Proj2/cpre3810-toolflow/proj/src/TopLevel/RISCV_Processor.vhd Line: 499
Info (12128): Elaborating entity "Control" for hierarchy "Control:CTRL" File: /home/connorwm/cpre381/Proj2/cpre3810-toolflow/proj/src/TopLevel/RISCV_Processor.vhd Line: 516
Info (12128): Elaborating entity "regFile" for hierarchy "regFile:RF" File: /home/connorwm/cpre381/Proj2/cpre3810-toolflow/proj/src/TopLevel/RISCV_Processor.vhd Line: 536
Warning (10036): Verilog HDL or VHDL warning at regFile.vhd(122): object "s_we0" assigned a value but never read File: /home/connorwm/cpre381/Proj2/cpre3810-toolflow/proj/src/TopLevel/regFile.vhd Line: 122
Info (12128): Elaborating entity "decoder5t32" for hierarchy "regFile:RF|decoder5t32:decoder_inst" File: /home/connorwm/cpre381/Proj2/cpre3810-toolflow/proj/src/TopLevel/regFile.vhd Line: 158
Info (12128): Elaborating entity "mux32t1_N" for hierarchy "regFile:RF|mux32t1_N:mux_rs1" File: /home/connorwm/cpre381/Proj2/cpre3810-toolflow/proj/src/TopLevel/regFile.vhd Line: 508
Info (12128): Elaborating entity "extender" for hierarchy "extender:IMM_EXT" File: /home/connorwm/cpre381/Proj2/cpre3810-toolflow/proj/src/TopLevel/RISCV_Processor.vhd Line: 549
Info (12128): Elaborating entity "ID_EX" for hierarchy "ID_EX:ID_EX_REG" File: /home/connorwm/cpre381/Proj2/cpre3810-toolflow/proj/src/TopLevel/RISCV_Processor.vhd Line: 561
Info (12128): Elaborating entity "reg_N" for hierarchy "ID_EX:ID_EX_REG|reg_N:RS1_REG" File: /home/connorwm/cpre381/Proj2/cpre3810-toolflow/proj/src/TopLevel/ID_EX.vhd Line: 126
Info (12128): Elaborating entity "reg_N" for hierarchy "ID_EX:ID_EX_REG|reg_N:ALUOP_REG" File: /home/connorwm/cpre381/Proj2/cpre3810-toolflow/proj/src/TopLevel/ID_EX.vhd Line: 180
Info (12128): Elaborating entity "reg_N" for hierarchy "ID_EX:ID_EX_REG|reg_N:FUNC3_REG" File: /home/connorwm/cpre381/Proj2/cpre3810-toolflow/proj/src/TopLevel/ID_EX.vhd Line: 190
Info (12128): Elaborating entity "reg_N" for hierarchy "ID_EX:ID_EX_REG|reg_N:FUNC7_REG" File: /home/connorwm/cpre381/Proj2/cpre3810-toolflow/proj/src/TopLevel/ID_EX.vhd Line: 200
Info (12128): Elaborating entity "alu" for hierarchy "alu:ALU_UNIT" File: /home/connorwm/cpre381/Proj2/cpre3810-toolflow/proj/src/TopLevel/RISCV_Processor.vhd Line: 623
Warning (10036): Verilog HDL or VHDL warning at alu.vhd(118): object "s_Cout" assigned a value but never read File: /home/connorwm/cpre381/Proj2/cpre3810-toolflow/proj/src/TopLevel/alu.vhd Line: 118
Warning (10540): VHDL Signal Declaration warning at alu.vhd(122): used explicit default value for signal "zero_vector" because signal was never assigned a value File: /home/connorwm/cpre381/Proj2/cpre3810-toolflow/proj/src/TopLevel/alu.vhd Line: 122
Info (12128): Elaborating entity "addiSubi_N" for hierarchy "alu:ALU_UNIT|addiSubi_N:ADD_SUB_UNIT" File: /home/connorwm/cpre381/Proj2/cpre3810-toolflow/proj/src/TopLevel/alu.vhd Line: 131
Info (12128): Elaborating entity "mux2t1_N" for hierarchy "alu:ALU_UNIT|addiSubi_N:ADD_SUB_UNIT|mux2t1_N:MUX2to1_ALUSrc" File: /home/connorwm/cpre381/Proj2/cpre3810-toolflow/proj/src/TopLevel/addiSubi_N.vhd Line: 62
Info (12128): Elaborating entity "mux2t1" for hierarchy "alu:ALU_UNIT|addiSubi_N:ADD_SUB_UNIT|mux2t1_N:MUX2to1_ALUSrc|mux2t1:\G_NBit_MUX:0:MUXI" File: /home/connorwm/cpre381/Proj2/cpre3810-toolflow/proj/src/TopLevel/mux2t1_N.vhd Line: 43
Info (12128): Elaborating entity "invg" for hierarchy "alu:ALU_UNIT|addiSubi_N:ADD_SUB_UNIT|mux2t1_N:MUX2to1_ALUSrc|mux2t1:\G_NBit_MUX:0:MUXI|invg:not_gate" File: /home/connorwm/cpre381/Proj2/cpre3810-toolflow/proj/src/TopLevel/mux2t1.vhd Line: 62
Info (12128): Elaborating entity "onesComp_N" for hierarchy "alu:ALU_UNIT|addiSubi_N:ADD_SUB_UNIT|onesComp_N:ones_comp" File: /home/connorwm/cpre381/Proj2/cpre3810-toolflow/proj/src/TopLevel/addiSubi_N.vhd Line: 71
Info (12128): Elaborating entity "andg2_N" for hierarchy "alu:ALU_UNIT|andg2_N:AND_UNIT" File: /home/connorwm/cpre381/Proj2/cpre3810-toolflow/proj/src/TopLevel/alu.vhd Line: 146
Info (12128): Elaborating entity "org2_N" for hierarchy "alu:ALU_UNIT|org2_N:OR_UNIT" File: /home/connorwm/cpre381/Proj2/cpre3810-toolflow/proj/src/TopLevel/alu.vhd Line: 154
Info (12128): Elaborating entity "xorg2_N" for hierarchy "alu:ALU_UNIT|xorg2_N:XOR_UNIT" File: /home/connorwm/cpre381/Proj2/cpre3810-toolflow/proj/src/TopLevel/alu.vhd Line: 162
Info (12128): Elaborating entity "invg_N" for hierarchy "alu:ALU_UNIT|invg_N:NOR_UNIT" File: /home/connorwm/cpre381/Proj2/cpre3810-toolflow/proj/src/TopLevel/alu.vhd Line: 170
Info (12128): Elaborating entity "slt_N" for hierarchy "alu:ALU_UNIT|slt_N:SLT_UNIT" File: /home/connorwm/cpre381/Proj2/cpre3810-toolflow/proj/src/TopLevel/alu.vhd Line: 180
Info (12128): Elaborating entity "barrelShifter" for hierarchy "alu:ALU_UNIT|barrelShifter:SHIFT_UNIT" File: /home/connorwm/cpre381/Proj2/cpre3810-toolflow/proj/src/TopLevel/alu.vhd Line: 200
Info (12128): Elaborating entity "shiftBinary" for hierarchy "alu:ALU_UNIT|barrelShifter:SHIFT_UNIT|shiftBinary:shift1" File: /home/connorwm/cpre381/Proj2/cpre3810-toolflow/proj/src/TopLevel/barrelShifter.vhd Line: 62
Info (12128): Elaborating entity "shiftBinary" for hierarchy "alu:ALU_UNIT|barrelShifter:SHIFT_UNIT|shiftBinary:shift2" File: /home/connorwm/cpre381/Proj2/cpre3810-toolflow/proj/src/TopLevel/barrelShifter.vhd Line: 73
Info (12128): Elaborating entity "shiftBinary" for hierarchy "alu:ALU_UNIT|barrelShifter:SHIFT_UNIT|shiftBinary:shift4" File: /home/connorwm/cpre381/Proj2/cpre3810-toolflow/proj/src/TopLevel/barrelShifter.vhd Line: 84
Info (12128): Elaborating entity "shiftBinary" for hierarchy "alu:ALU_UNIT|barrelShifter:SHIFT_UNIT|shiftBinary:shift8" File: /home/connorwm/cpre381/Proj2/cpre3810-toolflow/proj/src/TopLevel/barrelShifter.vhd Line: 95
Info (12128): Elaborating entity "shiftBinary" for hierarchy "alu:ALU_UNIT|barrelShifter:SHIFT_UNIT|shiftBinary:shift16" File: /home/connorwm/cpre381/Proj2/cpre3810-toolflow/proj/src/TopLevel/barrelShifter.vhd Line: 106
Info (12128): Elaborating entity "EX_MEM" for hierarchy "EX_MEM:EX_MEM_REG" File: /home/connorwm/cpre381/Proj2/cpre3810-toolflow/proj/src/TopLevel/RISCV_Processor.vhd Line: 715
Info (12128): Elaborating entity "MEM_WB" for hierarchy "MEM_WB:MEM_WB_REG" File: /home/connorwm/cpre381/Proj2/cpre3810-toolflow/proj/src/TopLevel/RISCV_Processor.vhd Line: 767
Info (276014): Found 1 instances of uninferred RAM logic
    Info (276007): RAM logic "mem:DMem|ram" is uninferred due to asynchronous read logic File: /home/connorwm/cpre381/Proj2/cpre3810-toolflow/proj/src/TopLevel/mem.vhd Line: 35
Info (19000): Inferred 1 megafunctions from design logic
    Info (276029): Inferred altsyncram megafunction from the following design logic: "mem:IMem|ram_rtl_0" 
        Info (286033): Parameter OPERATION_MODE set to SINGLE_PORT
        Info (286033): Parameter WIDTH_A set to 32
        Info (286033): Parameter WIDTHAD_A set to 10
        Info (286033): Parameter NUMWORDS_A set to 1024
        Info (286033): Parameter OUTDATA_REG_A set to UNREGISTERED
        Info (286033): Parameter ADDRESS_ACLR_A set to NONE
        Info (286033): Parameter OUTDATA_ACLR_A set to NONE
        Info (286033): Parameter READ_DURING_WRITE_MODE_PORT_A set to OLD_DATA
        Info (286033): Parameter INDATA_ACLR_A set to NONE
        Info (286033): Parameter WRCONTROL_ACLR_A set to NONE
Info (12130): Elaborated megafunction instantiation "mem:IMem|altsyncram:ram_rtl_0"
Info (12133): Instantiated megafunction "mem:IMem|altsyncram:ram_rtl_0" with the following parameter:
    Info (12134): Parameter "OPERATION_MODE" = "SINGLE_PORT"
    Info (12134): Parameter "WIDTH_A" = "32"
    Info (12134): Parameter "WIDTHAD_A" = "10"
    Info (12134): Parameter "NUMWORDS_A" = "1024"
    Info (12134): Parameter "OUTDATA_REG_A" = "UNREGISTERED"
    Info (12134): Parameter "ADDRESS_ACLR_A" = "NONE"
    Info (12134): Parameter "OUTDATA_ACLR_A" = "NONE"
    Info (12134): Parameter "READ_DURING_WRITE_MODE_PORT_A" = "OLD_DATA"
    Info (12134): Parameter "INDATA_ACLR_A" = "NONE"
    Info (12134): Parameter "WRCONTROL_ACLR_A" = "NONE"
Info (12021): Found 1 design units, including 1 entities, in source file db/altsyncram_eg81.tdf
    Info (12023): Found entity 1: altsyncram_eg81 File: /home/connorwm/cpre381/Proj2/cpre3810-toolflow/internal/QuartusWork/db/altsyncram_eg81.tdf Line: 28
Info (286030): Timing-Driven Synthesis is running
Info (16010): Generating hard_block partition "hard_block:auto_generated_inst"
    Info (16011): Adding 0 node(s), including 0 DDIO, 0 PLL, 0 transceiver and 0 LCELL
Warning (21074): Design contains 22 input pin(s) that do not drive logic
    Warning (15610): No output dependent on input pin "iInstAddr[0]" File: /home/connorwm/cpre381/Proj2/cpre3810-toolflow/proj/src/TopLevel/RISCV_Processor.vhd Line: 30
    Warning (15610): No output dependent on input pin "iInstAddr[1]" File: /home/connorwm/cpre381/Proj2/cpre3810-toolflow/proj/src/TopLevel/RISCV_Processor.vhd Line: 30
    Warning (15610): No output dependent on input pin "iInstAddr[12]" File: /home/connorwm/cpre381/Proj2/cpre3810-toolflow/proj/src/TopLevel/RISCV_Processor.vhd Line: 30
    Warning (15610): No output dependent on input pin "iInstAddr[13]" File: /home/connorwm/cpre381/Proj2/cpre3810-toolflow/proj/src/TopLevel/RISCV_Processor.vhd Line: 30
    Warning (15610): No output dependent on input pin "iInstAddr[14]" File: /home/connorwm/cpre381/Proj2/cpre3810-toolflow/proj/src/TopLevel/RISCV_Processor.vhd Line: 30
    Warning (15610): No output dependent on input pin "iInstAddr[15]" File: /home/connorwm/cpre381/Proj2/cpre3810-toolflow/proj/src/TopLevel/RISCV_Processor.vhd Line: 30
    Warning (15610): No output dependent on input pin "iInstAddr[16]" File: /home/connorwm/cpre381/Proj2/cpre3810-toolflow/proj/src/TopLevel/RISCV_Processor.vhd Line: 30
    Warning (15610): No output dependent on input pin "iInstAddr[17]" File: /home/connorwm/cpre381/Proj2/cpre3810-toolflow/proj/src/TopLevel/RISCV_Processor.vhd Line: 30
    Warning (15610): No output dependent on input pin "iInstAddr[18]" File: /home/connorwm/cpre381/Proj2/cpre3810-toolflow/proj/src/TopLevel/RISCV_Processor.vhd Line: 30
    Warning (15610): No output dependent on input pin "iInstAddr[19]" File: /home/connorwm/cpre381/Proj2/cpre3810-toolflow/proj/src/TopLevel/RISCV_Processor.vhd Line: 30
    Warning (15610): No output dependent on input pin "iInstAddr[20]" File: /home/connorwm/cpre381/Proj2/cpre3810-toolflow/proj/src/TopLevel/RISCV_Processor.vhd Line: 30
    Warning (15610): No output dependent on input pin "iInstAddr[21]" File: /home/connorwm/cpre381/Proj2/cpre3810-toolflow/proj/src/TopLevel/RISCV_Processor.vhd Line: 30
    Warning (15610): No output dependent on input pin "iInstAddr[22]" File: /home/connorwm/cpre381/Proj2/cpre3810-toolflow/proj/src/TopLevel/RISCV_Processor.vhd Line: 30
    Warning (15610): No output dependent on input pin "iInstAddr[23]" File: /home/connorwm/cpre381/Proj2/cpre3810-toolflow/proj/src/TopLevel/RISCV_Processor.vhd Line: 30
    Warning (15610): No output dependent on input pin "iInstAddr[24]" File: /home/connorwm/cpre381/Proj2/cpre3810-toolflow/proj/src/TopLevel/RISCV_Processor.vhd Line: 30
    Warning (15610): No output dependent on input pin "iInstAddr[25]" File: /home/connorwm/cpre381/Proj2/cpre3810-toolflow/proj/src/TopLevel/RISCV_Processor.vhd Line: 30
    Warning (15610): No output dependent on input pin "iInstAddr[26]" File: /home/connorwm/cpre381/Proj2/cpre3810-toolflow/proj/src/TopLevel/RISCV_Processor.vhd Line: 30
    Warning (15610): No output dependent on input pin "iInstAddr[27]" File: /home/connorwm/cpre381/Proj2/cpre3810-toolflow/proj/src/TopLevel/RISCV_Processor.vhd Line: 30
    Warning (15610): No output dependent on input pin "iInstAddr[28]" File: /home/connorwm/cpre381/Proj2/cpre3810-toolflow/proj/src/TopLevel/RISCV_Processor.vhd Line: 30
    Warning (15610): No output dependent on input pin "iInstAddr[29]" File: /home/connorwm/cpre381/Proj2/cpre3810-toolflow/proj/src/TopLevel/RISCV_Processor.vhd Line: 30
    Warning (15610): No output dependent on input pin "iInstAddr[30]" File: /home/connorwm/cpre381/Proj2/cpre3810-toolflow/proj/src/TopLevel/RISCV_Processor.vhd Line: 30
    Warning (15610): No output dependent on input pin "iInstAddr[31]" File: /home/connorwm/cpre381/Proj2/cpre3810-toolflow/proj/src/TopLevel/RISCV_Processor.vhd Line: 30
Info (21057): Implemented 59828 device resources after synthesis - the final resource count might be different
    Info (21058): Implemented 67 input pins
    Info (21059): Implemented 32 output pins
    Info (21061): Implemented 59697 logic cells
    Info (21064): Implemented 32 RAM segments
Info: Quartus Prime Analysis & Synthesis was successful. 0 errors, 38 warnings
    Info: Peak virtual memory: 911 megabytes
    Info: Processing ended: Thu Nov 20 19:37:44 2025
    Info: Elapsed time: 00:01:25
    Info: Total CPU time (on all processors): 00:01:24


