[inst #1] lui x2,524288
Register Write to Reg: 0x02 Val: 0x80000000
[inst #2] lui x10,65552
Register Write to Reg: 0x0A Val: 0x10010000
[inst #3] addi x0,x0,0
Register Write to Reg: 0x00 Val: 0x00000000
[inst #4] addi x0,x0,0
Register Write to Reg: 0x00 Val: 0x00000000
[inst #5] addi x0,x0,0
Register Write to Reg: 0x00 Val: 0x00000000
[inst #6] addi x10,x10,0
Register Write to Reg: 0x0A Val: 0x10010000
[inst #7] lui x11,65552
Register Write to Reg: 0x0B Val: 0x10010000
[inst #8] addi x0,x0,0
Register Write to Reg: 0x00 Val: 0x00000000
[inst #9] addi x0,x0,0
Register Write to Reg: 0x00 Val: 0x00000000
[inst #10] addi x0,x0,0
Register Write to Reg: 0x00 Val: 0x00000000
[inst #11] addi x11,x11,48
Register Write to Reg: 0x0B Val: 0x10010030
[inst #12] addi x0,x0,0
Register Write to Reg: 0x00 Val: 0x00000000
[inst #13] addi x0,x0,0
Register Write to Reg: 0x00 Val: 0x00000000
[inst #14] addi x0,x0,0
Register Write to Reg: 0x00 Val: 0x00000000
[inst #15] lw x11,0(x11)
Register Write to Reg: 0x0B Val: 0x0000000B
[inst #16] lui x10,65552
Register Write to Reg: 0x0A Val: 0x10010000
[inst #17] addi x0,x0,0
Register Write to Reg: 0x00 Val: 0x00000000
[inst #18] addi x0,x0,0
Register Write to Reg: 0x00 Val: 0x00000000
[inst #19] addi x0,x0,0
Register Write to Reg: 0x00 Val: 0x00000000
[inst #20] addi x10,x10,0
Register Write to Reg: 0x0A Val: 0x10010000
[inst #21] addi x11,x0,0
Register Write to Reg: 0x0B Val: 0x00000000
[inst #22] lui x12,65552
Register Write to Reg: 0x0C Val: 0x10010000
[inst #23] addi x0,x0,0
Register Write to Reg: 0x00 Val: 0x00000000
[inst #24] addi x0,x0,0
Register Write to Reg: 0x00 Val: 0x00000000
[inst #25] addi x0,x0,0
Register Write to Reg: 0x00 Val: 0x00000000
[inst #26] addi x12,x12,48
Register Write to Reg: 0x0C Val: 0x10010030
[inst #27] addi x0,x0,0
Register Write to Reg: 0x00 Val: 0x00000000
[inst #28] addi x0,x0,0
Register Write to Reg: 0x00 Val: 0x00000000
[inst #29] addi x0,x0,0
Register Write to Reg: 0x00 Val: 0x00000000
[inst #30] lw x12,0(x12)
Register Write to Reg: 0x0C Val: 0x0000000B
[inst #31] addi x0,x0,0
Register Write to Reg: 0x00 Val: 0x00000000
[inst #32] addi x0,x0,0
Register Write to Reg: 0x00 Val: 0x00000000
[inst #33] addi x0,x0,0
Register Write to Reg: 0x00 Val: 0x00000000
[inst #34] addi x12,x12,-1
Register Write to Reg: 0x0C Val: 0x0000000A
[inst #35] jal x1,24
Register Write to Reg: 0x01 Val: 0x0040008C
[inst #36] addi x2,x2,-24
Register Write to Reg: 0x02 Val: 0x7FFFFFE8
[inst #37] addi x0,x0,0
Register Write to Reg: 0x00 Val: 0x00000000
[inst #38] addi x0,x0,0
Register Write to Reg: 0x00 Val: 0x00000000
[inst #39] addi x0,x0,0
Register Write to Reg: 0x00 Val: 0x00000000
[inst #40] sw x1,20(x2)
Memory Write to Addr: 0x7FFFFFFC Val: 0x0040008C
[inst #41] sw x10,16(x2)
Memory Write to Addr: 0x7FFFFFF8 Val: 0x10010000
[inst #42] sw x11,12(x2)
Memory Write to Addr: 0x7FFFFFF4 Val: 0x00000000
[inst #43] sw x12,8(x2)
Memory Write to Addr: 0x7FFFFFF0 Val: 0x0000000A
[inst #44] sw x0,4(x2)
Memory Write to Addr: 0x7FFFFFEC Val: 0x00000000
[inst #45] bge x11,x12,140
[inst #46] addi x0,x0,0
Register Write to Reg: 0x00 Val: 0x00000000
[inst #47] addi x0,x0,0
Register Write to Reg: 0x00 Val: 0x00000000
[inst #48] add x5,x11,x12
Register Write to Reg: 0x05 Val: 0x0000000A
[inst #49] addi x0,x0,0
Register Write to Reg: 0x00 Val: 0x00000000
[inst #50] addi x0,x0,0
Register Write to Reg: 0x00 Val: 0x00000000
[inst #51] addi x0,x0,0
Register Write to Reg: 0x00 Val: 0x00000000
[inst #52] srai x5,x5,1
Register Write to Reg: 0x05 Val: 0x00000005
[inst #53] addi x0,x0,0
Register Write to Reg: 0x00 Val: 0x00000000
[inst #54] addi x0,x0,0
Register Write to Reg: 0x00 Val: 0x00000000
[inst #55] addi x0,x0,0
Register Write to Reg: 0x00 Val: 0x00000000
[inst #56] sw x5,4(x2)
Memory Write to Addr: 0x7FFFFFEC Val: 0x00000005
[inst #57] lw x10,16(x2)
Register Write to Reg: 0x0A Val: 0x10010000
[inst #58] lw x11,12(x2)
Register Write to Reg: 0x0B Val: 0x00000000
[inst #59] lw x12,4(x2)
Register Write to Reg: 0x0C Val: 0x00000005
[inst #60] jal x1,-96
Register Write to Reg: 0x01 Val: 0x00400104
[inst #61] addi x2,x2,-24
Register Write to Reg: 0x02 Val: 0x7FFFFFD0
[inst #62] addi x0,x0,0
Register Write to Reg: 0x00 Val: 0x00000000
[inst #63] addi x0,x0,0
Register Write to Reg: 0x00 Val: 0x00000000
[inst #64] addi x0,x0,0
Register Write to Reg: 0x00 Val: 0x00000000
[inst #65] sw x1,20(x2)
Memory Write to Addr: 0x7FFFFFE4 Val: 0x00400104
[inst #66] sw x10,16(x2)
Memory Write to Addr: 0x7FFFFFE0 Val: 0x10010000
[inst #67] sw x11,12(x2)
Memory Write to Addr: 0x7FFFFFDC Val: 0x00000000
[inst #68] sw x12,8(x2)
Memory Write to Addr: 0x7FFFFFD8 Val: 0x00000005
[inst #69] sw x0,4(x2)
Memory Write to Addr: 0x7FFFFFD4 Val: 0x00000000
[inst #70] bge x11,x12,140
[inst #71] addi x0,x0,0
Register Write to Reg: 0x00 Val: 0x00000000
[inst #72] addi x0,x0,0
Register Write to Reg: 0x00 Val: 0x00000000
[inst #73] add x5,x11,x12
Register Write to Reg: 0x05 Val: 0x00000005
[inst #74] addi x0,x0,0
Register Write to Reg: 0x00 Val: 0x00000000
[inst #75] addi x0,x0,0
Register Write to Reg: 0x00 Val: 0x00000000
[inst #76] addi x0,x0,0
Register Write to Reg: 0x00 Val: 0x00000000
[inst #77] srai x5,x5,1
Register Write to Reg: 0x05 Val: 0x00000002
[inst #78] addi x0,x0,0
Register Write to Reg: 0x00 Val: 0x00000000
[inst #79] addi x0,x0,0
Register Write to Reg: 0x00 Val: 0x00000000
[inst #80] addi x0,x0,0
Register Write to Reg: 0x00 Val: 0x00000000
[inst #81] sw x5,4(x2)
Memory Write to Addr: 0x7FFFFFD4 Val: 0x00000002
[inst #82] lw x10,16(x2)
Register Write to Reg: 0x0A Val: 0x10010000
[inst #83] lw x11,12(x2)
Register Write to Reg: 0x0B Val: 0x00000000
[inst #84] lw x12,4(x2)
Register Write to Reg: 0x0C Val: 0x00000002
[inst #85] jal x1,-96
Register Write to Reg: 0x01 Val: 0x00400104
[inst #86] addi x2,x2,-24
Register Write to Reg: 0x02 Val: 0x7FFFFFB8
[inst #87] addi x0,x0,0
Register Write to Reg: 0x00 Val: 0x00000000
[inst #88] addi x0,x0,0
Register Write to Reg: 0x00 Val: 0x00000000
[inst #89] addi x0,x0,0
Register Write to Reg: 0x00 Val: 0x00000000
[inst #90] sw x1,20(x2)
Memory Write to Addr: 0x7FFFFFCC Val: 0x00400104
[inst #91] sw x10,16(x2)
Memory Write to Addr: 0x7FFFFFC8 Val: 0x10010000
[inst #92] sw x11,12(x2)
Memory Write to Addr: 0x7FFFFFC4 Val: 0x00000000
[inst #93] sw x12,8(x2)
Memory Write to Addr: 0x7FFFFFC0 Val: 0x00000002
[inst #94] sw x0,4(x2)
Memory Write to Addr: 0x7FFFFFBC Val: 0x00000000
[inst #95] bge x11,x12,140
[inst #96] addi x0,x0,0
Register Write to Reg: 0x00 Val: 0x00000000
[inst #97] addi x0,x0,0
Register Write to Reg: 0x00 Val: 0x00000000
[inst #98] add x5,x11,x12
Register Write to Reg: 0x05 Val: 0x00000002
[inst #99] addi x0,x0,0
Register Write to Reg: 0x00 Val: 0x00000000
[inst #100] addi x0,x0,0
Register Write to Reg: 0x00 Val: 0x00000000
[inst #101] addi x0,x0,0
Register Write to Reg: 0x00 Val: 0x00000000
[inst #102] srai x5,x5,1
Register Write to Reg: 0x05 Val: 0x00000001
[inst #103] addi x0,x0,0
Register Write to Reg: 0x00 Val: 0x00000000
[inst #104] addi x0,x0,0
Register Write to Reg: 0x00 Val: 0x00000000
[inst #105] addi x0,x0,0
Register Write to Reg: 0x00 Val: 0x00000000
[inst #106] sw x5,4(x2)
Memory Write to Addr: 0x7FFFFFBC Val: 0x00000001
[inst #107] lw x10,16(x2)
Register Write to Reg: 0x0A Val: 0x10010000
[inst #108] lw x11,12(x2)
Register Write to Reg: 0x0B Val: 0x00000000
[inst #109] lw x12,4(x2)
Register Write to Reg: 0x0C Val: 0x00000001
[inst #110] jal x1,-96
Register Write to Reg: 0x01 Val: 0x00400104
[inst #111] addi x2,x2,-24
Register Write to Reg: 0x02 Val: 0x7FFFFFA0
[inst #112] addi x0,x0,0
Register Write to Reg: 0x00 Val: 0x00000000
[inst #113] addi x0,x0,0
Register Write to Reg: 0x00 Val: 0x00000000
[inst #114] addi x0,x0,0
Register Write to Reg: 0x00 Val: 0x00000000
[inst #115] sw x1,20(x2)
Memory Write to Addr: 0x7FFFFFB4 Val: 0x00400104
[inst #116] sw x10,16(x2)
Memory Write to Addr: 0x7FFFFFB0 Val: 0x10010000
[inst #117] sw x11,12(x2)
Memory Write to Addr: 0x7FFFFFAC Val: 0x00000000
[inst #118] sw x12,8(x2)
Memory Write to Addr: 0x7FFFFFA8 Val: 0x00000001
[inst #119] sw x0,4(x2)
Memory Write to Addr: 0x7FFFFFA4 Val: 0x00000000
[inst #120] bge x11,x12,140
[inst #121] addi x0,x0,0
Register Write to Reg: 0x00 Val: 0x00000000
[inst #122] addi x0,x0,0
Register Write to Reg: 0x00 Val: 0x00000000
[inst #123] add x5,x11,x12
Register Write to Reg: 0x05 Val: 0x00000001
[inst #124] addi x0,x0,0
Register Write to Reg: 0x00 Val: 0x00000000
[inst #125] addi x0,x0,0
Register Write to Reg: 0x00 Val: 0x00000000
[inst #126] addi x0,x0,0
Register Write to Reg: 0x00 Val: 0x00000000
[inst #127] srai x5,x5,1
Register Write to Reg: 0x05 Val: 0x00000000
[inst #128] addi x0,x0,0
Register Write to Reg: 0x00 Val: 0x00000000
[inst #129] addi x0,x0,0
Register Write to Reg: 0x00 Val: 0x00000000
[inst #130] addi x0,x0,0
Register Write to Reg: 0x00 Val: 0x00000000
[inst #131] sw x5,4(x2)
Memory Write to Addr: 0x7FFFFFA4 Val: 0x00000000
[inst #132] lw x10,16(x2)
Register Write to Reg: 0x0A Val: 0x10010000
[inst #133] lw x11,12(x2)
Register Write to Reg: 0x0B Val: 0x00000000
[inst #134] lw x12,4(x2)
Register Write to Reg: 0x0C Val: 0x00000000
[inst #135] jal x1,-96
Register Write to Reg: 0x01 Val: 0x00400104
[inst #136] addi x2,x2,-24
Register Write to Reg: 0x02 Val: 0x7FFFFF88
[inst #137] addi x0,x0,0
Register Write to Reg: 0x00 Val: 0x00000000
[inst #138] addi x0,x0,0
Register Write to Reg: 0x00 Val: 0x00000000
[inst #139] addi x0,x0,0
Register Write to Reg: 0x00 Val: 0x00000000
[inst #140] sw x1,20(x2)
Memory Write to Addr: 0x7FFFFF9C Val: 0x00400104
[inst #141] sw x10,16(x2)
Memory Write to Addr: 0x7FFFFF98 Val: 0x10010000
[inst #142] sw x11,12(x2)
Memory Write to Addr: 0x7FFFFF94 Val: 0x00000000
[inst #143] sw x12,8(x2)
Memory Write to Addr: 0x7FFFFF90 Val: 0x00000000
[inst #144] sw x0,4(x2)
Memory Write to Addr: 0x7FFFFF8C Val: 0x00000000
[inst #145] bge x11,x12,140
[inst #146] lw x1,20(x2)
Register Write to Reg: 0x01 Val: 0x00400104
[inst #147] addi x2,x2,24
Register Write to Reg: 0x02 Val: 0x7FFFFFA0
[inst #148] addi x0,x0,0
Register Write to Reg: 0x00 Val: 0x00000000
[inst #149] addi x0,x0,0
Register Write to Reg: 0x00 Val: 0x00000000
[inst #150] jalr x0,x1,0
Register Write to Reg: 0x00 Val: 0x00400164
[inst #151] addi x0,x0,0
Register Write to Reg: 0x00 Val: 0x00000000
[inst #152] addi x0,x0,0
Register Write to Reg: 0x00 Val: 0x00000000
[inst #153] lw x10,16(x2)
Register Write to Reg: 0x0A Val: 0x10010000
[inst #154] lw x5,4(x2)
Register Write to Reg: 0x05 Val: 0x00000000
[inst #155] addi x0,x0,0
Register Write to Reg: 0x00 Val: 0x00000000
[inst #156] addi x0,x0,0
Register Write to Reg: 0x00 Val: 0x00000000
[inst #157] addi x0,x0,0
Register Write to Reg: 0x00 Val: 0x00000000
[inst #158] addi x11,x5,1
Register Write to Reg: 0x0B Val: 0x00000001
[inst #159] lw x12,8(x2)
Register Write to Reg: 0x0C Val: 0x00000001
[inst #160] jal x1,-136
Register Write to Reg: 0x01 Val: 0x0040012C
[inst #161] addi x2,x2,-24
Register Write to Reg: 0x02 Val: 0x7FFFFF88
[inst #162] addi x0,x0,0
Register Write to Reg: 0x00 Val: 0x00000000
[inst #163] addi x0,x0,0
Register Write to Reg: 0x00 Val: 0x00000000
[inst #164] addi x0,x0,0
Register Write to Reg: 0x00 Val: 0x00000000
[inst #165] sw x1,20(x2)
Memory Write to Addr: 0x7FFFFF9C Val: 0x0040012C
[inst #166] sw x10,16(x2)
Memory Write to Addr: 0x7FFFFF98 Val: 0x10010000
[inst #167] sw x11,12(x2)
Memory Write to Addr: 0x7FFFFF94 Val: 0x00000001
[inst #168] sw x12,8(x2)
Memory Write to Addr: 0x7FFFFF90 Val: 0x00000001
[inst #169] sw x0,4(x2)
Memory Write to Addr: 0x7FFFFF8C Val: 0x00000000
[inst #170] bge x11,x12,140
[inst #171] lw x1,20(x2)
Register Write to Reg: 0x01 Val: 0x0040012C
[inst #172] addi x2,x2,24
Register Write to Reg: 0x02 Val: 0x7FFFFFA0
[inst #173] addi x0,x0,0
Register Write to Reg: 0x00 Val: 0x00000000
[inst #174] addi x0,x0,0
Register Write to Reg: 0x00 Val: 0x00000000
[inst #175] jalr x0,x1,0
Register Write to Reg: 0x00 Val: 0x00400164
[inst #176] addi x0,x0,0
Register Write to Reg: 0x00 Val: 0x00000000
[inst #177] addi x0,x0,0
Register Write to Reg: 0x00 Val: 0x00000000
[inst #178] lw x10,16(x2)
Register Write to Reg: 0x0A Val: 0x10010000
[inst #179] lw x11,12(x2)
Register Write to Reg: 0x0B Val: 0x00000000
[inst #180] lw x12,4(x2)
Register Write to Reg: 0x0C Val: 0x00000000
[inst #181] lw x13,8(x2)
Register Write to Reg: 0x0D Val: 0x00000001
[inst #182] jal x1,40
Register Write to Reg: 0x01 Val: 0x00400148
[inst #183] addi x2,x2,-160
Register Write to Reg: 0x02 Val: 0x7FFFFF00
[inst #184] addi x0,x0,0
Register Write to Reg: 0x00 Val: 0x00000000
[inst #185] addi x0,x0,0
Register Write to Reg: 0x00 Val: 0x00000000
[inst #186] addi x0,x0,0
Register Write to Reg: 0x00 Val: 0x00000000
[inst #187] sw x1,156(x2)
Memory Write to Addr: 0x7FFFFF9C Val: 0x00400148
[inst #188] sw x10,152(x2)
Memory Write to Addr: 0x7FFFFF98 Val: 0x10010000
[inst #189] sw x11,148(x2)
Memory Write to Addr: 0x7FFFFF94 Val: 0x00000000
[inst #190] sw x12,144(x2)
Memory Write to Addr: 0x7FFFFF90 Val: 0x00000000
[inst #191] sw x13,140(x2)
Memory Write to Addr: 0x7FFFFF8C Val: 0x00000001
[inst #192] addi x5,x2,0
Register Write to Reg: 0x05 Val: 0x7FFFFF00
[inst #193] add x6,x0,x11
Register Write to Reg: 0x06 Val: 0x00000000
[inst #194] addi x0,x0,0
Register Write to Reg: 0x00 Val: 0x00000000
[inst #195] addi x0,x0,0
Register Write to Reg: 0x00 Val: 0x00000000
[inst #196] addi x0,x0,0
Register Write to Reg: 0x00 Val: 0x00000000
[inst #197] blt x13,x6,116
[inst #198] addi x0,x0,0
Register Write to Reg: 0x00 Val: 0x00000000
[inst #199] addi x0,x0,0
Register Write to Reg: 0x00 Val: 0x00000000
[inst #200] slli x7,x6,2
Register Write to Reg: 0x07 Val: 0x00000000
[inst #201] addi x0,x0,0
Register Write to Reg: 0x00 Val: 0x00000000
[inst #202] addi x0,x0,0
Register Write to Reg: 0x00 Val: 0x00000000
[inst #203] addi x0,x0,0
Register Write to Reg: 0x00 Val: 0x00000000
[inst #204] add x28,x10,x7
Register Write to Reg: 0x1C Val: 0x10010000
[inst #205] addi x0,x0,0
Register Write to Reg: 0x00 Val: 0x00000000
[inst #206] addi x0,x0,0
Register Write to Reg: 0x00 Val: 0x00000000
[inst #207] addi x0,x0,0
Register Write to Reg: 0x00 Val: 0x00000000
[inst #208] lw x29,0(x28)
Register Write to Reg: 0x1D Val: 0x00000009
[inst #209] sub x30,x6,x11
Register Write to Reg: 0x1E Val: 0x00000000
[inst #210] addi x0,x0,0
Register Write to Reg: 0x00 Val: 0x00000000
[inst #211] addi x0,x0,0
Register Write to Reg: 0x00 Val: 0x00000000
[inst #212] addi x0,x0,0
Register Write to Reg: 0x00 Val: 0x00000000
[inst #213] slli x30,x30,2
Register Write to Reg: 0x1E Val: 0x00000000
[inst #214] addi x0,x0,0
Register Write to Reg: 0x00 Val: 0x00000000
[inst #215] addi x0,x0,0
Register Write to Reg: 0x00 Val: 0x00000000
[inst #216] addi x0,x0,0
Register Write to Reg: 0x00 Val: 0x00000000
[inst #217] add x31,x5,x30
Register Write to Reg: 0x1F Val: 0x7FFFFF00
[inst #218] addi x0,x0,0
Register Write to Reg: 0x00 Val: 0x00000000
[inst #219] addi x0,x0,0
Register Write to Reg: 0x00 Val: 0x00000000
[inst #220] addi x0,x0,0
Register Write to Reg: 0x00 Val: 0x00000000
[inst #221] sw x29,0(x31)
Memory Write to Addr: 0x7FFFFF00 Val: 0x00000009
[inst #222] addi x6,x6,1
Register Write to Reg: 0x06 Val: 0x00000001
[inst #223] jal x0,-116
Register Write to Reg: 0x00 Val: 0x00400210
[inst #224] addi x0,x0,0
Register Write to Reg: 0x00 Val: 0x00000000
[inst #225] addi x0,x0,0
Register Write to Reg: 0x00 Val: 0x00000000
[inst #226] addi x0,x0,0
Register Write to Reg: 0x00 Val: 0x00000000
[inst #227] blt x13,x6,116
[inst #228] addi x0,x0,0
Register Write to Reg: 0x00 Val: 0x00000000
[inst #229] addi x0,x0,0
Register Write to Reg: 0x00 Val: 0x00000000
[inst #230] slli x7,x6,2
Register Write to Reg: 0x07 Val: 0x00000004
[inst #231] addi x0,x0,0
Register Write to Reg: 0x00 Val: 0x00000000
[inst #232] addi x0,x0,0
Register Write to Reg: 0x00 Val: 0x00000000
[inst #233] addi x0,x0,0
Register Write to Reg: 0x00 Val: 0x00000000
[inst #234] add x28,x10,x7
Register Write to Reg: 0x1C Val: 0x10010004
[inst #235] addi x0,x0,0
Register Write to Reg: 0x00 Val: 0x00000000
[inst #236] addi x0,x0,0
Register Write to Reg: 0x00 Val: 0x00000000
[inst #237] addi x0,x0,0
Register Write to Reg: 0x00 Val: 0x00000000
[inst #238] lw x29,0(x28)
Register Write to Reg: 0x1D Val: 0x00000003
[inst #239] sub x30,x6,x11
Register Write to Reg: 0x1E Val: 0x00000001
[inst #240] addi x0,x0,0
Register Write to Reg: 0x00 Val: 0x00000000
[inst #241] addi x0,x0,0
Register Write to Reg: 0x00 Val: 0x00000000
[inst #242] addi x0,x0,0
Register Write to Reg: 0x00 Val: 0x00000000
[inst #243] slli x30,x30,2
Register Write to Reg: 0x1E Val: 0x00000004
[inst #244] addi x0,x0,0
Register Write to Reg: 0x00 Val: 0x00000000
[inst #245] addi x0,x0,0
Register Write to Reg: 0x00 Val: 0x00000000
[inst #246] addi x0,x0,0
Register Write to Reg: 0x00 Val: 0x00000000
[inst #247] add x31,x5,x30
Register Write to Reg: 0x1F Val: 0x7FFFFF04
[inst #248] addi x0,x0,0
Register Write to Reg: 0x00 Val: 0x00000000
[inst #249] addi x0,x0,0
Register Write to Reg: 0x00 Val: 0x00000000
[inst #250] addi x0,x0,0
Register Write to Reg: 0x00 Val: 0x00000000
[inst #251] sw x29,0(x31)
Memory Write to Addr: 0x7FFFFF04 Val: 0x00000003
[inst #252] addi x6,x6,1
Register Write to Reg: 0x06 Val: 0x00000002
[inst #253] jal x0,-116
Register Write to Reg: 0x00 Val: 0x00400210
[inst #254] addi x0,x0,0
Register Write to Reg: 0x00 Val: 0x00000000
[inst #255] addi x0,x0,0
Register Write to Reg: 0x00 Val: 0x00000000
[inst #256] addi x0,x0,0
Register Write to Reg: 0x00 Val: 0x00000000
[inst #257] blt x13,x6,116
[inst #258] lw x10,152(x2)
Register Write to Reg: 0x0A Val: 0x10010000
[inst #259] lw x11,148(x2)
Register Write to Reg: 0x0B Val: 0x00000000
[inst #260] lw x12,144(x2)
Register Write to Reg: 0x0C Val: 0x00000000
[inst #261] lw x13,140(x2)
Register Write to Reg: 0x0D Val: 0x00000001
[inst #262] addi x0,x0,0
Register Write to Reg: 0x00 Val: 0x00000000
[inst #263] add x5,x0,x11
Register Write to Reg: 0x05 Val: 0x00000000
[inst #264] addi x6,x12,1
Register Write to Reg: 0x06 Val: 0x00000001
[inst #265] add x7,x0,x11
Register Write to Reg: 0x07 Val: 0x00000000
[inst #266] addi x28,x2,0
Register Write to Reg: 0x1C Val: 0x7FFFFF00
[inst #267] blt x12,x5,396
[inst #268] addi x0,x0,0
Register Write to Reg: 0x00 Val: 0x00000000
[inst #269] addi x0,x0,0
Register Write to Reg: 0x00 Val: 0x00000000
[inst #270] blt x13,x6,264
[inst #271] addi x0,x0,0
Register Write to Reg: 0x00 Val: 0x00000000
[inst #272] addi x0,x0,0
Register Write to Reg: 0x00 Val: 0x00000000
[inst #273] sub x29,x5,x11
Register Write to Reg: 0x1D Val: 0x00000000
[inst #274] addi x0,x0,0
Register Write to Reg: 0x00 Val: 0x00000000
[inst #275] addi x0,x0,0
Register Write to Reg: 0x00 Val: 0x00000000
[inst #276] addi x0,x0,0
Register Write to Reg: 0x00 Val: 0x00000000
[inst #277] slli x29,x29,2
Register Write to Reg: 0x1D Val: 0x00000000
[inst #278] addi x0,x0,0
Register Write to Reg: 0x00 Val: 0x00000000
[inst #279] addi x0,x0,0
Register Write to Reg: 0x00 Val: 0x00000000
[inst #280] addi x0,x0,0
Register Write to Reg: 0x00 Val: 0x00000000
[inst #281] add x30,x28,x29
Register Write to Reg: 0x1E Val: 0x7FFFFF00
[inst #282] addi x0,x0,0
Register Write to Reg: 0x00 Val: 0x00000000
[inst #283] addi x0,x0,0
Register Write to Reg: 0x00 Val: 0x00000000
[inst #284] addi x0,x0,0
Register Write to Reg: 0x00 Val: 0x00000000
[inst #285] lw x8,0(x30)
Register Write to Reg: 0x08 Val: 0x00000009
[inst #286] sub x29,x6,x11
Register Write to Reg: 0x1D Val: 0x00000001
[inst #287] addi x0,x0,0
Register Write to Reg: 0x00 Val: 0x00000000
[inst #288] addi x0,x0,0
Register Write to Reg: 0x00 Val: 0x00000000
[inst #289] addi x0,x0,0
Register Write to Reg: 0x00 Val: 0x00000000
[inst #290] slli x29,x29,2
Register Write to Reg: 0x1D Val: 0x00000004
[inst #291] addi x0,x0,0
Register Write to Reg: 0x00 Val: 0x00000000
[inst #292] addi x0,x0,0
Register Write to Reg: 0x00 Val: 0x00000000
[inst #293] addi x0,x0,0
Register Write to Reg: 0x00 Val: 0x00000000
[inst #294] add x30,x28,x29
Register Write to Reg: 0x1E Val: 0x7FFFFF04
[inst #295] addi x0,x0,0
Register Write to Reg: 0x00 Val: 0x00000000
[inst #296] addi x0,x0,0
Register Write to Reg: 0x00 Val: 0x00000000
[inst #297] addi x0,x0,0
Register Write to Reg: 0x00 Val: 0x00000000
[inst #298] lw x9,0(x30)
Register Write to Reg: 0x09 Val: 0x00000003
[inst #299] addi x0,x0,0
Register Write to Reg: 0x00 Val: 0x00000000
[inst #300] addi x0,x0,0
Register Write to Reg: 0x00 Val: 0x00000000
[inst #301] addi x0,x0,0
Register Write to Reg: 0x00 Val: 0x00000000
[inst #302] bge x9,x8,24
[inst #303] addi x0,x0,0
Register Write to Reg: 0x00 Val: 0x00000000
[inst #304] addi x0,x0,0
Register Write to Reg: 0x00 Val: 0x00000000
[inst #305] jal x0,68
Register Write to Reg: 0x00 Val: 0x004002D8
[inst #306] slli x29,x7,2
Register Write to Reg: 0x1D Val: 0x00000000
[inst #307] addi x0,x0,0
Register Write to Reg: 0x00 Val: 0x00000000
[inst #308] addi x0,x0,0
Register Write to Reg: 0x00 Val: 0x00000000
[inst #309] addi x0,x0,0
Register Write to Reg: 0x00 Val: 0x00000000
[inst #310] add x30,x10,x29
Register Write to Reg: 0x1E Val: 0x10010000
[inst #311] addi x0,x0,0
Register Write to Reg: 0x00 Val: 0x00000000
[inst #312] addi x0,x0,0
Register Write to Reg: 0x00 Val: 0x00000000
[inst #313] addi x0,x0,0
Register Write to Reg: 0x00 Val: 0x00000000
[inst #314] sw x9,0(x30)
Memory Write to Addr: 0x10010000 Val: 0x00000003
[inst #315] addi x6,x6,1
Register Write to Reg: 0x06 Val: 0x00000002
[inst #316] addi x7,x7,1
Register Write to Reg: 0x07 Val: 0x00000001
[inst #317] jal x0,-264
Register Write to Reg: 0x00 Val: 0x00400348
[inst #318] blt x12,x5,396
[inst #319] addi x0,x0,0
Register Write to Reg: 0x00 Val: 0x00000000
[inst #320] addi x0,x0,0
Register Write to Reg: 0x00 Val: 0x00000000
[inst #321] blt x13,x6,264
[inst #322] blt x12,x5,240
[inst #323] addi x0,x0,0
Register Write to Reg: 0x00 Val: 0x00000000
[inst #324] addi x0,x0,0
Register Write to Reg: 0x00 Val: 0x00000000
[inst #325] sub x29,x5,x11
Register Write to Reg: 0x1D Val: 0x00000000
[inst #326] addi x0,x0,0
Register Write to Reg: 0x00 Val: 0x00000000
[inst #327] addi x0,x0,0
Register Write to Reg: 0x00 Val: 0x00000000
[inst #328] addi x0,x0,0
Register Write to Reg: 0x00 Val: 0x00000000
[inst #329] slli x29,x29,2
Register Write to Reg: 0x1D Val: 0x00000000
[inst #330] addi x0,x0,0
Register Write to Reg: 0x00 Val: 0x00000000
[inst #331] addi x0,x0,0
Register Write to Reg: 0x00 Val: 0x00000000
[inst #332] addi x0,x0,0
Register Write to Reg: 0x00 Val: 0x00000000
[inst #333] add x30,x28,x29
Register Write to Reg: 0x1E Val: 0x7FFFFF00
[inst #334] addi x0,x0,0
Register Write to Reg: 0x00 Val: 0x00000000
[inst #335] addi x0,x0,0
Register Write to Reg: 0x00 Val: 0x00000000
[inst #336] addi x0,x0,0
Register Write to Reg: 0x00 Val: 0x00000000
[inst #337] lw x8,0(x30)
Register Write to Reg: 0x08 Val: 0x00000009
[inst #338] slli x29,x7,2
Register Write to Reg: 0x1D Val: 0x00000004
[inst #339] addi x0,x0,0
Register Write to Reg: 0x00 Val: 0x00000000
[inst #340] addi x0,x0,0
Register Write to Reg: 0x00 Val: 0x00000000
[inst #341] addi x0,x0,0
Register Write to Reg: 0x00 Val: 0x00000000
[inst #342] add x30,x10,x29
Register Write to Reg: 0x1E Val: 0x10010004
[inst #343] addi x0,x0,0
Register Write to Reg: 0x00 Val: 0x00000000
[inst #344] addi x0,x0,0
Register Write to Reg: 0x00 Val: 0x00000000
[inst #345] addi x0,x0,0
Register Write to Reg: 0x00 Val: 0x00000000
[inst #346] sw x8,0(x30)
Memory Write to Addr: 0x10010004 Val: 0x00000009
[inst #347] addi x5,x5,1
Register Write to Reg: 0x05 Val: 0x00000001
[inst #348] addi x7,x7,1
Register Write to Reg: 0x07 Val: 0x00000002
[inst #349] jal x0,-108
Register Write to Reg: 0x00 Val: 0x004003C0
[inst #350] blt x12,x5,240
[inst #351] lw x1,156(x2)
Register Write to Reg: 0x01 Val: 0x00400148
[inst #352] addi x2,x2,160
Register Write to Reg: 0x02 Val: 0x7FFFFFA0
[inst #353] jalr x0,x1,0
Register Write to Reg: 0x00 Val: 0x0040044C
[inst #354] addi x0,x0,0
Register Write to Reg: 0x00 Val: 0x00000000
[inst #355] addi x0,x0,0
Register Write to Reg: 0x00 Val: 0x00000000
[inst #356] lw x1,20(x2)
Register Write to Reg: 0x01 Val: 0x00400104
[inst #357] addi x2,x2,24
Register Write to Reg: 0x02 Val: 0x7FFFFFB8
[inst #358] addi x0,x0,0
Register Write to Reg: 0x00 Val: 0x00000000
[inst #359] addi x0,x0,0
Register Write to Reg: 0x00 Val: 0x00000000
[inst #360] jalr x0,x1,0
Register Write to Reg: 0x00 Val: 0x00400164
[inst #361] addi x0,x0,0
Register Write to Reg: 0x00 Val: 0x00000000
[inst #362] addi x0,x0,0
Register Write to Reg: 0x00 Val: 0x00000000
[inst #363] lw x10,16(x2)
Register Write to Reg: 0x0A Val: 0x10010000
[inst #364] lw x5,4(x2)
Register Write to Reg: 0x05 Val: 0x00000001
[inst #365] addi x0,x0,0
Register Write to Reg: 0x00 Val: 0x00000000
[inst #366] addi x0,x0,0
Register Write to Reg: 0x00 Val: 0x00000000
[inst #367] addi x0,x0,0
Register Write to Reg: 0x00 Val: 0x00000000
[inst #368] addi x11,x5,1
Register Write to Reg: 0x0B Val: 0x00000002
[inst #369] lw x12,8(x2)
Register Write to Reg: 0x0C Val: 0x00000002
[inst #370] jal x1,-136
Register Write to Reg: 0x01 Val: 0x0040012C
[inst #371] addi x2,x2,-24
Register Write to Reg: 0x02 Val: 0x7FFFFFA0
[inst #372] addi x0,x0,0
Register Write to Reg: 0x00 Val: 0x00000000
[inst #373] addi x0,x0,0
Register Write to Reg: 0x00 Val: 0x00000000
[inst #374] addi x0,x0,0
Register Write to Reg: 0x00 Val: 0x00000000
[inst #375] sw x1,20(x2)
Memory Write to Addr: 0x7FFFFFB4 Val: 0x0040012C
[inst #376] sw x10,16(x2)
Memory Write to Addr: 0x7FFFFFB0 Val: 0x10010000
[inst #377] sw x11,12(x2)
Memory Write to Addr: 0x7FFFFFAC Val: 0x00000002
[inst #378] sw x12,8(x2)
Memory Write to Addr: 0x7FFFFFA8 Val: 0x00000002
[inst #379] sw x0,4(x2)
Memory Write to Addr: 0x7FFFFFA4 Val: 0x00000000
[inst #380] bge x11,x12,140
[inst #381] lw x1,20(x2)
Register Write to Reg: 0x01 Val: 0x0040012C
[inst #382] addi x2,x2,24
Register Write to Reg: 0x02 Val: 0x7FFFFFB8
[inst #383] addi x0,x0,0
Register Write to Reg: 0x00 Val: 0x00000000
[inst #384] addi x0,x0,0
Register Write to Reg: 0x00 Val: 0x00000000
[inst #385] jalr x0,x1,0
Register Write to Reg: 0x00 Val: 0x00400164
[inst #386] addi x0,x0,0
Register Write to Reg: 0x00 Val: 0x00000000
[inst #387] addi x0,x0,0
Register Write to Reg: 0x00 Val: 0x00000000
[inst #388] lw x10,16(x2)
Register Write to Reg: 0x0A Val: 0x10010000
[inst #389] lw x11,12(x2)
Register Write to Reg: 0x0B Val: 0x00000000
[inst #390] lw x12,4(x2)
Register Write to Reg: 0x0C Val: 0x00000001
[inst #391] lw x13,8(x2)
Register Write to Reg: 0x0D Val: 0x00000002
[inst #392] jal x1,40
Register Write to Reg: 0x01 Val: 0x00400148
[inst #393] addi x2,x2,-160
Register Write to Reg: 0x02 Val: 0x7FFFFF18
[inst #394] addi x0,x0,0
Register Write to Reg: 0x00 Val: 0x00000000
[inst #395] addi x0,x0,0
Register Write to Reg: 0x00 Val: 0x00000000
[inst #396] addi x0,x0,0
Register Write to Reg: 0x00 Val: 0x00000000
[inst #397] sw x1,156(x2)
Memory Write to Addr: 0x7FFFFFB4 Val: 0x00400148
[inst #398] sw x10,152(x2)
Memory Write to Addr: 0x7FFFFFB0 Val: 0x10010000
[inst #399] sw x11,148(x2)
Memory Write to Addr: 0x7FFFFFAC Val: 0x00000000
[inst #400] sw x12,144(x2)
Memory Write to Addr: 0x7FFFFFA8 Val: 0x00000001
[inst #401] sw x13,140(x2)
Memory Write to Addr: 0x7FFFFFA4 Val: 0x00000002
[inst #402] addi x5,x2,0
Register Write to Reg: 0x05 Val: 0x7FFFFF18
[inst #403] add x6,x0,x11
Register Write to Reg: 0x06 Val: 0x00000000
[inst #404] addi x0,x0,0
Register Write to Reg: 0x00 Val: 0x00000000
[inst #405] addi x0,x0,0
Register Write to Reg: 0x00 Val: 0x00000000
[inst #406] addi x0,x0,0
Register Write to Reg: 0x00 Val: 0x00000000
[inst #407] blt x13,x6,116
[inst #408] addi x0,x0,0
Register Write to Reg: 0x00 Val: 0x00000000
[inst #409] addi x0,x0,0
Register Write to Reg: 0x00 Val: 0x00000000
[inst #410] slli x7,x6,2
Register Write to Reg: 0x07 Val: 0x00000000
[inst #411] addi x0,x0,0
Register Write to Reg: 0x00 Val: 0x00000000
[inst #412] addi x0,x0,0
Register Write to Reg: 0x00 Val: 0x00000000
[inst #413] addi x0,x0,0
Register Write to Reg: 0x00 Val: 0x00000000
[inst #414] add x28,x10,x7
Register Write to Reg: 0x1C Val: 0x10010000
[inst #415] addi x0,x0,0
Register Write to Reg: 0x00 Val: 0x00000000
[inst #416] addi x0,x0,0
Register Write to Reg: 0x00 Val: 0x00000000
[inst #417] addi x0,x0,0
Register Write to Reg: 0x00 Val: 0x00000000
[inst #418] lw x29,0(x28)
Register Write to Reg: 0x1D Val: 0x00000003
[inst #419] sub x30,x6,x11
Register Write to Reg: 0x1E Val: 0x00000000
[inst #420] addi x0,x0,0
Register Write to Reg: 0x00 Val: 0x00000000
[inst #421] addi x0,x0,0
Register Write to Reg: 0x00 Val: 0x00000000
[inst #422] addi x0,x0,0
Register Write to Reg: 0x00 Val: 0x00000000
[inst #423] slli x30,x30,2
Register Write to Reg: 0x1E Val: 0x00000000
[inst #424] addi x0,x0,0
Register Write to Reg: 0x00 Val: 0x00000000
[inst #425] addi x0,x0,0
Register Write to Reg: 0x00 Val: 0x00000000
[inst #426] addi x0,x0,0
Register Write to Reg: 0x00 Val: 0x00000000
[inst #427] add x31,x5,x30
Register Write to Reg: 0x1F Val: 0x7FFFFF18
[inst #428] addi x0,x0,0
Register Write to Reg: 0x00 Val: 0x00000000
[inst #429] addi x0,x0,0
Register Write to Reg: 0x00 Val: 0x00000000
[inst #430] addi x0,x0,0
Register Write to Reg: 0x00 Val: 0x00000000
[inst #431] sw x29,0(x31)
Memory Write to Addr: 0x7FFFFF18 Val: 0x00000003
[inst #432] addi x6,x6,1
Register Write to Reg: 0x06 Val: 0x00000001
[inst #433] jal x0,-116
Register Write to Reg: 0x00 Val: 0x00400210
[inst #434] addi x0,x0,0
Register Write to Reg: 0x00 Val: 0x00000000
[inst #435] addi x0,x0,0
Register Write to Reg: 0x00 Val: 0x00000000
[inst #436] addi x0,x0,0
Register Write to Reg: 0x00 Val: 0x00000000
[inst #437] blt x13,x6,116
[inst #438] addi x0,x0,0
Register Write to Reg: 0x00 Val: 0x00000000
[inst #439] addi x0,x0,0
Register Write to Reg: 0x00 Val: 0x00000000
[inst #440] slli x7,x6,2
Register Write to Reg: 0x07 Val: 0x00000004
[inst #441] addi x0,x0,0
Register Write to Reg: 0x00 Val: 0x00000000
[inst #442] addi x0,x0,0
Register Write to Reg: 0x00 Val: 0x00000000
[inst #443] addi x0,x0,0
Register Write to Reg: 0x00 Val: 0x00000000
[inst #444] add x28,x10,x7
Register Write to Reg: 0x1C Val: 0x10010004
[inst #445] addi x0,x0,0
Register Write to Reg: 0x00 Val: 0x00000000
[inst #446] addi x0,x0,0
Register Write to Reg: 0x00 Val: 0x00000000
[inst #447] addi x0,x0,0
Register Write to Reg: 0x00 Val: 0x00000000
[inst #448] lw x29,0(x28)
Register Write to Reg: 0x1D Val: 0x00000009
[inst #449] sub x30,x6,x11
Register Write to Reg: 0x1E Val: 0x00000001
[inst #450] addi x0,x0,0
Register Write to Reg: 0x00 Val: 0x00000000
[inst #451] addi x0,x0,0
Register Write to Reg: 0x00 Val: 0x00000000
[inst #452] addi x0,x0,0
Register Write to Reg: 0x00 Val: 0x00000000
[inst #453] slli x30,x30,2
Register Write to Reg: 0x1E Val: 0x00000004
[inst #454] addi x0,x0,0
Register Write to Reg: 0x00 Val: 0x00000000
[inst #455] addi x0,x0,0
Register Write to Reg: 0x00 Val: 0x00000000
[inst #456] addi x0,x0,0
Register Write to Reg: 0x00 Val: 0x00000000
[inst #457] add x31,x5,x30
Register Write to Reg: 0x1F Val: 0x7FFFFF1C
[inst #458] addi x0,x0,0
Register Write to Reg: 0x00 Val: 0x00000000
[inst #459] addi x0,x0,0
Register Write to Reg: 0x00 Val: 0x00000000
[inst #460] addi x0,x0,0
Register Write to Reg: 0x00 Val: 0x00000000
[inst #461] sw x29,0(x31)
Memory Write to Addr: 0x7FFFFF1C Val: 0x00000009
[inst #462] addi x6,x6,1
Register Write to Reg: 0x06 Val: 0x00000002
[inst #463] jal x0,-116
Register Write to Reg: 0x00 Val: 0x00400210
[inst #464] addi x0,x0,0
Register Write to Reg: 0x00 Val: 0x00000000
[inst #465] addi x0,x0,0
Register Write to Reg: 0x00 Val: 0x00000000
[inst #466] addi x0,x0,0
Register Write to Reg: 0x00 Val: 0x00000000
[inst #467] blt x13,x6,116
[inst #468] addi x0,x0,0
Register Write to Reg: 0x00 Val: 0x00000000
[inst #469] addi x0,x0,0
Register Write to Reg: 0x00 Val: 0x00000000
[inst #470] slli x7,x6,2
Register Write to Reg: 0x07 Val: 0x00000008
[inst #471] addi x0,x0,0
Register Write to Reg: 0x00 Val: 0x00000000
[inst #472] addi x0,x0,0
Register Write to Reg: 0x00 Val: 0x00000000
[inst #473] addi x0,x0,0
Register Write to Reg: 0x00 Val: 0x00000000
[inst #474] add x28,x10,x7
Register Write to Reg: 0x1C Val: 0x10010008
[inst #475] addi x0,x0,0
Register Write to Reg: 0x00 Val: 0x00000000
[inst #476] addi x0,x0,0
Register Write to Reg: 0x00 Val: 0x00000000
[inst #477] addi x0,x0,0
Register Write to Reg: 0x00 Val: 0x00000000
[inst #478] lw x29,0(x28)
Register Write to Reg: 0x1D Val: 0x00000004
[inst #479] sub x30,x6,x11
Register Write to Reg: 0x1E Val: 0x00000002
[inst #480] addi x0,x0,0
Register Write to Reg: 0x00 Val: 0x00000000
[inst #481] addi x0,x0,0
Register Write to Reg: 0x00 Val: 0x00000000
[inst #482] addi x0,x0,0
Register Write to Reg: 0x00 Val: 0x00000000
[inst #483] slli x30,x30,2
Register Write to Reg: 0x1E Val: 0x00000008
[inst #484] addi x0,x0,0
Register Write to Reg: 0x00 Val: 0x00000000
[inst #485] addi x0,x0,0
Register Write to Reg: 0x00 Val: 0x00000000
[inst #486] addi x0,x0,0
Register Write to Reg: 0x00 Val: 0x00000000
[inst #487] add x31,x5,x30
Register Write to Reg: 0x1F Val: 0x7FFFFF20
[inst #488] addi x0,x0,0
Register Write to Reg: 0x00 Val: 0x00000000
[inst #489] addi x0,x0,0
Register Write to Reg: 0x00 Val: 0x00000000
[inst #490] addi x0,x0,0
Register Write to Reg: 0x00 Val: 0x00000000
[inst #491] sw x29,0(x31)
Memory Write to Addr: 0x7FFFFF20 Val: 0x00000004
[inst #492] addi x6,x6,1
Register Write to Reg: 0x06 Val: 0x00000003
[inst #493] jal x0,-116
Register Write to Reg: 0x00 Val: 0x00400210
[inst #494] addi x0,x0,0
Register Write to Reg: 0x00 Val: 0x00000000
[inst #495] addi x0,x0,0
Register Write to Reg: 0x00 Val: 0x00000000
[inst #496] addi x0,x0,0
Register Write to Reg: 0x00 Val: 0x00000000
[inst #497] blt x13,x6,116
[inst #498] lw x10,152(x2)
Register Write to Reg: 0x0A Val: 0x10010000
[inst #499] lw x11,148(x2)
Register Write to Reg: 0x0B Val: 0x00000000
[inst #500] lw x12,144(x2)
Register Write to Reg: 0x0C Val: 0x00000001
[inst #501] lw x13,140(x2)
Register Write to Reg: 0x0D Val: 0x00000002
[inst #502] addi x0,x0,0
Register Write to Reg: 0x00 Val: 0x00000000
[inst #503] add x5,x0,x11
Register Write to Reg: 0x05 Val: 0x00000000
[inst #504] addi x6,x12,1
Register Write to Reg: 0x06 Val: 0x00000002
[inst #505] add x7,x0,x11
Register Write to Reg: 0x07 Val: 0x00000000
[inst #506] addi x28,x2,0
Register Write to Reg: 0x1C Val: 0x7FFFFF18
[inst #507] blt x12,x5,396
[inst #508] addi x0,x0,0
Register Write to Reg: 0x00 Val: 0x00000000
[inst #509] addi x0,x0,0
Register Write to Reg: 0x00 Val: 0x00000000
[inst #510] blt x13,x6,264
[inst #511] addi x0,x0,0
Register Write to Reg: 0x00 Val: 0x00000000
[inst #512] addi x0,x0,0
Register Write to Reg: 0x00 Val: 0x00000000
[inst #513] sub x29,x5,x11
Register Write to Reg: 0x1D Val: 0x00000000
[inst #514] addi x0,x0,0
Register Write to Reg: 0x00 Val: 0x00000000
[inst #515] addi x0,x0,0
Register Write to Reg: 0x00 Val: 0x00000000
[inst #516] addi x0,x0,0
Register Write to Reg: 0x00 Val: 0x00000000
[inst #517] slli x29,x29,2
Register Write to Reg: 0x1D Val: 0x00000000
[inst #518] addi x0,x0,0
Register Write to Reg: 0x00 Val: 0x00000000
[inst #519] addi x0,x0,0
Register Write to Reg: 0x00 Val: 0x00000000
[inst #520] addi x0,x0,0
Register Write to Reg: 0x00 Val: 0x00000000
[inst #521] add x30,x28,x29
Register Write to Reg: 0x1E Val: 0x7FFFFF18
[inst #522] addi x0,x0,0
Register Write to Reg: 0x00 Val: 0x00000000
[inst #523] addi x0,x0,0
Register Write to Reg: 0x00 Val: 0x00000000
[inst #524] addi x0,x0,0
Register Write to Reg: 0x00 Val: 0x00000000
[inst #525] lw x8,0(x30)
Register Write to Reg: 0x08 Val: 0x00000003
[inst #526] sub x29,x6,x11
Register Write to Reg: 0x1D Val: 0x00000002
[inst #527] addi x0,x0,0
Register Write to Reg: 0x00 Val: 0x00000000
[inst #528] addi x0,x0,0
Register Write to Reg: 0x00 Val: 0x00000000
[inst #529] addi x0,x0,0
Register Write to Reg: 0x00 Val: 0x00000000
[inst #530] slli x29,x29,2
Register Write to Reg: 0x1D Val: 0x00000008
[inst #531] addi x0,x0,0
Register Write to Reg: 0x00 Val: 0x00000000
[inst #532] addi x0,x0,0
Register Write to Reg: 0x00 Val: 0x00000000
[inst #533] addi x0,x0,0
Register Write to Reg: 0x00 Val: 0x00000000
[inst #534] add x30,x28,x29
Register Write to Reg: 0x1E Val: 0x7FFFFF20
[inst #535] addi x0,x0,0
Register Write to Reg: 0x00 Val: 0x00000000
[inst #536] addi x0,x0,0
Register Write to Reg: 0x00 Val: 0x00000000
[inst #537] addi x0,x0,0
Register Write to Reg: 0x00 Val: 0x00000000
[inst #538] lw x9,0(x30)
Register Write to Reg: 0x09 Val: 0x00000004
[inst #539] addi x0,x0,0
Register Write to Reg: 0x00 Val: 0x00000000
[inst #540] addi x0,x0,0
Register Write to Reg: 0x00 Val: 0x00000000
[inst #541] addi x0,x0,0
Register Write to Reg: 0x00 Val: 0x00000000
[inst #542] bge x9,x8,24
[inst #543] slli x29,x7,2
Register Write to Reg: 0x1D Val: 0x00000000
[inst #544] addi x0,x0,0
Register Write to Reg: 0x00 Val: 0x00000000
[inst #545] addi x0,x0,0
Register Write to Reg: 0x00 Val: 0x00000000
[inst #546] addi x0,x0,0
Register Write to Reg: 0x00 Val: 0x00000000
[inst #547] add x30,x10,x29
Register Write to Reg: 0x1E Val: 0x10010000
[inst #548] addi x0,x0,0
Register Write to Reg: 0x00 Val: 0x00000000
[inst #549] addi x0,x0,0
Register Write to Reg: 0x00 Val: 0x00000000
[inst #550] addi x0,x0,0
Register Write to Reg: 0x00 Val: 0x00000000
[inst #551] sw x8,0(x30)
Memory Write to Addr: 0x10010000 Val: 0x00000003
[inst #552] addi x5,x5,1
Register Write to Reg: 0x05 Val: 0x00000001
[inst #553] addi x7,x7,1
Register Write to Reg: 0x07 Val: 0x00000001
[inst #554] jal x0,-208
Register Write to Reg: 0x00 Val: 0x00400310
[inst #555] blt x12,x5,396
[inst #556] addi x0,x0,0
Register Write to Reg: 0x00 Val: 0x00000000
[inst #557] addi x0,x0,0
Register Write to Reg: 0x00 Val: 0x00000000
[inst #558] blt x13,x6,264
[inst #559] addi x0,x0,0
Register Write to Reg: 0x00 Val: 0x00000000
[inst #560] addi x0,x0,0
Register Write to Reg: 0x00 Val: 0x00000000
[inst #561] sub x29,x5,x11
Register Write to Reg: 0x1D Val: 0x00000001
[inst #562] addi x0,x0,0
Register Write to Reg: 0x00 Val: 0x00000000
[inst #563] addi x0,x0,0
Register Write to Reg: 0x00 Val: 0x00000000
[inst #564] addi x0,x0,0
Register Write to Reg: 0x00 Val: 0x00000000
[inst #565] slli x29,x29,2
Register Write to Reg: 0x1D Val: 0x00000004
[inst #566] addi x0,x0,0
Register Write to Reg: 0x00 Val: 0x00000000
[inst #567] addi x0,x0,0
Register Write to Reg: 0x00 Val: 0x00000000
[inst #568] addi x0,x0,0
Register Write to Reg: 0x00 Val: 0x00000000
[inst #569] add x30,x28,x29
Register Write to Reg: 0x1E Val: 0x7FFFFF1C
[inst #570] addi x0,x0,0
Register Write to Reg: 0x00 Val: 0x00000000
[inst #571] addi x0,x0,0
Register Write to Reg: 0x00 Val: 0x00000000
[inst #572] addi x0,x0,0
Register Write to Reg: 0x00 Val: 0x00000000
[inst #573] lw x8,0(x30)
Register Write to Reg: 0x08 Val: 0x00000009
[inst #574] sub x29,x6,x11
Register Write to Reg: 0x1D Val: 0x00000002
[inst #575] addi x0,x0,0
Register Write to Reg: 0x00 Val: 0x00000000
[inst #576] addi x0,x0,0
Register Write to Reg: 0x00 Val: 0x00000000
[inst #577] addi x0,x0,0
Register Write to Reg: 0x00 Val: 0x00000000
[inst #578] slli x29,x29,2
Register Write to Reg: 0x1D Val: 0x00000008
[inst #579] addi x0,x0,0
Register Write to Reg: 0x00 Val: 0x00000000
[inst #580] addi x0,x0,0
Register Write to Reg: 0x00 Val: 0x00000000
[inst #581] addi x0,x0,0
Register Write to Reg: 0x00 Val: 0x00000000
[inst #582] add x30,x28,x29
Register Write to Reg: 0x1E Val: 0x7FFFFF20
[inst #583] addi x0,x0,0
Register Write to Reg: 0x00 Val: 0x00000000
[inst #584] addi x0,x0,0
Register Write to Reg: 0x00 Val: 0x00000000
[inst #585] addi x0,x0,0
Register Write to Reg: 0x00 Val: 0x00000000
[inst #586] lw x9,0(x30)
Register Write to Reg: 0x09 Val: 0x00000004
[inst #587] addi x0,x0,0
Register Write to Reg: 0x00 Val: 0x00000000
[inst #588] addi x0,x0,0
Register Write to Reg: 0x00 Val: 0x00000000
[inst #589] addi x0,x0,0
Register Write to Reg: 0x00 Val: 0x00000000
[inst #590] bge x9,x8,24
[inst #591] addi x0,x0,0
Register Write to Reg: 0x00 Val: 0x00000000
[inst #592] addi x0,x0,0
Register Write to Reg: 0x00 Val: 0x00000000
[inst #593] jal x0,68
Register Write to Reg: 0x00 Val: 0x004002D8
[inst #594] slli x29,x7,2
Register Write to Reg: 0x1D Val: 0x00000004
[inst #595] addi x0,x0,0
Register Write to Reg: 0x00 Val: 0x00000000
[inst #596] addi x0,x0,0
Register Write to Reg: 0x00 Val: 0x00000000
[inst #597] addi x0,x0,0
Register Write to Reg: 0x00 Val: 0x00000000
[inst #598] add x30,x10,x29
Register Write to Reg: 0x1E Val: 0x10010004
[inst #599] addi x0,x0,0
Register Write to Reg: 0x00 Val: 0x00000000
[inst #600] addi x0,x0,0
Register Write to Reg: 0x00 Val: 0x00000000
[inst #601] addi x0,x0,0
Register Write to Reg: 0x00 Val: 0x00000000
[inst #602] sw x9,0(x30)
Memory Write to Addr: 0x10010004 Val: 0x00000004
[inst #603] addi x6,x6,1
Register Write to Reg: 0x06 Val: 0x00000003
[inst #604] addi x7,x7,1
Register Write to Reg: 0x07 Val: 0x00000002
[inst #605] jal x0,-264
Register Write to Reg: 0x00 Val: 0x00400348
[inst #606] blt x12,x5,396
[inst #607] addi x0,x0,0
Register Write to Reg: 0x00 Val: 0x00000000
[inst #608] addi x0,x0,0
Register Write to Reg: 0x00 Val: 0x00000000
[inst #609] blt x13,x6,264
[inst #610] blt x12,x5,240
[inst #611] addi x0,x0,0
Register Write to Reg: 0x00 Val: 0x00000000
[inst #612] addi x0,x0,0
Register Write to Reg: 0x00 Val: 0x00000000
[inst #613] sub x29,x5,x11
Register Write to Reg: 0x1D Val: 0x00000001
[inst #614] addi x0,x0,0
Register Write to Reg: 0x00 Val: 0x00000000
[inst #615] addi x0,x0,0
Register Write to Reg: 0x00 Val: 0x00000000
[inst #616] addi x0,x0,0
Register Write to Reg: 0x00 Val: 0x00000000
[inst #617] slli x29,x29,2
Register Write to Reg: 0x1D Val: 0x00000004
[inst #618] addi x0,x0,0
Register Write to Reg: 0x00 Val: 0x00000000
[inst #619] addi x0,x0,0
Register Write to Reg: 0x00 Val: 0x00000000
[inst #620] addi x0,x0,0
Register Write to Reg: 0x00 Val: 0x00000000
[inst #621] add x30,x28,x29
Register Write to Reg: 0x1E Val: 0x7FFFFF1C
[inst #622] addi x0,x0,0
Register Write to Reg: 0x00 Val: 0x00000000
[inst #623] addi x0,x0,0
Register Write to Reg: 0x00 Val: 0x00000000
[inst #624] addi x0,x0,0
Register Write to Reg: 0x00 Val: 0x00000000
[inst #625] lw x8,0(x30)
Register Write to Reg: 0x08 Val: 0x00000009
[inst #626] slli x29,x7,2
Register Write to Reg: 0x1D Val: 0x00000008
[inst #627] addi x0,x0,0
Register Write to Reg: 0x00 Val: 0x00000000
[inst #628] addi x0,x0,0
Register Write to Reg: 0x00 Val: 0x00000000
[inst #629] addi x0,x0,0
Register Write to Reg: 0x00 Val: 0x00000000
[inst #630] add x30,x10,x29
Register Write to Reg: 0x1E Val: 0x10010008
[inst #631] addi x0,x0,0
Register Write to Reg: 0x00 Val: 0x00000000
[inst #632] addi x0,x0,0
Register Write to Reg: 0x00 Val: 0x00000000
[inst #633] addi x0,x0,0
Register Write to Reg: 0x00 Val: 0x00000000
[inst #634] sw x8,0(x30)
Memory Write to Addr: 0x10010008 Val: 0x00000009
[inst #635] addi x5,x5,1
Register Write to Reg: 0x05 Val: 0x00000002
[inst #636] addi x7,x7,1
Register Write to Reg: 0x07 Val: 0x00000003
[inst #637] jal x0,-108
Register Write to Reg: 0x00 Val: 0x004003C0
[inst #638] blt x12,x5,240
[inst #639] lw x1,156(x2)
Register Write to Reg: 0x01 Val: 0x00400148
[inst #640] addi x2,x2,160
Register Write to Reg: 0x02 Val: 0x7FFFFFB8
[inst #641] jalr x0,x1,0
Register Write to Reg: 0x00 Val: 0x0040044C
[inst #642] addi x0,x0,0
Register Write to Reg: 0x00 Val: 0x00000000
[inst #643] addi x0,x0,0
Register Write to Reg: 0x00 Val: 0x00000000
[inst #644] lw x1,20(x2)
Register Write to Reg: 0x01 Val: 0x00400104
[inst #645] addi x2,x2,24
Register Write to Reg: 0x02 Val: 0x7FFFFFD0
[inst #646] addi x0,x0,0
Register Write to Reg: 0x00 Val: 0x00000000
[inst #647] addi x0,x0,0
Register Write to Reg: 0x00 Val: 0x00000000
[inst #648] jalr x0,x1,0
Register Write to Reg: 0x00 Val: 0x00400164
[inst #649] addi x0,x0,0
Register Write to Reg: 0x00 Val: 0x00000000
[inst #650] addi x0,x0,0
Register Write to Reg: 0x00 Val: 0x00000000
[inst #651] lw x10,16(x2)
Register Write to Reg: 0x0A Val: 0x10010000
[inst #652] lw x5,4(x2)
Register Write to Reg: 0x05 Val: 0x00000002
[inst #653] addi x0,x0,0
Register Write to Reg: 0x00 Val: 0x00000000
[inst #654] addi x0,x0,0
Register Write to Reg: 0x00 Val: 0x00000000
[inst #655] addi x0,x0,0
Register Write to Reg: 0x00 Val: 0x00000000
[inst #656] addi x11,x5,1
Register Write to Reg: 0x0B Val: 0x00000003
[inst #657] lw x12,8(x2)
Register Write to Reg: 0x0C Val: 0x00000005
[inst #658] jal x1,-136
Register Write to Reg: 0x01 Val: 0x0040012C
[inst #659] addi x2,x2,-24
Register Write to Reg: 0x02 Val: 0x7FFFFFB8
[inst #660] addi x0,x0,0
Register Write to Reg: 0x00 Val: 0x00000000
[inst #661] addi x0,x0,0
Register Write to Reg: 0x00 Val: 0x00000000
[inst #662] addi x0,x0,0
Register Write to Reg: 0x00 Val: 0x00000000
[inst #663] sw x1,20(x2)
Memory Write to Addr: 0x7FFFFFCC Val: 0x0040012C
[inst #664] sw x10,16(x2)
Memory Write to Addr: 0x7FFFFFC8 Val: 0x10010000
[inst #665] sw x11,12(x2)
Memory Write to Addr: 0x7FFFFFC4 Val: 0x00000003
[inst #666] sw x12,8(x2)
Memory Write to Addr: 0x7FFFFFC0 Val: 0x00000005
[inst #667] sw x0,4(x2)
Memory Write to Addr: 0x7FFFFFBC Val: 0x00000000
[inst #668] bge x11,x12,140
[inst #669] addi x0,x0,0
Register Write to Reg: 0x00 Val: 0x00000000
[inst #670] addi x0,x0,0
Register Write to Reg: 0x00 Val: 0x00000000
[inst #671] add x5,x11,x12
Register Write to Reg: 0x05 Val: 0x00000008
[inst #672] addi x0,x0,0
Register Write to Reg: 0x00 Val: 0x00000000
[inst #673] addi x0,x0,0
Register Write to Reg: 0x00 Val: 0x00000000
[inst #674] addi x0,x0,0
Register Write to Reg: 0x00 Val: 0x00000000
[inst #675] srai x5,x5,1
Register Write to Reg: 0x05 Val: 0x00000004
[inst #676] addi x0,x0,0
Register Write to Reg: 0x00 Val: 0x00000000
[inst #677] addi x0,x0,0
Register Write to Reg: 0x00 Val: 0x00000000
[inst #678] addi x0,x0,0
Register Write to Reg: 0x00 Val: 0x00000000
[inst #679] sw x5,4(x2)
Memory Write to Addr: 0x7FFFFFBC Val: 0x00000004
[inst #680] lw x10,16(x2)
Register Write to Reg: 0x0A Val: 0x10010000
[inst #681] lw x11,12(x2)
Register Write to Reg: 0x0B Val: 0x00000003
[inst #682] lw x12,4(x2)
Register Write to Reg: 0x0C Val: 0x00000004
[inst #683] jal x1,-96
Register Write to Reg: 0x01 Val: 0x00400104
[inst #684] addi x2,x2,-24
Register Write to Reg: 0x02 Val: 0x7FFFFFA0
[inst #685] addi x0,x0,0
Register Write to Reg: 0x00 Val: 0x00000000
[inst #686] addi x0,x0,0
Register Write to Reg: 0x00 Val: 0x00000000
[inst #687] addi x0,x0,0
Register Write to Reg: 0x00 Val: 0x00000000
[inst #688] sw x1,20(x2)
Memory Write to Addr: 0x7FFFFFB4 Val: 0x00400104
[inst #689] sw x10,16(x2)
Memory Write to Addr: 0x7FFFFFB0 Val: 0x10010000
[inst #690] sw x11,12(x2)
Memory Write to Addr: 0x7FFFFFAC Val: 0x00000003
[inst #691] sw x12,8(x2)
Memory Write to Addr: 0x7FFFFFA8 Val: 0x00000004
[inst #692] sw x0,4(x2)
Memory Write to Addr: 0x7FFFFFA4 Val: 0x00000000
[inst #693] bge x11,x12,140
[inst #694] addi x0,x0,0
Register Write to Reg: 0x00 Val: 0x00000000
[inst #695] addi x0,x0,0
Register Write to Reg: 0x00 Val: 0x00000000
[inst #696] add x5,x11,x12
Register Write to Reg: 0x05 Val: 0x00000007
[inst #697] addi x0,x0,0
Register Write to Reg: 0x00 Val: 0x00000000
[inst #698] addi x0,x0,0
Register Write to Reg: 0x00 Val: 0x00000000
[inst #699] addi x0,x0,0
Register Write to Reg: 0x00 Val: 0x00000000
[inst #700] srai x5,x5,1
Register Write to Reg: 0x05 Val: 0x00000003
[inst #701] addi x0,x0,0
Register Write to Reg: 0x00 Val: 0x00000000
[inst #702] addi x0,x0,0
Register Write to Reg: 0x00 Val: 0x00000000
[inst #703] addi x0,x0,0
Register Write to Reg: 0x00 Val: 0x00000000
[inst #704] sw x5,4(x2)
Memory Write to Addr: 0x7FFFFFA4 Val: 0x00000003
[inst #705] lw x10,16(x2)
Register Write to Reg: 0x0A Val: 0x10010000
[inst #706] lw x11,12(x2)
Register Write to Reg: 0x0B Val: 0x00000003
[inst #707] lw x12,4(x2)
Register Write to Reg: 0x0C Val: 0x00000003
[inst #708] jal x1,-96
Register Write to Reg: 0x01 Val: 0x00400104
[inst #709] addi x2,x2,-24
Register Write to Reg: 0x02 Val: 0x7FFFFF88
[inst #710] addi x0,x0,0
Register Write to Reg: 0x00 Val: 0x00000000
[inst #711] addi x0,x0,0
Register Write to Reg: 0x00 Val: 0x00000000
[inst #712] addi x0,x0,0
Register Write to Reg: 0x00 Val: 0x00000000
[inst #713] sw x1,20(x2)
Memory Write to Addr: 0x7FFFFF9C Val: 0x00400104
[inst #714] sw x10,16(x2)
Memory Write to Addr: 0x7FFFFF98 Val: 0x10010000
[inst #715] sw x11,12(x2)
Memory Write to Addr: 0x7FFFFF94 Val: 0x00000003
[inst #716] sw x12,8(x2)
Memory Write to Addr: 0x7FFFFF90 Val: 0x00000003
[inst #717] sw x0,4(x2)
Memory Write to Addr: 0x7FFFFF8C Val: 0x00000000
[inst #718] bge x11,x12,140
[inst #719] lw x1,20(x2)
Register Write to Reg: 0x01 Val: 0x00400104
[inst #720] addi x2,x2,24
Register Write to Reg: 0x02 Val: 0x7FFFFFA0
[inst #721] addi x0,x0,0
Register Write to Reg: 0x00 Val: 0x00000000
[inst #722] addi x0,x0,0
Register Write to Reg: 0x00 Val: 0x00000000
[inst #723] jalr x0,x1,0
Register Write to Reg: 0x00 Val: 0x00400164
[inst #724] addi x0,x0,0
Register Write to Reg: 0x00 Val: 0x00000000
[inst #725] addi x0,x0,0
Register Write to Reg: 0x00 Val: 0x00000000
[inst #726] lw x10,16(x2)
Register Write to Reg: 0x0A Val: 0x10010000
[inst #727] lw x5,4(x2)
Register Write to Reg: 0x05 Val: 0x00000003
[inst #728] addi x0,x0,0
Register Write to Reg: 0x00 Val: 0x00000000
[inst #729] addi x0,x0,0
Register Write to Reg: 0x00 Val: 0x00000000
[inst #730] addi x0,x0,0
Register Write to Reg: 0x00 Val: 0x00000000
[inst #731] addi x11,x5,1
Register Write to Reg: 0x0B Val: 0x00000004
[inst #732] lw x12,8(x2)
Register Write to Reg: 0x0C Val: 0x00000004
[inst #733] jal x1,-136
Register Write to Reg: 0x01 Val: 0x0040012C
[inst #734] addi x2,x2,-24
Register Write to Reg: 0x02 Val: 0x7FFFFF88
[inst #735] addi x0,x0,0
Register Write to Reg: 0x00 Val: 0x00000000
[inst #736] addi x0,x0,0
Register Write to Reg: 0x00 Val: 0x00000000
[inst #737] addi x0,x0,0
Register Write to Reg: 0x00 Val: 0x00000000
[inst #738] sw x1,20(x2)
Memory Write to Addr: 0x7FFFFF9C Val: 0x0040012C
[inst #739] sw x10,16(x2)
Memory Write to Addr: 0x7FFFFF98 Val: 0x10010000
[inst #740] sw x11,12(x2)
Memory Write to Addr: 0x7FFFFF94 Val: 0x00000004
[inst #741] sw x12,8(x2)
Memory Write to Addr: 0x7FFFFF90 Val: 0x00000004
[inst #742] sw x0,4(x2)
Memory Write to Addr: 0x7FFFFF8C Val: 0x00000000
[inst #743] bge x11,x12,140
[inst #744] lw x1,20(x2)
Register Write to Reg: 0x01 Val: 0x0040012C
[inst #745] addi x2,x2,24
Register Write to Reg: 0x02 Val: 0x7FFFFFA0
[inst #746] addi x0,x0,0
Register Write to Reg: 0x00 Val: 0x00000000
[inst #747] addi x0,x0,0
Register Write to Reg: 0x00 Val: 0x00000000
[inst #748] jalr x0,x1,0
Register Write to Reg: 0x00 Val: 0x00400164
[inst #749] addi x0,x0,0
Register Write to Reg: 0x00 Val: 0x00000000
[inst #750] addi x0,x0,0
Register Write to Reg: 0x00 Val: 0x00000000
[inst #751] lw x10,16(x2)
Register Write to Reg: 0x0A Val: 0x10010000
[inst #752] lw x11,12(x2)
Register Write to Reg: 0x0B Val: 0x00000003
[inst #753] lw x12,4(x2)
Register Write to Reg: 0x0C Val: 0x00000003
[inst #754] lw x13,8(x2)
Register Write to Reg: 0x0D Val: 0x00000004
[inst #755] jal x1,40
Register Write to Reg: 0x01 Val: 0x00400148
[inst #756] addi x2,x2,-160
Register Write to Reg: 0x02 Val: 0x7FFFFF00
[inst #757] addi x0,x0,0
Register Write to Reg: 0x00 Val: 0x00000000
[inst #758] addi x0,x0,0
Register Write to Reg: 0x00 Val: 0x00000000
[inst #759] addi x0,x0,0
Register Write to Reg: 0x00 Val: 0x00000000
[inst #760] sw x1,156(x2)
Memory Write to Addr: 0x7FFFFF9C Val: 0x00400148
[inst #761] sw x10,152(x2)
Memory Write to Addr: 0x7FFFFF98 Val: 0x10010000
[inst #762] sw x11,148(x2)
Memory Write to Addr: 0x7FFFFF94 Val: 0x00000003
[inst #763] sw x12,144(x2)
Memory Write to Addr: 0x7FFFFF90 Val: 0x00000003
[inst #764] sw x13,140(x2)
Memory Write to Addr: 0x7FFFFF8C Val: 0x00000004
[inst #765] addi x5,x2,0
Register Write to Reg: 0x05 Val: 0x7FFFFF00
[inst #766] add x6,x0,x11
Register Write to Reg: 0x06 Val: 0x00000003
[inst #767] addi x0,x0,0
Register Write to Reg: 0x00 Val: 0x00000000
[inst #768] addi x0,x0,0
Register Write to Reg: 0x00 Val: 0x00000000
[inst #769] addi x0,x0,0
Register Write to Reg: 0x00 Val: 0x00000000
[inst #770] blt x13,x6,116
[inst #771] addi x0,x0,0
Register Write to Reg: 0x00 Val: 0x00000000
[inst #772] addi x0,x0,0
Register Write to Reg: 0x00 Val: 0x00000000
[inst #773] slli x7,x6,2
Register Write to Reg: 0x07 Val: 0x0000000C
[inst #774] addi x0,x0,0
Register Write to Reg: 0x00 Val: 0x00000000
[inst #775] addi x0,x0,0
Register Write to Reg: 0x00 Val: 0x00000000
[inst #776] addi x0,x0,0
Register Write to Reg: 0x00 Val: 0x00000000
[inst #777] add x28,x10,x7
Register Write to Reg: 0x1C Val: 0x1001000C
[inst #778] addi x0,x0,0
Register Write to Reg: 0x00 Val: 0x00000000
[inst #779] addi x0,x0,0
Register Write to Reg: 0x00 Val: 0x00000000
[inst #780] addi x0,x0,0
Register Write to Reg: 0x00 Val: 0x00000000
[inst #781] lw x29,0(x28)
Register Write to Reg: 0x1D Val: 0x00000007
[inst #782] sub x30,x6,x11
Register Write to Reg: 0x1E Val: 0x00000000
[inst #783] addi x0,x0,0
Register Write to Reg: 0x00 Val: 0x00000000
[inst #784] addi x0,x0,0
Register Write to Reg: 0x00 Val: 0x00000000
[inst #785] addi x0,x0,0
Register Write to Reg: 0x00 Val: 0x00000000
[inst #786] slli x30,x30,2
Register Write to Reg: 0x1E Val: 0x00000000
[inst #787] addi x0,x0,0
Register Write to Reg: 0x00 Val: 0x00000000
[inst #788] addi x0,x0,0
Register Write to Reg: 0x00 Val: 0x00000000
[inst #789] addi x0,x0,0
Register Write to Reg: 0x00 Val: 0x00000000
[inst #790] add x31,x5,x30
Register Write to Reg: 0x1F Val: 0x7FFFFF00
[inst #791] addi x0,x0,0
Register Write to Reg: 0x00 Val: 0x00000000
[inst #792] addi x0,x0,0
Register Write to Reg: 0x00 Val: 0x00000000
[inst #793] addi x0,x0,0
Register Write to Reg: 0x00 Val: 0x00000000
[inst #794] sw x29,0(x31)
Memory Write to Addr: 0x7FFFFF00 Val: 0x00000007
[inst #795] addi x6,x6,1
Register Write to Reg: 0x06 Val: 0x00000004
[inst #796] jal x0,-116
Register Write to Reg: 0x00 Val: 0x00400210
[inst #797] addi x0,x0,0
Register Write to Reg: 0x00 Val: 0x00000000
[inst #798] addi x0,x0,0
Register Write to Reg: 0x00 Val: 0x00000000
[inst #799] addi x0,x0,0
Register Write to Reg: 0x00 Val: 0x00000000
[inst #800] blt x13,x6,116
[inst #801] addi x0,x0,0
Register Write to Reg: 0x00 Val: 0x00000000
[inst #802] addi x0,x0,0
Register Write to Reg: 0x00 Val: 0x00000000
[inst #803] slli x7,x6,2
Register Write to Reg: 0x07 Val: 0x00000010
[inst #804] addi x0,x0,0
Register Write to Reg: 0x00 Val: 0x00000000
[inst #805] addi x0,x0,0
Register Write to Reg: 0x00 Val: 0x00000000
[inst #806] addi x0,x0,0
Register Write to Reg: 0x00 Val: 0x00000000
[inst #807] add x28,x10,x7
Register Write to Reg: 0x1C Val: 0x10010010
[inst #808] addi x0,x0,0
Register Write to Reg: 0x00 Val: 0x00000000
[inst #809] addi x0,x0,0
Register Write to Reg: 0x00 Val: 0x00000000
[inst #810] addi x0,x0,0
Register Write to Reg: 0x00 Val: 0x00000000
[inst #811] lw x29,0(x28)
Register Write to Reg: 0x1D Val: 0x00000002
[inst #812] sub x30,x6,x11
Register Write to Reg: 0x1E Val: 0x00000001
[inst #813] addi x0,x0,0
Register Write to Reg: 0x00 Val: 0x00000000
[inst #814] addi x0,x0,0
Register Write to Reg: 0x00 Val: 0x00000000
[inst #815] addi x0,x0,0
Register Write to Reg: 0x00 Val: 0x00000000
[inst #816] slli x30,x30,2
Register Write to Reg: 0x1E Val: 0x00000004
[inst #817] addi x0,x0,0
Register Write to Reg: 0x00 Val: 0x00000000
[inst #818] addi x0,x0,0
Register Write to Reg: 0x00 Val: 0x00000000
[inst #819] addi x0,x0,0
Register Write to Reg: 0x00 Val: 0x00000000
[inst #820] add x31,x5,x30
Register Write to Reg: 0x1F Val: 0x7FFFFF04
[inst #821] addi x0,x0,0
Register Write to Reg: 0x00 Val: 0x00000000
[inst #822] addi x0,x0,0
Register Write to Reg: 0x00 Val: 0x00000000
[inst #823] addi x0,x0,0
Register Write to Reg: 0x00 Val: 0x00000000
[inst #824] sw x29,0(x31)
Memory Write to Addr: 0x7FFFFF04 Val: 0x00000002
[inst #825] addi x6,x6,1
Register Write to Reg: 0x06 Val: 0x00000005
[inst #826] jal x0,-116
Register Write to Reg: 0x00 Val: 0x00400210
[inst #827] addi x0,x0,0
Register Write to Reg: 0x00 Val: 0x00000000
[inst #828] addi x0,x0,0
Register Write to Reg: 0x00 Val: 0x00000000
[inst #829] addi x0,x0,0
Register Write to Reg: 0x00 Val: 0x00000000
[inst #830] blt x13,x6,116
[inst #831] lw x10,152(x2)
Register Write to Reg: 0x0A Val: 0x10010000
[inst #832] lw x11,148(x2)
Register Write to Reg: 0x0B Val: 0x00000003
[inst #833] lw x12,144(x2)
Register Write to Reg: 0x0C Val: 0x00000003
[inst #834] lw x13,140(x2)
Register Write to Reg: 0x0D Val: 0x00000004
[inst #835] addi x0,x0,0
Register Write to Reg: 0x00 Val: 0x00000000
[inst #836] add x5,x0,x11
Register Write to Reg: 0x05 Val: 0x00000003
[inst #837] addi x6,x12,1
Register Write to Reg: 0x06 Val: 0x00000004
[inst #838] add x7,x0,x11
Register Write to Reg: 0x07 Val: 0x00000003
[inst #839] addi x28,x2,0
Register Write to Reg: 0x1C Val: 0x7FFFFF00
[inst #840] blt x12,x5,396
[inst #841] addi x0,x0,0
Register Write to Reg: 0x00 Val: 0x00000000
[inst #842] addi x0,x0,0
Register Write to Reg: 0x00 Val: 0x00000000
[inst #843] blt x13,x6,264
[inst #844] addi x0,x0,0
Register Write to Reg: 0x00 Val: 0x00000000
[inst #845] addi x0,x0,0
Register Write to Reg: 0x00 Val: 0x00000000
[inst #846] sub x29,x5,x11
Register Write to Reg: 0x1D Val: 0x00000000
[inst #847] addi x0,x0,0
Register Write to Reg: 0x00 Val: 0x00000000
[inst #848] addi x0,x0,0
Register Write to Reg: 0x00 Val: 0x00000000
[inst #849] addi x0,x0,0
Register Write to Reg: 0x00 Val: 0x00000000
[inst #850] slli x29,x29,2
Register Write to Reg: 0x1D Val: 0x00000000
[inst #851] addi x0,x0,0
Register Write to Reg: 0x00 Val: 0x00000000
[inst #852] addi x0,x0,0
Register Write to Reg: 0x00 Val: 0x00000000
[inst #853] addi x0,x0,0
Register Write to Reg: 0x00 Val: 0x00000000
[inst #854] add x30,x28,x29
Register Write to Reg: 0x1E Val: 0x7FFFFF00
[inst #855] addi x0,x0,0
Register Write to Reg: 0x00 Val: 0x00000000
[inst #856] addi x0,x0,0
Register Write to Reg: 0x00 Val: 0x00000000
[inst #857] addi x0,x0,0
Register Write to Reg: 0x00 Val: 0x00000000
[inst #858] lw x8,0(x30)
Register Write to Reg: 0x08 Val: 0x00000007
[inst #859] sub x29,x6,x11
Register Write to Reg: 0x1D Val: 0x00000001
[inst #860] addi x0,x0,0
Register Write to Reg: 0x00 Val: 0x00000000
[inst #861] addi x0,x0,0
Register Write to Reg: 0x00 Val: 0x00000000
[inst #862] addi x0,x0,0
Register Write to Reg: 0x00 Val: 0x00000000
[inst #863] slli x29,x29,2
Register Write to Reg: 0x1D Val: 0x00000004
[inst #864] addi x0,x0,0
Register Write to Reg: 0x00 Val: 0x00000000
[inst #865] addi x0,x0,0
Register Write to Reg: 0x00 Val: 0x00000000
[inst #866] addi x0,x0,0
Register Write to Reg: 0x00 Val: 0x00000000
[inst #867] add x30,x28,x29
Register Write to Reg: 0x1E Val: 0x7FFFFF04
[inst #868] addi x0,x0,0
Register Write to Reg: 0x00 Val: 0x00000000
[inst #869] addi x0,x0,0
Register Write to Reg: 0x00 Val: 0x00000000
[inst #870] addi x0,x0,0
Register Write to Reg: 0x00 Val: 0x00000000
[inst #871] lw x9,0(x30)
Register Write to Reg: 0x09 Val: 0x00000002
[inst #872] addi x0,x0,0
Register Write to Reg: 0x00 Val: 0x00000000
[inst #873] addi x0,x0,0
Register Write to Reg: 0x00 Val: 0x00000000
[inst #874] addi x0,x0,0
Register Write to Reg: 0x00 Val: 0x00000000
[inst #875] bge x9,x8,24
[inst #876] addi x0,x0,0
Register Write to Reg: 0x00 Val: 0x00000000
[inst #877] addi x0,x0,0
Register Write to Reg: 0x00 Val: 0x00000000
[inst #878] jal x0,68
Register Write to Reg: 0x00 Val: 0x004002D8
[inst #879] slli x29,x7,2
Register Write to Reg: 0x1D Val: 0x0000000C
[inst #880] addi x0,x0,0
Register Write to Reg: 0x00 Val: 0x00000000
[inst #881] addi x0,x0,0
Register Write to Reg: 0x00 Val: 0x00000000
[inst #882] addi x0,x0,0
Register Write to Reg: 0x00 Val: 0x00000000
[inst #883] add x30,x10,x29
Register Write to Reg: 0x1E Val: 0x1001000C
[inst #884] addi x0,x0,0
Register Write to Reg: 0x00 Val: 0x00000000
[inst #885] addi x0,x0,0
Register Write to Reg: 0x00 Val: 0x00000000
[inst #886] addi x0,x0,0
Register Write to Reg: 0x00 Val: 0x00000000
[inst #887] sw x9,0(x30)
Memory Write to Addr: 0x1001000C Val: 0x00000002
[inst #888] addi x6,x6,1
Register Write to Reg: 0x06 Val: 0x00000005
[inst #889] addi x7,x7,1
Register Write to Reg: 0x07 Val: 0x00000004
[inst #890] jal x0,-264
Register Write to Reg: 0x00 Val: 0x00400348
[inst #891] blt x12,x5,396
[inst #892] addi x0,x0,0
Register Write to Reg: 0x00 Val: 0x00000000
[inst #893] addi x0,x0,0
Register Write to Reg: 0x00 Val: 0x00000000
[inst #894] blt x13,x6,264
[inst #895] blt x12,x5,240
[inst #896] addi x0,x0,0
Register Write to Reg: 0x00 Val: 0x00000000
[inst #897] addi x0,x0,0
Register Write to Reg: 0x00 Val: 0x00000000
[inst #898] sub x29,x5,x11
Register Write to Reg: 0x1D Val: 0x00000000
[inst #899] addi x0,x0,0
Register Write to Reg: 0x00 Val: 0x00000000
[inst #900] addi x0,x0,0
Register Write to Reg: 0x00 Val: 0x00000000
[inst #901] addi x0,x0,0
Register Write to Reg: 0x00 Val: 0x00000000
[inst #902] slli x29,x29,2
Register Write to Reg: 0x1D Val: 0x00000000
[inst #903] addi x0,x0,0
Register Write to Reg: 0x00 Val: 0x00000000
[inst #904] addi x0,x0,0
Register Write to Reg: 0x00 Val: 0x00000000
[inst #905] addi x0,x0,0
Register Write to Reg: 0x00 Val: 0x00000000
[inst #906] add x30,x28,x29
Register Write to Reg: 0x1E Val: 0x7FFFFF00
[inst #907] addi x0,x0,0
Register Write to Reg: 0x00 Val: 0x00000000
[inst #908] addi x0,x0,0
Register Write to Reg: 0x00 Val: 0x00000000
[inst #909] addi x0,x0,0
Register Write to Reg: 0x00 Val: 0x00000000
[inst #910] lw x8,0(x30)
Register Write to Reg: 0x08 Val: 0x00000007
[inst #911] slli x29,x7,2
Register Write to Reg: 0x1D Val: 0x00000010
[inst #912] addi x0,x0,0
Register Write to Reg: 0x00 Val: 0x00000000
[inst #913] addi x0,x0,0
Register Write to Reg: 0x00 Val: 0x00000000
[inst #914] addi x0,x0,0
Register Write to Reg: 0x00 Val: 0x00000000
[inst #915] add x30,x10,x29
Register Write to Reg: 0x1E Val: 0x10010010
[inst #916] addi x0,x0,0
Register Write to Reg: 0x00 Val: 0x00000000
[inst #917] addi x0,x0,0
Register Write to Reg: 0x00 Val: 0x00000000
[inst #918] addi x0,x0,0
Register Write to Reg: 0x00 Val: 0x00000000
[inst #919] sw x8,0(x30)
Memory Write to Addr: 0x10010010 Val: 0x00000007
[inst #920] addi x5,x5,1
Register Write to Reg: 0x05 Val: 0x00000004
[inst #921] addi x7,x7,1
Register Write to Reg: 0x07 Val: 0x00000005
[inst #922] jal x0,-108
Register Write to Reg: 0x00 Val: 0x004003C0
[inst #923] blt x12,x5,240
[inst #924] lw x1,156(x2)
Register Write to Reg: 0x01 Val: 0x00400148
[inst #925] addi x2,x2,160
Register Write to Reg: 0x02 Val: 0x7FFFFFA0
[inst #926] jalr x0,x1,0
Register Write to Reg: 0x00 Val: 0x0040044C
[inst #927] addi x0,x0,0
Register Write to Reg: 0x00 Val: 0x00000000
[inst #928] addi x0,x0,0
Register Write to Reg: 0x00 Val: 0x00000000
[inst #929] lw x1,20(x2)
Register Write to Reg: 0x01 Val: 0x00400104
[inst #930] addi x2,x2,24
Register Write to Reg: 0x02 Val: 0x7FFFFFB8
[inst #931] addi x0,x0,0
Register Write to Reg: 0x00 Val: 0x00000000
[inst #932] addi x0,x0,0
Register Write to Reg: 0x00 Val: 0x00000000
[inst #933] jalr x0,x1,0
Register Write to Reg: 0x00 Val: 0x00400164
[inst #934] addi x0,x0,0
Register Write to Reg: 0x00 Val: 0x00000000
[inst #935] addi x0,x0,0
Register Write to Reg: 0x00 Val: 0x00000000
[inst #936] lw x10,16(x2)
Register Write to Reg: 0x0A Val: 0x10010000
[inst #937] lw x5,4(x2)
Register Write to Reg: 0x05 Val: 0x00000004
[inst #938] addi x0,x0,0
Register Write to Reg: 0x00 Val: 0x00000000
[inst #939] addi x0,x0,0
Register Write to Reg: 0x00 Val: 0x00000000
[inst #940] addi x0,x0,0
Register Write to Reg: 0x00 Val: 0x00000000
[inst #941] addi x11,x5,1
Register Write to Reg: 0x0B Val: 0x00000005
[inst #942] lw x12,8(x2)
Register Write to Reg: 0x0C Val: 0x00000005
[inst #943] jal x1,-136
Register Write to Reg: 0x01 Val: 0x0040012C
[inst #944] addi x2,x2,-24
Register Write to Reg: 0x02 Val: 0x7FFFFFA0
[inst #945] addi x0,x0,0
Register Write to Reg: 0x00 Val: 0x00000000
[inst #946] addi x0,x0,0
Register Write to Reg: 0x00 Val: 0x00000000
[inst #947] addi x0,x0,0
Register Write to Reg: 0x00 Val: 0x00000000
[inst #948] sw x1,20(x2)
Memory Write to Addr: 0x7FFFFFB4 Val: 0x0040012C
[inst #949] sw x10,16(x2)
Memory Write to Addr: 0x7FFFFFB0 Val: 0x10010000
[inst #950] sw x11,12(x2)
Memory Write to Addr: 0x7FFFFFAC Val: 0x00000005
[inst #951] sw x12,8(x2)
Memory Write to Addr: 0x7FFFFFA8 Val: 0x00000005
[inst #952] sw x0,4(x2)
Memory Write to Addr: 0x7FFFFFA4 Val: 0x00000000
[inst #953] bge x11,x12,140
[inst #954] lw x1,20(x2)
Register Write to Reg: 0x01 Val: 0x0040012C
[inst #955] addi x2,x2,24
Register Write to Reg: 0x02 Val: 0x7FFFFFB8
[inst #956] addi x0,x0,0
Register Write to Reg: 0x00 Val: 0x00000000
[inst #957] addi x0,x0,0
Register Write to Reg: 0x00 Val: 0x00000000
[inst #958] jalr x0,x1,0
Register Write to Reg: 0x00 Val: 0x00400164
[inst #959] addi x0,x0,0
Register Write to Reg: 0x00 Val: 0x00000000
[inst #960] addi x0,x0,0
Register Write to Reg: 0x00 Val: 0x00000000
[inst #961] lw x10,16(x2)
Register Write to Reg: 0x0A Val: 0x10010000
[inst #962] lw x11,12(x2)
Register Write to Reg: 0x0B Val: 0x00000003
[inst #963] lw x12,4(x2)
Register Write to Reg: 0x0C Val: 0x00000004
[inst #964] lw x13,8(x2)
Register Write to Reg: 0x0D Val: 0x00000005
[inst #965] jal x1,40
Register Write to Reg: 0x01 Val: 0x00400148
[inst #966] addi x2,x2,-160
Register Write to Reg: 0x02 Val: 0x7FFFFF18
[inst #967] addi x0,x0,0
Register Write to Reg: 0x00 Val: 0x00000000
[inst #968] addi x0,x0,0
Register Write to Reg: 0x00 Val: 0x00000000
[inst #969] addi x0,x0,0
Register Write to Reg: 0x00 Val: 0x00000000
[inst #970] sw x1,156(x2)
Memory Write to Addr: 0x7FFFFFB4 Val: 0x00400148
[inst #971] sw x10,152(x2)
Memory Write to Addr: 0x7FFFFFB0 Val: 0x10010000
[inst #972] sw x11,148(x2)
Memory Write to Addr: 0x7FFFFFAC Val: 0x00000003
[inst #973] sw x12,144(x2)
Memory Write to Addr: 0x7FFFFFA8 Val: 0x00000004
[inst #974] sw x13,140(x2)
Memory Write to Addr: 0x7FFFFFA4 Val: 0x00000005
[inst #975] addi x5,x2,0
Register Write to Reg: 0x05 Val: 0x7FFFFF18
[inst #976] add x6,x0,x11
Register Write to Reg: 0x06 Val: 0x00000003
[inst #977] addi x0,x0,0
Register Write to Reg: 0x00 Val: 0x00000000
[inst #978] addi x0,x0,0
Register Write to Reg: 0x00 Val: 0x00000000
[inst #979] addi x0,x0,0
Register Write to Reg: 0x00 Val: 0x00000000
[inst #980] blt x13,x6,116
[inst #981] addi x0,x0,0
Register Write to Reg: 0x00 Val: 0x00000000
[inst #982] addi x0,x0,0
Register Write to Reg: 0x00 Val: 0x00000000
[inst #983] slli x7,x6,2
Register Write to Reg: 0x07 Val: 0x0000000C
[inst #984] addi x0,x0,0
Register Write to Reg: 0x00 Val: 0x00000000
[inst #985] addi x0,x0,0
Register Write to Reg: 0x00 Val: 0x00000000
[inst #986] addi x0,x0,0
Register Write to Reg: 0x00 Val: 0x00000000
[inst #987] add x28,x10,x7
Register Write to Reg: 0x1C Val: 0x1001000C
[inst #988] addi x0,x0,0
Register Write to Reg: 0x00 Val: 0x00000000
[inst #989] addi x0,x0,0
Register Write to Reg: 0x00 Val: 0x00000000
[inst #990] addi x0,x0,0
Register Write to Reg: 0x00 Val: 0x00000000
[inst #991] lw x29,0(x28)
Register Write to Reg: 0x1D Val: 0x00000002
[inst #992] sub x30,x6,x11
Register Write to Reg: 0x1E Val: 0x00000000
[inst #993] addi x0,x0,0
Register Write to Reg: 0x00 Val: 0x00000000
[inst #994] addi x0,x0,0
Register Write to Reg: 0x00 Val: 0x00000000
[inst #995] addi x0,x0,0
Register Write to Reg: 0x00 Val: 0x00000000
[inst #996] slli x30,x30,2
Register Write to Reg: 0x1E Val: 0x00000000
[inst #997] addi x0,x0,0
Register Write to Reg: 0x00 Val: 0x00000000
[inst #998] addi x0,x0,0
Register Write to Reg: 0x00 Val: 0x00000000
[inst #999] addi x0,x0,0
Register Write to Reg: 0x00 Val: 0x00000000
[inst #1000] add x31,x5,x30
Register Write to Reg: 0x1F Val: 0x7FFFFF18
[inst #1001] addi x0,x0,0
Register Write to Reg: 0x00 Val: 0x00000000
[inst #1002] addi x0,x0,0
Register Write to Reg: 0x00 Val: 0x00000000
[inst #1003] addi x0,x0,0
Register Write to Reg: 0x00 Val: 0x00000000
[inst #1004] sw x29,0(x31)
Memory Write to Addr: 0x7FFFFF18 Val: 0x00000002
[inst #1005] addi x6,x6,1
Register Write to Reg: 0x06 Val: 0x00000004
[inst #1006] jal x0,-116
Register Write to Reg: 0x00 Val: 0x00400210
[inst #1007] addi x0,x0,0
Register Write to Reg: 0x00 Val: 0x00000000
[inst #1008] addi x0,x0,0
Register Write to Reg: 0x00 Val: 0x00000000
[inst #1009] addi x0,x0,0
Register Write to Reg: 0x00 Val: 0x00000000
[inst #1010] blt x13,x6,116
[inst #1011] addi x0,x0,0
Register Write to Reg: 0x00 Val: 0x00000000
[inst #1012] addi x0,x0,0
Register Write to Reg: 0x00 Val: 0x00000000
[inst #1013] slli x7,x6,2
Register Write to Reg: 0x07 Val: 0x00000010
[inst #1014] addi x0,x0,0
Register Write to Reg: 0x00 Val: 0x00000000
[inst #1015] addi x0,x0,0
Register Write to Reg: 0x00 Val: 0x00000000
[inst #1016] addi x0,x0,0
Register Write to Reg: 0x00 Val: 0x00000000
[inst #1017] add x28,x10,x7
Register Write to Reg: 0x1C Val: 0x10010010
[inst #1018] addi x0,x0,0
Register Write to Reg: 0x00 Val: 0x00000000
[inst #1019] addi x0,x0,0
Register Write to Reg: 0x00 Val: 0x00000000
[inst #1020] addi x0,x0,0
Register Write to Reg: 0x00 Val: 0x00000000
[inst #1021] lw x29,0(x28)
Register Write to Reg: 0x1D Val: 0x00000007
[inst #1022] sub x30,x6,x11
Register Write to Reg: 0x1E Val: 0x00000001
[inst #1023] addi x0,x0,0
Register Write to Reg: 0x00 Val: 0x00000000
[inst #1024] addi x0,x0,0
Register Write to Reg: 0x00 Val: 0x00000000
[inst #1025] addi x0,x0,0
Register Write to Reg: 0x00 Val: 0x00000000
[inst #1026] slli x30,x30,2
Register Write to Reg: 0x1E Val: 0x00000004
[inst #1027] addi x0,x0,0
Register Write to Reg: 0x00 Val: 0x00000000
[inst #1028] addi x0,x0,0
Register Write to Reg: 0x00 Val: 0x00000000
[inst #1029] addi x0,x0,0
Register Write to Reg: 0x00 Val: 0x00000000
[inst #1030] add x31,x5,x30
Register Write to Reg: 0x1F Val: 0x7FFFFF1C
[inst #1031] addi x0,x0,0
Register Write to Reg: 0x00 Val: 0x00000000
[inst #1032] addi x0,x0,0
Register Write to Reg: 0x00 Val: 0x00000000
[inst #1033] addi x0,x0,0
Register Write to Reg: 0x00 Val: 0x00000000
[inst #1034] sw x29,0(x31)
Memory Write to Addr: 0x7FFFFF1C Val: 0x00000007
[inst #1035] addi x6,x6,1
Register Write to Reg: 0x06 Val: 0x00000005
[inst #1036] jal x0,-116
Register Write to Reg: 0x00 Val: 0x00400210
[inst #1037] addi x0,x0,0
Register Write to Reg: 0x00 Val: 0x00000000
[inst #1038] addi x0,x0,0
Register Write to Reg: 0x00 Val: 0x00000000
[inst #1039] addi x0,x0,0
Register Write to Reg: 0x00 Val: 0x00000000
[inst #1040] blt x13,x6,116
[inst #1041] addi x0,x0,0
Register Write to Reg: 0x00 Val: 0x00000000
[inst #1042] addi x0,x0,0
Register Write to Reg: 0x00 Val: 0x00000000
[inst #1043] slli x7,x6,2
Register Write to Reg: 0x07 Val: 0x00000014
[inst #1044] addi x0,x0,0
Register Write to Reg: 0x00 Val: 0x00000000
[inst #1045] addi x0,x0,0
Register Write to Reg: 0x00 Val: 0x00000000
[inst #1046] addi x0,x0,0
Register Write to Reg: 0x00 Val: 0x00000000
[inst #1047] add x28,x10,x7
Register Write to Reg: 0x1C Val: 0x10010014
[inst #1048] addi x0,x0,0
Register Write to Reg: 0x00 Val: 0x00000000
[inst #1049] addi x0,x0,0
Register Write to Reg: 0x00 Val: 0x00000000
[inst #1050] addi x0,x0,0
Register Write to Reg: 0x00 Val: 0x00000000
[inst #1051] lw x29,0(x28)
Register Write to Reg: 0x1D Val: 0xFFFFFFFF
[inst #1052] sub x30,x6,x11
Register Write to Reg: 0x1E Val: 0x00000002
[inst #1053] addi x0,x0,0
Register Write to Reg: 0x00 Val: 0x00000000
[inst #1054] addi x0,x0,0
Register Write to Reg: 0x00 Val: 0x00000000
[inst #1055] addi x0,x0,0
Register Write to Reg: 0x00 Val: 0x00000000
[inst #1056] slli x30,x30,2
Register Write to Reg: 0x1E Val: 0x00000008
[inst #1057] addi x0,x0,0
Register Write to Reg: 0x00 Val: 0x00000000
[inst #1058] addi x0,x0,0
Register Write to Reg: 0x00 Val: 0x00000000
[inst #1059] addi x0,x0,0
Register Write to Reg: 0x00 Val: 0x00000000
[inst #1060] add x31,x5,x30
Register Write to Reg: 0x1F Val: 0x7FFFFF20
[inst #1061] addi x0,x0,0
Register Write to Reg: 0x00 Val: 0x00000000
[inst #1062] addi x0,x0,0
Register Write to Reg: 0x00 Val: 0x00000000
[inst #1063] addi x0,x0,0
Register Write to Reg: 0x00 Val: 0x00000000
[inst #1064] sw x29,0(x31)
Memory Write to Addr: 0x7FFFFF20 Val: 0xFFFFFFFF
[inst #1065] addi x6,x6,1
Register Write to Reg: 0x06 Val: 0x00000006
[inst #1066] jal x0,-116
Register Write to Reg: 0x00 Val: 0x00400210
[inst #1067] addi x0,x0,0
Register Write to Reg: 0x00 Val: 0x00000000
[inst #1068] addi x0,x0,0
Register Write to Reg: 0x00 Val: 0x00000000
[inst #1069] addi x0,x0,0
Register Write to Reg: 0x00 Val: 0x00000000
[inst #1070] blt x13,x6,116
[inst #1071] lw x10,152(x2)
Register Write to Reg: 0x0A Val: 0x10010000
[inst #1072] lw x11,148(x2)
Register Write to Reg: 0x0B Val: 0x00000003
[inst #1073] lw x12,144(x2)
Register Write to Reg: 0x0C Val: 0x00000004
[inst #1074] lw x13,140(x2)
Register Write to Reg: 0x0D Val: 0x00000005
[inst #1075] addi x0,x0,0
Register Write to Reg: 0x00 Val: 0x00000000
[inst #1076] add x5,x0,x11
Register Write to Reg: 0x05 Val: 0x00000003
[inst #1077] addi x6,x12,1
Register Write to Reg: 0x06 Val: 0x00000005
[inst #1078] add x7,x0,x11
Register Write to Reg: 0x07 Val: 0x00000003
[inst #1079] addi x28,x2,0
Register Write to Reg: 0x1C Val: 0x7FFFFF18
[inst #1080] blt x12,x5,396
[inst #1081] addi x0,x0,0
Register Write to Reg: 0x00 Val: 0x00000000
[inst #1082] addi x0,x0,0
Register Write to Reg: 0x00 Val: 0x00000000
[inst #1083] blt x13,x6,264
[inst #1084] addi x0,x0,0
Register Write to Reg: 0x00 Val: 0x00000000
[inst #1085] addi x0,x0,0
Register Write to Reg: 0x00 Val: 0x00000000
[inst #1086] sub x29,x5,x11
Register Write to Reg: 0x1D Val: 0x00000000
[inst #1087] addi x0,x0,0
Register Write to Reg: 0x00 Val: 0x00000000
[inst #1088] addi x0,x0,0
Register Write to Reg: 0x00 Val: 0x00000000
[inst #1089] addi x0,x0,0
Register Write to Reg: 0x00 Val: 0x00000000
[inst #1090] slli x29,x29,2
Register Write to Reg: 0x1D Val: 0x00000000
[inst #1091] addi x0,x0,0
Register Write to Reg: 0x00 Val: 0x00000000
[inst #1092] addi x0,x0,0
Register Write to Reg: 0x00 Val: 0x00000000
[inst #1093] addi x0,x0,0
Register Write to Reg: 0x00 Val: 0x00000000
[inst #1094] add x30,x28,x29
Register Write to Reg: 0x1E Val: 0x7FFFFF18
[inst #1095] addi x0,x0,0
Register Write to Reg: 0x00 Val: 0x00000000
[inst #1096] addi x0,x0,0
Register Write to Reg: 0x00 Val: 0x00000000
[inst #1097] addi x0,x0,0
Register Write to Reg: 0x00 Val: 0x00000000
[inst #1098] lw x8,0(x30)
Register Write to Reg: 0x08 Val: 0x00000002
[inst #1099] sub x29,x6,x11
Register Write to Reg: 0x1D Val: 0x00000002
[inst #1100] addi x0,x0,0
Register Write to Reg: 0x00 Val: 0x00000000
[inst #1101] addi x0,x0,0
Register Write to Reg: 0x00 Val: 0x00000000
[inst #1102] addi x0,x0,0
Register Write to Reg: 0x00 Val: 0x00000000
[inst #1103] slli x29,x29,2
Register Write to Reg: 0x1D Val: 0x00000008
[inst #1104] addi x0,x0,0
Register Write to Reg: 0x00 Val: 0x00000000
[inst #1105] addi x0,x0,0
Register Write to Reg: 0x00 Val: 0x00000000
[inst #1106] addi x0,x0,0
Register Write to Reg: 0x00 Val: 0x00000000
[inst #1107] add x30,x28,x29
Register Write to Reg: 0x1E Val: 0x7FFFFF20
[inst #1108] addi x0,x0,0
Register Write to Reg: 0x00 Val: 0x00000000
[inst #1109] addi x0,x0,0
Register Write to Reg: 0x00 Val: 0x00000000
[inst #1110] addi x0,x0,0
Register Write to Reg: 0x00 Val: 0x00000000
[inst #1111] lw x9,0(x30)
Register Write to Reg: 0x09 Val: 0xFFFFFFFF
[inst #1112] addi x0,x0,0
Register Write to Reg: 0x00 Val: 0x00000000
[inst #1113] addi x0,x0,0
Register Write to Reg: 0x00 Val: 0x00000000
[inst #1114] addi x0,x0,0
Register Write to Reg: 0x00 Val: 0x00000000
[inst #1115] bge x9,x8,24
[inst #1116] addi x0,x0,0
Register Write to Reg: 0x00 Val: 0x00000000
[inst #1117] addi x0,x0,0
Register Write to Reg: 0x00 Val: 0x00000000
[inst #1118] jal x0,68
Register Write to Reg: 0x00 Val: 0x004002D8
[inst #1119] slli x29,x7,2
Register Write to Reg: 0x1D Val: 0x0000000C
[inst #1120] addi x0,x0,0
Register Write to Reg: 0x00 Val: 0x00000000
[inst #1121] addi x0,x0,0
Register Write to Reg: 0x00 Val: 0x00000000
[inst #1122] addi x0,x0,0
Register Write to Reg: 0x00 Val: 0x00000000
[inst #1123] add x30,x10,x29
Register Write to Reg: 0x1E Val: 0x1001000C
[inst #1124] addi x0,x0,0
Register Write to Reg: 0x00 Val: 0x00000000
[inst #1125] addi x0,x0,0
Register Write to Reg: 0x00 Val: 0x00000000
[inst #1126] addi x0,x0,0
Register Write to Reg: 0x00 Val: 0x00000000
[inst #1127] sw x9,0(x30)
Memory Write to Addr: 0x1001000C Val: 0xFFFFFFFF
[inst #1128] addi x6,x6,1
Register Write to Reg: 0x06 Val: 0x00000006
[inst #1129] addi x7,x7,1
Register Write to Reg: 0x07 Val: 0x00000004
[inst #1130] jal x0,-264
Register Write to Reg: 0x00 Val: 0x00400348
[inst #1131] blt x12,x5,396
[inst #1132] addi x0,x0,0
Register Write to Reg: 0x00 Val: 0x00000000
[inst #1133] addi x0,x0,0
Register Write to Reg: 0x00 Val: 0x00000000
[inst #1134] blt x13,x6,264
[inst #1135] blt x12,x5,240
[inst #1136] addi x0,x0,0
Register Write to Reg: 0x00 Val: 0x00000000
[inst #1137] addi x0,x0,0
Register Write to Reg: 0x00 Val: 0x00000000
[inst #1138] sub x29,x5,x11
Register Write to Reg: 0x1D Val: 0x00000000
[inst #1139] addi x0,x0,0
Register Write to Reg: 0x00 Val: 0x00000000
[inst #1140] addi x0,x0,0
Register Write to Reg: 0x00 Val: 0x00000000
[inst #1141] addi x0,x0,0
Register Write to Reg: 0x00 Val: 0x00000000
[inst #1142] slli x29,x29,2
Register Write to Reg: 0x1D Val: 0x00000000
[inst #1143] addi x0,x0,0
Register Write to Reg: 0x00 Val: 0x00000000
[inst #1144] addi x0,x0,0
Register Write to Reg: 0x00 Val: 0x00000000
[inst #1145] addi x0,x0,0
Register Write to Reg: 0x00 Val: 0x00000000
[inst #1146] add x30,x28,x29
Register Write to Reg: 0x1E Val: 0x7FFFFF18
[inst #1147] addi x0,x0,0
Register Write to Reg: 0x00 Val: 0x00000000
[inst #1148] addi x0,x0,0
Register Write to Reg: 0x00 Val: 0x00000000
[inst #1149] addi x0,x0,0
Register Write to Reg: 0x00 Val: 0x00000000
[inst #1150] lw x8,0(x30)
Register Write to Reg: 0x08 Val: 0x00000002
[inst #1151] slli x29,x7,2
Register Write to Reg: 0x1D Val: 0x00000010
[inst #1152] addi x0,x0,0
Register Write to Reg: 0x00 Val: 0x00000000
[inst #1153] addi x0,x0,0
Register Write to Reg: 0x00 Val: 0x00000000
[inst #1154] addi x0,x0,0
Register Write to Reg: 0x00 Val: 0x00000000
[inst #1155] add x30,x10,x29
Register Write to Reg: 0x1E Val: 0x10010010
[inst #1156] addi x0,x0,0
Register Write to Reg: 0x00 Val: 0x00000000
[inst #1157] addi x0,x0,0
Register Write to Reg: 0x00 Val: 0x00000000
[inst #1158] addi x0,x0,0
Register Write to Reg: 0x00 Val: 0x00000000
[inst #1159] sw x8,0(x30)
Memory Write to Addr: 0x10010010 Val: 0x00000002
[inst #1160] addi x5,x5,1
Register Write to Reg: 0x05 Val: 0x00000004
[inst #1161] addi x7,x7,1
Register Write to Reg: 0x07 Val: 0x00000005
[inst #1162] jal x0,-108
Register Write to Reg: 0x00 Val: 0x004003C0
[inst #1163] blt x12,x5,240
[inst #1164] addi x0,x0,0
Register Write to Reg: 0x00 Val: 0x00000000
[inst #1165] addi x0,x0,0
Register Write to Reg: 0x00 Val: 0x00000000
[inst #1166] sub x29,x5,x11
Register Write to Reg: 0x1D Val: 0x00000001
[inst #1167] addi x0,x0,0
Register Write to Reg: 0x00 Val: 0x00000000
[inst #1168] addi x0,x0,0
Register Write to Reg: 0x00 Val: 0x00000000
[inst #1169] addi x0,x0,0
Register Write to Reg: 0x00 Val: 0x00000000
[inst #1170] slli x29,x29,2
Register Write to Reg: 0x1D Val: 0x00000004
[inst #1171] addi x0,x0,0
Register Write to Reg: 0x00 Val: 0x00000000
[inst #1172] addi x0,x0,0
Register Write to Reg: 0x00 Val: 0x00000000
[inst #1173] addi x0,x0,0
Register Write to Reg: 0x00 Val: 0x00000000
[inst #1174] add x30,x28,x29
Register Write to Reg: 0x1E Val: 0x7FFFFF1C
[inst #1175] addi x0,x0,0
Register Write to Reg: 0x00 Val: 0x00000000
[inst #1176] addi x0,x0,0
Register Write to Reg: 0x00 Val: 0x00000000
[inst #1177] addi x0,x0,0
Register Write to Reg: 0x00 Val: 0x00000000
[inst #1178] lw x8,0(x30)
Register Write to Reg: 0x08 Val: 0x00000007
[inst #1179] slli x29,x7,2
Register Write to Reg: 0x1D Val: 0x00000014
[inst #1180] addi x0,x0,0
Register Write to Reg: 0x00 Val: 0x00000000
[inst #1181] addi x0,x0,0
Register Write to Reg: 0x00 Val: 0x00000000
[inst #1182] addi x0,x0,0
Register Write to Reg: 0x00 Val: 0x00000000
[inst #1183] add x30,x10,x29
Register Write to Reg: 0x1E Val: 0x10010014
[inst #1184] addi x0,x0,0
Register Write to Reg: 0x00 Val: 0x00000000
[inst #1185] addi x0,x0,0
Register Write to Reg: 0x00 Val: 0x00000000
[inst #1186] addi x0,x0,0
Register Write to Reg: 0x00 Val: 0x00000000
[inst #1187] sw x8,0(x30)
Memory Write to Addr: 0x10010014 Val: 0x00000007
[inst #1188] addi x5,x5,1
Register Write to Reg: 0x05 Val: 0x00000005
[inst #1189] addi x7,x7,1
Register Write to Reg: 0x07 Val: 0x00000006
[inst #1190] jal x0,-108
Register Write to Reg: 0x00 Val: 0x004003C0
[inst #1191] blt x12,x5,240
[inst #1192] lw x1,156(x2)
Register Write to Reg: 0x01 Val: 0x00400148
[inst #1193] addi x2,x2,160
Register Write to Reg: 0x02 Val: 0x7FFFFFB8
[inst #1194] jalr x0,x1,0
Register Write to Reg: 0x00 Val: 0x0040044C
[inst #1195] addi x0,x0,0
Register Write to Reg: 0x00 Val: 0x00000000
[inst #1196] addi x0,x0,0
Register Write to Reg: 0x00 Val: 0x00000000
[inst #1197] lw x1,20(x2)
Register Write to Reg: 0x01 Val: 0x0040012C
[inst #1198] addi x2,x2,24
Register Write to Reg: 0x02 Val: 0x7FFFFFD0
[inst #1199] addi x0,x0,0
Register Write to Reg: 0x00 Val: 0x00000000
[inst #1200] addi x0,x0,0
Register Write to Reg: 0x00 Val: 0x00000000
[inst #1201] jalr x0,x1,0
Register Write to Reg: 0x00 Val: 0x00400164
[inst #1202] addi x0,x0,0
Register Write to Reg: 0x00 Val: 0x00000000
[inst #1203] addi x0,x0,0
Register Write to Reg: 0x00 Val: 0x00000000
[inst #1204] lw x10,16(x2)
Register Write to Reg: 0x0A Val: 0x10010000
[inst #1205] lw x11,12(x2)
Register Write to Reg: 0x0B Val: 0x00000000
[inst #1206] lw x12,4(x2)
Register Write to Reg: 0x0C Val: 0x00000002
[inst #1207] lw x13,8(x2)
Register Write to Reg: 0x0D Val: 0x00000005
[inst #1208] jal x1,40
Register Write to Reg: 0x01 Val: 0x00400148
[inst #1209] addi x2,x2,-160
Register Write to Reg: 0x02 Val: 0x7FFFFF30
[inst #1210] addi x0,x0,0
Register Write to Reg: 0x00 Val: 0x00000000
[inst #1211] addi x0,x0,0
Register Write to Reg: 0x00 Val: 0x00000000
[inst #1212] addi x0,x0,0
Register Write to Reg: 0x00 Val: 0x00000000
[inst #1213] sw x1,156(x2)
Memory Write to Addr: 0x7FFFFFCC Val: 0x00400148
[inst #1214] sw x10,152(x2)
Memory Write to Addr: 0x7FFFFFC8 Val: 0x10010000
[inst #1215] sw x11,148(x2)
Memory Write to Addr: 0x7FFFFFC4 Val: 0x00000000
[inst #1216] sw x12,144(x2)
Memory Write to Addr: 0x7FFFFFC0 Val: 0x00000002
[inst #1217] sw x13,140(x2)
Memory Write to Addr: 0x7FFFFFBC Val: 0x00000005
[inst #1218] addi x5,x2,0
Register Write to Reg: 0x05 Val: 0x7FFFFF30
[inst #1219] add x6,x0,x11
Register Write to Reg: 0x06 Val: 0x00000000
[inst #1220] addi x0,x0,0
Register Write to Reg: 0x00 Val: 0x00000000
[inst #1221] addi x0,x0,0
Register Write to Reg: 0x00 Val: 0x00000000
[inst #1222] addi x0,x0,0
Register Write to Reg: 0x00 Val: 0x00000000
[inst #1223] blt x13,x6,116
[inst #1224] addi x0,x0,0
Register Write to Reg: 0x00 Val: 0x00000000
[inst #1225] addi x0,x0,0
Register Write to Reg: 0x00 Val: 0x00000000
[inst #1226] slli x7,x6,2
Register Write to Reg: 0x07 Val: 0x00000000
[inst #1227] addi x0,x0,0
Register Write to Reg: 0x00 Val: 0x00000000
[inst #1228] addi x0,x0,0
Register Write to Reg: 0x00 Val: 0x00000000
[inst #1229] addi x0,x0,0
Register Write to Reg: 0x00 Val: 0x00000000
[inst #1230] add x28,x10,x7
Register Write to Reg: 0x1C Val: 0x10010000
[inst #1231] addi x0,x0,0
Register Write to Reg: 0x00 Val: 0x00000000
[inst #1232] addi x0,x0,0
Register Write to Reg: 0x00 Val: 0x00000000
[inst #1233] addi x0,x0,0
Register Write to Reg: 0x00 Val: 0x00000000
[inst #1234] lw x29,0(x28)
Register Write to Reg: 0x1D Val: 0x00000003
[inst #1235] sub x30,x6,x11
Register Write to Reg: 0x1E Val: 0x00000000
[inst #1236] addi x0,x0,0
Register Write to Reg: 0x00 Val: 0x00000000
[inst #1237] addi x0,x0,0
Register Write to Reg: 0x00 Val: 0x00000000
[inst #1238] addi x0,x0,0
Register Write to Reg: 0x00 Val: 0x00000000
[inst #1239] slli x30,x30,2
Register Write to Reg: 0x1E Val: 0x00000000
[inst #1240] addi x0,x0,0
Register Write to Reg: 0x00 Val: 0x00000000
[inst #1241] addi x0,x0,0
Register Write to Reg: 0x00 Val: 0x00000000
[inst #1242] addi x0,x0,0
Register Write to Reg: 0x00 Val: 0x00000000
[inst #1243] add x31,x5,x30
Register Write to Reg: 0x1F Val: 0x7FFFFF30
[inst #1244] addi x0,x0,0
Register Write to Reg: 0x00 Val: 0x00000000
[inst #1245] addi x0,x0,0
Register Write to Reg: 0x00 Val: 0x00000000
[inst #1246] addi x0,x0,0
Register Write to Reg: 0x00 Val: 0x00000000
[inst #1247] sw x29,0(x31)
Memory Write to Addr: 0x7FFFFF30 Val: 0x00000003
[inst #1248] addi x6,x6,1
Register Write to Reg: 0x06 Val: 0x00000001
[inst #1249] jal x0,-116
Register Write to Reg: 0x00 Val: 0x00400210
[inst #1250] addi x0,x0,0
Register Write to Reg: 0x00 Val: 0x00000000
[inst #1251] addi x0,x0,0
Register Write to Reg: 0x00 Val: 0x00000000
[inst #1252] addi x0,x0,0
Register Write to Reg: 0x00 Val: 0x00000000
[inst #1253] blt x13,x6,116
[inst #1254] addi x0,x0,0
Register Write to Reg: 0x00 Val: 0x00000000
[inst #1255] addi x0,x0,0
Register Write to Reg: 0x00 Val: 0x00000000
[inst #1256] slli x7,x6,2
Register Write to Reg: 0x07 Val: 0x00000004
[inst #1257] addi x0,x0,0
Register Write to Reg: 0x00 Val: 0x00000000
[inst #1258] addi x0,x0,0
Register Write to Reg: 0x00 Val: 0x00000000
[inst #1259] addi x0,x0,0
Register Write to Reg: 0x00 Val: 0x00000000
[inst #1260] add x28,x10,x7
Register Write to Reg: 0x1C Val: 0x10010004
[inst #1261] addi x0,x0,0
Register Write to Reg: 0x00 Val: 0x00000000
[inst #1262] addi x0,x0,0
Register Write to Reg: 0x00 Val: 0x00000000
[inst #1263] addi x0,x0,0
Register Write to Reg: 0x00 Val: 0x00000000
[inst #1264] lw x29,0(x28)
Register Write to Reg: 0x1D Val: 0x00000004
[inst #1265] sub x30,x6,x11
Register Write to Reg: 0x1E Val: 0x00000001
[inst #1266] addi x0,x0,0
Register Write to Reg: 0x00 Val: 0x00000000
[inst #1267] addi x0,x0,0
Register Write to Reg: 0x00 Val: 0x00000000
[inst #1268] addi x0,x0,0
Register Write to Reg: 0x00 Val: 0x00000000
[inst #1269] slli x30,x30,2
Register Write to Reg: 0x1E Val: 0x00000004
[inst #1270] addi x0,x0,0
Register Write to Reg: 0x00 Val: 0x00000000
[inst #1271] addi x0,x0,0
Register Write to Reg: 0x00 Val: 0x00000000
[inst #1272] addi x0,x0,0
Register Write to Reg: 0x00 Val: 0x00000000
[inst #1273] add x31,x5,x30
Register Write to Reg: 0x1F Val: 0x7FFFFF34
[inst #1274] addi x0,x0,0
Register Write to Reg: 0x00 Val: 0x00000000
[inst #1275] addi x0,x0,0
Register Write to Reg: 0x00 Val: 0x00000000
[inst #1276] addi x0,x0,0
Register Write to Reg: 0x00 Val: 0x00000000
[inst #1277] sw x29,0(x31)
Memory Write to Addr: 0x7FFFFF34 Val: 0x00000004
[inst #1278] addi x6,x6,1
Register Write to Reg: 0x06 Val: 0x00000002
[inst #1279] jal x0,-116
Register Write to Reg: 0x00 Val: 0x00400210
[inst #1280] addi x0,x0,0
Register Write to Reg: 0x00 Val: 0x00000000
[inst #1281] addi x0,x0,0
Register Write to Reg: 0x00 Val: 0x00000000
[inst #1282] addi x0,x0,0
Register Write to Reg: 0x00 Val: 0x00000000
[inst #1283] blt x13,x6,116
[inst #1284] addi x0,x0,0
Register Write to Reg: 0x00 Val: 0x00000000
[inst #1285] addi x0,x0,0
Register Write to Reg: 0x00 Val: 0x00000000
[inst #1286] slli x7,x6,2
Register Write to Reg: 0x07 Val: 0x00000008
[inst #1287] addi x0,x0,0
Register Write to Reg: 0x00 Val: 0x00000000
[inst #1288] addi x0,x0,0
Register Write to Reg: 0x00 Val: 0x00000000
[inst #1289] addi x0,x0,0
Register Write to Reg: 0x00 Val: 0x00000000
[inst #1290] add x28,x10,x7
Register Write to Reg: 0x1C Val: 0x10010008
[inst #1291] addi x0,x0,0
Register Write to Reg: 0x00 Val: 0x00000000
[inst #1292] addi x0,x0,0
Register Write to Reg: 0x00 Val: 0x00000000
[inst #1293] addi x0,x0,0
Register Write to Reg: 0x00 Val: 0x00000000
[inst #1294] lw x29,0(x28)
Register Write to Reg: 0x1D Val: 0x00000009
[inst #1295] sub x30,x6,x11
Register Write to Reg: 0x1E Val: 0x00000002
[inst #1296] addi x0,x0,0
Register Write to Reg: 0x00 Val: 0x00000000
[inst #1297] addi x0,x0,0
Register Write to Reg: 0x00 Val: 0x00000000
[inst #1298] addi x0,x0,0
Register Write to Reg: 0x00 Val: 0x00000000
[inst #1299] slli x30,x30,2
Register Write to Reg: 0x1E Val: 0x00000008
[inst #1300] addi x0,x0,0
Register Write to Reg: 0x00 Val: 0x00000000
[inst #1301] addi x0,x0,0
Register Write to Reg: 0x00 Val: 0x00000000
[inst #1302] addi x0,x0,0
Register Write to Reg: 0x00 Val: 0x00000000
[inst #1303] add x31,x5,x30
Register Write to Reg: 0x1F Val: 0x7FFFFF38
[inst #1304] addi x0,x0,0
Register Write to Reg: 0x00 Val: 0x00000000
[inst #1305] addi x0,x0,0
Register Write to Reg: 0x00 Val: 0x00000000
[inst #1306] addi x0,x0,0
Register Write to Reg: 0x00 Val: 0x00000000
[inst #1307] sw x29,0(x31)
Memory Write to Addr: 0x7FFFFF38 Val: 0x00000009
[inst #1308] addi x6,x6,1
Register Write to Reg: 0x06 Val: 0x00000003
[inst #1309] jal x0,-116
Register Write to Reg: 0x00 Val: 0x00400210
[inst #1310] addi x0,x0,0
Register Write to Reg: 0x00 Val: 0x00000000
[inst #1311] addi x0,x0,0
Register Write to Reg: 0x00 Val: 0x00000000
[inst #1312] addi x0,x0,0
Register Write to Reg: 0x00 Val: 0x00000000
[inst #1313] blt x13,x6,116
[inst #1314] addi x0,x0,0
Register Write to Reg: 0x00 Val: 0x00000000
[inst #1315] addi x0,x0,0
Register Write to Reg: 0x00 Val: 0x00000000
[inst #1316] slli x7,x6,2
Register Write to Reg: 0x07 Val: 0x0000000C
[inst #1317] addi x0,x0,0
Register Write to Reg: 0x00 Val: 0x00000000
[inst #1318] addi x0,x0,0
Register Write to Reg: 0x00 Val: 0x00000000
[inst #1319] addi x0,x0,0
Register Write to Reg: 0x00 Val: 0x00000000
[inst #1320] add x28,x10,x7
Register Write to Reg: 0x1C Val: 0x1001000C
[inst #1321] addi x0,x0,0
Register Write to Reg: 0x00 Val: 0x00000000
[inst #1322] addi x0,x0,0
Register Write to Reg: 0x00 Val: 0x00000000
[inst #1323] addi x0,x0,0
Register Write to Reg: 0x00 Val: 0x00000000
[inst #1324] lw x29,0(x28)
Register Write to Reg: 0x1D Val: 0xFFFFFFFF
[inst #1325] sub x30,x6,x11
Register Write to Reg: 0x1E Val: 0x00000003
[inst #1326] addi x0,x0,0
Register Write to Reg: 0x00 Val: 0x00000000
[inst #1327] addi x0,x0,0
Register Write to Reg: 0x00 Val: 0x00000000
[inst #1328] addi x0,x0,0
Register Write to Reg: 0x00 Val: 0x00000000
[inst #1329] slli x30,x30,2
Register Write to Reg: 0x1E Val: 0x0000000C
[inst #1330] addi x0,x0,0
Register Write to Reg: 0x00 Val: 0x00000000
[inst #1331] addi x0,x0,0
Register Write to Reg: 0x00 Val: 0x00000000
[inst #1332] addi x0,x0,0
Register Write to Reg: 0x00 Val: 0x00000000
[inst #1333] add x31,x5,x30
Register Write to Reg: 0x1F Val: 0x7FFFFF3C
[inst #1334] addi x0,x0,0
Register Write to Reg: 0x00 Val: 0x00000000
[inst #1335] addi x0,x0,0
Register Write to Reg: 0x00 Val: 0x00000000
[inst #1336] addi x0,x0,0
Register Write to Reg: 0x00 Val: 0x00000000
[inst #1337] sw x29,0(x31)
Memory Write to Addr: 0x7FFFFF3C Val: 0xFFFFFFFF
[inst #1338] addi x6,x6,1
Register Write to Reg: 0x06 Val: 0x00000004
[inst #1339] jal x0,-116
Register Write to Reg: 0x00 Val: 0x00400210
[inst #1340] addi x0,x0,0
Register Write to Reg: 0x00 Val: 0x00000000
[inst #1341] addi x0,x0,0
Register Write to Reg: 0x00 Val: 0x00000000
[inst #1342] addi x0,x0,0
Register Write to Reg: 0x00 Val: 0x00000000
[inst #1343] blt x13,x6,116
[inst #1344] addi x0,x0,0
Register Write to Reg: 0x00 Val: 0x00000000
[inst #1345] addi x0,x0,0
Register Write to Reg: 0x00 Val: 0x00000000
[inst #1346] slli x7,x6,2
Register Write to Reg: 0x07 Val: 0x00000010
[inst #1347] addi x0,x0,0
Register Write to Reg: 0x00 Val: 0x00000000
[inst #1348] addi x0,x0,0
Register Write to Reg: 0x00 Val: 0x00000000
[inst #1349] addi x0,x0,0
Register Write to Reg: 0x00 Val: 0x00000000
[inst #1350] add x28,x10,x7
Register Write to Reg: 0x1C Val: 0x10010010
[inst #1351] addi x0,x0,0
Register Write to Reg: 0x00 Val: 0x00000000
[inst #1352] addi x0,x0,0
Register Write to Reg: 0x00 Val: 0x00000000
[inst #1353] addi x0,x0,0
Register Write to Reg: 0x00 Val: 0x00000000
[inst #1354] lw x29,0(x28)
Register Write to Reg: 0x1D Val: 0x00000002
[inst #1355] sub x30,x6,x11
Register Write to Reg: 0x1E Val: 0x00000004
[inst #1356] addi x0,x0,0
Register Write to Reg: 0x00 Val: 0x00000000
[inst #1357] addi x0,x0,0
Register Write to Reg: 0x00 Val: 0x00000000
[inst #1358] addi x0,x0,0
Register Write to Reg: 0x00 Val: 0x00000000
[inst #1359] slli x30,x30,2
Register Write to Reg: 0x1E Val: 0x00000010
[inst #1360] addi x0,x0,0
Register Write to Reg: 0x00 Val: 0x00000000
[inst #1361] addi x0,x0,0
Register Write to Reg: 0x00 Val: 0x00000000
[inst #1362] addi x0,x0,0
Register Write to Reg: 0x00 Val: 0x00000000
[inst #1363] add x31,x5,x30
Register Write to Reg: 0x1F Val: 0x7FFFFF40
[inst #1364] addi x0,x0,0
Register Write to Reg: 0x00 Val: 0x00000000
[inst #1365] addi x0,x0,0
Register Write to Reg: 0x00 Val: 0x00000000
[inst #1366] addi x0,x0,0
Register Write to Reg: 0x00 Val: 0x00000000
[inst #1367] sw x29,0(x31)
Memory Write to Addr: 0x7FFFFF40 Val: 0x00000002
[inst #1368] addi x6,x6,1
Register Write to Reg: 0x06 Val: 0x00000005
[inst #1369] jal x0,-116
Register Write to Reg: 0x00 Val: 0x00400210
[inst #1370] addi x0,x0,0
Register Write to Reg: 0x00 Val: 0x00000000
[inst #1371] addi x0,x0,0
Register Write to Reg: 0x00 Val: 0x00000000
[inst #1372] addi x0,x0,0
Register Write to Reg: 0x00 Val: 0x00000000
[inst #1373] blt x13,x6,116
[inst #1374] addi x0,x0,0
Register Write to Reg: 0x00 Val: 0x00000000
[inst #1375] addi x0,x0,0
Register Write to Reg: 0x00 Val: 0x00000000
[inst #1376] slli x7,x6,2
Register Write to Reg: 0x07 Val: 0x00000014
[inst #1377] addi x0,x0,0
Register Write to Reg: 0x00 Val: 0x00000000
[inst #1378] addi x0,x0,0
Register Write to Reg: 0x00 Val: 0x00000000
[inst #1379] addi x0,x0,0
Register Write to Reg: 0x00 Val: 0x00000000
[inst #1380] add x28,x10,x7
Register Write to Reg: 0x1C Val: 0x10010014
[inst #1381] addi x0,x0,0
Register Write to Reg: 0x00 Val: 0x00000000
[inst #1382] addi x0,x0,0
Register Write to Reg: 0x00 Val: 0x00000000
[inst #1383] addi x0,x0,0
Register Write to Reg: 0x00 Val: 0x00000000
[inst #1384] lw x29,0(x28)
Register Write to Reg: 0x1D Val: 0x00000007
[inst #1385] sub x30,x6,x11
Register Write to Reg: 0x1E Val: 0x00000005
[inst #1386] addi x0,x0,0
Register Write to Reg: 0x00 Val: 0x00000000
[inst #1387] addi x0,x0,0
Register Write to Reg: 0x00 Val: 0x00000000
[inst #1388] addi x0,x0,0
Register Write to Reg: 0x00 Val: 0x00000000
[inst #1389] slli x30,x30,2
Register Write to Reg: 0x1E Val: 0x00000014
[inst #1390] addi x0,x0,0
Register Write to Reg: 0x00 Val: 0x00000000
[inst #1391] addi x0,x0,0
Register Write to Reg: 0x00 Val: 0x00000000
[inst #1392] addi x0,x0,0
Register Write to Reg: 0x00 Val: 0x00000000
[inst #1393] add x31,x5,x30
Register Write to Reg: 0x1F Val: 0x7FFFFF44
[inst #1394] addi x0,x0,0
Register Write to Reg: 0x00 Val: 0x00000000
[inst #1395] addi x0,x0,0
Register Write to Reg: 0x00 Val: 0x00000000
[inst #1396] addi x0,x0,0
Register Write to Reg: 0x00 Val: 0x00000000
[inst #1397] sw x29,0(x31)
Memory Write to Addr: 0x7FFFFF44 Val: 0x00000007
[inst #1398] addi x6,x6,1
Register Write to Reg: 0x06 Val: 0x00000006
[inst #1399] jal x0,-116
Register Write to Reg: 0x00 Val: 0x00400210
[inst #1400] addi x0,x0,0
Register Write to Reg: 0x00 Val: 0x00000000
[inst #1401] addi x0,x0,0
Register Write to Reg: 0x00 Val: 0x00000000
[inst #1402] addi x0,x0,0
Register Write to Reg: 0x00 Val: 0x00000000
[inst #1403] blt x13,x6,116
[inst #1404] lw x10,152(x2)
Register Write to Reg: 0x0A Val: 0x10010000
[inst #1405] lw x11,148(x2)
Register Write to Reg: 0x0B Val: 0x00000000
[inst #1406] lw x12,144(x2)
Register Write to Reg: 0x0C Val: 0x00000002
[inst #1407] lw x13,140(x2)
Register Write to Reg: 0x0D Val: 0x00000005
[inst #1408] addi x0,x0,0
Register Write to Reg: 0x00 Val: 0x00000000
[inst #1409] add x5,x0,x11
Register Write to Reg: 0x05 Val: 0x00000000
[inst #1410] addi x6,x12,1
Register Write to Reg: 0x06 Val: 0x00000003
[inst #1411] add x7,x0,x11
Register Write to Reg: 0x07 Val: 0x00000000
[inst #1412] addi x28,x2,0
Register Write to Reg: 0x1C Val: 0x7FFFFF30
[inst #1413] blt x12,x5,396
[inst #1414] addi x0,x0,0
Register Write to Reg: 0x00 Val: 0x00000000
[inst #1415] addi x0,x0,0
Register Write to Reg: 0x00 Val: 0x00000000
[inst #1416] blt x13,x6,264
[inst #1417] addi x0,x0,0
Register Write to Reg: 0x00 Val: 0x00000000
[inst #1418] addi x0,x0,0
Register Write to Reg: 0x00 Val: 0x00000000
[inst #1419] sub x29,x5,x11
Register Write to Reg: 0x1D Val: 0x00000000
[inst #1420] addi x0,x0,0
Register Write to Reg: 0x00 Val: 0x00000000
[inst #1421] addi x0,x0,0
Register Write to Reg: 0x00 Val: 0x00000000
[inst #1422] addi x0,x0,0
Register Write to Reg: 0x00 Val: 0x00000000
[inst #1423] slli x29,x29,2
Register Write to Reg: 0x1D Val: 0x00000000
[inst #1424] addi x0,x0,0
Register Write to Reg: 0x00 Val: 0x00000000
[inst #1425] addi x0,x0,0
Register Write to Reg: 0x00 Val: 0x00000000
[inst #1426] addi x0,x0,0
Register Write to Reg: 0x00 Val: 0x00000000
[inst #1427] add x30,x28,x29
Register Write to Reg: 0x1E Val: 0x7FFFFF30
[inst #1428] addi x0,x0,0
Register Write to Reg: 0x00 Val: 0x00000000
[inst #1429] addi x0,x0,0
Register Write to Reg: 0x00 Val: 0x00000000
[inst #1430] addi x0,x0,0
Register Write to Reg: 0x00 Val: 0x00000000
[inst #1431] lw x8,0(x30)
Register Write to Reg: 0x08 Val: 0x00000003
[inst #1432] sub x29,x6,x11
Register Write to Reg: 0x1D Val: 0x00000003
[inst #1433] addi x0,x0,0
Register Write to Reg: 0x00 Val: 0x00000000
[inst #1434] addi x0,x0,0
Register Write to Reg: 0x00 Val: 0x00000000
[inst #1435] addi x0,x0,0
Register Write to Reg: 0x00 Val: 0x00000000
[inst #1436] slli x29,x29,2
Register Write to Reg: 0x1D Val: 0x0000000C
[inst #1437] addi x0,x0,0
Register Write to Reg: 0x00 Val: 0x00000000
[inst #1438] addi x0,x0,0
Register Write to Reg: 0x00 Val: 0x00000000
[inst #1439] addi x0,x0,0
Register Write to Reg: 0x00 Val: 0x00000000
[inst #1440] add x30,x28,x29
Register Write to Reg: 0x1E Val: 0x7FFFFF3C
[inst #1441] addi x0,x0,0
Register Write to Reg: 0x00 Val: 0x00000000
[inst #1442] addi x0,x0,0
Register Write to Reg: 0x00 Val: 0x00000000
[inst #1443] addi x0,x0,0
Register Write to Reg: 0x00 Val: 0x00000000
[inst #1444] lw x9,0(x30)
Register Write to Reg: 0x09 Val: 0xFFFFFFFF
[inst #1445] addi x0,x0,0
Register Write to Reg: 0x00 Val: 0x00000000
[inst #1446] addi x0,x0,0
Register Write to Reg: 0x00 Val: 0x00000000
[inst #1447] addi x0,x0,0
Register Write to Reg: 0x00 Val: 0x00000000
[inst #1448] bge x9,x8,24
[inst #1449] addi x0,x0,0
Register Write to Reg: 0x00 Val: 0x00000000
[inst #1450] addi x0,x0,0
Register Write to Reg: 0x00 Val: 0x00000000
[inst #1451] jal x0,68
Register Write to Reg: 0x00 Val: 0x004002D8
[inst #1452] slli x29,x7,2
Register Write to Reg: 0x1D Val: 0x00000000
[inst #1453] addi x0,x0,0
Register Write to Reg: 0x00 Val: 0x00000000
[inst #1454] addi x0,x0,0
Register Write to Reg: 0x00 Val: 0x00000000
[inst #1455] addi x0,x0,0
Register Write to Reg: 0x00 Val: 0x00000000
[inst #1456] add x30,x10,x29
Register Write to Reg: 0x1E Val: 0x10010000
[inst #1457] addi x0,x0,0
Register Write to Reg: 0x00 Val: 0x00000000
[inst #1458] addi x0,x0,0
Register Write to Reg: 0x00 Val: 0x00000000
[inst #1459] addi x0,x0,0
Register Write to Reg: 0x00 Val: 0x00000000
[inst #1460] sw x9,0(x30)
Memory Write to Addr: 0x10010000 Val: 0xFFFFFFFF
[inst #1461] addi x6,x6,1
Register Write to Reg: 0x06 Val: 0x00000004
[inst #1462] addi x7,x7,1
Register Write to Reg: 0x07 Val: 0x00000001
[inst #1463] jal x0,-264
Register Write to Reg: 0x00 Val: 0x00400348
[inst #1464] blt x12,x5,396
[inst #1465] addi x0,x0,0
Register Write to Reg: 0x00 Val: 0x00000000
[inst #1466] addi x0,x0,0
Register Write to Reg: 0x00 Val: 0x00000000
[inst #1467] blt x13,x6,264
[inst #1468] addi x0,x0,0
Register Write to Reg: 0x00 Val: 0x00000000
[inst #1469] addi x0,x0,0
Register Write to Reg: 0x00 Val: 0x00000000
[inst #1470] sub x29,x5,x11
Register Write to Reg: 0x1D Val: 0x00000000
[inst #1471] addi x0,x0,0
Register Write to Reg: 0x00 Val: 0x00000000
[inst #1472] addi x0,x0,0
Register Write to Reg: 0x00 Val: 0x00000000
[inst #1473] addi x0,x0,0
Register Write to Reg: 0x00 Val: 0x00000000
[inst #1474] slli x29,x29,2
Register Write to Reg: 0x1D Val: 0x00000000
[inst #1475] addi x0,x0,0
Register Write to Reg: 0x00 Val: 0x00000000
[inst #1476] addi x0,x0,0
Register Write to Reg: 0x00 Val: 0x00000000
[inst #1477] addi x0,x0,0
Register Write to Reg: 0x00 Val: 0x00000000
[inst #1478] add x30,x28,x29
Register Write to Reg: 0x1E Val: 0x7FFFFF30
[inst #1479] addi x0,x0,0
Register Write to Reg: 0x00 Val: 0x00000000
[inst #1480] addi x0,x0,0
Register Write to Reg: 0x00 Val: 0x00000000
[inst #1481] addi x0,x0,0
Register Write to Reg: 0x00 Val: 0x00000000
[inst #1482] lw x8,0(x30)
Register Write to Reg: 0x08 Val: 0x00000003
[inst #1483] sub x29,x6,x11
Register Write to Reg: 0x1D Val: 0x00000004
[inst #1484] addi x0,x0,0
Register Write to Reg: 0x00 Val: 0x00000000
[inst #1485] addi x0,x0,0
Register Write to Reg: 0x00 Val: 0x00000000
[inst #1486] addi x0,x0,0
Register Write to Reg: 0x00 Val: 0x00000000
[inst #1487] slli x29,x29,2
Register Write to Reg: 0x1D Val: 0x00000010
[inst #1488] addi x0,x0,0
Register Write to Reg: 0x00 Val: 0x00000000
[inst #1489] addi x0,x0,0
Register Write to Reg: 0x00 Val: 0x00000000
[inst #1490] addi x0,x0,0
Register Write to Reg: 0x00 Val: 0x00000000
[inst #1491] add x30,x28,x29
Register Write to Reg: 0x1E Val: 0x7FFFFF40
[inst #1492] addi x0,x0,0
Register Write to Reg: 0x00 Val: 0x00000000
[inst #1493] addi x0,x0,0
Register Write to Reg: 0x00 Val: 0x00000000
[inst #1494] addi x0,x0,0
Register Write to Reg: 0x00 Val: 0x00000000
[inst #1495] lw x9,0(x30)
Register Write to Reg: 0x09 Val: 0x00000002
[inst #1496] addi x0,x0,0
Register Write to Reg: 0x00 Val: 0x00000000
[inst #1497] addi x0,x0,0
Register Write to Reg: 0x00 Val: 0x00000000
[inst #1498] addi x0,x0,0
Register Write to Reg: 0x00 Val: 0x00000000
[inst #1499] bge x9,x8,24
[inst #1500] addi x0,x0,0
Register Write to Reg: 0x00 Val: 0x00000000
[inst #1501] addi x0,x0,0
Register Write to Reg: 0x00 Val: 0x00000000
[inst #1502] jal x0,68
Register Write to Reg: 0x00 Val: 0x004002D8
[inst #1503] slli x29,x7,2
Register Write to Reg: 0x1D Val: 0x00000004
[inst #1504] addi x0,x0,0
Register Write to Reg: 0x00 Val: 0x00000000
[inst #1505] addi x0,x0,0
Register Write to Reg: 0x00 Val: 0x00000000
[inst #1506] addi x0,x0,0
Register Write to Reg: 0x00 Val: 0x00000000
[inst #1507] add x30,x10,x29
Register Write to Reg: 0x1E Val: 0x10010004
[inst #1508] addi x0,x0,0
Register Write to Reg: 0x00 Val: 0x00000000
[inst #1509] addi x0,x0,0
Register Write to Reg: 0x00 Val: 0x00000000
[inst #1510] addi x0,x0,0
Register Write to Reg: 0x00 Val: 0x00000000
[inst #1511] sw x9,0(x30)
Memory Write to Addr: 0x10010004 Val: 0x00000002
[inst #1512] addi x6,x6,1
Register Write to Reg: 0x06 Val: 0x00000005
[inst #1513] addi x7,x7,1
Register Write to Reg: 0x07 Val: 0x00000002
[inst #1514] jal x0,-264
Register Write to Reg: 0x00 Val: 0x00400348
[inst #1515] blt x12,x5,396
[inst #1516] addi x0,x0,0
Register Write to Reg: 0x00 Val: 0x00000000
[inst #1517] addi x0,x0,0
Register Write to Reg: 0x00 Val: 0x00000000
[inst #1518] blt x13,x6,264
[inst #1519] addi x0,x0,0
Register Write to Reg: 0x00 Val: 0x00000000
[inst #1520] addi x0,x0,0
Register Write to Reg: 0x00 Val: 0x00000000
[inst #1521] sub x29,x5,x11
Register Write to Reg: 0x1D Val: 0x00000000
[inst #1522] addi x0,x0,0
Register Write to Reg: 0x00 Val: 0x00000000
[inst #1523] addi x0,x0,0
Register Write to Reg: 0x00 Val: 0x00000000
[inst #1524] addi x0,x0,0
Register Write to Reg: 0x00 Val: 0x00000000
[inst #1525] slli x29,x29,2
Register Write to Reg: 0x1D Val: 0x00000000
[inst #1526] addi x0,x0,0
Register Write to Reg: 0x00 Val: 0x00000000
[inst #1527] addi x0,x0,0
Register Write to Reg: 0x00 Val: 0x00000000
[inst #1528] addi x0,x0,0
Register Write to Reg: 0x00 Val: 0x00000000
[inst #1529] add x30,x28,x29
Register Write to Reg: 0x1E Val: 0x7FFFFF30
[inst #1530] addi x0,x0,0
Register Write to Reg: 0x00 Val: 0x00000000
[inst #1531] addi x0,x0,0
Register Write to Reg: 0x00 Val: 0x00000000
[inst #1532] addi x0,x0,0
Register Write to Reg: 0x00 Val: 0x00000000
[inst #1533] lw x8,0(x30)
Register Write to Reg: 0x08 Val: 0x00000003
[inst #1534] sub x29,x6,x11
Register Write to Reg: 0x1D Val: 0x00000005
[inst #1535] addi x0,x0,0
Register Write to Reg: 0x00 Val: 0x00000000
[inst #1536] addi x0,x0,0
Register Write to Reg: 0x00 Val: 0x00000000
[inst #1537] addi x0,x0,0
Register Write to Reg: 0x00 Val: 0x00000000
[inst #1538] slli x29,x29,2
Register Write to Reg: 0x1D Val: 0x00000014
[inst #1539] addi x0,x0,0
Register Write to Reg: 0x00 Val: 0x00000000
[inst #1540] addi x0,x0,0
Register Write to Reg: 0x00 Val: 0x00000000
[inst #1541] addi x0,x0,0
Register Write to Reg: 0x00 Val: 0x00000000
[inst #1542] add x30,x28,x29
Register Write to Reg: 0x1E Val: 0x7FFFFF44
[inst #1543] addi x0,x0,0
Register Write to Reg: 0x00 Val: 0x00000000
[inst #1544] addi x0,x0,0
Register Write to Reg: 0x00 Val: 0x00000000
[inst #1545] addi x0,x0,0
Register Write to Reg: 0x00 Val: 0x00000000
[inst #1546] lw x9,0(x30)
Register Write to Reg: 0x09 Val: 0x00000007
[inst #1547] addi x0,x0,0
Register Write to Reg: 0x00 Val: 0x00000000
[inst #1548] addi x0,x0,0
Register Write to Reg: 0x00 Val: 0x00000000
[inst #1549] addi x0,x0,0
Register Write to Reg: 0x00 Val: 0x00000000
[inst #1550] bge x9,x8,24
[inst #1551] slli x29,x7,2
Register Write to Reg: 0x1D Val: 0x00000008
[inst #1552] addi x0,x0,0
Register Write to Reg: 0x00 Val: 0x00000000
[inst #1553] addi x0,x0,0
Register Write to Reg: 0x00 Val: 0x00000000
[inst #1554] addi x0,x0,0
Register Write to Reg: 0x00 Val: 0x00000000
[inst #1555] add x30,x10,x29
Register Write to Reg: 0x1E Val: 0x10010008
[inst #1556] addi x0,x0,0
Register Write to Reg: 0x00 Val: 0x00000000
[inst #1557] addi x0,x0,0
Register Write to Reg: 0x00 Val: 0x00000000
[inst #1558] addi x0,x0,0
Register Write to Reg: 0x00 Val: 0x00000000
[inst #1559] sw x8,0(x30)
Memory Write to Addr: 0x10010008 Val: 0x00000003
[inst #1560] addi x5,x5,1
Register Write to Reg: 0x05 Val: 0x00000001
[inst #1561] addi x7,x7,1
Register Write to Reg: 0x07 Val: 0x00000003
[inst #1562] jal x0,-208
Register Write to Reg: 0x00 Val: 0x00400310
[inst #1563] blt x12,x5,396
[inst #1564] addi x0,x0,0
Register Write to Reg: 0x00 Val: 0x00000000
[inst #1565] addi x0,x0,0
Register Write to Reg: 0x00 Val: 0x00000000
[inst #1566] blt x13,x6,264
[inst #1567] addi x0,x0,0
Register Write to Reg: 0x00 Val: 0x00000000
[inst #1568] addi x0,x0,0
Register Write to Reg: 0x00 Val: 0x00000000
[inst #1569] sub x29,x5,x11
Register Write to Reg: 0x1D Val: 0x00000001
[inst #1570] addi x0,x0,0
Register Write to Reg: 0x00 Val: 0x00000000
[inst #1571] addi x0,x0,0
Register Write to Reg: 0x00 Val: 0x00000000
[inst #1572] addi x0,x0,0
Register Write to Reg: 0x00 Val: 0x00000000
[inst #1573] slli x29,x29,2
Register Write to Reg: 0x1D Val: 0x00000004
[inst #1574] addi x0,x0,0
Register Write to Reg: 0x00 Val: 0x00000000
[inst #1575] addi x0,x0,0
Register Write to Reg: 0x00 Val: 0x00000000
[inst #1576] addi x0,x0,0
Register Write to Reg: 0x00 Val: 0x00000000
[inst #1577] add x30,x28,x29
Register Write to Reg: 0x1E Val: 0x7FFFFF34
[inst #1578] addi x0,x0,0
Register Write to Reg: 0x00 Val: 0x00000000
[inst #1579] addi x0,x0,0
Register Write to Reg: 0x00 Val: 0x00000000
[inst #1580] addi x0,x0,0
Register Write to Reg: 0x00 Val: 0x00000000
[inst #1581] lw x8,0(x30)
Register Write to Reg: 0x08 Val: 0x00000004
[inst #1582] sub x29,x6,x11
Register Write to Reg: 0x1D Val: 0x00000005
[inst #1583] addi x0,x0,0
Register Write to Reg: 0x00 Val: 0x00000000
[inst #1584] addi x0,x0,0
Register Write to Reg: 0x00 Val: 0x00000000
[inst #1585] addi x0,x0,0
Register Write to Reg: 0x00 Val: 0x00000000
[inst #1586] slli x29,x29,2
Register Write to Reg: 0x1D Val: 0x00000014
[inst #1587] addi x0,x0,0
Register Write to Reg: 0x00 Val: 0x00000000
[inst #1588] addi x0,x0,0
Register Write to Reg: 0x00 Val: 0x00000000
[inst #1589] addi x0,x0,0
Register Write to Reg: 0x00 Val: 0x00000000
[inst #1590] add x30,x28,x29
Register Write to Reg: 0x1E Val: 0x7FFFFF44
[inst #1591] addi x0,x0,0
Register Write to Reg: 0x00 Val: 0x00000000
[inst #1592] addi x0,x0,0
Register Write to Reg: 0x00 Val: 0x00000000
[inst #1593] addi x0,x0,0
Register Write to Reg: 0x00 Val: 0x00000000
[inst #1594] lw x9,0(x30)
Register Write to Reg: 0x09 Val: 0x00000007
[inst #1595] addi x0,x0,0
Register Write to Reg: 0x00 Val: 0x00000000
[inst #1596] addi x0,x0,0
Register Write to Reg: 0x00 Val: 0x00000000
[inst #1597] addi x0,x0,0
Register Write to Reg: 0x00 Val: 0x00000000
[inst #1598] bge x9,x8,24
[inst #1599] slli x29,x7,2
Register Write to Reg: 0x1D Val: 0x0000000C
[inst #1600] addi x0,x0,0
Register Write to Reg: 0x00 Val: 0x00000000
[inst #1601] addi x0,x0,0
Register Write to Reg: 0x00 Val: 0x00000000
[inst #1602] addi x0,x0,0
Register Write to Reg: 0x00 Val: 0x00000000
[inst #1603] add x30,x10,x29
Register Write to Reg: 0x1E Val: 0x1001000C
[inst #1604] addi x0,x0,0
Register Write to Reg: 0x00 Val: 0x00000000
[inst #1605] addi x0,x0,0
Register Write to Reg: 0x00 Val: 0x00000000
[inst #1606] addi x0,x0,0
Register Write to Reg: 0x00 Val: 0x00000000
[inst #1607] sw x8,0(x30)
Memory Write to Addr: 0x1001000C Val: 0x00000004
[inst #1608] addi x5,x5,1
Register Write to Reg: 0x05 Val: 0x00000002
[inst #1609] addi x7,x7,1
Register Write to Reg: 0x07 Val: 0x00000004
[inst #1610] jal x0,-208
Register Write to Reg: 0x00 Val: 0x00400310
[inst #1611] blt x12,x5,396
[inst #1612] addi x0,x0,0
Register Write to Reg: 0x00 Val: 0x00000000
[inst #1613] addi x0,x0,0
Register Write to Reg: 0x00 Val: 0x00000000
[inst #1614] blt x13,x6,264
[inst #1615] addi x0,x0,0
Register Write to Reg: 0x00 Val: 0x00000000
[inst #1616] addi x0,x0,0
Register Write to Reg: 0x00 Val: 0x00000000
[inst #1617] sub x29,x5,x11
Register Write to Reg: 0x1D Val: 0x00000002
[inst #1618] addi x0,x0,0
Register Write to Reg: 0x00 Val: 0x00000000
[inst #1619] addi x0,x0,0
Register Write to Reg: 0x00 Val: 0x00000000
[inst #1620] addi x0,x0,0
Register Write to Reg: 0x00 Val: 0x00000000
[inst #1621] slli x29,x29,2
Register Write to Reg: 0x1D Val: 0x00000008
[inst #1622] addi x0,x0,0
Register Write to Reg: 0x00 Val: 0x00000000
[inst #1623] addi x0,x0,0
Register Write to Reg: 0x00 Val: 0x00000000
[inst #1624] addi x0,x0,0
Register Write to Reg: 0x00 Val: 0x00000000
[inst #1625] add x30,x28,x29
Register Write to Reg: 0x1E Val: 0x7FFFFF38
[inst #1626] addi x0,x0,0
Register Write to Reg: 0x00 Val: 0x00000000
[inst #1627] addi x0,x0,0
Register Write to Reg: 0x00 Val: 0x00000000
[inst #1628] addi x0,x0,0
Register Write to Reg: 0x00 Val: 0x00000000
[inst #1629] lw x8,0(x30)
Register Write to Reg: 0x08 Val: 0x00000009
[inst #1630] sub x29,x6,x11
Register Write to Reg: 0x1D Val: 0x00000005
[inst #1631] addi x0,x0,0
Register Write to Reg: 0x00 Val: 0x00000000
[inst #1632] addi x0,x0,0
Register Write to Reg: 0x00 Val: 0x00000000
[inst #1633] addi x0,x0,0
Register Write to Reg: 0x00 Val: 0x00000000
[inst #1634] slli x29,x29,2
Register Write to Reg: 0x1D Val: 0x00000014
[inst #1635] addi x0,x0,0
Register Write to Reg: 0x00 Val: 0x00000000
[inst #1636] addi x0,x0,0
Register Write to Reg: 0x00 Val: 0x00000000
[inst #1637] addi x0,x0,0
Register Write to Reg: 0x00 Val: 0x00000000
[inst #1638] add x30,x28,x29
Register Write to Reg: 0x1E Val: 0x7FFFFF44
[inst #1639] addi x0,x0,0
Register Write to Reg: 0x00 Val: 0x00000000
[inst #1640] addi x0,x0,0
Register Write to Reg: 0x00 Val: 0x00000000
[inst #1641] addi x0,x0,0
Register Write to Reg: 0x00 Val: 0x00000000
[inst #1642] lw x9,0(x30)
Register Write to Reg: 0x09 Val: 0x00000007
[inst #1643] addi x0,x0,0
Register Write to Reg: 0x00 Val: 0x00000000
[inst #1644] addi x0,x0,0
Register Write to Reg: 0x00 Val: 0x00000000
[inst #1645] addi x0,x0,0
Register Write to Reg: 0x00 Val: 0x00000000
[inst #1646] bge x9,x8,24
[inst #1647] addi x0,x0,0
Register Write to Reg: 0x00 Val: 0x00000000
[inst #1648] addi x0,x0,0
Register Write to Reg: 0x00 Val: 0x00000000
[inst #1649] jal x0,68
Register Write to Reg: 0x00 Val: 0x004002D8
[inst #1650] slli x29,x7,2
Register Write to Reg: 0x1D Val: 0x00000010
[inst #1651] addi x0,x0,0
Register Write to Reg: 0x00 Val: 0x00000000
[inst #1652] addi x0,x0,0
Register Write to Reg: 0x00 Val: 0x00000000
[inst #1653] addi x0,x0,0
Register Write to Reg: 0x00 Val: 0x00000000
[inst #1654] add x30,x10,x29
Register Write to Reg: 0x1E Val: 0x10010010
[inst #1655] addi x0,x0,0
Register Write to Reg: 0x00 Val: 0x00000000
[inst #1656] addi x0,x0,0
Register Write to Reg: 0x00 Val: 0x00000000
[inst #1657] addi x0,x0,0
Register Write to Reg: 0x00 Val: 0x00000000
[inst #1658] sw x9,0(x30)
Memory Write to Addr: 0x10010010 Val: 0x00000007
[inst #1659] addi x6,x6,1
Register Write to Reg: 0x06 Val: 0x00000006
[inst #1660] addi x7,x7,1
Register Write to Reg: 0x07 Val: 0x00000005
[inst #1661] jal x0,-264
Register Write to Reg: 0x00 Val: 0x00400348
[inst #1662] blt x12,x5,396
[inst #1663] addi x0,x0,0
Register Write to Reg: 0x00 Val: 0x00000000
[inst #1664] addi x0,x0,0
Register Write to Reg: 0x00 Val: 0x00000000
[inst #1665] blt x13,x6,264
[inst #1666] blt x12,x5,240
[inst #1667] addi x0,x0,0
Register Write to Reg: 0x00 Val: 0x00000000
[inst #1668] addi x0,x0,0
Register Write to Reg: 0x00 Val: 0x00000000
[inst #1669] sub x29,x5,x11
Register Write to Reg: 0x1D Val: 0x00000002
[inst #1670] addi x0,x0,0
Register Write to Reg: 0x00 Val: 0x00000000
[inst #1671] addi x0,x0,0
Register Write to Reg: 0x00 Val: 0x00000000
[inst #1672] addi x0,x0,0
Register Write to Reg: 0x00 Val: 0x00000000
[inst #1673] slli x29,x29,2
Register Write to Reg: 0x1D Val: 0x00000008
[inst #1674] addi x0,x0,0
Register Write to Reg: 0x00 Val: 0x00000000
[inst #1675] addi x0,x0,0
Register Write to Reg: 0x00 Val: 0x00000000
[inst #1676] addi x0,x0,0
Register Write to Reg: 0x00 Val: 0x00000000
[inst #1677] add x30,x28,x29
Register Write to Reg: 0x1E Val: 0x7FFFFF38
[inst #1678] addi x0,x0,0
Register Write to Reg: 0x00 Val: 0x00000000
[inst #1679] addi x0,x0,0
Register Write to Reg: 0x00 Val: 0x00000000
[inst #1680] addi x0,x0,0
Register Write to Reg: 0x00 Val: 0x00000000
[inst #1681] lw x8,0(x30)
Register Write to Reg: 0x08 Val: 0x00000009
[inst #1682] slli x29,x7,2
Register Write to Reg: 0x1D Val: 0x00000014
[inst #1683] addi x0,x0,0
Register Write to Reg: 0x00 Val: 0x00000000
[inst #1684] addi x0,x0,0
Register Write to Reg: 0x00 Val: 0x00000000
[inst #1685] addi x0,x0,0
Register Write to Reg: 0x00 Val: 0x00000000
[inst #1686] add x30,x10,x29
Register Write to Reg: 0x1E Val: 0x10010014
[inst #1687] addi x0,x0,0
Register Write to Reg: 0x00 Val: 0x00000000
[inst #1688] addi x0,x0,0
Register Write to Reg: 0x00 Val: 0x00000000
[inst #1689] addi x0,x0,0
Register Write to Reg: 0x00 Val: 0x00000000
[inst #1690] sw x8,0(x30)
Memory Write to Addr: 0x10010014 Val: 0x00000009
[inst #1691] addi x5,x5,1
Register Write to Reg: 0x05 Val: 0x00000003
[inst #1692] addi x7,x7,1
Register Write to Reg: 0x07 Val: 0x00000006
[inst #1693] jal x0,-108
Register Write to Reg: 0x00 Val: 0x004003C0
[inst #1694] blt x12,x5,240
[inst #1695] lw x1,156(x2)
Register Write to Reg: 0x01 Val: 0x00400148
[inst #1696] addi x2,x2,160
Register Write to Reg: 0x02 Val: 0x7FFFFFD0
[inst #1697] jalr x0,x1,0
Register Write to Reg: 0x00 Val: 0x0040044C
[inst #1698] addi x0,x0,0
Register Write to Reg: 0x00 Val: 0x00000000
[inst #1699] addi x0,x0,0
Register Write to Reg: 0x00 Val: 0x00000000
[inst #1700] lw x1,20(x2)
Register Write to Reg: 0x01 Val: 0x00400104
[inst #1701] addi x2,x2,24
Register Write to Reg: 0x02 Val: 0x7FFFFFE8
[inst #1702] addi x0,x0,0
Register Write to Reg: 0x00 Val: 0x00000000
[inst #1703] addi x0,x0,0
Register Write to Reg: 0x00 Val: 0x00000000
[inst #1704] jalr x0,x1,0
Register Write to Reg: 0x00 Val: 0x00400164
[inst #1705] addi x0,x0,0
Register Write to Reg: 0x00 Val: 0x00000000
[inst #1706] addi x0,x0,0
Register Write to Reg: 0x00 Val: 0x00000000
[inst #1707] lw x10,16(x2)
Register Write to Reg: 0x0A Val: 0x10010000
[inst #1708] lw x5,4(x2)
Register Write to Reg: 0x05 Val: 0x00000005
[inst #1709] addi x0,x0,0
Register Write to Reg: 0x00 Val: 0x00000000
[inst #1710] addi x0,x0,0
Register Write to Reg: 0x00 Val: 0x00000000
[inst #1711] addi x0,x0,0
Register Write to Reg: 0x00 Val: 0x00000000
[inst #1712] addi x11,x5,1
Register Write to Reg: 0x0B Val: 0x00000006
[inst #1713] lw x12,8(x2)
Register Write to Reg: 0x0C Val: 0x0000000A
[inst #1714] jal x1,-136
Register Write to Reg: 0x01 Val: 0x0040012C
[inst #1715] addi x2,x2,-24
Register Write to Reg: 0x02 Val: 0x7FFFFFD0
[inst #1716] addi x0,x0,0
Register Write to Reg: 0x00 Val: 0x00000000
[inst #1717] addi x0,x0,0
Register Write to Reg: 0x00 Val: 0x00000000
[inst #1718] addi x0,x0,0
Register Write to Reg: 0x00 Val: 0x00000000
[inst #1719] sw x1,20(x2)
Memory Write to Addr: 0x7FFFFFE4 Val: 0x0040012C
[inst #1720] sw x10,16(x2)
Memory Write to Addr: 0x7FFFFFE0 Val: 0x10010000
[inst #1721] sw x11,12(x2)
Memory Write to Addr: 0x7FFFFFDC Val: 0x00000006
[inst #1722] sw x12,8(x2)
Memory Write to Addr: 0x7FFFFFD8 Val: 0x0000000A
[inst #1723] sw x0,4(x2)
Memory Write to Addr: 0x7FFFFFD4 Val: 0x00000000
[inst #1724] bge x11,x12,140
[inst #1725] addi x0,x0,0
Register Write to Reg: 0x00 Val: 0x00000000
[inst #1726] addi x0,x0,0
Register Write to Reg: 0x00 Val: 0x00000000
[inst #1727] add x5,x11,x12
Register Write to Reg: 0x05 Val: 0x00000010
[inst #1728] addi x0,x0,0
Register Write to Reg: 0x00 Val: 0x00000000
[inst #1729] addi x0,x0,0
Register Write to Reg: 0x00 Val: 0x00000000
[inst #1730] addi x0,x0,0
Register Write to Reg: 0x00 Val: 0x00000000
[inst #1731] srai x5,x5,1
Register Write to Reg: 0x05 Val: 0x00000008
[inst #1732] addi x0,x0,0
Register Write to Reg: 0x00 Val: 0x00000000
[inst #1733] addi x0,x0,0
Register Write to Reg: 0x00 Val: 0x00000000
[inst #1734] addi x0,x0,0
Register Write to Reg: 0x00 Val: 0x00000000
[inst #1735] sw x5,4(x2)
Memory Write to Addr: 0x7FFFFFD4 Val: 0x00000008
[inst #1736] lw x10,16(x2)
Register Write to Reg: 0x0A Val: 0x10010000
[inst #1737] lw x11,12(x2)
Register Write to Reg: 0x0B Val: 0x00000006
[inst #1738] lw x12,4(x2)
Register Write to Reg: 0x0C Val: 0x00000008
[inst #1739] jal x1,-96
Register Write to Reg: 0x01 Val: 0x00400104
[inst #1740] addi x2,x2,-24
Register Write to Reg: 0x02 Val: 0x7FFFFFB8
[inst #1741] addi x0,x0,0
Register Write to Reg: 0x00 Val: 0x00000000
[inst #1742] addi x0,x0,0
Register Write to Reg: 0x00 Val: 0x00000000
[inst #1743] addi x0,x0,0
Register Write to Reg: 0x00 Val: 0x00000000
[inst #1744] sw x1,20(x2)
Memory Write to Addr: 0x7FFFFFCC Val: 0x00400104
[inst #1745] sw x10,16(x2)
Memory Write to Addr: 0x7FFFFFC8 Val: 0x10010000
[inst #1746] sw x11,12(x2)
Memory Write to Addr: 0x7FFFFFC4 Val: 0x00000006
[inst #1747] sw x12,8(x2)
Memory Write to Addr: 0x7FFFFFC0 Val: 0x00000008
[inst #1748] sw x0,4(x2)
Memory Write to Addr: 0x7FFFFFBC Val: 0x00000000
[inst #1749] bge x11,x12,140
[inst #1750] addi x0,x0,0
Register Write to Reg: 0x00 Val: 0x00000000
[inst #1751] addi x0,x0,0
Register Write to Reg: 0x00 Val: 0x00000000
[inst #1752] add x5,x11,x12
Register Write to Reg: 0x05 Val: 0x0000000E
[inst #1753] addi x0,x0,0
Register Write to Reg: 0x00 Val: 0x00000000
[inst #1754] addi x0,x0,0
Register Write to Reg: 0x00 Val: 0x00000000
[inst #1755] addi x0,x0,0
Register Write to Reg: 0x00 Val: 0x00000000
[inst #1756] srai x5,x5,1
Register Write to Reg: 0x05 Val: 0x00000007
[inst #1757] addi x0,x0,0
Register Write to Reg: 0x00 Val: 0x00000000
[inst #1758] addi x0,x0,0
Register Write to Reg: 0x00 Val: 0x00000000
[inst #1759] addi x0,x0,0
Register Write to Reg: 0x00 Val: 0x00000000
[inst #1760] sw x5,4(x2)
Memory Write to Addr: 0x7FFFFFBC Val: 0x00000007
[inst #1761] lw x10,16(x2)
Register Write to Reg: 0x0A Val: 0x10010000
[inst #1762] lw x11,12(x2)
Register Write to Reg: 0x0B Val: 0x00000006
[inst #1763] lw x12,4(x2)
Register Write to Reg: 0x0C Val: 0x00000007
[inst #1764] jal x1,-96
Register Write to Reg: 0x01 Val: 0x00400104
[inst #1765] addi x2,x2,-24
Register Write to Reg: 0x02 Val: 0x7FFFFFA0
[inst #1766] addi x0,x0,0
Register Write to Reg: 0x00 Val: 0x00000000
[inst #1767] addi x0,x0,0
Register Write to Reg: 0x00 Val: 0x00000000
[inst #1768] addi x0,x0,0
Register Write to Reg: 0x00 Val: 0x00000000
[inst #1769] sw x1,20(x2)
Memory Write to Addr: 0x7FFFFFB4 Val: 0x00400104
[inst #1770] sw x10,16(x2)
Memory Write to Addr: 0x7FFFFFB0 Val: 0x10010000
[inst #1771] sw x11,12(x2)
Memory Write to Addr: 0x7FFFFFAC Val: 0x00000006
[inst #1772] sw x12,8(x2)
Memory Write to Addr: 0x7FFFFFA8 Val: 0x00000007
[inst #1773] sw x0,4(x2)
Memory Write to Addr: 0x7FFFFFA4 Val: 0x00000000
[inst #1774] bge x11,x12,140
[inst #1775] addi x0,x0,0
Register Write to Reg: 0x00 Val: 0x00000000
[inst #1776] addi x0,x0,0
Register Write to Reg: 0x00 Val: 0x00000000
[inst #1777] add x5,x11,x12
Register Write to Reg: 0x05 Val: 0x0000000D
[inst #1778] addi x0,x0,0
Register Write to Reg: 0x00 Val: 0x00000000
[inst #1779] addi x0,x0,0
Register Write to Reg: 0x00 Val: 0x00000000
[inst #1780] addi x0,x0,0
Register Write to Reg: 0x00 Val: 0x00000000
[inst #1781] srai x5,x5,1
Register Write to Reg: 0x05 Val: 0x00000006
[inst #1782] addi x0,x0,0
Register Write to Reg: 0x00 Val: 0x00000000
[inst #1783] addi x0,x0,0
Register Write to Reg: 0x00 Val: 0x00000000
[inst #1784] addi x0,x0,0
Register Write to Reg: 0x00 Val: 0x00000000
[inst #1785] sw x5,4(x2)
Memory Write to Addr: 0x7FFFFFA4 Val: 0x00000006
[inst #1786] lw x10,16(x2)
Register Write to Reg: 0x0A Val: 0x10010000
[inst #1787] lw x11,12(x2)
Register Write to Reg: 0x0B Val: 0x00000006
[inst #1788] lw x12,4(x2)
Register Write to Reg: 0x0C Val: 0x00000006
[inst #1789] jal x1,-96
Register Write to Reg: 0x01 Val: 0x00400104
[inst #1790] addi x2,x2,-24
Register Write to Reg: 0x02 Val: 0x7FFFFF88
[inst #1791] addi x0,x0,0
Register Write to Reg: 0x00 Val: 0x00000000
[inst #1792] addi x0,x0,0
Register Write to Reg: 0x00 Val: 0x00000000
[inst #1793] addi x0,x0,0
Register Write to Reg: 0x00 Val: 0x00000000
[inst #1794] sw x1,20(x2)
Memory Write to Addr: 0x7FFFFF9C Val: 0x00400104
[inst #1795] sw x10,16(x2)
Memory Write to Addr: 0x7FFFFF98 Val: 0x10010000
[inst #1796] sw x11,12(x2)
Memory Write to Addr: 0x7FFFFF94 Val: 0x00000006
[inst #1797] sw x12,8(x2)
Memory Write to Addr: 0x7FFFFF90 Val: 0x00000006
[inst #1798] sw x0,4(x2)
Memory Write to Addr: 0x7FFFFF8C Val: 0x00000000
[inst #1799] bge x11,x12,140
[inst #1800] lw x1,20(x2)
Register Write to Reg: 0x01 Val: 0x00400104
[inst #1801] addi x2,x2,24
Register Write to Reg: 0x02 Val: 0x7FFFFFA0
[inst #1802] addi x0,x0,0
Register Write to Reg: 0x00 Val: 0x00000000
[inst #1803] addi x0,x0,0
Register Write to Reg: 0x00 Val: 0x00000000
[inst #1804] jalr x0,x1,0
Register Write to Reg: 0x00 Val: 0x00400164
[inst #1805] addi x0,x0,0
Register Write to Reg: 0x00 Val: 0x00000000
[inst #1806] addi x0,x0,0
Register Write to Reg: 0x00 Val: 0x00000000
[inst #1807] lw x10,16(x2)
Register Write to Reg: 0x0A Val: 0x10010000
[inst #1808] lw x5,4(x2)
Register Write to Reg: 0x05 Val: 0x00000006
[inst #1809] addi x0,x0,0
Register Write to Reg: 0x00 Val: 0x00000000
[inst #1810] addi x0,x0,0
Register Write to Reg: 0x00 Val: 0x00000000
[inst #1811] addi x0,x0,0
Register Write to Reg: 0x00 Val: 0x00000000
[inst #1812] addi x11,x5,1
Register Write to Reg: 0x0B Val: 0x00000007
[inst #1813] lw x12,8(x2)
Register Write to Reg: 0x0C Val: 0x00000007
[inst #1814] jal x1,-136
Register Write to Reg: 0x01 Val: 0x0040012C
[inst #1815] addi x2,x2,-24
Register Write to Reg: 0x02 Val: 0x7FFFFF88
[inst #1816] addi x0,x0,0
Register Write to Reg: 0x00 Val: 0x00000000
[inst #1817] addi x0,x0,0
Register Write to Reg: 0x00 Val: 0x00000000
[inst #1818] addi x0,x0,0
Register Write to Reg: 0x00 Val: 0x00000000
[inst #1819] sw x1,20(x2)
Memory Write to Addr: 0x7FFFFF9C Val: 0x0040012C
[inst #1820] sw x10,16(x2)
Memory Write to Addr: 0x7FFFFF98 Val: 0x10010000
[inst #1821] sw x11,12(x2)
Memory Write to Addr: 0x7FFFFF94 Val: 0x00000007
[inst #1822] sw x12,8(x2)
Memory Write to Addr: 0x7FFFFF90 Val: 0x00000007
[inst #1823] sw x0,4(x2)
Memory Write to Addr: 0x7FFFFF8C Val: 0x00000000
[inst #1824] bge x11,x12,140
[inst #1825] lw x1,20(x2)
Register Write to Reg: 0x01 Val: 0x0040012C
[inst #1826] addi x2,x2,24
Register Write to Reg: 0x02 Val: 0x7FFFFFA0
[inst #1827] addi x0,x0,0
Register Write to Reg: 0x00 Val: 0x00000000
[inst #1828] addi x0,x0,0
Register Write to Reg: 0x00 Val: 0x00000000
[inst #1829] jalr x0,x1,0
Register Write to Reg: 0x00 Val: 0x00400164
[inst #1830] addi x0,x0,0
Register Write to Reg: 0x00 Val: 0x00000000
[inst #1831] addi x0,x0,0
Register Write to Reg: 0x00 Val: 0x00000000
[inst #1832] lw x10,16(x2)
Register Write to Reg: 0x0A Val: 0x10010000
[inst #1833] lw x11,12(x2)
Register Write to Reg: 0x0B Val: 0x00000006
[inst #1834] lw x12,4(x2)
Register Write to Reg: 0x0C Val: 0x00000006
[inst #1835] lw x13,8(x2)
Register Write to Reg: 0x0D Val: 0x00000007
[inst #1836] jal x1,40
Register Write to Reg: 0x01 Val: 0x00400148
[inst #1837] addi x2,x2,-160
Register Write to Reg: 0x02 Val: 0x7FFFFF00
[inst #1838] addi x0,x0,0
Register Write to Reg: 0x00 Val: 0x00000000
[inst #1839] addi x0,x0,0
Register Write to Reg: 0x00 Val: 0x00000000
[inst #1840] addi x0,x0,0
Register Write to Reg: 0x00 Val: 0x00000000
[inst #1841] sw x1,156(x2)
Memory Write to Addr: 0x7FFFFF9C Val: 0x00400148
[inst #1842] sw x10,152(x2)
Memory Write to Addr: 0x7FFFFF98 Val: 0x10010000
[inst #1843] sw x11,148(x2)
Memory Write to Addr: 0x7FFFFF94 Val: 0x00000006
[inst #1844] sw x12,144(x2)
Memory Write to Addr: 0x7FFFFF90 Val: 0x00000006
[inst #1845] sw x13,140(x2)
Memory Write to Addr: 0x7FFFFF8C Val: 0x00000007
[inst #1846] addi x5,x2,0
Register Write to Reg: 0x05 Val: 0x7FFFFF00
[inst #1847] add x6,x0,x11
Register Write to Reg: 0x06 Val: 0x00000006
[inst #1848] addi x0,x0,0
Register Write to Reg: 0x00 Val: 0x00000000
[inst #1849] addi x0,x0,0
Register Write to Reg: 0x00 Val: 0x00000000
[inst #1850] addi x0,x0,0
Register Write to Reg: 0x00 Val: 0x00000000
[inst #1851] blt x13,x6,116
[inst #1852] addi x0,x0,0
Register Write to Reg: 0x00 Val: 0x00000000
[inst #1853] addi x0,x0,0
Register Write to Reg: 0x00 Val: 0x00000000
[inst #1854] slli x7,x6,2
Register Write to Reg: 0x07 Val: 0x00000018
[inst #1855] addi x0,x0,0
Register Write to Reg: 0x00 Val: 0x00000000
[inst #1856] addi x0,x0,0
Register Write to Reg: 0x00 Val: 0x00000000
[inst #1857] addi x0,x0,0
Register Write to Reg: 0x00 Val: 0x00000000
[inst #1858] add x28,x10,x7
Register Write to Reg: 0x1C Val: 0x10010018
[inst #1859] addi x0,x0,0
Register Write to Reg: 0x00 Val: 0x00000000
[inst #1860] addi x0,x0,0
Register Write to Reg: 0x00 Val: 0x00000000
[inst #1861] addi x0,x0,0
Register Write to Reg: 0x00 Val: 0x00000000
[inst #1862] lw x29,0(x28)
Register Write to Reg: 0x1D Val: 0x00000008
[inst #1863] sub x30,x6,x11
Register Write to Reg: 0x1E Val: 0x00000000
[inst #1864] addi x0,x0,0
Register Write to Reg: 0x00 Val: 0x00000000
[inst #1865] addi x0,x0,0
Register Write to Reg: 0x00 Val: 0x00000000
[inst #1866] addi x0,x0,0
Register Write to Reg: 0x00 Val: 0x00000000
[inst #1867] slli x30,x30,2
Register Write to Reg: 0x1E Val: 0x00000000
[inst #1868] addi x0,x0,0
Register Write to Reg: 0x00 Val: 0x00000000
[inst #1869] addi x0,x0,0
Register Write to Reg: 0x00 Val: 0x00000000
[inst #1870] addi x0,x0,0
Register Write to Reg: 0x00 Val: 0x00000000
[inst #1871] add x31,x5,x30
Register Write to Reg: 0x1F Val: 0x7FFFFF00
[inst #1872] addi x0,x0,0
Register Write to Reg: 0x00 Val: 0x00000000
[inst #1873] addi x0,x0,0
Register Write to Reg: 0x00 Val: 0x00000000
[inst #1874] addi x0,x0,0
Register Write to Reg: 0x00 Val: 0x00000000
[inst #1875] sw x29,0(x31)
Memory Write to Addr: 0x7FFFFF00 Val: 0x00000008
[inst #1876] addi x6,x6,1
Register Write to Reg: 0x06 Val: 0x00000007
[inst #1877] jal x0,-116
Register Write to Reg: 0x00 Val: 0x00400210
[inst #1878] addi x0,x0,0
Register Write to Reg: 0x00 Val: 0x00000000
[inst #1879] addi x0,x0,0
Register Write to Reg: 0x00 Val: 0x00000000
[inst #1880] addi x0,x0,0
Register Write to Reg: 0x00 Val: 0x00000000
[inst #1881] blt x13,x6,116
[inst #1882] addi x0,x0,0
Register Write to Reg: 0x00 Val: 0x00000000
[inst #1883] addi x0,x0,0
Register Write to Reg: 0x00 Val: 0x00000000
[inst #1884] slli x7,x6,2
Register Write to Reg: 0x07 Val: 0x0000001C
[inst #1885] addi x0,x0,0
Register Write to Reg: 0x00 Val: 0x00000000
[inst #1886] addi x0,x0,0
Register Write to Reg: 0x00 Val: 0x00000000
[inst #1887] addi x0,x0,0
Register Write to Reg: 0x00 Val: 0x00000000
[inst #1888] add x28,x10,x7
Register Write to Reg: 0x1C Val: 0x1001001C
[inst #1889] addi x0,x0,0
Register Write to Reg: 0x00 Val: 0x00000000
[inst #1890] addi x0,x0,0
Register Write to Reg: 0x00 Val: 0x00000000
[inst #1891] addi x0,x0,0
Register Write to Reg: 0x00 Val: 0x00000000
[inst #1892] lw x29,0(x28)
Register Write to Reg: 0x1D Val: 0x00000001
[inst #1893] sub x30,x6,x11
Register Write to Reg: 0x1E Val: 0x00000001
[inst #1894] addi x0,x0,0
Register Write to Reg: 0x00 Val: 0x00000000
[inst #1895] addi x0,x0,0
Register Write to Reg: 0x00 Val: 0x00000000
[inst #1896] addi x0,x0,0
Register Write to Reg: 0x00 Val: 0x00000000
[inst #1897] slli x30,x30,2
Register Write to Reg: 0x1E Val: 0x00000004
[inst #1898] addi x0,x0,0
Register Write to Reg: 0x00 Val: 0x00000000
[inst #1899] addi x0,x0,0
Register Write to Reg: 0x00 Val: 0x00000000
[inst #1900] addi x0,x0,0
Register Write to Reg: 0x00 Val: 0x00000000
[inst #1901] add x31,x5,x30
Register Write to Reg: 0x1F Val: 0x7FFFFF04
[inst #1902] addi x0,x0,0
Register Write to Reg: 0x00 Val: 0x00000000
[inst #1903] addi x0,x0,0
Register Write to Reg: 0x00 Val: 0x00000000
[inst #1904] addi x0,x0,0
Register Write to Reg: 0x00 Val: 0x00000000
[inst #1905] sw x29,0(x31)
Memory Write to Addr: 0x7FFFFF04 Val: 0x00000001
[inst #1906] addi x6,x6,1
Register Write to Reg: 0x06 Val: 0x00000008
[inst #1907] jal x0,-116
Register Write to Reg: 0x00 Val: 0x00400210
[inst #1908] addi x0,x0,0
Register Write to Reg: 0x00 Val: 0x00000000
[inst #1909] addi x0,x0,0
Register Write to Reg: 0x00 Val: 0x00000000
[inst #1910] addi x0,x0,0
Register Write to Reg: 0x00 Val: 0x00000000
[inst #1911] blt x13,x6,116
[inst #1912] lw x10,152(x2)
Register Write to Reg: 0x0A Val: 0x10010000
[inst #1913] lw x11,148(x2)
Register Write to Reg: 0x0B Val: 0x00000006
[inst #1914] lw x12,144(x2)
Register Write to Reg: 0x0C Val: 0x00000006
[inst #1915] lw x13,140(x2)
Register Write to Reg: 0x0D Val: 0x00000007
[inst #1916] addi x0,x0,0
Register Write to Reg: 0x00 Val: 0x00000000
[inst #1917] add x5,x0,x11
Register Write to Reg: 0x05 Val: 0x00000006
[inst #1918] addi x6,x12,1
Register Write to Reg: 0x06 Val: 0x00000007
[inst #1919] add x7,x0,x11
Register Write to Reg: 0x07 Val: 0x00000006
[inst #1920] addi x28,x2,0
Register Write to Reg: 0x1C Val: 0x7FFFFF00
[inst #1921] blt x12,x5,396
[inst #1922] addi x0,x0,0
Register Write to Reg: 0x00 Val: 0x00000000
[inst #1923] addi x0,x0,0
Register Write to Reg: 0x00 Val: 0x00000000
[inst #1924] blt x13,x6,264
[inst #1925] addi x0,x0,0
Register Write to Reg: 0x00 Val: 0x00000000
[inst #1926] addi x0,x0,0
Register Write to Reg: 0x00 Val: 0x00000000
[inst #1927] sub x29,x5,x11
Register Write to Reg: 0x1D Val: 0x00000000
[inst #1928] addi x0,x0,0
Register Write to Reg: 0x00 Val: 0x00000000
[inst #1929] addi x0,x0,0
Register Write to Reg: 0x00 Val: 0x00000000
[inst #1930] addi x0,x0,0
Register Write to Reg: 0x00 Val: 0x00000000
[inst #1931] slli x29,x29,2
Register Write to Reg: 0x1D Val: 0x00000000
[inst #1932] addi x0,x0,0
Register Write to Reg: 0x00 Val: 0x00000000
[inst #1933] addi x0,x0,0
Register Write to Reg: 0x00 Val: 0x00000000
[inst #1934] addi x0,x0,0
Register Write to Reg: 0x00 Val: 0x00000000
[inst #1935] add x30,x28,x29
Register Write to Reg: 0x1E Val: 0x7FFFFF00
[inst #1936] addi x0,x0,0
Register Write to Reg: 0x00 Val: 0x00000000
[inst #1937] addi x0,x0,0
Register Write to Reg: 0x00 Val: 0x00000000
[inst #1938] addi x0,x0,0
Register Write to Reg: 0x00 Val: 0x00000000
[inst #1939] lw x8,0(x30)
Register Write to Reg: 0x08 Val: 0x00000008
[inst #1940] sub x29,x6,x11
Register Write to Reg: 0x1D Val: 0x00000001
[inst #1941] addi x0,x0,0
Register Write to Reg: 0x00 Val: 0x00000000
[inst #1942] addi x0,x0,0
Register Write to Reg: 0x00 Val: 0x00000000
[inst #1943] addi x0,x0,0
Register Write to Reg: 0x00 Val: 0x00000000
[inst #1944] slli x29,x29,2
Register Write to Reg: 0x1D Val: 0x00000004
[inst #1945] addi x0,x0,0
Register Write to Reg: 0x00 Val: 0x00000000
[inst #1946] addi x0,x0,0
Register Write to Reg: 0x00 Val: 0x00000000
[inst #1947] addi x0,x0,0
Register Write to Reg: 0x00 Val: 0x00000000
[inst #1948] add x30,x28,x29
Register Write to Reg: 0x1E Val: 0x7FFFFF04
[inst #1949] addi x0,x0,0
Register Write to Reg: 0x00 Val: 0x00000000
[inst #1950] addi x0,x0,0
Register Write to Reg: 0x00 Val: 0x00000000
[inst #1951] addi x0,x0,0
Register Write to Reg: 0x00 Val: 0x00000000
[inst #1952] lw x9,0(x30)
Register Write to Reg: 0x09 Val: 0x00000001
[inst #1953] addi x0,x0,0
Register Write to Reg: 0x00 Val: 0x00000000
[inst #1954] addi x0,x0,0
Register Write to Reg: 0x00 Val: 0x00000000
[inst #1955] addi x0,x0,0
Register Write to Reg: 0x00 Val: 0x00000000
[inst #1956] bge x9,x8,24
[inst #1957] addi x0,x0,0
Register Write to Reg: 0x00 Val: 0x00000000
[inst #1958] addi x0,x0,0
Register Write to Reg: 0x00 Val: 0x00000000
[inst #1959] jal x0,68
Register Write to Reg: 0x00 Val: 0x004002D8
[inst #1960] slli x29,x7,2
Register Write to Reg: 0x1D Val: 0x00000018
[inst #1961] addi x0,x0,0
Register Write to Reg: 0x00 Val: 0x00000000
[inst #1962] addi x0,x0,0
Register Write to Reg: 0x00 Val: 0x00000000
[inst #1963] addi x0,x0,0
Register Write to Reg: 0x00 Val: 0x00000000
[inst #1964] add x30,x10,x29
Register Write to Reg: 0x1E Val: 0x10010018
[inst #1965] addi x0,x0,0
Register Write to Reg: 0x00 Val: 0x00000000
[inst #1966] addi x0,x0,0
Register Write to Reg: 0x00 Val: 0x00000000
[inst #1967] addi x0,x0,0
Register Write to Reg: 0x00 Val: 0x00000000
[inst #1968] sw x9,0(x30)
Memory Write to Addr: 0x10010018 Val: 0x00000001
[inst #1969] addi x6,x6,1
Register Write to Reg: 0x06 Val: 0x00000008
[inst #1970] addi x7,x7,1
Register Write to Reg: 0x07 Val: 0x00000007
[inst #1971] jal x0,-264
Register Write to Reg: 0x00 Val: 0x00400348
[inst #1972] blt x12,x5,396
[inst #1973] addi x0,x0,0
Register Write to Reg: 0x00 Val: 0x00000000
[inst #1974] addi x0,x0,0
Register Write to Reg: 0x00 Val: 0x00000000
[inst #1975] blt x13,x6,264
[inst #1976] blt x12,x5,240
[inst #1977] addi x0,x0,0
Register Write to Reg: 0x00 Val: 0x00000000
[inst #1978] addi x0,x0,0
Register Write to Reg: 0x00 Val: 0x00000000
[inst #1979] sub x29,x5,x11
Register Write to Reg: 0x1D Val: 0x00000000
[inst #1980] addi x0,x0,0
Register Write to Reg: 0x00 Val: 0x00000000
[inst #1981] addi x0,x0,0
Register Write to Reg: 0x00 Val: 0x00000000
[inst #1982] addi x0,x0,0
Register Write to Reg: 0x00 Val: 0x00000000
[inst #1983] slli x29,x29,2
Register Write to Reg: 0x1D Val: 0x00000000
[inst #1984] addi x0,x0,0
Register Write to Reg: 0x00 Val: 0x00000000
[inst #1985] addi x0,x0,0
Register Write to Reg: 0x00 Val: 0x00000000
[inst #1986] addi x0,x0,0
Register Write to Reg: 0x00 Val: 0x00000000
[inst #1987] add x30,x28,x29
Register Write to Reg: 0x1E Val: 0x7FFFFF00
[inst #1988] addi x0,x0,0
Register Write to Reg: 0x00 Val: 0x00000000
[inst #1989] addi x0,x0,0
Register Write to Reg: 0x00 Val: 0x00000000
[inst #1990] addi x0,x0,0
Register Write to Reg: 0x00 Val: 0x00000000
[inst #1991] lw x8,0(x30)
Register Write to Reg: 0x08 Val: 0x00000008
[inst #1992] slli x29,x7,2
Register Write to Reg: 0x1D Val: 0x0000001C
[inst #1993] addi x0,x0,0
Register Write to Reg: 0x00 Val: 0x00000000
[inst #1994] addi x0,x0,0
Register Write to Reg: 0x00 Val: 0x00000000
[inst #1995] addi x0,x0,0
Register Write to Reg: 0x00 Val: 0x00000000
[inst #1996] add x30,x10,x29
Register Write to Reg: 0x1E Val: 0x1001001C
[inst #1997] addi x0,x0,0
Register Write to Reg: 0x00 Val: 0x00000000
[inst #1998] addi x0,x0,0
Register Write to Reg: 0x00 Val: 0x00000000
[inst #1999] addi x0,x0,0
Register Write to Reg: 0x00 Val: 0x00000000
[inst #2000] sw x8,0(x30)
Memory Write to Addr: 0x1001001C Val: 0x00000008
[inst #2001] addi x5,x5,1
Register Write to Reg: 0x05 Val: 0x00000007
[inst #2002] addi x7,x7,1
Register Write to Reg: 0x07 Val: 0x00000008
[inst #2003] jal x0,-108
Register Write to Reg: 0x00 Val: 0x004003C0
[inst #2004] blt x12,x5,240
[inst #2005] lw x1,156(x2)
Register Write to Reg: 0x01 Val: 0x00400148
[inst #2006] addi x2,x2,160
Register Write to Reg: 0x02 Val: 0x7FFFFFA0
[inst #2007] jalr x0,x1,0
Register Write to Reg: 0x00 Val: 0x0040044C
[inst #2008] addi x0,x0,0
Register Write to Reg: 0x00 Val: 0x00000000
[inst #2009] addi x0,x0,0
Register Write to Reg: 0x00 Val: 0x00000000
[inst #2010] lw x1,20(x2)
Register Write to Reg: 0x01 Val: 0x00400104
[inst #2011] addi x2,x2,24
Register Write to Reg: 0x02 Val: 0x7FFFFFB8
[inst #2012] addi x0,x0,0
Register Write to Reg: 0x00 Val: 0x00000000
[inst #2013] addi x0,x0,0
Register Write to Reg: 0x00 Val: 0x00000000
[inst #2014] jalr x0,x1,0
Register Write to Reg: 0x00 Val: 0x00400164
[inst #2015] addi x0,x0,0
Register Write to Reg: 0x00 Val: 0x00000000
[inst #2016] addi x0,x0,0
Register Write to Reg: 0x00 Val: 0x00000000
[inst #2017] lw x10,16(x2)
Register Write to Reg: 0x0A Val: 0x10010000
[inst #2018] lw x5,4(x2)
Register Write to Reg: 0x05 Val: 0x00000007
[inst #2019] addi x0,x0,0
Register Write to Reg: 0x00 Val: 0x00000000
[inst #2020] addi x0,x0,0
Register Write to Reg: 0x00 Val: 0x00000000
[inst #2021] addi x0,x0,0
Register Write to Reg: 0x00 Val: 0x00000000
[inst #2022] addi x11,x5,1
Register Write to Reg: 0x0B Val: 0x00000008
[inst #2023] lw x12,8(x2)
Register Write to Reg: 0x0C Val: 0x00000008
[inst #2024] jal x1,-136
Register Write to Reg: 0x01 Val: 0x0040012C
[inst #2025] addi x2,x2,-24
Register Write to Reg: 0x02 Val: 0x7FFFFFA0
[inst #2026] addi x0,x0,0
Register Write to Reg: 0x00 Val: 0x00000000
[inst #2027] addi x0,x0,0
Register Write to Reg: 0x00 Val: 0x00000000
[inst #2028] addi x0,x0,0
Register Write to Reg: 0x00 Val: 0x00000000
[inst #2029] sw x1,20(x2)
Memory Write to Addr: 0x7FFFFFB4 Val: 0x0040012C
[inst #2030] sw x10,16(x2)
Memory Write to Addr: 0x7FFFFFB0 Val: 0x10010000
[inst #2031] sw x11,12(x2)
Memory Write to Addr: 0x7FFFFFAC Val: 0x00000008
[inst #2032] sw x12,8(x2)
Memory Write to Addr: 0x7FFFFFA8 Val: 0x00000008
[inst #2033] sw x0,4(x2)
Memory Write to Addr: 0x7FFFFFA4 Val: 0x00000000
[inst #2034] bge x11,x12,140
[inst #2035] lw x1,20(x2)
Register Write to Reg: 0x01 Val: 0x0040012C
[inst #2036] addi x2,x2,24
Register Write to Reg: 0x02 Val: 0x7FFFFFB8
[inst #2037] addi x0,x0,0
Register Write to Reg: 0x00 Val: 0x00000000
[inst #2038] addi x0,x0,0
Register Write to Reg: 0x00 Val: 0x00000000
[inst #2039] jalr x0,x1,0
Register Write to Reg: 0x00 Val: 0x00400164
[inst #2040] addi x0,x0,0
Register Write to Reg: 0x00 Val: 0x00000000
[inst #2041] addi x0,x0,0
Register Write to Reg: 0x00 Val: 0x00000000
[inst #2042] lw x10,16(x2)
Register Write to Reg: 0x0A Val: 0x10010000
[inst #2043] lw x11,12(x2)
Register Write to Reg: 0x0B Val: 0x00000006
[inst #2044] lw x12,4(x2)
Register Write to Reg: 0x0C Val: 0x00000007
[inst #2045] lw x13,8(x2)
Register Write to Reg: 0x0D Val: 0x00000008
[inst #2046] jal x1,40
Register Write to Reg: 0x01 Val: 0x00400148
[inst #2047] addi x2,x2,-160
Register Write to Reg: 0x02 Val: 0x7FFFFF18
[inst #2048] addi x0,x0,0
Register Write to Reg: 0x00 Val: 0x00000000
[inst #2049] addi x0,x0,0
Register Write to Reg: 0x00 Val: 0x00000000
[inst #2050] addi x0,x0,0
Register Write to Reg: 0x00 Val: 0x00000000
[inst #2051] sw x1,156(x2)
Memory Write to Addr: 0x7FFFFFB4 Val: 0x00400148
[inst #2052] sw x10,152(x2)
Memory Write to Addr: 0x7FFFFFB0 Val: 0x10010000
[inst #2053] sw x11,148(x2)
Memory Write to Addr: 0x7FFFFFAC Val: 0x00000006
[inst #2054] sw x12,144(x2)
Memory Write to Addr: 0x7FFFFFA8 Val: 0x00000007
[inst #2055] sw x13,140(x2)
Memory Write to Addr: 0x7FFFFFA4 Val: 0x00000008
[inst #2056] addi x5,x2,0
Register Write to Reg: 0x05 Val: 0x7FFFFF18
[inst #2057] add x6,x0,x11
Register Write to Reg: 0x06 Val: 0x00000006
[inst #2058] addi x0,x0,0
Register Write to Reg: 0x00 Val: 0x00000000
[inst #2059] addi x0,x0,0
Register Write to Reg: 0x00 Val: 0x00000000
[inst #2060] addi x0,x0,0
Register Write to Reg: 0x00 Val: 0x00000000
[inst #2061] blt x13,x6,116
[inst #2062] addi x0,x0,0
Register Write to Reg: 0x00 Val: 0x00000000
[inst #2063] addi x0,x0,0
Register Write to Reg: 0x00 Val: 0x00000000
[inst #2064] slli x7,x6,2
Register Write to Reg: 0x07 Val: 0x00000018
[inst #2065] addi x0,x0,0
Register Write to Reg: 0x00 Val: 0x00000000
[inst #2066] addi x0,x0,0
Register Write to Reg: 0x00 Val: 0x00000000
[inst #2067] addi x0,x0,0
Register Write to Reg: 0x00 Val: 0x00000000
[inst #2068] add x28,x10,x7
Register Write to Reg: 0x1C Val: 0x10010018
[inst #2069] addi x0,x0,0
Register Write to Reg: 0x00 Val: 0x00000000
[inst #2070] addi x0,x0,0
Register Write to Reg: 0x00 Val: 0x00000000
[inst #2071] addi x0,x0,0
Register Write to Reg: 0x00 Val: 0x00000000
[inst #2072] lw x29,0(x28)
Register Write to Reg: 0x1D Val: 0x00000001
[inst #2073] sub x30,x6,x11
Register Write to Reg: 0x1E Val: 0x00000000
[inst #2074] addi x0,x0,0
Register Write to Reg: 0x00 Val: 0x00000000
[inst #2075] addi x0,x0,0
Register Write to Reg: 0x00 Val: 0x00000000
[inst #2076] addi x0,x0,0
Register Write to Reg: 0x00 Val: 0x00000000
[inst #2077] slli x30,x30,2
Register Write to Reg: 0x1E Val: 0x00000000
[inst #2078] addi x0,x0,0
Register Write to Reg: 0x00 Val: 0x00000000
[inst #2079] addi x0,x0,0
Register Write to Reg: 0x00 Val: 0x00000000
[inst #2080] addi x0,x0,0
Register Write to Reg: 0x00 Val: 0x00000000
[inst #2081] add x31,x5,x30
Register Write to Reg: 0x1F Val: 0x7FFFFF18
[inst #2082] addi x0,x0,0
Register Write to Reg: 0x00 Val: 0x00000000
[inst #2083] addi x0,x0,0
Register Write to Reg: 0x00 Val: 0x00000000
[inst #2084] addi x0,x0,0
Register Write to Reg: 0x00 Val: 0x00000000
[inst #2085] sw x29,0(x31)
Memory Write to Addr: 0x7FFFFF18 Val: 0x00000001
[inst #2086] addi x6,x6,1
Register Write to Reg: 0x06 Val: 0x00000007
[inst #2087] jal x0,-116
Register Write to Reg: 0x00 Val: 0x00400210
[inst #2088] addi x0,x0,0
Register Write to Reg: 0x00 Val: 0x00000000
[inst #2089] addi x0,x0,0
Register Write to Reg: 0x00 Val: 0x00000000
[inst #2090] addi x0,x0,0
Register Write to Reg: 0x00 Val: 0x00000000
[inst #2091] blt x13,x6,116
[inst #2092] addi x0,x0,0
Register Write to Reg: 0x00 Val: 0x00000000
[inst #2093] addi x0,x0,0
Register Write to Reg: 0x00 Val: 0x00000000
[inst #2094] slli x7,x6,2
Register Write to Reg: 0x07 Val: 0x0000001C
[inst #2095] addi x0,x0,0
Register Write to Reg: 0x00 Val: 0x00000000
[inst #2096] addi x0,x0,0
Register Write to Reg: 0x00 Val: 0x00000000
[inst #2097] addi x0,x0,0
Register Write to Reg: 0x00 Val: 0x00000000
[inst #2098] add x28,x10,x7
Register Write to Reg: 0x1C Val: 0x1001001C
[inst #2099] addi x0,x0,0
Register Write to Reg: 0x00 Val: 0x00000000
[inst #2100] addi x0,x0,0
Register Write to Reg: 0x00 Val: 0x00000000
[inst #2101] addi x0,x0,0
Register Write to Reg: 0x00 Val: 0x00000000
[inst #2102] lw x29,0(x28)
Register Write to Reg: 0x1D Val: 0x00000008
[inst #2103] sub x30,x6,x11
Register Write to Reg: 0x1E Val: 0x00000001
[inst #2104] addi x0,x0,0
Register Write to Reg: 0x00 Val: 0x00000000
[inst #2105] addi x0,x0,0
Register Write to Reg: 0x00 Val: 0x00000000
[inst #2106] addi x0,x0,0
Register Write to Reg: 0x00 Val: 0x00000000
[inst #2107] slli x30,x30,2
Register Write to Reg: 0x1E Val: 0x00000004
[inst #2108] addi x0,x0,0
Register Write to Reg: 0x00 Val: 0x00000000
[inst #2109] addi x0,x0,0
Register Write to Reg: 0x00 Val: 0x00000000
[inst #2110] addi x0,x0,0
Register Write to Reg: 0x00 Val: 0x00000000
[inst #2111] add x31,x5,x30
Register Write to Reg: 0x1F Val: 0x7FFFFF1C
[inst #2112] addi x0,x0,0
Register Write to Reg: 0x00 Val: 0x00000000
[inst #2113] addi x0,x0,0
Register Write to Reg: 0x00 Val: 0x00000000
[inst #2114] addi x0,x0,0
Register Write to Reg: 0x00 Val: 0x00000000
[inst #2115] sw x29,0(x31)
Memory Write to Addr: 0x7FFFFF1C Val: 0x00000008
[inst #2116] addi x6,x6,1
Register Write to Reg: 0x06 Val: 0x00000008
[inst #2117] jal x0,-116
Register Write to Reg: 0x00 Val: 0x00400210
[inst #2118] addi x0,x0,0
Register Write to Reg: 0x00 Val: 0x00000000
[inst #2119] addi x0,x0,0
Register Write to Reg: 0x00 Val: 0x00000000
[inst #2120] addi x0,x0,0
Register Write to Reg: 0x00 Val: 0x00000000
[inst #2121] blt x13,x6,116
[inst #2122] addi x0,x0,0
Register Write to Reg: 0x00 Val: 0x00000000
[inst #2123] addi x0,x0,0
Register Write to Reg: 0x00 Val: 0x00000000
[inst #2124] slli x7,x6,2
Register Write to Reg: 0x07 Val: 0x00000020
[inst #2125] addi x0,x0,0
Register Write to Reg: 0x00 Val: 0x00000000
[inst #2126] addi x0,x0,0
Register Write to Reg: 0x00 Val: 0x00000000
[inst #2127] addi x0,x0,0
Register Write to Reg: 0x00 Val: 0x00000000
[inst #2128] add x28,x10,x7
Register Write to Reg: 0x1C Val: 0x10010020
[inst #2129] addi x0,x0,0
Register Write to Reg: 0x00 Val: 0x00000000
[inst #2130] addi x0,x0,0
Register Write to Reg: 0x00 Val: 0x00000000
[inst #2131] addi x0,x0,0
Register Write to Reg: 0x00 Val: 0x00000000
[inst #2132] lw x29,0(x28)
Register Write to Reg: 0x1D Val: 0x00000005
[inst #2133] sub x30,x6,x11
Register Write to Reg: 0x1E Val: 0x00000002
[inst #2134] addi x0,x0,0
Register Write to Reg: 0x00 Val: 0x00000000
[inst #2135] addi x0,x0,0
Register Write to Reg: 0x00 Val: 0x00000000
[inst #2136] addi x0,x0,0
Register Write to Reg: 0x00 Val: 0x00000000
[inst #2137] slli x30,x30,2
Register Write to Reg: 0x1E Val: 0x00000008
[inst #2138] addi x0,x0,0
Register Write to Reg: 0x00 Val: 0x00000000
[inst #2139] addi x0,x0,0
Register Write to Reg: 0x00 Val: 0x00000000
[inst #2140] addi x0,x0,0
Register Write to Reg: 0x00 Val: 0x00000000
[inst #2141] add x31,x5,x30
Register Write to Reg: 0x1F Val: 0x7FFFFF20
[inst #2142] addi x0,x0,0
Register Write to Reg: 0x00 Val: 0x00000000
[inst #2143] addi x0,x0,0
Register Write to Reg: 0x00 Val: 0x00000000
[inst #2144] addi x0,x0,0
Register Write to Reg: 0x00 Val: 0x00000000
[inst #2145] sw x29,0(x31)
Memory Write to Addr: 0x7FFFFF20 Val: 0x00000005
[inst #2146] addi x6,x6,1
Register Write to Reg: 0x06 Val: 0x00000009
[inst #2147] jal x0,-116
Register Write to Reg: 0x00 Val: 0x00400210
[inst #2148] addi x0,x0,0
Register Write to Reg: 0x00 Val: 0x00000000
[inst #2149] addi x0,x0,0
Register Write to Reg: 0x00 Val: 0x00000000
[inst #2150] addi x0,x0,0
Register Write to Reg: 0x00 Val: 0x00000000
[inst #2151] blt x13,x6,116
[inst #2152] lw x10,152(x2)
Register Write to Reg: 0x0A Val: 0x10010000
[inst #2153] lw x11,148(x2)
Register Write to Reg: 0x0B Val: 0x00000006
[inst #2154] lw x12,144(x2)
Register Write to Reg: 0x0C Val: 0x00000007
[inst #2155] lw x13,140(x2)
Register Write to Reg: 0x0D Val: 0x00000008
[inst #2156] addi x0,x0,0
Register Write to Reg: 0x00 Val: 0x00000000
[inst #2157] add x5,x0,x11
Register Write to Reg: 0x05 Val: 0x00000006
[inst #2158] addi x6,x12,1
Register Write to Reg: 0x06 Val: 0x00000008
[inst #2159] add x7,x0,x11
Register Write to Reg: 0x07 Val: 0x00000006
[inst #2160] addi x28,x2,0
Register Write to Reg: 0x1C Val: 0x7FFFFF18
[inst #2161] blt x12,x5,396
[inst #2162] addi x0,x0,0
Register Write to Reg: 0x00 Val: 0x00000000
[inst #2163] addi x0,x0,0
Register Write to Reg: 0x00 Val: 0x00000000
[inst #2164] blt x13,x6,264
[inst #2165] addi x0,x0,0
Register Write to Reg: 0x00 Val: 0x00000000
[inst #2166] addi x0,x0,0
Register Write to Reg: 0x00 Val: 0x00000000
[inst #2167] sub x29,x5,x11
Register Write to Reg: 0x1D Val: 0x00000000
[inst #2168] addi x0,x0,0
Register Write to Reg: 0x00 Val: 0x00000000
[inst #2169] addi x0,x0,0
Register Write to Reg: 0x00 Val: 0x00000000
[inst #2170] addi x0,x0,0
Register Write to Reg: 0x00 Val: 0x00000000
[inst #2171] slli x29,x29,2
Register Write to Reg: 0x1D Val: 0x00000000
[inst #2172] addi x0,x0,0
Register Write to Reg: 0x00 Val: 0x00000000
[inst #2173] addi x0,x0,0
Register Write to Reg: 0x00 Val: 0x00000000
[inst #2174] addi x0,x0,0
Register Write to Reg: 0x00 Val: 0x00000000
[inst #2175] add x30,x28,x29
Register Write to Reg: 0x1E Val: 0x7FFFFF18
[inst #2176] addi x0,x0,0
Register Write to Reg: 0x00 Val: 0x00000000
[inst #2177] addi x0,x0,0
Register Write to Reg: 0x00 Val: 0x00000000
[inst #2178] addi x0,x0,0
Register Write to Reg: 0x00 Val: 0x00000000
[inst #2179] lw x8,0(x30)
Register Write to Reg: 0x08 Val: 0x00000001
[inst #2180] sub x29,x6,x11
Register Write to Reg: 0x1D Val: 0x00000002
[inst #2181] addi x0,x0,0
Register Write to Reg: 0x00 Val: 0x00000000
[inst #2182] addi x0,x0,0
Register Write to Reg: 0x00 Val: 0x00000000
[inst #2183] addi x0,x0,0
Register Write to Reg: 0x00 Val: 0x00000000
[inst #2184] slli x29,x29,2
Register Write to Reg: 0x1D Val: 0x00000008
[inst #2185] addi x0,x0,0
Register Write to Reg: 0x00 Val: 0x00000000
[inst #2186] addi x0,x0,0
Register Write to Reg: 0x00 Val: 0x00000000
[inst #2187] addi x0,x0,0
Register Write to Reg: 0x00 Val: 0x00000000
[inst #2188] add x30,x28,x29
Register Write to Reg: 0x1E Val: 0x7FFFFF20
[inst #2189] addi x0,x0,0
Register Write to Reg: 0x00 Val: 0x00000000
[inst #2190] addi x0,x0,0
Register Write to Reg: 0x00 Val: 0x00000000
[inst #2191] addi x0,x0,0
Register Write to Reg: 0x00 Val: 0x00000000
[inst #2192] lw x9,0(x30)
Register Write to Reg: 0x09 Val: 0x00000005
[inst #2193] addi x0,x0,0
Register Write to Reg: 0x00 Val: 0x00000000
[inst #2194] addi x0,x0,0
Register Write to Reg: 0x00 Val: 0x00000000
[inst #2195] addi x0,x0,0
Register Write to Reg: 0x00 Val: 0x00000000
[inst #2196] bge x9,x8,24
[inst #2197] slli x29,x7,2
Register Write to Reg: 0x1D Val: 0x00000018
[inst #2198] addi x0,x0,0
Register Write to Reg: 0x00 Val: 0x00000000
[inst #2199] addi x0,x0,0
Register Write to Reg: 0x00 Val: 0x00000000
[inst #2200] addi x0,x0,0
Register Write to Reg: 0x00 Val: 0x00000000
[inst #2201] add x30,x10,x29
Register Write to Reg: 0x1E Val: 0x10010018
[inst #2202] addi x0,x0,0
Register Write to Reg: 0x00 Val: 0x00000000
[inst #2203] addi x0,x0,0
Register Write to Reg: 0x00 Val: 0x00000000
[inst #2204] addi x0,x0,0
Register Write to Reg: 0x00 Val: 0x00000000
[inst #2205] sw x8,0(x30)
Memory Write to Addr: 0x10010018 Val: 0x00000001
[inst #2206] addi x5,x5,1
Register Write to Reg: 0x05 Val: 0x00000007
[inst #2207] addi x7,x7,1
Register Write to Reg: 0x07 Val: 0x00000007
[inst #2208] jal x0,-208
Register Write to Reg: 0x00 Val: 0x00400310
[inst #2209] blt x12,x5,396
[inst #2210] addi x0,x0,0
Register Write to Reg: 0x00 Val: 0x00000000
[inst #2211] addi x0,x0,0
Register Write to Reg: 0x00 Val: 0x00000000
[inst #2212] blt x13,x6,264
[inst #2213] addi x0,x0,0
Register Write to Reg: 0x00 Val: 0x00000000
[inst #2214] addi x0,x0,0
Register Write to Reg: 0x00 Val: 0x00000000
[inst #2215] sub x29,x5,x11
Register Write to Reg: 0x1D Val: 0x00000001
[inst #2216] addi x0,x0,0
Register Write to Reg: 0x00 Val: 0x00000000
[inst #2217] addi x0,x0,0
Register Write to Reg: 0x00 Val: 0x00000000
[inst #2218] addi x0,x0,0
Register Write to Reg: 0x00 Val: 0x00000000
[inst #2219] slli x29,x29,2
Register Write to Reg: 0x1D Val: 0x00000004
[inst #2220] addi x0,x0,0
Register Write to Reg: 0x00 Val: 0x00000000
[inst #2221] addi x0,x0,0
Register Write to Reg: 0x00 Val: 0x00000000
[inst #2222] addi x0,x0,0
Register Write to Reg: 0x00 Val: 0x00000000
[inst #2223] add x30,x28,x29
Register Write to Reg: 0x1E Val: 0x7FFFFF1C
[inst #2224] addi x0,x0,0
Register Write to Reg: 0x00 Val: 0x00000000
[inst #2225] addi x0,x0,0
Register Write to Reg: 0x00 Val: 0x00000000
[inst #2226] addi x0,x0,0
Register Write to Reg: 0x00 Val: 0x00000000
[inst #2227] lw x8,0(x30)
Register Write to Reg: 0x08 Val: 0x00000008
[inst #2228] sub x29,x6,x11
Register Write to Reg: 0x1D Val: 0x00000002
[inst #2229] addi x0,x0,0
Register Write to Reg: 0x00 Val: 0x00000000
[inst #2230] addi x0,x0,0
Register Write to Reg: 0x00 Val: 0x00000000
[inst #2231] addi x0,x0,0
Register Write to Reg: 0x00 Val: 0x00000000
[inst #2232] slli x29,x29,2
Register Write to Reg: 0x1D Val: 0x00000008
[inst #2233] addi x0,x0,0
Register Write to Reg: 0x00 Val: 0x00000000
[inst #2234] addi x0,x0,0
Register Write to Reg: 0x00 Val: 0x00000000
[inst #2235] addi x0,x0,0
Register Write to Reg: 0x00 Val: 0x00000000
[inst #2236] add x30,x28,x29
Register Write to Reg: 0x1E Val: 0x7FFFFF20
[inst #2237] addi x0,x0,0
Register Write to Reg: 0x00 Val: 0x00000000
[inst #2238] addi x0,x0,0
Register Write to Reg: 0x00 Val: 0x00000000
[inst #2239] addi x0,x0,0
Register Write to Reg: 0x00 Val: 0x00000000
[inst #2240] lw x9,0(x30)
Register Write to Reg: 0x09 Val: 0x00000005
[inst #2241] addi x0,x0,0
Register Write to Reg: 0x00 Val: 0x00000000
[inst #2242] addi x0,x0,0
Register Write to Reg: 0x00 Val: 0x00000000
[inst #2243] addi x0,x0,0
Register Write to Reg: 0x00 Val: 0x00000000
[inst #2244] bge x9,x8,24
[inst #2245] addi x0,x0,0
Register Write to Reg: 0x00 Val: 0x00000000
[inst #2246] addi x0,x0,0
Register Write to Reg: 0x00 Val: 0x00000000
[inst #2247] jal x0,68
Register Write to Reg: 0x00 Val: 0x004002D8
[inst #2248] slli x29,x7,2
Register Write to Reg: 0x1D Val: 0x0000001C
[inst #2249] addi x0,x0,0
Register Write to Reg: 0x00 Val: 0x00000000
[inst #2250] addi x0,x0,0
Register Write to Reg: 0x00 Val: 0x00000000
[inst #2251] addi x0,x0,0
Register Write to Reg: 0x00 Val: 0x00000000
[inst #2252] add x30,x10,x29
Register Write to Reg: 0x1E Val: 0x1001001C
[inst #2253] addi x0,x0,0
Register Write to Reg: 0x00 Val: 0x00000000
[inst #2254] addi x0,x0,0
Register Write to Reg: 0x00 Val: 0x00000000
[inst #2255] addi x0,x0,0
Register Write to Reg: 0x00 Val: 0x00000000
[inst #2256] sw x9,0(x30)
Memory Write to Addr: 0x1001001C Val: 0x00000005
[inst #2257] addi x6,x6,1
Register Write to Reg: 0x06 Val: 0x00000009
[inst #2258] addi x7,x7,1
Register Write to Reg: 0x07 Val: 0x00000008
[inst #2259] jal x0,-264
Register Write to Reg: 0x00 Val: 0x00400348
[inst #2260] blt x12,x5,396
[inst #2261] addi x0,x0,0
Register Write to Reg: 0x00 Val: 0x00000000
[inst #2262] addi x0,x0,0
Register Write to Reg: 0x00 Val: 0x00000000
[inst #2263] blt x13,x6,264
[inst #2264] blt x12,x5,240
[inst #2265] addi x0,x0,0
Register Write to Reg: 0x00 Val: 0x00000000
[inst #2266] addi x0,x0,0
Register Write to Reg: 0x00 Val: 0x00000000
[inst #2267] sub x29,x5,x11
Register Write to Reg: 0x1D Val: 0x00000001
[inst #2268] addi x0,x0,0
Register Write to Reg: 0x00 Val: 0x00000000
[inst #2269] addi x0,x0,0
Register Write to Reg: 0x00 Val: 0x00000000
[inst #2270] addi x0,x0,0
Register Write to Reg: 0x00 Val: 0x00000000
[inst #2271] slli x29,x29,2
Register Write to Reg: 0x1D Val: 0x00000004
[inst #2272] addi x0,x0,0
Register Write to Reg: 0x00 Val: 0x00000000
[inst #2273] addi x0,x0,0
Register Write to Reg: 0x00 Val: 0x00000000
[inst #2274] addi x0,x0,0
Register Write to Reg: 0x00 Val: 0x00000000
[inst #2275] add x30,x28,x29
Register Write to Reg: 0x1E Val: 0x7FFFFF1C
[inst #2276] addi x0,x0,0
Register Write to Reg: 0x00 Val: 0x00000000
[inst #2277] addi x0,x0,0
Register Write to Reg: 0x00 Val: 0x00000000
[inst #2278] addi x0,x0,0
Register Write to Reg: 0x00 Val: 0x00000000
[inst #2279] lw x8,0(x30)
Register Write to Reg: 0x08 Val: 0x00000008
[inst #2280] slli x29,x7,2
Register Write to Reg: 0x1D Val: 0x00000020
[inst #2281] addi x0,x0,0
Register Write to Reg: 0x00 Val: 0x00000000
[inst #2282] addi x0,x0,0
Register Write to Reg: 0x00 Val: 0x00000000
[inst #2283] addi x0,x0,0
Register Write to Reg: 0x00 Val: 0x00000000
[inst #2284] add x30,x10,x29
Register Write to Reg: 0x1E Val: 0x10010020
[inst #2285] addi x0,x0,0
Register Write to Reg: 0x00 Val: 0x00000000
[inst #2286] addi x0,x0,0
Register Write to Reg: 0x00 Val: 0x00000000
[inst #2287] addi x0,x0,0
Register Write to Reg: 0x00 Val: 0x00000000
[inst #2288] sw x8,0(x30)
Memory Write to Addr: 0x10010020 Val: 0x00000008
[inst #2289] addi x5,x5,1
Register Write to Reg: 0x05 Val: 0x00000008
[inst #2290] addi x7,x7,1
Register Write to Reg: 0x07 Val: 0x00000009
[inst #2291] jal x0,-108
Register Write to Reg: 0x00 Val: 0x004003C0
[inst #2292] blt x12,x5,240
[inst #2293] lw x1,156(x2)
Register Write to Reg: 0x01 Val: 0x00400148
[inst #2294] addi x2,x2,160
Register Write to Reg: 0x02 Val: 0x7FFFFFB8
[inst #2295] jalr x0,x1,0
Register Write to Reg: 0x00 Val: 0x0040044C
[inst #2296] addi x0,x0,0
Register Write to Reg: 0x00 Val: 0x00000000
[inst #2297] addi x0,x0,0
Register Write to Reg: 0x00 Val: 0x00000000
[inst #2298] lw x1,20(x2)
Register Write to Reg: 0x01 Val: 0x00400104
[inst #2299] addi x2,x2,24
Register Write to Reg: 0x02 Val: 0x7FFFFFD0
[inst #2300] addi x0,x0,0
Register Write to Reg: 0x00 Val: 0x00000000
[inst #2301] addi x0,x0,0
Register Write to Reg: 0x00 Val: 0x00000000
[inst #2302] jalr x0,x1,0
Register Write to Reg: 0x00 Val: 0x00400164
[inst #2303] addi x0,x0,0
Register Write to Reg: 0x00 Val: 0x00000000
[inst #2304] addi x0,x0,0
Register Write to Reg: 0x00 Val: 0x00000000
[inst #2305] lw x10,16(x2)
Register Write to Reg: 0x0A Val: 0x10010000
[inst #2306] lw x5,4(x2)
Register Write to Reg: 0x05 Val: 0x00000008
[inst #2307] addi x0,x0,0
Register Write to Reg: 0x00 Val: 0x00000000
[inst #2308] addi x0,x0,0
Register Write to Reg: 0x00 Val: 0x00000000
[inst #2309] addi x0,x0,0
Register Write to Reg: 0x00 Val: 0x00000000
[inst #2310] addi x11,x5,1
Register Write to Reg: 0x0B Val: 0x00000009
[inst #2311] lw x12,8(x2)
Register Write to Reg: 0x0C Val: 0x0000000A
[inst #2312] jal x1,-136
Register Write to Reg: 0x01 Val: 0x0040012C
[inst #2313] addi x2,x2,-24
Register Write to Reg: 0x02 Val: 0x7FFFFFB8
[inst #2314] addi x0,x0,0
Register Write to Reg: 0x00 Val: 0x00000000
[inst #2315] addi x0,x0,0
Register Write to Reg: 0x00 Val: 0x00000000
[inst #2316] addi x0,x0,0
Register Write to Reg: 0x00 Val: 0x00000000
[inst #2317] sw x1,20(x2)
Memory Write to Addr: 0x7FFFFFCC Val: 0x0040012C
[inst #2318] sw x10,16(x2)
Memory Write to Addr: 0x7FFFFFC8 Val: 0x10010000
[inst #2319] sw x11,12(x2)
Memory Write to Addr: 0x7FFFFFC4 Val: 0x00000009
[inst #2320] sw x12,8(x2)
Memory Write to Addr: 0x7FFFFFC0 Val: 0x0000000A
[inst #2321] sw x0,4(x2)
Memory Write to Addr: 0x7FFFFFBC Val: 0x00000000
[inst #2322] bge x11,x12,140
[inst #2323] addi x0,x0,0
Register Write to Reg: 0x00 Val: 0x00000000
[inst #2324] addi x0,x0,0
Register Write to Reg: 0x00 Val: 0x00000000
[inst #2325] add x5,x11,x12
Register Write to Reg: 0x05 Val: 0x00000013
[inst #2326] addi x0,x0,0
Register Write to Reg: 0x00 Val: 0x00000000
[inst #2327] addi x0,x0,0
Register Write to Reg: 0x00 Val: 0x00000000
[inst #2328] addi x0,x0,0
Register Write to Reg: 0x00 Val: 0x00000000
[inst #2329] srai x5,x5,1
Register Write to Reg: 0x05 Val: 0x00000009
[inst #2330] addi x0,x0,0
Register Write to Reg: 0x00 Val: 0x00000000
[inst #2331] addi x0,x0,0
Register Write to Reg: 0x00 Val: 0x00000000
[inst #2332] addi x0,x0,0
Register Write to Reg: 0x00 Val: 0x00000000
[inst #2333] sw x5,4(x2)
Memory Write to Addr: 0x7FFFFFBC Val: 0x00000009
[inst #2334] lw x10,16(x2)
Register Write to Reg: 0x0A Val: 0x10010000
[inst #2335] lw x11,12(x2)
Register Write to Reg: 0x0B Val: 0x00000009
[inst #2336] lw x12,4(x2)
Register Write to Reg: 0x0C Val: 0x00000009
[inst #2337] jal x1,-96
Register Write to Reg: 0x01 Val: 0x00400104
[inst #2338] addi x2,x2,-24
Register Write to Reg: 0x02 Val: 0x7FFFFFA0
[inst #2339] addi x0,x0,0
Register Write to Reg: 0x00 Val: 0x00000000
[inst #2340] addi x0,x0,0
Register Write to Reg: 0x00 Val: 0x00000000
[inst #2341] addi x0,x0,0
Register Write to Reg: 0x00 Val: 0x00000000
[inst #2342] sw x1,20(x2)
Memory Write to Addr: 0x7FFFFFB4 Val: 0x00400104
[inst #2343] sw x10,16(x2)
Memory Write to Addr: 0x7FFFFFB0 Val: 0x10010000
[inst #2344] sw x11,12(x2)
Memory Write to Addr: 0x7FFFFFAC Val: 0x00000009
[inst #2345] sw x12,8(x2)
Memory Write to Addr: 0x7FFFFFA8 Val: 0x00000009
[inst #2346] sw x0,4(x2)
Memory Write to Addr: 0x7FFFFFA4 Val: 0x00000000
[inst #2347] bge x11,x12,140
[inst #2348] lw x1,20(x2)
Register Write to Reg: 0x01 Val: 0x00400104
[inst #2349] addi x2,x2,24
Register Write to Reg: 0x02 Val: 0x7FFFFFB8
[inst #2350] addi x0,x0,0
Register Write to Reg: 0x00 Val: 0x00000000
[inst #2351] addi x0,x0,0
Register Write to Reg: 0x00 Val: 0x00000000
[inst #2352] jalr x0,x1,0
Register Write to Reg: 0x00 Val: 0x00400164
[inst #2353] addi x0,x0,0
Register Write to Reg: 0x00 Val: 0x00000000
[inst #2354] addi x0,x0,0
Register Write to Reg: 0x00 Val: 0x00000000
[inst #2355] lw x10,16(x2)
Register Write to Reg: 0x0A Val: 0x10010000
[inst #2356] lw x5,4(x2)
Register Write to Reg: 0x05 Val: 0x00000009
[inst #2357] addi x0,x0,0
Register Write to Reg: 0x00 Val: 0x00000000
[inst #2358] addi x0,x0,0
Register Write to Reg: 0x00 Val: 0x00000000
[inst #2359] addi x0,x0,0
Register Write to Reg: 0x00 Val: 0x00000000
[inst #2360] addi x11,x5,1
Register Write to Reg: 0x0B Val: 0x0000000A
[inst #2361] lw x12,8(x2)
Register Write to Reg: 0x0C Val: 0x0000000A
[inst #2362] jal x1,-136
Register Write to Reg: 0x01 Val: 0x0040012C
[inst #2363] addi x2,x2,-24
Register Write to Reg: 0x02 Val: 0x7FFFFFA0
[inst #2364] addi x0,x0,0
Register Write to Reg: 0x00 Val: 0x00000000
[inst #2365] addi x0,x0,0
Register Write to Reg: 0x00 Val: 0x00000000
[inst #2366] addi x0,x0,0
Register Write to Reg: 0x00 Val: 0x00000000
[inst #2367] sw x1,20(x2)
Memory Write to Addr: 0x7FFFFFB4 Val: 0x0040012C
[inst #2368] sw x10,16(x2)
Memory Write to Addr: 0x7FFFFFB0 Val: 0x10010000
[inst #2369] sw x11,12(x2)
Memory Write to Addr: 0x7FFFFFAC Val: 0x0000000A
[inst #2370] sw x12,8(x2)
Memory Write to Addr: 0x7FFFFFA8 Val: 0x0000000A
[inst #2371] sw x0,4(x2)
Memory Write to Addr: 0x7FFFFFA4 Val: 0x00000000
[inst #2372] bge x11,x12,140
[inst #2373] lw x1,20(x2)
Register Write to Reg: 0x01 Val: 0x0040012C
[inst #2374] addi x2,x2,24
Register Write to Reg: 0x02 Val: 0x7FFFFFB8
[inst #2375] addi x0,x0,0
Register Write to Reg: 0x00 Val: 0x00000000
[inst #2376] addi x0,x0,0
Register Write to Reg: 0x00 Val: 0x00000000
[inst #2377] jalr x0,x1,0
Register Write to Reg: 0x00 Val: 0x00400164
[inst #2378] addi x0,x0,0
Register Write to Reg: 0x00 Val: 0x00000000
[inst #2379] addi x0,x0,0
Register Write to Reg: 0x00 Val: 0x00000000
[inst #2380] lw x10,16(x2)
Register Write to Reg: 0x0A Val: 0x10010000
[inst #2381] lw x11,12(x2)
Register Write to Reg: 0x0B Val: 0x00000009
[inst #2382] lw x12,4(x2)
Register Write to Reg: 0x0C Val: 0x00000009
[inst #2383] lw x13,8(x2)
Register Write to Reg: 0x0D Val: 0x0000000A
[inst #2384] jal x1,40
Register Write to Reg: 0x01 Val: 0x00400148
[inst #2385] addi x2,x2,-160
Register Write to Reg: 0x02 Val: 0x7FFFFF18
[inst #2386] addi x0,x0,0
Register Write to Reg: 0x00 Val: 0x00000000
[inst #2387] addi x0,x0,0
Register Write to Reg: 0x00 Val: 0x00000000
[inst #2388] addi x0,x0,0
Register Write to Reg: 0x00 Val: 0x00000000
[inst #2389] sw x1,156(x2)
Memory Write to Addr: 0x7FFFFFB4 Val: 0x00400148
[inst #2390] sw x10,152(x2)
Memory Write to Addr: 0x7FFFFFB0 Val: 0x10010000
[inst #2391] sw x11,148(x2)
Memory Write to Addr: 0x7FFFFFAC Val: 0x00000009
[inst #2392] sw x12,144(x2)
Memory Write to Addr: 0x7FFFFFA8 Val: 0x00000009
[inst #2393] sw x13,140(x2)
Memory Write to Addr: 0x7FFFFFA4 Val: 0x0000000A
[inst #2394] addi x5,x2,0
Register Write to Reg: 0x05 Val: 0x7FFFFF18
[inst #2395] add x6,x0,x11
Register Write to Reg: 0x06 Val: 0x00000009
[inst #2396] addi x0,x0,0
Register Write to Reg: 0x00 Val: 0x00000000
[inst #2397] addi x0,x0,0
Register Write to Reg: 0x00 Val: 0x00000000
[inst #2398] addi x0,x0,0
Register Write to Reg: 0x00 Val: 0x00000000
[inst #2399] blt x13,x6,116
[inst #2400] addi x0,x0,0
Register Write to Reg: 0x00 Val: 0x00000000
[inst #2401] addi x0,x0,0
Register Write to Reg: 0x00 Val: 0x00000000
[inst #2402] slli x7,x6,2
Register Write to Reg: 0x07 Val: 0x00000024
[inst #2403] addi x0,x0,0
Register Write to Reg: 0x00 Val: 0x00000000
[inst #2404] addi x0,x0,0
Register Write to Reg: 0x00 Val: 0x00000000
[inst #2405] addi x0,x0,0
Register Write to Reg: 0x00 Val: 0x00000000
[inst #2406] add x28,x10,x7
Register Write to Reg: 0x1C Val: 0x10010024
[inst #2407] addi x0,x0,0
Register Write to Reg: 0x00 Val: 0x00000000
[inst #2408] addi x0,x0,0
Register Write to Reg: 0x00 Val: 0x00000000
[inst #2409] addi x0,x0,0
Register Write to Reg: 0x00 Val: 0x00000000
[inst #2410] lw x29,0(x28)
Register Write to Reg: 0x1D Val: 0x00000003
[inst #2411] sub x30,x6,x11
Register Write to Reg: 0x1E Val: 0x00000000
[inst #2412] addi x0,x0,0
Register Write to Reg: 0x00 Val: 0x00000000
[inst #2413] addi x0,x0,0
Register Write to Reg: 0x00 Val: 0x00000000
[inst #2414] addi x0,x0,0
Register Write to Reg: 0x00 Val: 0x00000000
[inst #2415] slli x30,x30,2
Register Write to Reg: 0x1E Val: 0x00000000
[inst #2416] addi x0,x0,0
Register Write to Reg: 0x00 Val: 0x00000000
[inst #2417] addi x0,x0,0
Register Write to Reg: 0x00 Val: 0x00000000
[inst #2418] addi x0,x0,0
Register Write to Reg: 0x00 Val: 0x00000000
[inst #2419] add x31,x5,x30
Register Write to Reg: 0x1F Val: 0x7FFFFF18
[inst #2420] addi x0,x0,0
Register Write to Reg: 0x00 Val: 0x00000000
[inst #2421] addi x0,x0,0
Register Write to Reg: 0x00 Val: 0x00000000
[inst #2422] addi x0,x0,0
Register Write to Reg: 0x00 Val: 0x00000000
[inst #2423] sw x29,0(x31)
Memory Write to Addr: 0x7FFFFF18 Val: 0x00000003
[inst #2424] addi x6,x6,1
Register Write to Reg: 0x06 Val: 0x0000000A
[inst #2425] jal x0,-116
Register Write to Reg: 0x00 Val: 0x00400210
[inst #2426] addi x0,x0,0
Register Write to Reg: 0x00 Val: 0x00000000
[inst #2427] addi x0,x0,0
Register Write to Reg: 0x00 Val: 0x00000000
[inst #2428] addi x0,x0,0
Register Write to Reg: 0x00 Val: 0x00000000
[inst #2429] blt x13,x6,116
[inst #2430] addi x0,x0,0
Register Write to Reg: 0x00 Val: 0x00000000
[inst #2431] addi x0,x0,0
Register Write to Reg: 0x00 Val: 0x00000000
[inst #2432] slli x7,x6,2
Register Write to Reg: 0x07 Val: 0x00000028
[inst #2433] addi x0,x0,0
Register Write to Reg: 0x00 Val: 0x00000000
[inst #2434] addi x0,x0,0
Register Write to Reg: 0x00 Val: 0x00000000
[inst #2435] addi x0,x0,0
Register Write to Reg: 0x00 Val: 0x00000000
[inst #2436] add x28,x10,x7
Register Write to Reg: 0x1C Val: 0x10010028
[inst #2437] addi x0,x0,0
Register Write to Reg: 0x00 Val: 0x00000000
[inst #2438] addi x0,x0,0
Register Write to Reg: 0x00 Val: 0x00000000
[inst #2439] addi x0,x0,0
Register Write to Reg: 0x00 Val: 0x00000000
[inst #2440] lw x29,0(x28)
Register Write to Reg: 0x1D Val: 0x00000006
[inst #2441] sub x30,x6,x11
Register Write to Reg: 0x1E Val: 0x00000001
[inst #2442] addi x0,x0,0
Register Write to Reg: 0x00 Val: 0x00000000
[inst #2443] addi x0,x0,0
Register Write to Reg: 0x00 Val: 0x00000000
[inst #2444] addi x0,x0,0
Register Write to Reg: 0x00 Val: 0x00000000
[inst #2445] slli x30,x30,2
Register Write to Reg: 0x1E Val: 0x00000004
[inst #2446] addi x0,x0,0
Register Write to Reg: 0x00 Val: 0x00000000
[inst #2447] addi x0,x0,0
Register Write to Reg: 0x00 Val: 0x00000000
[inst #2448] addi x0,x0,0
Register Write to Reg: 0x00 Val: 0x00000000
[inst #2449] add x31,x5,x30
Register Write to Reg: 0x1F Val: 0x7FFFFF1C
[inst #2450] addi x0,x0,0
Register Write to Reg: 0x00 Val: 0x00000000
[inst #2451] addi x0,x0,0
Register Write to Reg: 0x00 Val: 0x00000000
[inst #2452] addi x0,x0,0
Register Write to Reg: 0x00 Val: 0x00000000
[inst #2453] sw x29,0(x31)
Memory Write to Addr: 0x7FFFFF1C Val: 0x00000006
[inst #2454] addi x6,x6,1
Register Write to Reg: 0x06 Val: 0x0000000B
[inst #2455] jal x0,-116
Register Write to Reg: 0x00 Val: 0x00400210
[inst #2456] addi x0,x0,0
Register Write to Reg: 0x00 Val: 0x00000000
[inst #2457] addi x0,x0,0
Register Write to Reg: 0x00 Val: 0x00000000
[inst #2458] addi x0,x0,0
Register Write to Reg: 0x00 Val: 0x00000000
[inst #2459] blt x13,x6,116
[inst #2460] lw x10,152(x2)
Register Write to Reg: 0x0A Val: 0x10010000
[inst #2461] lw x11,148(x2)
Register Write to Reg: 0x0B Val: 0x00000009
[inst #2462] lw x12,144(x2)
Register Write to Reg: 0x0C Val: 0x00000009
[inst #2463] lw x13,140(x2)
Register Write to Reg: 0x0D Val: 0x0000000A
[inst #2464] addi x0,x0,0
Register Write to Reg: 0x00 Val: 0x00000000
[inst #2465] add x5,x0,x11
Register Write to Reg: 0x05 Val: 0x00000009
[inst #2466] addi x6,x12,1
Register Write to Reg: 0x06 Val: 0x0000000A
[inst #2467] add x7,x0,x11
Register Write to Reg: 0x07 Val: 0x00000009
[inst #2468] addi x28,x2,0
Register Write to Reg: 0x1C Val: 0x7FFFFF18
[inst #2469] blt x12,x5,396
[inst #2470] addi x0,x0,0
Register Write to Reg: 0x00 Val: 0x00000000
[inst #2471] addi x0,x0,0
Register Write to Reg: 0x00 Val: 0x00000000
[inst #2472] blt x13,x6,264
[inst #2473] addi x0,x0,0
Register Write to Reg: 0x00 Val: 0x00000000
[inst #2474] addi x0,x0,0
Register Write to Reg: 0x00 Val: 0x00000000
[inst #2475] sub x29,x5,x11
Register Write to Reg: 0x1D Val: 0x00000000
[inst #2476] addi x0,x0,0
Register Write to Reg: 0x00 Val: 0x00000000
[inst #2477] addi x0,x0,0
Register Write to Reg: 0x00 Val: 0x00000000
[inst #2478] addi x0,x0,0
Register Write to Reg: 0x00 Val: 0x00000000
[inst #2479] slli x29,x29,2
Register Write to Reg: 0x1D Val: 0x00000000
[inst #2480] addi x0,x0,0
Register Write to Reg: 0x00 Val: 0x00000000
[inst #2481] addi x0,x0,0
Register Write to Reg: 0x00 Val: 0x00000000
[inst #2482] addi x0,x0,0
Register Write to Reg: 0x00 Val: 0x00000000
[inst #2483] add x30,x28,x29
Register Write to Reg: 0x1E Val: 0x7FFFFF18
[inst #2484] addi x0,x0,0
Register Write to Reg: 0x00 Val: 0x00000000
[inst #2485] addi x0,x0,0
Register Write to Reg: 0x00 Val: 0x00000000
[inst #2486] addi x0,x0,0
Register Write to Reg: 0x00 Val: 0x00000000
[inst #2487] lw x8,0(x30)
Register Write to Reg: 0x08 Val: 0x00000003
[inst #2488] sub x29,x6,x11
Register Write to Reg: 0x1D Val: 0x00000001
[inst #2489] addi x0,x0,0
Register Write to Reg: 0x00 Val: 0x00000000
[inst #2490] addi x0,x0,0
Register Write to Reg: 0x00 Val: 0x00000000
[inst #2491] addi x0,x0,0
Register Write to Reg: 0x00 Val: 0x00000000
[inst #2492] slli x29,x29,2
Register Write to Reg: 0x1D Val: 0x00000004
[inst #2493] addi x0,x0,0
Register Write to Reg: 0x00 Val: 0x00000000
[inst #2494] addi x0,x0,0
Register Write to Reg: 0x00 Val: 0x00000000
[inst #2495] addi x0,x0,0
Register Write to Reg: 0x00 Val: 0x00000000
[inst #2496] add x30,x28,x29
Register Write to Reg: 0x1E Val: 0x7FFFFF1C
[inst #2497] addi x0,x0,0
Register Write to Reg: 0x00 Val: 0x00000000
[inst #2498] addi x0,x0,0
Register Write to Reg: 0x00 Val: 0x00000000
[inst #2499] addi x0,x0,0
Register Write to Reg: 0x00 Val: 0x00000000
[inst #2500] lw x9,0(x30)
Register Write to Reg: 0x09 Val: 0x00000006
[inst #2501] addi x0,x0,0
Register Write to Reg: 0x00 Val: 0x00000000
[inst #2502] addi x0,x0,0
Register Write to Reg: 0x00 Val: 0x00000000
[inst #2503] addi x0,x0,0
Register Write to Reg: 0x00 Val: 0x00000000
[inst #2504] bge x9,x8,24
[inst #2505] slli x29,x7,2
Register Write to Reg: 0x1D Val: 0x00000024
[inst #2506] addi x0,x0,0
Register Write to Reg: 0x00 Val: 0x00000000
[inst #2507] addi x0,x0,0
Register Write to Reg: 0x00 Val: 0x00000000
[inst #2508] addi x0,x0,0
Register Write to Reg: 0x00 Val: 0x00000000
[inst #2509] add x30,x10,x29
Register Write to Reg: 0x1E Val: 0x10010024
[inst #2510] addi x0,x0,0
Register Write to Reg: 0x00 Val: 0x00000000
[inst #2511] addi x0,x0,0
Register Write to Reg: 0x00 Val: 0x00000000
[inst #2512] addi x0,x0,0
Register Write to Reg: 0x00 Val: 0x00000000
[inst #2513] sw x8,0(x30)
Memory Write to Addr: 0x10010024 Val: 0x00000003
[inst #2514] addi x5,x5,1
Register Write to Reg: 0x05 Val: 0x0000000A
[inst #2515] addi x7,x7,1
Register Write to Reg: 0x07 Val: 0x0000000A
[inst #2516] jal x0,-208
Register Write to Reg: 0x00 Val: 0x00400310
[inst #2517] blt x12,x5,396
[inst #2518] blt x13,x6,120
[inst #2519] addi x0,x0,0
Register Write to Reg: 0x00 Val: 0x00000000
[inst #2520] addi x0,x0,0
Register Write to Reg: 0x00 Val: 0x00000000
[inst #2521] sub x29,x6,x11
Register Write to Reg: 0x1D Val: 0x00000001
[inst #2522] addi x0,x0,0
Register Write to Reg: 0x00 Val: 0x00000000
[inst #2523] addi x0,x0,0
Register Write to Reg: 0x00 Val: 0x00000000
[inst #2524] addi x0,x0,0
Register Write to Reg: 0x00 Val: 0x00000000
[inst #2525] slli x29,x29,2
Register Write to Reg: 0x1D Val: 0x00000004
[inst #2526] addi x0,x0,0
Register Write to Reg: 0x00 Val: 0x00000000
[inst #2527] addi x0,x0,0
Register Write to Reg: 0x00 Val: 0x00000000
[inst #2528] addi x0,x0,0
Register Write to Reg: 0x00 Val: 0x00000000
[inst #2529] add x30,x28,x29
Register Write to Reg: 0x1E Val: 0x7FFFFF1C
[inst #2530] addi x0,x0,0
Register Write to Reg: 0x00 Val: 0x00000000
[inst #2531] addi x0,x0,0
Register Write to Reg: 0x00 Val: 0x00000000
[inst #2532] addi x0,x0,0
Register Write to Reg: 0x00 Val: 0x00000000
[inst #2533] lw x9,0(x30)
Register Write to Reg: 0x09 Val: 0x00000006
[inst #2534] slli x29,x7,2
Register Write to Reg: 0x1D Val: 0x00000028
[inst #2535] addi x0,x0,0
Register Write to Reg: 0x00 Val: 0x00000000
[inst #2536] addi x0,x0,0
Register Write to Reg: 0x00 Val: 0x00000000
[inst #2537] addi x0,x0,0
Register Write to Reg: 0x00 Val: 0x00000000
[inst #2538] add x30,x10,x29
Register Write to Reg: 0x1E Val: 0x10010028
[inst #2539] addi x0,x0,0
Register Write to Reg: 0x00 Val: 0x00000000
[inst #2540] addi x0,x0,0
Register Write to Reg: 0x00 Val: 0x00000000
[inst #2541] addi x0,x0,0
Register Write to Reg: 0x00 Val: 0x00000000
[inst #2542] sw x9,0(x30)
Memory Write to Addr: 0x10010028 Val: 0x00000006
[inst #2543] addi x6,x6,1
Register Write to Reg: 0x06 Val: 0x0000000B
[inst #2544] addi x7,x7,1
Register Write to Reg: 0x07 Val: 0x0000000B
[inst #2545] jal x0,-108
Register Write to Reg: 0x00 Val: 0x00400438
[inst #2546] blt x13,x6,120
[inst #2547] lw x1,156(x2)
Register Write to Reg: 0x01 Val: 0x00400148
[inst #2548] addi x2,x2,160
Register Write to Reg: 0x02 Val: 0x7FFFFFB8
[inst #2549] jalr x0,x1,0
Register Write to Reg: 0x00 Val: 0x0040044C
[inst #2550] addi x0,x0,0
Register Write to Reg: 0x00 Val: 0x00000000
[inst #2551] addi x0,x0,0
Register Write to Reg: 0x00 Val: 0x00000000
[inst #2552] lw x1,20(x2)
Register Write to Reg: 0x01 Val: 0x0040012C
[inst #2553] addi x2,x2,24
Register Write to Reg: 0x02 Val: 0x7FFFFFD0
[inst #2554] addi x0,x0,0
Register Write to Reg: 0x00 Val: 0x00000000
[inst #2555] addi x0,x0,0
Register Write to Reg: 0x00 Val: 0x00000000
[inst #2556] jalr x0,x1,0
Register Write to Reg: 0x00 Val: 0x00400164
[inst #2557] addi x0,x0,0
Register Write to Reg: 0x00 Val: 0x00000000
[inst #2558] addi x0,x0,0
Register Write to Reg: 0x00 Val: 0x00000000
[inst #2559] lw x10,16(x2)
Register Write to Reg: 0x0A Val: 0x10010000
[inst #2560] lw x11,12(x2)
Register Write to Reg: 0x0B Val: 0x00000006
[inst #2561] lw x12,4(x2)
Register Write to Reg: 0x0C Val: 0x00000008
[inst #2562] lw x13,8(x2)
Register Write to Reg: 0x0D Val: 0x0000000A
[inst #2563] jal x1,40
Register Write to Reg: 0x01 Val: 0x00400148
[inst #2564] addi x2,x2,-160
Register Write to Reg: 0x02 Val: 0x7FFFFF30
[inst #2565] addi x0,x0,0
Register Write to Reg: 0x00 Val: 0x00000000
[inst #2566] addi x0,x0,0
Register Write to Reg: 0x00 Val: 0x00000000
[inst #2567] addi x0,x0,0
Register Write to Reg: 0x00 Val: 0x00000000
[inst #2568] sw x1,156(x2)
Memory Write to Addr: 0x7FFFFFCC Val: 0x00400148
[inst #2569] sw x10,152(x2)
Memory Write to Addr: 0x7FFFFFC8 Val: 0x10010000
[inst #2570] sw x11,148(x2)
Memory Write to Addr: 0x7FFFFFC4 Val: 0x00000006
[inst #2571] sw x12,144(x2)
Memory Write to Addr: 0x7FFFFFC0 Val: 0x00000008
[inst #2572] sw x13,140(x2)
Memory Write to Addr: 0x7FFFFFBC Val: 0x0000000A
[inst #2573] addi x5,x2,0
Register Write to Reg: 0x05 Val: 0x7FFFFF30
[inst #2574] add x6,x0,x11
Register Write to Reg: 0x06 Val: 0x00000006
[inst #2575] addi x0,x0,0
Register Write to Reg: 0x00 Val: 0x00000000
[inst #2576] addi x0,x0,0
Register Write to Reg: 0x00 Val: 0x00000000
[inst #2577] addi x0,x0,0
Register Write to Reg: 0x00 Val: 0x00000000
[inst #2578] blt x13,x6,116
[inst #2579] addi x0,x0,0
Register Write to Reg: 0x00 Val: 0x00000000
[inst #2580] addi x0,x0,0
Register Write to Reg: 0x00 Val: 0x00000000
[inst #2581] slli x7,x6,2
Register Write to Reg: 0x07 Val: 0x00000018
[inst #2582] addi x0,x0,0
Register Write to Reg: 0x00 Val: 0x00000000
[inst #2583] addi x0,x0,0
Register Write to Reg: 0x00 Val: 0x00000000
[inst #2584] addi x0,x0,0
Register Write to Reg: 0x00 Val: 0x00000000
[inst #2585] add x28,x10,x7
Register Write to Reg: 0x1C Val: 0x10010018
[inst #2586] addi x0,x0,0
Register Write to Reg: 0x00 Val: 0x00000000
[inst #2587] addi x0,x0,0
Register Write to Reg: 0x00 Val: 0x00000000
[inst #2588] addi x0,x0,0
Register Write to Reg: 0x00 Val: 0x00000000
[inst #2589] lw x29,0(x28)
Register Write to Reg: 0x1D Val: 0x00000001
[inst #2590] sub x30,x6,x11
Register Write to Reg: 0x1E Val: 0x00000000
[inst #2591] addi x0,x0,0
Register Write to Reg: 0x00 Val: 0x00000000
[inst #2592] addi x0,x0,0
Register Write to Reg: 0x00 Val: 0x00000000
[inst #2593] addi x0,x0,0
Register Write to Reg: 0x00 Val: 0x00000000
[inst #2594] slli x30,x30,2
Register Write to Reg: 0x1E Val: 0x00000000
[inst #2595] addi x0,x0,0
Register Write to Reg: 0x00 Val: 0x00000000
[inst #2596] addi x0,x0,0
Register Write to Reg: 0x00 Val: 0x00000000
[inst #2597] addi x0,x0,0
Register Write to Reg: 0x00 Val: 0x00000000
[inst #2598] add x31,x5,x30
Register Write to Reg: 0x1F Val: 0x7FFFFF30
[inst #2599] addi x0,x0,0
Register Write to Reg: 0x00 Val: 0x00000000
[inst #2600] addi x0,x0,0
Register Write to Reg: 0x00 Val: 0x00000000
[inst #2601] addi x0,x0,0
Register Write to Reg: 0x00 Val: 0x00000000
[inst #2602] sw x29,0(x31)
Memory Write to Addr: 0x7FFFFF30 Val: 0x00000001
[inst #2603] addi x6,x6,1
Register Write to Reg: 0x06 Val: 0x00000007
[inst #2604] jal x0,-116
Register Write to Reg: 0x00 Val: 0x00400210
[inst #2605] addi x0,x0,0
Register Write to Reg: 0x00 Val: 0x00000000
[inst #2606] addi x0,x0,0
Register Write to Reg: 0x00 Val: 0x00000000
[inst #2607] addi x0,x0,0
Register Write to Reg: 0x00 Val: 0x00000000
[inst #2608] blt x13,x6,116
[inst #2609] addi x0,x0,0
Register Write to Reg: 0x00 Val: 0x00000000
[inst #2610] addi x0,x0,0
Register Write to Reg: 0x00 Val: 0x00000000
[inst #2611] slli x7,x6,2
Register Write to Reg: 0x07 Val: 0x0000001C
[inst #2612] addi x0,x0,0
Register Write to Reg: 0x00 Val: 0x00000000
[inst #2613] addi x0,x0,0
Register Write to Reg: 0x00 Val: 0x00000000
[inst #2614] addi x0,x0,0
Register Write to Reg: 0x00 Val: 0x00000000
[inst #2615] add x28,x10,x7
Register Write to Reg: 0x1C Val: 0x1001001C
[inst #2616] addi x0,x0,0
Register Write to Reg: 0x00 Val: 0x00000000
[inst #2617] addi x0,x0,0
Register Write to Reg: 0x00 Val: 0x00000000
[inst #2618] addi x0,x0,0
Register Write to Reg: 0x00 Val: 0x00000000
[inst #2619] lw x29,0(x28)
Register Write to Reg: 0x1D Val: 0x00000005
[inst #2620] sub x30,x6,x11
Register Write to Reg: 0x1E Val: 0x00000001
[inst #2621] addi x0,x0,0
Register Write to Reg: 0x00 Val: 0x00000000
[inst #2622] addi x0,x0,0
Register Write to Reg: 0x00 Val: 0x00000000
[inst #2623] addi x0,x0,0
Register Write to Reg: 0x00 Val: 0x00000000
[inst #2624] slli x30,x30,2
Register Write to Reg: 0x1E Val: 0x00000004
[inst #2625] addi x0,x0,0
Register Write to Reg: 0x00 Val: 0x00000000
[inst #2626] addi x0,x0,0
Register Write to Reg: 0x00 Val: 0x00000000
[inst #2627] addi x0,x0,0
Register Write to Reg: 0x00 Val: 0x00000000
[inst #2628] add x31,x5,x30
Register Write to Reg: 0x1F Val: 0x7FFFFF34
[inst #2629] addi x0,x0,0
Register Write to Reg: 0x00 Val: 0x00000000
[inst #2630] addi x0,x0,0
Register Write to Reg: 0x00 Val: 0x00000000
[inst #2631] addi x0,x0,0
Register Write to Reg: 0x00 Val: 0x00000000
[inst #2632] sw x29,0(x31)
Memory Write to Addr: 0x7FFFFF34 Val: 0x00000005
[inst #2633] addi x6,x6,1
Register Write to Reg: 0x06 Val: 0x00000008
[inst #2634] jal x0,-116
Register Write to Reg: 0x00 Val: 0x00400210
[inst #2635] addi x0,x0,0
Register Write to Reg: 0x00 Val: 0x00000000
[inst #2636] addi x0,x0,0
Register Write to Reg: 0x00 Val: 0x00000000
[inst #2637] addi x0,x0,0
Register Write to Reg: 0x00 Val: 0x00000000
[inst #2638] blt x13,x6,116
[inst #2639] addi x0,x0,0
Register Write to Reg: 0x00 Val: 0x00000000
[inst #2640] addi x0,x0,0
Register Write to Reg: 0x00 Val: 0x00000000
[inst #2641] slli x7,x6,2
Register Write to Reg: 0x07 Val: 0x00000020
[inst #2642] addi x0,x0,0
Register Write to Reg: 0x00 Val: 0x00000000
[inst #2643] addi x0,x0,0
Register Write to Reg: 0x00 Val: 0x00000000
[inst #2644] addi x0,x0,0
Register Write to Reg: 0x00 Val: 0x00000000
[inst #2645] add x28,x10,x7
Register Write to Reg: 0x1C Val: 0x10010020
[inst #2646] addi x0,x0,0
Register Write to Reg: 0x00 Val: 0x00000000
[inst #2647] addi x0,x0,0
Register Write to Reg: 0x00 Val: 0x00000000
[inst #2648] addi x0,x0,0
Register Write to Reg: 0x00 Val: 0x00000000
[inst #2649] lw x29,0(x28)
Register Write to Reg: 0x1D Val: 0x00000008
[inst #2650] sub x30,x6,x11
Register Write to Reg: 0x1E Val: 0x00000002
[inst #2651] addi x0,x0,0
Register Write to Reg: 0x00 Val: 0x00000000
[inst #2652] addi x0,x0,0
Register Write to Reg: 0x00 Val: 0x00000000
[inst #2653] addi x0,x0,0
Register Write to Reg: 0x00 Val: 0x00000000
[inst #2654] slli x30,x30,2
Register Write to Reg: 0x1E Val: 0x00000008
[inst #2655] addi x0,x0,0
Register Write to Reg: 0x00 Val: 0x00000000
[inst #2656] addi x0,x0,0
Register Write to Reg: 0x00 Val: 0x00000000
[inst #2657] addi x0,x0,0
Register Write to Reg: 0x00 Val: 0x00000000
[inst #2658] add x31,x5,x30
Register Write to Reg: 0x1F Val: 0x7FFFFF38
[inst #2659] addi x0,x0,0
Register Write to Reg: 0x00 Val: 0x00000000
[inst #2660] addi x0,x0,0
Register Write to Reg: 0x00 Val: 0x00000000
[inst #2661] addi x0,x0,0
Register Write to Reg: 0x00 Val: 0x00000000
[inst #2662] sw x29,0(x31)
Memory Write to Addr: 0x7FFFFF38 Val: 0x00000008
[inst #2663] addi x6,x6,1
Register Write to Reg: 0x06 Val: 0x00000009
[inst #2664] jal x0,-116
Register Write to Reg: 0x00 Val: 0x00400210
[inst #2665] addi x0,x0,0
Register Write to Reg: 0x00 Val: 0x00000000
[inst #2666] addi x0,x0,0
Register Write to Reg: 0x00 Val: 0x00000000
[inst #2667] addi x0,x0,0
Register Write to Reg: 0x00 Val: 0x00000000
[inst #2668] blt x13,x6,116
[inst #2669] addi x0,x0,0
Register Write to Reg: 0x00 Val: 0x00000000
[inst #2670] addi x0,x0,0
Register Write to Reg: 0x00 Val: 0x00000000
[inst #2671] slli x7,x6,2
Register Write to Reg: 0x07 Val: 0x00000024
[inst #2672] addi x0,x0,0
Register Write to Reg: 0x00 Val: 0x00000000
[inst #2673] addi x0,x0,0
Register Write to Reg: 0x00 Val: 0x00000000
[inst #2674] addi x0,x0,0
Register Write to Reg: 0x00 Val: 0x00000000
[inst #2675] add x28,x10,x7
Register Write to Reg: 0x1C Val: 0x10010024
[inst #2676] addi x0,x0,0
Register Write to Reg: 0x00 Val: 0x00000000
[inst #2677] addi x0,x0,0
Register Write to Reg: 0x00 Val: 0x00000000
[inst #2678] addi x0,x0,0
Register Write to Reg: 0x00 Val: 0x00000000
[inst #2679] lw x29,0(x28)
Register Write to Reg: 0x1D Val: 0x00000003
[inst #2680] sub x30,x6,x11
Register Write to Reg: 0x1E Val: 0x00000003
[inst #2681] addi x0,x0,0
Register Write to Reg: 0x00 Val: 0x00000000
[inst #2682] addi x0,x0,0
Register Write to Reg: 0x00 Val: 0x00000000
[inst #2683] addi x0,x0,0
Register Write to Reg: 0x00 Val: 0x00000000
[inst #2684] slli x30,x30,2
Register Write to Reg: 0x1E Val: 0x0000000C
[inst #2685] addi x0,x0,0
Register Write to Reg: 0x00 Val: 0x00000000
[inst #2686] addi x0,x0,0
Register Write to Reg: 0x00 Val: 0x00000000
[inst #2687] addi x0,x0,0
Register Write to Reg: 0x00 Val: 0x00000000
[inst #2688] add x31,x5,x30
Register Write to Reg: 0x1F Val: 0x7FFFFF3C
[inst #2689] addi x0,x0,0
Register Write to Reg: 0x00 Val: 0x00000000
[inst #2690] addi x0,x0,0
Register Write to Reg: 0x00 Val: 0x00000000
[inst #2691] addi x0,x0,0
Register Write to Reg: 0x00 Val: 0x00000000
[inst #2692] sw x29,0(x31)
Memory Write to Addr: 0x7FFFFF3C Val: 0x00000003
[inst #2693] addi x6,x6,1
Register Write to Reg: 0x06 Val: 0x0000000A
[inst #2694] jal x0,-116
Register Write to Reg: 0x00 Val: 0x00400210
[inst #2695] addi x0,x0,0
Register Write to Reg: 0x00 Val: 0x00000000
[inst #2696] addi x0,x0,0
Register Write to Reg: 0x00 Val: 0x00000000
[inst #2697] addi x0,x0,0
Register Write to Reg: 0x00 Val: 0x00000000
[inst #2698] blt x13,x6,116
[inst #2699] addi x0,x0,0
Register Write to Reg: 0x00 Val: 0x00000000
[inst #2700] addi x0,x0,0
Register Write to Reg: 0x00 Val: 0x00000000
[inst #2701] slli x7,x6,2
Register Write to Reg: 0x07 Val: 0x00000028
[inst #2702] addi x0,x0,0
Register Write to Reg: 0x00 Val: 0x00000000
[inst #2703] addi x0,x0,0
Register Write to Reg: 0x00 Val: 0x00000000
[inst #2704] addi x0,x0,0
Register Write to Reg: 0x00 Val: 0x00000000
[inst #2705] add x28,x10,x7
Register Write to Reg: 0x1C Val: 0x10010028
[inst #2706] addi x0,x0,0
Register Write to Reg: 0x00 Val: 0x00000000
[inst #2707] addi x0,x0,0
Register Write to Reg: 0x00 Val: 0x00000000
[inst #2708] addi x0,x0,0
Register Write to Reg: 0x00 Val: 0x00000000
[inst #2709] lw x29,0(x28)
Register Write to Reg: 0x1D Val: 0x00000006
[inst #2710] sub x30,x6,x11
Register Write to Reg: 0x1E Val: 0x00000004
[inst #2711] addi x0,x0,0
Register Write to Reg: 0x00 Val: 0x00000000
[inst #2712] addi x0,x0,0
Register Write to Reg: 0x00 Val: 0x00000000
[inst #2713] addi x0,x0,0
Register Write to Reg: 0x00 Val: 0x00000000
[inst #2714] slli x30,x30,2
Register Write to Reg: 0x1E Val: 0x00000010
[inst #2715] addi x0,x0,0
Register Write to Reg: 0x00 Val: 0x00000000
[inst #2716] addi x0,x0,0
Register Write to Reg: 0x00 Val: 0x00000000
[inst #2717] addi x0,x0,0
Register Write to Reg: 0x00 Val: 0x00000000
[inst #2718] add x31,x5,x30
Register Write to Reg: 0x1F Val: 0x7FFFFF40
[inst #2719] addi x0,x0,0
Register Write to Reg: 0x00 Val: 0x00000000
[inst #2720] addi x0,x0,0
Register Write to Reg: 0x00 Val: 0x00000000
[inst #2721] addi x0,x0,0
Register Write to Reg: 0x00 Val: 0x00000000
[inst #2722] sw x29,0(x31)
Memory Write to Addr: 0x7FFFFF40 Val: 0x00000006
[inst #2723] addi x6,x6,1
Register Write to Reg: 0x06 Val: 0x0000000B
[inst #2724] jal x0,-116
Register Write to Reg: 0x00 Val: 0x00400210
[inst #2725] addi x0,x0,0
Register Write to Reg: 0x00 Val: 0x00000000
[inst #2726] addi x0,x0,0
Register Write to Reg: 0x00 Val: 0x00000000
[inst #2727] addi x0,x0,0
Register Write to Reg: 0x00 Val: 0x00000000
[inst #2728] blt x13,x6,116
[inst #2729] lw x10,152(x2)
Register Write to Reg: 0x0A Val: 0x10010000
[inst #2730] lw x11,148(x2)
Register Write to Reg: 0x0B Val: 0x00000006
[inst #2731] lw x12,144(x2)
Register Write to Reg: 0x0C Val: 0x00000008
[inst #2732] lw x13,140(x2)
Register Write to Reg: 0x0D Val: 0x0000000A
[inst #2733] addi x0,x0,0
Register Write to Reg: 0x00 Val: 0x00000000
[inst #2734] add x5,x0,x11
Register Write to Reg: 0x05 Val: 0x00000006
[inst #2735] addi x6,x12,1
Register Write to Reg: 0x06 Val: 0x00000009
[inst #2736] add x7,x0,x11
Register Write to Reg: 0x07 Val: 0x00000006
[inst #2737] addi x28,x2,0
Register Write to Reg: 0x1C Val: 0x7FFFFF30
[inst #2738] blt x12,x5,396
[inst #2739] addi x0,x0,0
Register Write to Reg: 0x00 Val: 0x00000000
[inst #2740] addi x0,x0,0
Register Write to Reg: 0x00 Val: 0x00000000
[inst #2741] blt x13,x6,264
[inst #2742] addi x0,x0,0
Register Write to Reg: 0x00 Val: 0x00000000
[inst #2743] addi x0,x0,0
Register Write to Reg: 0x00 Val: 0x00000000
[inst #2744] sub x29,x5,x11
Register Write to Reg: 0x1D Val: 0x00000000
[inst #2745] addi x0,x0,0
Register Write to Reg: 0x00 Val: 0x00000000
[inst #2746] addi x0,x0,0
Register Write to Reg: 0x00 Val: 0x00000000
[inst #2747] addi x0,x0,0
Register Write to Reg: 0x00 Val: 0x00000000
[inst #2748] slli x29,x29,2
Register Write to Reg: 0x1D Val: 0x00000000
[inst #2749] addi x0,x0,0
Register Write to Reg: 0x00 Val: 0x00000000
[inst #2750] addi x0,x0,0
Register Write to Reg: 0x00 Val: 0x00000000
[inst #2751] addi x0,x0,0
Register Write to Reg: 0x00 Val: 0x00000000
[inst #2752] add x30,x28,x29
Register Write to Reg: 0x1E Val: 0x7FFFFF30
[inst #2753] addi x0,x0,0
Register Write to Reg: 0x00 Val: 0x00000000
[inst #2754] addi x0,x0,0
Register Write to Reg: 0x00 Val: 0x00000000
[inst #2755] addi x0,x0,0
Register Write to Reg: 0x00 Val: 0x00000000
[inst #2756] lw x8,0(x30)
Register Write to Reg: 0x08 Val: 0x00000001
[inst #2757] sub x29,x6,x11
Register Write to Reg: 0x1D Val: 0x00000003
[inst #2758] addi x0,x0,0
Register Write to Reg: 0x00 Val: 0x00000000
[inst #2759] addi x0,x0,0
Register Write to Reg: 0x00 Val: 0x00000000
[inst #2760] addi x0,x0,0
Register Write to Reg: 0x00 Val: 0x00000000
[inst #2761] slli x29,x29,2
Register Write to Reg: 0x1D Val: 0x0000000C
[inst #2762] addi x0,x0,0
Register Write to Reg: 0x00 Val: 0x00000000
[inst #2763] addi x0,x0,0
Register Write to Reg: 0x00 Val: 0x00000000
[inst #2764] addi x0,x0,0
Register Write to Reg: 0x00 Val: 0x00000000
[inst #2765] add x30,x28,x29
Register Write to Reg: 0x1E Val: 0x7FFFFF3C
[inst #2766] addi x0,x0,0
Register Write to Reg: 0x00 Val: 0x00000000
[inst #2767] addi x0,x0,0
Register Write to Reg: 0x00 Val: 0x00000000
[inst #2768] addi x0,x0,0
Register Write to Reg: 0x00 Val: 0x00000000
[inst #2769] lw x9,0(x30)
Register Write to Reg: 0x09 Val: 0x00000003
[inst #2770] addi x0,x0,0
Register Write to Reg: 0x00 Val: 0x00000000
[inst #2771] addi x0,x0,0
Register Write to Reg: 0x00 Val: 0x00000000
[inst #2772] addi x0,x0,0
Register Write to Reg: 0x00 Val: 0x00000000
[inst #2773] bge x9,x8,24
[inst #2774] slli x29,x7,2
Register Write to Reg: 0x1D Val: 0x00000018
[inst #2775] addi x0,x0,0
Register Write to Reg: 0x00 Val: 0x00000000
[inst #2776] addi x0,x0,0
Register Write to Reg: 0x00 Val: 0x00000000
[inst #2777] addi x0,x0,0
Register Write to Reg: 0x00 Val: 0x00000000
[inst #2778] add x30,x10,x29
Register Write to Reg: 0x1E Val: 0x10010018
[inst #2779] addi x0,x0,0
Register Write to Reg: 0x00 Val: 0x00000000
[inst #2780] addi x0,x0,0
Register Write to Reg: 0x00 Val: 0x00000000
[inst #2781] addi x0,x0,0
Register Write to Reg: 0x00 Val: 0x00000000
[inst #2782] sw x8,0(x30)
Memory Write to Addr: 0x10010018 Val: 0x00000001
[inst #2783] addi x5,x5,1
Register Write to Reg: 0x05 Val: 0x00000007
[inst #2784] addi x7,x7,1
Register Write to Reg: 0x07 Val: 0x00000007
[inst #2785] jal x0,-208
Register Write to Reg: 0x00 Val: 0x00400310
[inst #2786] blt x12,x5,396
[inst #2787] addi x0,x0,0
Register Write to Reg: 0x00 Val: 0x00000000
[inst #2788] addi x0,x0,0
Register Write to Reg: 0x00 Val: 0x00000000
[inst #2789] blt x13,x6,264
[inst #2790] addi x0,x0,0
Register Write to Reg: 0x00 Val: 0x00000000
[inst #2791] addi x0,x0,0
Register Write to Reg: 0x00 Val: 0x00000000
[inst #2792] sub x29,x5,x11
Register Write to Reg: 0x1D Val: 0x00000001
[inst #2793] addi x0,x0,0
Register Write to Reg: 0x00 Val: 0x00000000
[inst #2794] addi x0,x0,0
Register Write to Reg: 0x00 Val: 0x00000000
[inst #2795] addi x0,x0,0
Register Write to Reg: 0x00 Val: 0x00000000
[inst #2796] slli x29,x29,2
Register Write to Reg: 0x1D Val: 0x00000004
[inst #2797] addi x0,x0,0
Register Write to Reg: 0x00 Val: 0x00000000
[inst #2798] addi x0,x0,0
Register Write to Reg: 0x00 Val: 0x00000000
[inst #2799] addi x0,x0,0
Register Write to Reg: 0x00 Val: 0x00000000
[inst #2800] add x30,x28,x29
Register Write to Reg: 0x1E Val: 0x7FFFFF34
[inst #2801] addi x0,x0,0
Register Write to Reg: 0x00 Val: 0x00000000
[inst #2802] addi x0,x0,0
Register Write to Reg: 0x00 Val: 0x00000000
[inst #2803] addi x0,x0,0
Register Write to Reg: 0x00 Val: 0x00000000
[inst #2804] lw x8,0(x30)
Register Write to Reg: 0x08 Val: 0x00000005
[inst #2805] sub x29,x6,x11
Register Write to Reg: 0x1D Val: 0x00000003
[inst #2806] addi x0,x0,0
Register Write to Reg: 0x00 Val: 0x00000000
[inst #2807] addi x0,x0,0
Register Write to Reg: 0x00 Val: 0x00000000
[inst #2808] addi x0,x0,0
Register Write to Reg: 0x00 Val: 0x00000000
[inst #2809] slli x29,x29,2
Register Write to Reg: 0x1D Val: 0x0000000C
[inst #2810] addi x0,x0,0
Register Write to Reg: 0x00 Val: 0x00000000
[inst #2811] addi x0,x0,0
Register Write to Reg: 0x00 Val: 0x00000000
[inst #2812] addi x0,x0,0
Register Write to Reg: 0x00 Val: 0x00000000
[inst #2813] add x30,x28,x29
Register Write to Reg: 0x1E Val: 0x7FFFFF3C
[inst #2814] addi x0,x0,0
Register Write to Reg: 0x00 Val: 0x00000000
[inst #2815] addi x0,x0,0
Register Write to Reg: 0x00 Val: 0x00000000
[inst #2816] addi x0,x0,0
Register Write to Reg: 0x00 Val: 0x00000000
[inst #2817] lw x9,0(x30)
Register Write to Reg: 0x09 Val: 0x00000003
[inst #2818] addi x0,x0,0
Register Write to Reg: 0x00 Val: 0x00000000
[inst #2819] addi x0,x0,0
Register Write to Reg: 0x00 Val: 0x00000000
[inst #2820] addi x0,x0,0
Register Write to Reg: 0x00 Val: 0x00000000
[inst #2821] bge x9,x8,24
[inst #2822] addi x0,x0,0
Register Write to Reg: 0x00 Val: 0x00000000
[inst #2823] addi x0,x0,0
Register Write to Reg: 0x00 Val: 0x00000000
[inst #2824] jal x0,68
Register Write to Reg: 0x00 Val: 0x004002D8
[inst #2825] slli x29,x7,2
Register Write to Reg: 0x1D Val: 0x0000001C
[inst #2826] addi x0,x0,0
Register Write to Reg: 0x00 Val: 0x00000000
[inst #2827] addi x0,x0,0
Register Write to Reg: 0x00 Val: 0x00000000
[inst #2828] addi x0,x0,0
Register Write to Reg: 0x00 Val: 0x00000000
[inst #2829] add x30,x10,x29
Register Write to Reg: 0x1E Val: 0x1001001C
[inst #2830] addi x0,x0,0
Register Write to Reg: 0x00 Val: 0x00000000
[inst #2831] addi x0,x0,0
Register Write to Reg: 0x00 Val: 0x00000000
[inst #2832] addi x0,x0,0
Register Write to Reg: 0x00 Val: 0x00000000
[inst #2833] sw x9,0(x30)
Memory Write to Addr: 0x1001001C Val: 0x00000003
[inst #2834] addi x6,x6,1
Register Write to Reg: 0x06 Val: 0x0000000A
[inst #2835] addi x7,x7,1
Register Write to Reg: 0x07 Val: 0x00000008
[inst #2836] jal x0,-264
Register Write to Reg: 0x00 Val: 0x00400348
[inst #2837] blt x12,x5,396
[inst #2838] addi x0,x0,0
Register Write to Reg: 0x00 Val: 0x00000000
[inst #2839] addi x0,x0,0
Register Write to Reg: 0x00 Val: 0x00000000
[inst #2840] blt x13,x6,264
[inst #2841] addi x0,x0,0
Register Write to Reg: 0x00 Val: 0x00000000
[inst #2842] addi x0,x0,0
Register Write to Reg: 0x00 Val: 0x00000000
[inst #2843] sub x29,x5,x11
Register Write to Reg: 0x1D Val: 0x00000001
[inst #2844] addi x0,x0,0
Register Write to Reg: 0x00 Val: 0x00000000
[inst #2845] addi x0,x0,0
Register Write to Reg: 0x00 Val: 0x00000000
[inst #2846] addi x0,x0,0
Register Write to Reg: 0x00 Val: 0x00000000
[inst #2847] slli x29,x29,2
Register Write to Reg: 0x1D Val: 0x00000004
[inst #2848] addi x0,x0,0
Register Write to Reg: 0x00 Val: 0x00000000
[inst #2849] addi x0,x0,0
Register Write to Reg: 0x00 Val: 0x00000000
[inst #2850] addi x0,x0,0
Register Write to Reg: 0x00 Val: 0x00000000
[inst #2851] add x30,x28,x29
Register Write to Reg: 0x1E Val: 0x7FFFFF34
[inst #2852] addi x0,x0,0
Register Write to Reg: 0x00 Val: 0x00000000
[inst #2853] addi x0,x0,0
Register Write to Reg: 0x00 Val: 0x00000000
[inst #2854] addi x0,x0,0
Register Write to Reg: 0x00 Val: 0x00000000
[inst #2855] lw x8,0(x30)
Register Write to Reg: 0x08 Val: 0x00000005
[inst #2856] sub x29,x6,x11
Register Write to Reg: 0x1D Val: 0x00000004
[inst #2857] addi x0,x0,0
Register Write to Reg: 0x00 Val: 0x00000000
[inst #2858] addi x0,x0,0
Register Write to Reg: 0x00 Val: 0x00000000
[inst #2859] addi x0,x0,0
Register Write to Reg: 0x00 Val: 0x00000000
[inst #2860] slli x29,x29,2
Register Write to Reg: 0x1D Val: 0x00000010
[inst #2861] addi x0,x0,0
Register Write to Reg: 0x00 Val: 0x00000000
[inst #2862] addi x0,x0,0
Register Write to Reg: 0x00 Val: 0x00000000
[inst #2863] addi x0,x0,0
Register Write to Reg: 0x00 Val: 0x00000000
[inst #2864] add x30,x28,x29
Register Write to Reg: 0x1E Val: 0x7FFFFF40
[inst #2865] addi x0,x0,0
Register Write to Reg: 0x00 Val: 0x00000000
[inst #2866] addi x0,x0,0
Register Write to Reg: 0x00 Val: 0x00000000
[inst #2867] addi x0,x0,0
Register Write to Reg: 0x00 Val: 0x00000000
[inst #2868] lw x9,0(x30)
Register Write to Reg: 0x09 Val: 0x00000006
[inst #2869] addi x0,x0,0
Register Write to Reg: 0x00 Val: 0x00000000
[inst #2870] addi x0,x0,0
Register Write to Reg: 0x00 Val: 0x00000000
[inst #2871] addi x0,x0,0
Register Write to Reg: 0x00 Val: 0x00000000
[inst #2872] bge x9,x8,24
[inst #2873] slli x29,x7,2
Register Write to Reg: 0x1D Val: 0x00000020
[inst #2874] addi x0,x0,0
Register Write to Reg: 0x00 Val: 0x00000000
[inst #2875] addi x0,x0,0
Register Write to Reg: 0x00 Val: 0x00000000
[inst #2876] addi x0,x0,0
Register Write to Reg: 0x00 Val: 0x00000000
[inst #2877] add x30,x10,x29
Register Write to Reg: 0x1E Val: 0x10010020
[inst #2878] addi x0,x0,0
Register Write to Reg: 0x00 Val: 0x00000000
[inst #2879] addi x0,x0,0
Register Write to Reg: 0x00 Val: 0x00000000
[inst #2880] addi x0,x0,0
Register Write to Reg: 0x00 Val: 0x00000000
[inst #2881] sw x8,0(x30)
Memory Write to Addr: 0x10010020 Val: 0x00000005
[inst #2882] addi x5,x5,1
Register Write to Reg: 0x05 Val: 0x00000008
[inst #2883] addi x7,x7,1
Register Write to Reg: 0x07 Val: 0x00000009
[inst #2884] jal x0,-208
Register Write to Reg: 0x00 Val: 0x00400310
[inst #2885] blt x12,x5,396
[inst #2886] addi x0,x0,0
Register Write to Reg: 0x00 Val: 0x00000000
[inst #2887] addi x0,x0,0
Register Write to Reg: 0x00 Val: 0x00000000
[inst #2888] blt x13,x6,264
[inst #2889] addi x0,x0,0
Register Write to Reg: 0x00 Val: 0x00000000
[inst #2890] addi x0,x0,0
Register Write to Reg: 0x00 Val: 0x00000000
[inst #2891] sub x29,x5,x11
Register Write to Reg: 0x1D Val: 0x00000002
[inst #2892] addi x0,x0,0
Register Write to Reg: 0x00 Val: 0x00000000
[inst #2893] addi x0,x0,0
Register Write to Reg: 0x00 Val: 0x00000000
[inst #2894] addi x0,x0,0
Register Write to Reg: 0x00 Val: 0x00000000
[inst #2895] slli x29,x29,2
Register Write to Reg: 0x1D Val: 0x00000008
[inst #2896] addi x0,x0,0
Register Write to Reg: 0x00 Val: 0x00000000
[inst #2897] addi x0,x0,0
Register Write to Reg: 0x00 Val: 0x00000000
[inst #2898] addi x0,x0,0
Register Write to Reg: 0x00 Val: 0x00000000
[inst #2899] add x30,x28,x29
Register Write to Reg: 0x1E Val: 0x7FFFFF38
[inst #2900] addi x0,x0,0
Register Write to Reg: 0x00 Val: 0x00000000
[inst #2901] addi x0,x0,0
Register Write to Reg: 0x00 Val: 0x00000000
[inst #2902] addi x0,x0,0
Register Write to Reg: 0x00 Val: 0x00000000
[inst #2903] lw x8,0(x30)
Register Write to Reg: 0x08 Val: 0x00000008
[inst #2904] sub x29,x6,x11
Register Write to Reg: 0x1D Val: 0x00000004
[inst #2905] addi x0,x0,0
Register Write to Reg: 0x00 Val: 0x00000000
[inst #2906] addi x0,x0,0
Register Write to Reg: 0x00 Val: 0x00000000
[inst #2907] addi x0,x0,0
Register Write to Reg: 0x00 Val: 0x00000000
[inst #2908] slli x29,x29,2
Register Write to Reg: 0x1D Val: 0x00000010
[inst #2909] addi x0,x0,0
Register Write to Reg: 0x00 Val: 0x00000000
[inst #2910] addi x0,x0,0
Register Write to Reg: 0x00 Val: 0x00000000
[inst #2911] addi x0,x0,0
Register Write to Reg: 0x00 Val: 0x00000000
[inst #2912] add x30,x28,x29
Register Write to Reg: 0x1E Val: 0x7FFFFF40
[inst #2913] addi x0,x0,0
Register Write to Reg: 0x00 Val: 0x00000000
[inst #2914] addi x0,x0,0
Register Write to Reg: 0x00 Val: 0x00000000
[inst #2915] addi x0,x0,0
Register Write to Reg: 0x00 Val: 0x00000000
[inst #2916] lw x9,0(x30)
Register Write to Reg: 0x09 Val: 0x00000006
[inst #2917] addi x0,x0,0
Register Write to Reg: 0x00 Val: 0x00000000
[inst #2918] addi x0,x0,0
Register Write to Reg: 0x00 Val: 0x00000000
[inst #2919] addi x0,x0,0
Register Write to Reg: 0x00 Val: 0x00000000
[inst #2920] bge x9,x8,24
[inst #2921] addi x0,x0,0
Register Write to Reg: 0x00 Val: 0x00000000
[inst #2922] addi x0,x0,0
Register Write to Reg: 0x00 Val: 0x00000000
[inst #2923] jal x0,68
Register Write to Reg: 0x00 Val: 0x004002D8
[inst #2924] slli x29,x7,2
Register Write to Reg: 0x1D Val: 0x00000024
[inst #2925] addi x0,x0,0
Register Write to Reg: 0x00 Val: 0x00000000
[inst #2926] addi x0,x0,0
Register Write to Reg: 0x00 Val: 0x00000000
[inst #2927] addi x0,x0,0
Register Write to Reg: 0x00 Val: 0x00000000
[inst #2928] add x30,x10,x29
Register Write to Reg: 0x1E Val: 0x10010024
[inst #2929] addi x0,x0,0
Register Write to Reg: 0x00 Val: 0x00000000
[inst #2930] addi x0,x0,0
Register Write to Reg: 0x00 Val: 0x00000000
[inst #2931] addi x0,x0,0
Register Write to Reg: 0x00 Val: 0x00000000
[inst #2932] sw x9,0(x30)
Memory Write to Addr: 0x10010024 Val: 0x00000006
[inst #2933] addi x6,x6,1
Register Write to Reg: 0x06 Val: 0x0000000B
[inst #2934] addi x7,x7,1
Register Write to Reg: 0x07 Val: 0x0000000A
[inst #2935] jal x0,-264
Register Write to Reg: 0x00 Val: 0x00400348
[inst #2936] blt x12,x5,396
[inst #2937] addi x0,x0,0
Register Write to Reg: 0x00 Val: 0x00000000
[inst #2938] addi x0,x0,0
Register Write to Reg: 0x00 Val: 0x00000000
[inst #2939] blt x13,x6,264
[inst #2940] blt x12,x5,240
[inst #2941] addi x0,x0,0
Register Write to Reg: 0x00 Val: 0x00000000
[inst #2942] addi x0,x0,0
Register Write to Reg: 0x00 Val: 0x00000000
[inst #2943] sub x29,x5,x11
Register Write to Reg: 0x1D Val: 0x00000002
[inst #2944] addi x0,x0,0
Register Write to Reg: 0x00 Val: 0x00000000
[inst #2945] addi x0,x0,0
Register Write to Reg: 0x00 Val: 0x00000000
[inst #2946] addi x0,x0,0
Register Write to Reg: 0x00 Val: 0x00000000
[inst #2947] slli x29,x29,2
Register Write to Reg: 0x1D Val: 0x00000008
[inst #2948] addi x0,x0,0
Register Write to Reg: 0x00 Val: 0x00000000
[inst #2949] addi x0,x0,0
Register Write to Reg: 0x00 Val: 0x00000000
[inst #2950] addi x0,x0,0
Register Write to Reg: 0x00 Val: 0x00000000
[inst #2951] add x30,x28,x29
Register Write to Reg: 0x1E Val: 0x7FFFFF38
[inst #2952] addi x0,x0,0
Register Write to Reg: 0x00 Val: 0x00000000
[inst #2953] addi x0,x0,0
Register Write to Reg: 0x00 Val: 0x00000000
[inst #2954] addi x0,x0,0
Register Write to Reg: 0x00 Val: 0x00000000
[inst #2955] lw x8,0(x30)
Register Write to Reg: 0x08 Val: 0x00000008
[inst #2956] slli x29,x7,2
Register Write to Reg: 0x1D Val: 0x00000028
[inst #2957] addi x0,x0,0
Register Write to Reg: 0x00 Val: 0x00000000
[inst #2958] addi x0,x0,0
Register Write to Reg: 0x00 Val: 0x00000000
[inst #2959] addi x0,x0,0
Register Write to Reg: 0x00 Val: 0x00000000
[inst #2960] add x30,x10,x29
Register Write to Reg: 0x1E Val: 0x10010028
[inst #2961] addi x0,x0,0
Register Write to Reg: 0x00 Val: 0x00000000
[inst #2962] addi x0,x0,0
Register Write to Reg: 0x00 Val: 0x00000000
[inst #2963] addi x0,x0,0
Register Write to Reg: 0x00 Val: 0x00000000
[inst #2964] sw x8,0(x30)
Memory Write to Addr: 0x10010028 Val: 0x00000008
[inst #2965] addi x5,x5,1
Register Write to Reg: 0x05 Val: 0x00000009
[inst #2966] addi x7,x7,1
Register Write to Reg: 0x07 Val: 0x0000000B
[inst #2967] jal x0,-108
Register Write to Reg: 0x00 Val: 0x004003C0
[inst #2968] blt x12,x5,240
[inst #2969] lw x1,156(x2)
Register Write to Reg: 0x01 Val: 0x00400148
[inst #2970] addi x2,x2,160
Register Write to Reg: 0x02 Val: 0x7FFFFFD0
[inst #2971] jalr x0,x1,0
Register Write to Reg: 0x00 Val: 0x0040044C
[inst #2972] addi x0,x0,0
Register Write to Reg: 0x00 Val: 0x00000000
[inst #2973] addi x0,x0,0
Register Write to Reg: 0x00 Val: 0x00000000
[inst #2974] lw x1,20(x2)
Register Write to Reg: 0x01 Val: 0x0040012C
[inst #2975] addi x2,x2,24
Register Write to Reg: 0x02 Val: 0x7FFFFFE8
[inst #2976] addi x0,x0,0
Register Write to Reg: 0x00 Val: 0x00000000
[inst #2977] addi x0,x0,0
Register Write to Reg: 0x00 Val: 0x00000000
[inst #2978] jalr x0,x1,0
Register Write to Reg: 0x00 Val: 0x00400164
[inst #2979] addi x0,x0,0
Register Write to Reg: 0x00 Val: 0x00000000
[inst #2980] addi x0,x0,0
Register Write to Reg: 0x00 Val: 0x00000000
[inst #2981] lw x10,16(x2)
Register Write to Reg: 0x0A Val: 0x10010000
[inst #2982] lw x11,12(x2)
Register Write to Reg: 0x0B Val: 0x00000000
[inst #2983] lw x12,4(x2)
Register Write to Reg: 0x0C Val: 0x00000005
[inst #2984] lw x13,8(x2)
Register Write to Reg: 0x0D Val: 0x0000000A
[inst #2985] jal x1,40
Register Write to Reg: 0x01 Val: 0x00400148
[inst #2986] addi x2,x2,-160
Register Write to Reg: 0x02 Val: 0x7FFFFF48
[inst #2987] addi x0,x0,0
Register Write to Reg: 0x00 Val: 0x00000000
[inst #2988] addi x0,x0,0
Register Write to Reg: 0x00 Val: 0x00000000
[inst #2989] addi x0,x0,0
Register Write to Reg: 0x00 Val: 0x00000000
[inst #2990] sw x1,156(x2)
Memory Write to Addr: 0x7FFFFFE4 Val: 0x00400148
[inst #2991] sw x10,152(x2)
Memory Write to Addr: 0x7FFFFFE0 Val: 0x10010000
[inst #2992] sw x11,148(x2)
Memory Write to Addr: 0x7FFFFFDC Val: 0x00000000
[inst #2993] sw x12,144(x2)
Memory Write to Addr: 0x7FFFFFD8 Val: 0x00000005
[inst #2994] sw x13,140(x2)
Memory Write to Addr: 0x7FFFFFD4 Val: 0x0000000A
[inst #2995] addi x5,x2,0
Register Write to Reg: 0x05 Val: 0x7FFFFF48
[inst #2996] add x6,x0,x11
Register Write to Reg: 0x06 Val: 0x00000000
[inst #2997] addi x0,x0,0
Register Write to Reg: 0x00 Val: 0x00000000
[inst #2998] addi x0,x0,0
Register Write to Reg: 0x00 Val: 0x00000000
[inst #2999] addi x0,x0,0
Register Write to Reg: 0x00 Val: 0x00000000
[inst #3000] blt x13,x6,116
[inst #3001] addi x0,x0,0
Register Write to Reg: 0x00 Val: 0x00000000
[inst #3002] addi x0,x0,0
Register Write to Reg: 0x00 Val: 0x00000000
[inst #3003] slli x7,x6,2
Register Write to Reg: 0x07 Val: 0x00000000
[inst #3004] addi x0,x0,0
Register Write to Reg: 0x00 Val: 0x00000000
[inst #3005] addi x0,x0,0
Register Write to Reg: 0x00 Val: 0x00000000
[inst #3006] addi x0,x0,0
Register Write to Reg: 0x00 Val: 0x00000000
[inst #3007] add x28,x10,x7
Register Write to Reg: 0x1C Val: 0x10010000
[inst #3008] addi x0,x0,0
Register Write to Reg: 0x00 Val: 0x00000000
[inst #3009] addi x0,x0,0
Register Write to Reg: 0x00 Val: 0x00000000
[inst #3010] addi x0,x0,0
Register Write to Reg: 0x00 Val: 0x00000000
[inst #3011] lw x29,0(x28)
Register Write to Reg: 0x1D Val: 0xFFFFFFFF
[inst #3012] sub x30,x6,x11
Register Write to Reg: 0x1E Val: 0x00000000
[inst #3013] addi x0,x0,0
Register Write to Reg: 0x00 Val: 0x00000000
[inst #3014] addi x0,x0,0
Register Write to Reg: 0x00 Val: 0x00000000
[inst #3015] addi x0,x0,0
Register Write to Reg: 0x00 Val: 0x00000000
[inst #3016] slli x30,x30,2
Register Write to Reg: 0x1E Val: 0x00000000
[inst #3017] addi x0,x0,0
Register Write to Reg: 0x00 Val: 0x00000000
[inst #3018] addi x0,x0,0
Register Write to Reg: 0x00 Val: 0x00000000
[inst #3019] addi x0,x0,0
Register Write to Reg: 0x00 Val: 0x00000000
[inst #3020] add x31,x5,x30
Register Write to Reg: 0x1F Val: 0x7FFFFF48
[inst #3021] addi x0,x0,0
Register Write to Reg: 0x00 Val: 0x00000000
[inst #3022] addi x0,x0,0
Register Write to Reg: 0x00 Val: 0x00000000
[inst #3023] addi x0,x0,0
Register Write to Reg: 0x00 Val: 0x00000000
[inst #3024] sw x29,0(x31)
Memory Write to Addr: 0x7FFFFF48 Val: 0xFFFFFFFF
[inst #3025] addi x6,x6,1
Register Write to Reg: 0x06 Val: 0x00000001
[inst #3026] jal x0,-116
Register Write to Reg: 0x00 Val: 0x00400210
[inst #3027] addi x0,x0,0
Register Write to Reg: 0x00 Val: 0x00000000
[inst #3028] addi x0,x0,0
Register Write to Reg: 0x00 Val: 0x00000000
[inst #3029] addi x0,x0,0
Register Write to Reg: 0x00 Val: 0x00000000
[inst #3030] blt x13,x6,116
[inst #3031] addi x0,x0,0
Register Write to Reg: 0x00 Val: 0x00000000
[inst #3032] addi x0,x0,0
Register Write to Reg: 0x00 Val: 0x00000000
[inst #3033] slli x7,x6,2
Register Write to Reg: 0x07 Val: 0x00000004
[inst #3034] addi x0,x0,0
Register Write to Reg: 0x00 Val: 0x00000000
[inst #3035] addi x0,x0,0
Register Write to Reg: 0x00 Val: 0x00000000
[inst #3036] addi x0,x0,0
Register Write to Reg: 0x00 Val: 0x00000000
[inst #3037] add x28,x10,x7
Register Write to Reg: 0x1C Val: 0x10010004
[inst #3038] addi x0,x0,0
Register Write to Reg: 0x00 Val: 0x00000000
[inst #3039] addi x0,x0,0
Register Write to Reg: 0x00 Val: 0x00000000
[inst #3040] addi x0,x0,0
Register Write to Reg: 0x00 Val: 0x00000000
[inst #3041] lw x29,0(x28)
Register Write to Reg: 0x1D Val: 0x00000002
[inst #3042] sub x30,x6,x11
Register Write to Reg: 0x1E Val: 0x00000001
[inst #3043] addi x0,x0,0
Register Write to Reg: 0x00 Val: 0x00000000
[inst #3044] addi x0,x0,0
Register Write to Reg: 0x00 Val: 0x00000000
[inst #3045] addi x0,x0,0
Register Write to Reg: 0x00 Val: 0x00000000
[inst #3046] slli x30,x30,2
Register Write to Reg: 0x1E Val: 0x00000004
[inst #3047] addi x0,x0,0
Register Write to Reg: 0x00 Val: 0x00000000
[inst #3048] addi x0,x0,0
Register Write to Reg: 0x00 Val: 0x00000000
[inst #3049] addi x0,x0,0
Register Write to Reg: 0x00 Val: 0x00000000
[inst #3050] add x31,x5,x30
Register Write to Reg: 0x1F Val: 0x7FFFFF4C
[inst #3051] addi x0,x0,0
Register Write to Reg: 0x00 Val: 0x00000000
[inst #3052] addi x0,x0,0
Register Write to Reg: 0x00 Val: 0x00000000
[inst #3053] addi x0,x0,0
Register Write to Reg: 0x00 Val: 0x00000000
[inst #3054] sw x29,0(x31)
Memory Write to Addr: 0x7FFFFF4C Val: 0x00000002
[inst #3055] addi x6,x6,1
Register Write to Reg: 0x06 Val: 0x00000002
[inst #3056] jal x0,-116
Register Write to Reg: 0x00 Val: 0x00400210
[inst #3057] addi x0,x0,0
Register Write to Reg: 0x00 Val: 0x00000000
[inst #3058] addi x0,x0,0
Register Write to Reg: 0x00 Val: 0x00000000
[inst #3059] addi x0,x0,0
Register Write to Reg: 0x00 Val: 0x00000000
[inst #3060] blt x13,x6,116
[inst #3061] addi x0,x0,0
Register Write to Reg: 0x00 Val: 0x00000000
[inst #3062] addi x0,x0,0
Register Write to Reg: 0x00 Val: 0x00000000
[inst #3063] slli x7,x6,2
Register Write to Reg: 0x07 Val: 0x00000008
[inst #3064] addi x0,x0,0
Register Write to Reg: 0x00 Val: 0x00000000
[inst #3065] addi x0,x0,0
Register Write to Reg: 0x00 Val: 0x00000000
[inst #3066] addi x0,x0,0
Register Write to Reg: 0x00 Val: 0x00000000
[inst #3067] add x28,x10,x7
Register Write to Reg: 0x1C Val: 0x10010008
[inst #3068] addi x0,x0,0
Register Write to Reg: 0x00 Val: 0x00000000
[inst #3069] addi x0,x0,0
Register Write to Reg: 0x00 Val: 0x00000000
[inst #3070] addi x0,x0,0
Register Write to Reg: 0x00 Val: 0x00000000
[inst #3071] lw x29,0(x28)
Register Write to Reg: 0x1D Val: 0x00000003
[inst #3072] sub x30,x6,x11
Register Write to Reg: 0x1E Val: 0x00000002
[inst #3073] addi x0,x0,0
Register Write to Reg: 0x00 Val: 0x00000000
[inst #3074] addi x0,x0,0
Register Write to Reg: 0x00 Val: 0x00000000
[inst #3075] addi x0,x0,0
Register Write to Reg: 0x00 Val: 0x00000000
[inst #3076] slli x30,x30,2
Register Write to Reg: 0x1E Val: 0x00000008
[inst #3077] addi x0,x0,0
Register Write to Reg: 0x00 Val: 0x00000000
[inst #3078] addi x0,x0,0
Register Write to Reg: 0x00 Val: 0x00000000
[inst #3079] addi x0,x0,0
Register Write to Reg: 0x00 Val: 0x00000000
[inst #3080] add x31,x5,x30
Register Write to Reg: 0x1F Val: 0x7FFFFF50
[inst #3081] addi x0,x0,0
Register Write to Reg: 0x00 Val: 0x00000000
[inst #3082] addi x0,x0,0
Register Write to Reg: 0x00 Val: 0x00000000
[inst #3083] addi x0,x0,0
Register Write to Reg: 0x00 Val: 0x00000000
[inst #3084] sw x29,0(x31)
Memory Write to Addr: 0x7FFFFF50 Val: 0x00000003
[inst #3085] addi x6,x6,1
Register Write to Reg: 0x06 Val: 0x00000003
[inst #3086] jal x0,-116
Register Write to Reg: 0x00 Val: 0x00400210
[inst #3087] addi x0,x0,0
Register Write to Reg: 0x00 Val: 0x00000000
[inst #3088] addi x0,x0,0
Register Write to Reg: 0x00 Val: 0x00000000
[inst #3089] addi x0,x0,0
Register Write to Reg: 0x00 Val: 0x00000000
[inst #3090] blt x13,x6,116
[inst #3091] addi x0,x0,0
Register Write to Reg: 0x00 Val: 0x00000000
[inst #3092] addi x0,x0,0
Register Write to Reg: 0x00 Val: 0x00000000
[inst #3093] slli x7,x6,2
Register Write to Reg: 0x07 Val: 0x0000000C
[inst #3094] addi x0,x0,0
Register Write to Reg: 0x00 Val: 0x00000000
[inst #3095] addi x0,x0,0
Register Write to Reg: 0x00 Val: 0x00000000
[inst #3096] addi x0,x0,0
Register Write to Reg: 0x00 Val: 0x00000000
[inst #3097] add x28,x10,x7
Register Write to Reg: 0x1C Val: 0x1001000C
[inst #3098] addi x0,x0,0
Register Write to Reg: 0x00 Val: 0x00000000
[inst #3099] addi x0,x0,0
Register Write to Reg: 0x00 Val: 0x00000000
[inst #3100] addi x0,x0,0
Register Write to Reg: 0x00 Val: 0x00000000
[inst #3101] lw x29,0(x28)
Register Write to Reg: 0x1D Val: 0x00000004
[inst #3102] sub x30,x6,x11
Register Write to Reg: 0x1E Val: 0x00000003
[inst #3103] addi x0,x0,0
Register Write to Reg: 0x00 Val: 0x00000000
[inst #3104] addi x0,x0,0
Register Write to Reg: 0x00 Val: 0x00000000
[inst #3105] addi x0,x0,0
Register Write to Reg: 0x00 Val: 0x00000000
[inst #3106] slli x30,x30,2
Register Write to Reg: 0x1E Val: 0x0000000C
[inst #3107] addi x0,x0,0
Register Write to Reg: 0x00 Val: 0x00000000
[inst #3108] addi x0,x0,0
Register Write to Reg: 0x00 Val: 0x00000000
[inst #3109] addi x0,x0,0
Register Write to Reg: 0x00 Val: 0x00000000
[inst #3110] add x31,x5,x30
Register Write to Reg: 0x1F Val: 0x7FFFFF54
[inst #3111] addi x0,x0,0
Register Write to Reg: 0x00 Val: 0x00000000
[inst #3112] addi x0,x0,0
Register Write to Reg: 0x00 Val: 0x00000000
[inst #3113] addi x0,x0,0
Register Write to Reg: 0x00 Val: 0x00000000
[inst #3114] sw x29,0(x31)
Memory Write to Addr: 0x7FFFFF54 Val: 0x00000004
[inst #3115] addi x6,x6,1
Register Write to Reg: 0x06 Val: 0x00000004
[inst #3116] jal x0,-116
Register Write to Reg: 0x00 Val: 0x00400210
[inst #3117] addi x0,x0,0
Register Write to Reg: 0x00 Val: 0x00000000
[inst #3118] addi x0,x0,0
Register Write to Reg: 0x00 Val: 0x00000000
[inst #3119] addi x0,x0,0
Register Write to Reg: 0x00 Val: 0x00000000
[inst #3120] blt x13,x6,116
[inst #3121] addi x0,x0,0
Register Write to Reg: 0x00 Val: 0x00000000
[inst #3122] addi x0,x0,0
Register Write to Reg: 0x00 Val: 0x00000000
[inst #3123] slli x7,x6,2
Register Write to Reg: 0x07 Val: 0x00000010
[inst #3124] addi x0,x0,0
Register Write to Reg: 0x00 Val: 0x00000000
[inst #3125] addi x0,x0,0
Register Write to Reg: 0x00 Val: 0x00000000
[inst #3126] addi x0,x0,0
Register Write to Reg: 0x00 Val: 0x00000000
[inst #3127] add x28,x10,x7
Register Write to Reg: 0x1C Val: 0x10010010
[inst #3128] addi x0,x0,0
Register Write to Reg: 0x00 Val: 0x00000000
[inst #3129] addi x0,x0,0
Register Write to Reg: 0x00 Val: 0x00000000
[inst #3130] addi x0,x0,0
Register Write to Reg: 0x00 Val: 0x00000000
[inst #3131] lw x29,0(x28)
Register Write to Reg: 0x1D Val: 0x00000007
[inst #3132] sub x30,x6,x11
Register Write to Reg: 0x1E Val: 0x00000004
[inst #3133] addi x0,x0,0
Register Write to Reg: 0x00 Val: 0x00000000
[inst #3134] addi x0,x0,0
Register Write to Reg: 0x00 Val: 0x00000000
[inst #3135] addi x0,x0,0
Register Write to Reg: 0x00 Val: 0x00000000
[inst #3136] slli x30,x30,2
Register Write to Reg: 0x1E Val: 0x00000010
[inst #3137] addi x0,x0,0
Register Write to Reg: 0x00 Val: 0x00000000
[inst #3138] addi x0,x0,0
Register Write to Reg: 0x00 Val: 0x00000000
[inst #3139] addi x0,x0,0
Register Write to Reg: 0x00 Val: 0x00000000
[inst #3140] add x31,x5,x30
Register Write to Reg: 0x1F Val: 0x7FFFFF58
[inst #3141] addi x0,x0,0
Register Write to Reg: 0x00 Val: 0x00000000
[inst #3142] addi x0,x0,0
Register Write to Reg: 0x00 Val: 0x00000000
[inst #3143] addi x0,x0,0
Register Write to Reg: 0x00 Val: 0x00000000
[inst #3144] sw x29,0(x31)
Memory Write to Addr: 0x7FFFFF58 Val: 0x00000007
[inst #3145] addi x6,x6,1
Register Write to Reg: 0x06 Val: 0x00000005
[inst #3146] jal x0,-116
Register Write to Reg: 0x00 Val: 0x00400210
[inst #3147] addi x0,x0,0
Register Write to Reg: 0x00 Val: 0x00000000
[inst #3148] addi x0,x0,0
Register Write to Reg: 0x00 Val: 0x00000000
[inst #3149] addi x0,x0,0
Register Write to Reg: 0x00 Val: 0x00000000
[inst #3150] blt x13,x6,116
[inst #3151] addi x0,x0,0
Register Write to Reg: 0x00 Val: 0x00000000
[inst #3152] addi x0,x0,0
Register Write to Reg: 0x00 Val: 0x00000000
[inst #3153] slli x7,x6,2
Register Write to Reg: 0x07 Val: 0x00000014
[inst #3154] addi x0,x0,0
Register Write to Reg: 0x00 Val: 0x00000000
[inst #3155] addi x0,x0,0
Register Write to Reg: 0x00 Val: 0x00000000
[inst #3156] addi x0,x0,0
Register Write to Reg: 0x00 Val: 0x00000000
[inst #3157] add x28,x10,x7
Register Write to Reg: 0x1C Val: 0x10010014
[inst #3158] addi x0,x0,0
Register Write to Reg: 0x00 Val: 0x00000000
[inst #3159] addi x0,x0,0
Register Write to Reg: 0x00 Val: 0x00000000
[inst #3160] addi x0,x0,0
Register Write to Reg: 0x00 Val: 0x00000000
[inst #3161] lw x29,0(x28)
Register Write to Reg: 0x1D Val: 0x00000009
[inst #3162] sub x30,x6,x11
Register Write to Reg: 0x1E Val: 0x00000005
[inst #3163] addi x0,x0,0
Register Write to Reg: 0x00 Val: 0x00000000
[inst #3164] addi x0,x0,0
Register Write to Reg: 0x00 Val: 0x00000000
[inst #3165] addi x0,x0,0
Register Write to Reg: 0x00 Val: 0x00000000
[inst #3166] slli x30,x30,2
Register Write to Reg: 0x1E Val: 0x00000014
[inst #3167] addi x0,x0,0
Register Write to Reg: 0x00 Val: 0x00000000
[inst #3168] addi x0,x0,0
Register Write to Reg: 0x00 Val: 0x00000000
[inst #3169] addi x0,x0,0
Register Write to Reg: 0x00 Val: 0x00000000
[inst #3170] add x31,x5,x30
Register Write to Reg: 0x1F Val: 0x7FFFFF5C
[inst #3171] addi x0,x0,0
Register Write to Reg: 0x00 Val: 0x00000000
[inst #3172] addi x0,x0,0
Register Write to Reg: 0x00 Val: 0x00000000
[inst #3173] addi x0,x0,0
Register Write to Reg: 0x00 Val: 0x00000000
[inst #3174] sw x29,0(x31)
Memory Write to Addr: 0x7FFFFF5C Val: 0x00000009
[inst #3175] addi x6,x6,1
Register Write to Reg: 0x06 Val: 0x00000006
[inst #3176] jal x0,-116
Register Write to Reg: 0x00 Val: 0x00400210
[inst #3177] addi x0,x0,0
Register Write to Reg: 0x00 Val: 0x00000000
[inst #3178] addi x0,x0,0
Register Write to Reg: 0x00 Val: 0x00000000
[inst #3179] addi x0,x0,0
Register Write to Reg: 0x00 Val: 0x00000000
[inst #3180] blt x13,x6,116
[inst #3181] addi x0,x0,0
Register Write to Reg: 0x00 Val: 0x00000000
[inst #3182] addi x0,x0,0
Register Write to Reg: 0x00 Val: 0x00000000
[inst #3183] slli x7,x6,2
Register Write to Reg: 0x07 Val: 0x00000018
[inst #3184] addi x0,x0,0
Register Write to Reg: 0x00 Val: 0x00000000
[inst #3185] addi x0,x0,0
Register Write to Reg: 0x00 Val: 0x00000000
[inst #3186] addi x0,x0,0
Register Write to Reg: 0x00 Val: 0x00000000
[inst #3187] add x28,x10,x7
Register Write to Reg: 0x1C Val: 0x10010018
[inst #3188] addi x0,x0,0
Register Write to Reg: 0x00 Val: 0x00000000
[inst #3189] addi x0,x0,0
Register Write to Reg: 0x00 Val: 0x00000000
[inst #3190] addi x0,x0,0
Register Write to Reg: 0x00 Val: 0x00000000
[inst #3191] lw x29,0(x28)
Register Write to Reg: 0x1D Val: 0x00000001
[inst #3192] sub x30,x6,x11
Register Write to Reg: 0x1E Val: 0x00000006
[inst #3193] addi x0,x0,0
Register Write to Reg: 0x00 Val: 0x00000000
[inst #3194] addi x0,x0,0
Register Write to Reg: 0x00 Val: 0x00000000
[inst #3195] addi x0,x0,0
Register Write to Reg: 0x00 Val: 0x00000000
[inst #3196] slli x30,x30,2
Register Write to Reg: 0x1E Val: 0x00000018
[inst #3197] addi x0,x0,0
Register Write to Reg: 0x00 Val: 0x00000000
[inst #3198] addi x0,x0,0
Register Write to Reg: 0x00 Val: 0x00000000
[inst #3199] addi x0,x0,0
Register Write to Reg: 0x00 Val: 0x00000000
[inst #3200] add x31,x5,x30
Register Write to Reg: 0x1F Val: 0x7FFFFF60
[inst #3201] addi x0,x0,0
Register Write to Reg: 0x00 Val: 0x00000000
[inst #3202] addi x0,x0,0
Register Write to Reg: 0x00 Val: 0x00000000
[inst #3203] addi x0,x0,0
Register Write to Reg: 0x00 Val: 0x00000000
[inst #3204] sw x29,0(x31)
Memory Write to Addr: 0x7FFFFF60 Val: 0x00000001
[inst #3205] addi x6,x6,1
Register Write to Reg: 0x06 Val: 0x00000007
[inst #3206] jal x0,-116
Register Write to Reg: 0x00 Val: 0x00400210
[inst #3207] addi x0,x0,0
Register Write to Reg: 0x00 Val: 0x00000000
[inst #3208] addi x0,x0,0
Register Write to Reg: 0x00 Val: 0x00000000
[inst #3209] addi x0,x0,0
Register Write to Reg: 0x00 Val: 0x00000000
[inst #3210] blt x13,x6,116
[inst #3211] addi x0,x0,0
Register Write to Reg: 0x00 Val: 0x00000000
[inst #3212] addi x0,x0,0
Register Write to Reg: 0x00 Val: 0x00000000
[inst #3213] slli x7,x6,2
Register Write to Reg: 0x07 Val: 0x0000001C
[inst #3214] addi x0,x0,0
Register Write to Reg: 0x00 Val: 0x00000000
[inst #3215] addi x0,x0,0
Register Write to Reg: 0x00 Val: 0x00000000
[inst #3216] addi x0,x0,0
Register Write to Reg: 0x00 Val: 0x00000000
[inst #3217] add x28,x10,x7
Register Write to Reg: 0x1C Val: 0x1001001C
[inst #3218] addi x0,x0,0
Register Write to Reg: 0x00 Val: 0x00000000
[inst #3219] addi x0,x0,0
Register Write to Reg: 0x00 Val: 0x00000000
[inst #3220] addi x0,x0,0
Register Write to Reg: 0x00 Val: 0x00000000
[inst #3221] lw x29,0(x28)
Register Write to Reg: 0x1D Val: 0x00000003
[inst #3222] sub x30,x6,x11
Register Write to Reg: 0x1E Val: 0x00000007
[inst #3223] addi x0,x0,0
Register Write to Reg: 0x00 Val: 0x00000000
[inst #3224] addi x0,x0,0
Register Write to Reg: 0x00 Val: 0x00000000
[inst #3225] addi x0,x0,0
Register Write to Reg: 0x00 Val: 0x00000000
[inst #3226] slli x30,x30,2
Register Write to Reg: 0x1E Val: 0x0000001C
[inst #3227] addi x0,x0,0
Register Write to Reg: 0x00 Val: 0x00000000
[inst #3228] addi x0,x0,0
Register Write to Reg: 0x00 Val: 0x00000000
[inst #3229] addi x0,x0,0
Register Write to Reg: 0x00 Val: 0x00000000
[inst #3230] add x31,x5,x30
Register Write to Reg: 0x1F Val: 0x7FFFFF64
[inst #3231] addi x0,x0,0
Register Write to Reg: 0x00 Val: 0x00000000
[inst #3232] addi x0,x0,0
Register Write to Reg: 0x00 Val: 0x00000000
[inst #3233] addi x0,x0,0
Register Write to Reg: 0x00 Val: 0x00000000
[inst #3234] sw x29,0(x31)
Memory Write to Addr: 0x7FFFFF64 Val: 0x00000003
[inst #3235] addi x6,x6,1
Register Write to Reg: 0x06 Val: 0x00000008
[inst #3236] jal x0,-116
Register Write to Reg: 0x00 Val: 0x00400210
[inst #3237] addi x0,x0,0
Register Write to Reg: 0x00 Val: 0x00000000
[inst #3238] addi x0,x0,0
Register Write to Reg: 0x00 Val: 0x00000000
[inst #3239] addi x0,x0,0
Register Write to Reg: 0x00 Val: 0x00000000
[inst #3240] blt x13,x6,116
[inst #3241] addi x0,x0,0
Register Write to Reg: 0x00 Val: 0x00000000
[inst #3242] addi x0,x0,0
Register Write to Reg: 0x00 Val: 0x00000000
[inst #3243] slli x7,x6,2
Register Write to Reg: 0x07 Val: 0x00000020
[inst #3244] addi x0,x0,0
Register Write to Reg: 0x00 Val: 0x00000000
[inst #3245] addi x0,x0,0
Register Write to Reg: 0x00 Val: 0x00000000
[inst #3246] addi x0,x0,0
Register Write to Reg: 0x00 Val: 0x00000000
[inst #3247] add x28,x10,x7
Register Write to Reg: 0x1C Val: 0x10010020
[inst #3248] addi x0,x0,0
Register Write to Reg: 0x00 Val: 0x00000000
[inst #3249] addi x0,x0,0
Register Write to Reg: 0x00 Val: 0x00000000
[inst #3250] addi x0,x0,0
Register Write to Reg: 0x00 Val: 0x00000000
[inst #3251] lw x29,0(x28)
Register Write to Reg: 0x1D Val: 0x00000005
[inst #3252] sub x30,x6,x11
Register Write to Reg: 0x1E Val: 0x00000008
[inst #3253] addi x0,x0,0
Register Write to Reg: 0x00 Val: 0x00000000
[inst #3254] addi x0,x0,0
Register Write to Reg: 0x00 Val: 0x00000000
[inst #3255] addi x0,x0,0
Register Write to Reg: 0x00 Val: 0x00000000
[inst #3256] slli x30,x30,2
Register Write to Reg: 0x1E Val: 0x00000020
[inst #3257] addi x0,x0,0
Register Write to Reg: 0x00 Val: 0x00000000
[inst #3258] addi x0,x0,0
Register Write to Reg: 0x00 Val: 0x00000000
[inst #3259] addi x0,x0,0
Register Write to Reg: 0x00 Val: 0x00000000
[inst #3260] add x31,x5,x30
Register Write to Reg: 0x1F Val: 0x7FFFFF68
[inst #3261] addi x0,x0,0
Register Write to Reg: 0x00 Val: 0x00000000
[inst #3262] addi x0,x0,0
Register Write to Reg: 0x00 Val: 0x00000000
[inst #3263] addi x0,x0,0
Register Write to Reg: 0x00 Val: 0x00000000
[inst #3264] sw x29,0(x31)
Memory Write to Addr: 0x7FFFFF68 Val: 0x00000005
[inst #3265] addi x6,x6,1
Register Write to Reg: 0x06 Val: 0x00000009
[inst #3266] jal x0,-116
Register Write to Reg: 0x00 Val: 0x00400210
[inst #3267] addi x0,x0,0
Register Write to Reg: 0x00 Val: 0x00000000
[inst #3268] addi x0,x0,0
Register Write to Reg: 0x00 Val: 0x00000000
[inst #3269] addi x0,x0,0
Register Write to Reg: 0x00 Val: 0x00000000
[inst #3270] blt x13,x6,116
[inst #3271] addi x0,x0,0
Register Write to Reg: 0x00 Val: 0x00000000
[inst #3272] addi x0,x0,0
Register Write to Reg: 0x00 Val: 0x00000000
[inst #3273] slli x7,x6,2
Register Write to Reg: 0x07 Val: 0x00000024
[inst #3274] addi x0,x0,0
Register Write to Reg: 0x00 Val: 0x00000000
[inst #3275] addi x0,x0,0
Register Write to Reg: 0x00 Val: 0x00000000
[inst #3276] addi x0,x0,0
Register Write to Reg: 0x00 Val: 0x00000000
[inst #3277] add x28,x10,x7
Register Write to Reg: 0x1C Val: 0x10010024
[inst #3278] addi x0,x0,0
Register Write to Reg: 0x00 Val: 0x00000000
[inst #3279] addi x0,x0,0
Register Write to Reg: 0x00 Val: 0x00000000
[inst #3280] addi x0,x0,0
Register Write to Reg: 0x00 Val: 0x00000000
[inst #3281] lw x29,0(x28)
Register Write to Reg: 0x1D Val: 0x00000006
[inst #3282] sub x30,x6,x11
Register Write to Reg: 0x1E Val: 0x00000009
[inst #3283] addi x0,x0,0
Register Write to Reg: 0x00 Val: 0x00000000
[inst #3284] addi x0,x0,0
Register Write to Reg: 0x00 Val: 0x00000000
[inst #3285] addi x0,x0,0
Register Write to Reg: 0x00 Val: 0x00000000
[inst #3286] slli x30,x30,2
Register Write to Reg: 0x1E Val: 0x00000024
[inst #3287] addi x0,x0,0
Register Write to Reg: 0x00 Val: 0x00000000
[inst #3288] addi x0,x0,0
Register Write to Reg: 0x00 Val: 0x00000000
[inst #3289] addi x0,x0,0
Register Write to Reg: 0x00 Val: 0x00000000
[inst #3290] add x31,x5,x30
Register Write to Reg: 0x1F Val: 0x7FFFFF6C
[inst #3291] addi x0,x0,0
Register Write to Reg: 0x00 Val: 0x00000000
[inst #3292] addi x0,x0,0
Register Write to Reg: 0x00 Val: 0x00000000
[inst #3293] addi x0,x0,0
Register Write to Reg: 0x00 Val: 0x00000000
[inst #3294] sw x29,0(x31)
Memory Write to Addr: 0x7FFFFF6C Val: 0x00000006
[inst #3295] addi x6,x6,1
Register Write to Reg: 0x06 Val: 0x0000000A
[inst #3296] jal x0,-116
Register Write to Reg: 0x00 Val: 0x00400210
[inst #3297] addi x0,x0,0
Register Write to Reg: 0x00 Val: 0x00000000
[inst #3298] addi x0,x0,0
Register Write to Reg: 0x00 Val: 0x00000000
[inst #3299] addi x0,x0,0
Register Write to Reg: 0x00 Val: 0x00000000
[inst #3300] blt x13,x6,116
[inst #3301] addi x0,x0,0
Register Write to Reg: 0x00 Val: 0x00000000
[inst #3302] addi x0,x0,0
Register Write to Reg: 0x00 Val: 0x00000000
[inst #3303] slli x7,x6,2
Register Write to Reg: 0x07 Val: 0x00000028
[inst #3304] addi x0,x0,0
Register Write to Reg: 0x00 Val: 0x00000000
[inst #3305] addi x0,x0,0
Register Write to Reg: 0x00 Val: 0x00000000
[inst #3306] addi x0,x0,0
Register Write to Reg: 0x00 Val: 0x00000000
[inst #3307] add x28,x10,x7
Register Write to Reg: 0x1C Val: 0x10010028
[inst #3308] addi x0,x0,0
Register Write to Reg: 0x00 Val: 0x00000000
[inst #3309] addi x0,x0,0
Register Write to Reg: 0x00 Val: 0x00000000
[inst #3310] addi x0,x0,0
Register Write to Reg: 0x00 Val: 0x00000000
[inst #3311] lw x29,0(x28)
Register Write to Reg: 0x1D Val: 0x00000008
[inst #3312] sub x30,x6,x11
Register Write to Reg: 0x1E Val: 0x0000000A
[inst #3313] addi x0,x0,0
Register Write to Reg: 0x00 Val: 0x00000000
[inst #3314] addi x0,x0,0
Register Write to Reg: 0x00 Val: 0x00000000
[inst #3315] addi x0,x0,0
Register Write to Reg: 0x00 Val: 0x00000000
[inst #3316] slli x30,x30,2
Register Write to Reg: 0x1E Val: 0x00000028
[inst #3317] addi x0,x0,0
Register Write to Reg: 0x00 Val: 0x00000000
[inst #3318] addi x0,x0,0
Register Write to Reg: 0x00 Val: 0x00000000
[inst #3319] addi x0,x0,0
Register Write to Reg: 0x00 Val: 0x00000000
[inst #3320] add x31,x5,x30
Register Write to Reg: 0x1F Val: 0x7FFFFF70
[inst #3321] addi x0,x0,0
Register Write to Reg: 0x00 Val: 0x00000000
[inst #3322] addi x0,x0,0
Register Write to Reg: 0x00 Val: 0x00000000
[inst #3323] addi x0,x0,0
Register Write to Reg: 0x00 Val: 0x00000000
[inst #3324] sw x29,0(x31)
Memory Write to Addr: 0x7FFFFF70 Val: 0x00000008
[inst #3325] addi x6,x6,1
Register Write to Reg: 0x06 Val: 0x0000000B
[inst #3326] jal x0,-116
Register Write to Reg: 0x00 Val: 0x00400210
[inst #3327] addi x0,x0,0
Register Write to Reg: 0x00 Val: 0x00000000
[inst #3328] addi x0,x0,0
Register Write to Reg: 0x00 Val: 0x00000000
[inst #3329] addi x0,x0,0
Register Write to Reg: 0x00 Val: 0x00000000
[inst #3330] blt x13,x6,116
[inst #3331] lw x10,152(x2)
Register Write to Reg: 0x0A Val: 0x10010000
[inst #3332] lw x11,148(x2)
Register Write to Reg: 0x0B Val: 0x00000000
[inst #3333] lw x12,144(x2)
Register Write to Reg: 0x0C Val: 0x00000005
[inst #3334] lw x13,140(x2)
Register Write to Reg: 0x0D Val: 0x0000000A
[inst #3335] addi x0,x0,0
Register Write to Reg: 0x00 Val: 0x00000000
[inst #3336] add x5,x0,x11
Register Write to Reg: 0x05 Val: 0x00000000
[inst #3337] addi x6,x12,1
Register Write to Reg: 0x06 Val: 0x00000006
[inst #3338] add x7,x0,x11
Register Write to Reg: 0x07 Val: 0x00000000
[inst #3339] addi x28,x2,0
Register Write to Reg: 0x1C Val: 0x7FFFFF48
[inst #3340] blt x12,x5,396
[inst #3341] addi x0,x0,0
Register Write to Reg: 0x00 Val: 0x00000000
[inst #3342] addi x0,x0,0
Register Write to Reg: 0x00 Val: 0x00000000
[inst #3343] blt x13,x6,264
[inst #3344] addi x0,x0,0
Register Write to Reg: 0x00 Val: 0x00000000
[inst #3345] addi x0,x0,0
Register Write to Reg: 0x00 Val: 0x00000000
[inst #3346] sub x29,x5,x11
Register Write to Reg: 0x1D Val: 0x00000000
[inst #3347] addi x0,x0,0
Register Write to Reg: 0x00 Val: 0x00000000
[inst #3348] addi x0,x0,0
Register Write to Reg: 0x00 Val: 0x00000000
[inst #3349] addi x0,x0,0
Register Write to Reg: 0x00 Val: 0x00000000
[inst #3350] slli x29,x29,2
Register Write to Reg: 0x1D Val: 0x00000000
[inst #3351] addi x0,x0,0
Register Write to Reg: 0x00 Val: 0x00000000
[inst #3352] addi x0,x0,0
Register Write to Reg: 0x00 Val: 0x00000000
[inst #3353] addi x0,x0,0
Register Write to Reg: 0x00 Val: 0x00000000
[inst #3354] add x30,x28,x29
Register Write to Reg: 0x1E Val: 0x7FFFFF48
[inst #3355] addi x0,x0,0
Register Write to Reg: 0x00 Val: 0x00000000
[inst #3356] addi x0,x0,0
Register Write to Reg: 0x00 Val: 0x00000000
[inst #3357] addi x0,x0,0
Register Write to Reg: 0x00 Val: 0x00000000
[inst #3358] lw x8,0(x30)
Register Write to Reg: 0x08 Val: 0xFFFFFFFF
[inst #3359] sub x29,x6,x11
Register Write to Reg: 0x1D Val: 0x00000006
[inst #3360] addi x0,x0,0
Register Write to Reg: 0x00 Val: 0x00000000
[inst #3361] addi x0,x0,0
Register Write to Reg: 0x00 Val: 0x00000000
[inst #3362] addi x0,x0,0
Register Write to Reg: 0x00 Val: 0x00000000
[inst #3363] slli x29,x29,2
Register Write to Reg: 0x1D Val: 0x00000018
[inst #3364] addi x0,x0,0
Register Write to Reg: 0x00 Val: 0x00000000
[inst #3365] addi x0,x0,0
Register Write to Reg: 0x00 Val: 0x00000000
[inst #3366] addi x0,x0,0
Register Write to Reg: 0x00 Val: 0x00000000
[inst #3367] add x30,x28,x29
Register Write to Reg: 0x1E Val: 0x7FFFFF60
[inst #3368] addi x0,x0,0
Register Write to Reg: 0x00 Val: 0x00000000
[inst #3369] addi x0,x0,0
Register Write to Reg: 0x00 Val: 0x00000000
[inst #3370] addi x0,x0,0
Register Write to Reg: 0x00 Val: 0x00000000
[inst #3371] lw x9,0(x30)
Register Write to Reg: 0x09 Val: 0x00000001
[inst #3372] addi x0,x0,0
Register Write to Reg: 0x00 Val: 0x00000000
[inst #3373] addi x0,x0,0
Register Write to Reg: 0x00 Val: 0x00000000
[inst #3374] addi x0,x0,0
Register Write to Reg: 0x00 Val: 0x00000000
[inst #3375] bge x9,x8,24
[inst #3376] slli x29,x7,2
Register Write to Reg: 0x1D Val: 0x00000000
[inst #3377] addi x0,x0,0
Register Write to Reg: 0x00 Val: 0x00000000
[inst #3378] addi x0,x0,0
Register Write to Reg: 0x00 Val: 0x00000000
[inst #3379] addi x0,x0,0
Register Write to Reg: 0x00 Val: 0x00000000
[inst #3380] add x30,x10,x29
Register Write to Reg: 0x1E Val: 0x10010000
[inst #3381] addi x0,x0,0
Register Write to Reg: 0x00 Val: 0x00000000
[inst #3382] addi x0,x0,0
Register Write to Reg: 0x00 Val: 0x00000000
[inst #3383] addi x0,x0,0
Register Write to Reg: 0x00 Val: 0x00000000
[inst #3384] sw x8,0(x30)
Memory Write to Addr: 0x10010000 Val: 0xFFFFFFFF
[inst #3385] addi x5,x5,1
Register Write to Reg: 0x05 Val: 0x00000001
[inst #3386] addi x7,x7,1
Register Write to Reg: 0x07 Val: 0x00000001
[inst #3387] jal x0,-208
Register Write to Reg: 0x00 Val: 0x00400310
[inst #3388] blt x12,x5,396
[inst #3389] addi x0,x0,0
Register Write to Reg: 0x00 Val: 0x00000000
[inst #3390] addi x0,x0,0
Register Write to Reg: 0x00 Val: 0x00000000
[inst #3391] blt x13,x6,264
[inst #3392] addi x0,x0,0
Register Write to Reg: 0x00 Val: 0x00000000
[inst #3393] addi x0,x0,0
Register Write to Reg: 0x00 Val: 0x00000000
[inst #3394] sub x29,x5,x11
Register Write to Reg: 0x1D Val: 0x00000001
[inst #3395] addi x0,x0,0
Register Write to Reg: 0x00 Val: 0x00000000
[inst #3396] addi x0,x0,0
Register Write to Reg: 0x00 Val: 0x00000000
[inst #3397] addi x0,x0,0
Register Write to Reg: 0x00 Val: 0x00000000
[inst #3398] slli x29,x29,2
Register Write to Reg: 0x1D Val: 0x00000004
[inst #3399] addi x0,x0,0
Register Write to Reg: 0x00 Val: 0x00000000
[inst #3400] addi x0,x0,0
Register Write to Reg: 0x00 Val: 0x00000000
[inst #3401] addi x0,x0,0
Register Write to Reg: 0x00 Val: 0x00000000
[inst #3402] add x30,x28,x29
Register Write to Reg: 0x1E Val: 0x7FFFFF4C
[inst #3403] addi x0,x0,0
Register Write to Reg: 0x00 Val: 0x00000000
[inst #3404] addi x0,x0,0
Register Write to Reg: 0x00 Val: 0x00000000
[inst #3405] addi x0,x0,0
Register Write to Reg: 0x00 Val: 0x00000000
[inst #3406] lw x8,0(x30)
Register Write to Reg: 0x08 Val: 0x00000002
[inst #3407] sub x29,x6,x11
Register Write to Reg: 0x1D Val: 0x00000006
[inst #3408] addi x0,x0,0
Register Write to Reg: 0x00 Val: 0x00000000
[inst #3409] addi x0,x0,0
Register Write to Reg: 0x00 Val: 0x00000000
[inst #3410] addi x0,x0,0
Register Write to Reg: 0x00 Val: 0x00000000
[inst #3411] slli x29,x29,2
Register Write to Reg: 0x1D Val: 0x00000018
[inst #3412] addi x0,x0,0
Register Write to Reg: 0x00 Val: 0x00000000
[inst #3413] addi x0,x0,0
Register Write to Reg: 0x00 Val: 0x00000000
[inst #3414] addi x0,x0,0
Register Write to Reg: 0x00 Val: 0x00000000
[inst #3415] add x30,x28,x29
Register Write to Reg: 0x1E Val: 0x7FFFFF60
[inst #3416] addi x0,x0,0
Register Write to Reg: 0x00 Val: 0x00000000
[inst #3417] addi x0,x0,0
Register Write to Reg: 0x00 Val: 0x00000000
[inst #3418] addi x0,x0,0
Register Write to Reg: 0x00 Val: 0x00000000
[inst #3419] lw x9,0(x30)
Register Write to Reg: 0x09 Val: 0x00000001
[inst #3420] addi x0,x0,0
Register Write to Reg: 0x00 Val: 0x00000000
[inst #3421] addi x0,x0,0
Register Write to Reg: 0x00 Val: 0x00000000
[inst #3422] addi x0,x0,0
Register Write to Reg: 0x00 Val: 0x00000000
[inst #3423] bge x9,x8,24
[inst #3424] addi x0,x0,0
Register Write to Reg: 0x00 Val: 0x00000000
[inst #3425] addi x0,x0,0
Register Write to Reg: 0x00 Val: 0x00000000
[inst #3426] jal x0,68
Register Write to Reg: 0x00 Val: 0x004002D8
[inst #3427] slli x29,x7,2
Register Write to Reg: 0x1D Val: 0x00000004
[inst #3428] addi x0,x0,0
Register Write to Reg: 0x00 Val: 0x00000000
[inst #3429] addi x0,x0,0
Register Write to Reg: 0x00 Val: 0x00000000
[inst #3430] addi x0,x0,0
Register Write to Reg: 0x00 Val: 0x00000000
[inst #3431] add x30,x10,x29
Register Write to Reg: 0x1E Val: 0x10010004
[inst #3432] addi x0,x0,0
Register Write to Reg: 0x00 Val: 0x00000000
[inst #3433] addi x0,x0,0
Register Write to Reg: 0x00 Val: 0x00000000
[inst #3434] addi x0,x0,0
Register Write to Reg: 0x00 Val: 0x00000000
[inst #3435] sw x9,0(x30)
Memory Write to Addr: 0x10010004 Val: 0x00000001
[inst #3436] addi x6,x6,1
Register Write to Reg: 0x06 Val: 0x00000007
[inst #3437] addi x7,x7,1
Register Write to Reg: 0x07 Val: 0x00000002
[inst #3438] jal x0,-264
Register Write to Reg: 0x00 Val: 0x00400348
[inst #3439] blt x12,x5,396
[inst #3440] addi x0,x0,0
Register Write to Reg: 0x00 Val: 0x00000000
[inst #3441] addi x0,x0,0
Register Write to Reg: 0x00 Val: 0x00000000
[inst #3442] blt x13,x6,264
[inst #3443] addi x0,x0,0
Register Write to Reg: 0x00 Val: 0x00000000
[inst #3444] addi x0,x0,0
Register Write to Reg: 0x00 Val: 0x00000000
[inst #3445] sub x29,x5,x11
Register Write to Reg: 0x1D Val: 0x00000001
[inst #3446] addi x0,x0,0
Register Write to Reg: 0x00 Val: 0x00000000
[inst #3447] addi x0,x0,0
Register Write to Reg: 0x00 Val: 0x00000000
[inst #3448] addi x0,x0,0
Register Write to Reg: 0x00 Val: 0x00000000
[inst #3449] slli x29,x29,2
Register Write to Reg: 0x1D Val: 0x00000004
[inst #3450] addi x0,x0,0
Register Write to Reg: 0x00 Val: 0x00000000
[inst #3451] addi x0,x0,0
Register Write to Reg: 0x00 Val: 0x00000000
[inst #3452] addi x0,x0,0
Register Write to Reg: 0x00 Val: 0x00000000
[inst #3453] add x30,x28,x29
Register Write to Reg: 0x1E Val: 0x7FFFFF4C
[inst #3454] addi x0,x0,0
Register Write to Reg: 0x00 Val: 0x00000000
[inst #3455] addi x0,x0,0
Register Write to Reg: 0x00 Val: 0x00000000
[inst #3456] addi x0,x0,0
Register Write to Reg: 0x00 Val: 0x00000000
[inst #3457] lw x8,0(x30)
Register Write to Reg: 0x08 Val: 0x00000002
[inst #3458] sub x29,x6,x11
Register Write to Reg: 0x1D Val: 0x00000007
[inst #3459] addi x0,x0,0
Register Write to Reg: 0x00 Val: 0x00000000
[inst #3460] addi x0,x0,0
Register Write to Reg: 0x00 Val: 0x00000000
[inst #3461] addi x0,x0,0
Register Write to Reg: 0x00 Val: 0x00000000
[inst #3462] slli x29,x29,2
Register Write to Reg: 0x1D Val: 0x0000001C
[inst #3463] addi x0,x0,0
Register Write to Reg: 0x00 Val: 0x00000000
[inst #3464] addi x0,x0,0
Register Write to Reg: 0x00 Val: 0x00000000
[inst #3465] addi x0,x0,0
Register Write to Reg: 0x00 Val: 0x00000000
[inst #3466] add x30,x28,x29
Register Write to Reg: 0x1E Val: 0x7FFFFF64
[inst #3467] addi x0,x0,0
Register Write to Reg: 0x00 Val: 0x00000000
[inst #3468] addi x0,x0,0
Register Write to Reg: 0x00 Val: 0x00000000
[inst #3469] addi x0,x0,0
Register Write to Reg: 0x00 Val: 0x00000000
[inst #3470] lw x9,0(x30)
Register Write to Reg: 0x09 Val: 0x00000003
[inst #3471] addi x0,x0,0
Register Write to Reg: 0x00 Val: 0x00000000
[inst #3472] addi x0,x0,0
Register Write to Reg: 0x00 Val: 0x00000000
[inst #3473] addi x0,x0,0
Register Write to Reg: 0x00 Val: 0x00000000
[inst #3474] bge x9,x8,24
[inst #3475] slli x29,x7,2
Register Write to Reg: 0x1D Val: 0x00000008
[inst #3476] addi x0,x0,0
Register Write to Reg: 0x00 Val: 0x00000000
[inst #3477] addi x0,x0,0
Register Write to Reg: 0x00 Val: 0x00000000
[inst #3478] addi x0,x0,0
Register Write to Reg: 0x00 Val: 0x00000000
[inst #3479] add x30,x10,x29
Register Write to Reg: 0x1E Val: 0x10010008
[inst #3480] addi x0,x0,0
Register Write to Reg: 0x00 Val: 0x00000000
[inst #3481] addi x0,x0,0
Register Write to Reg: 0x00 Val: 0x00000000
[inst #3482] addi x0,x0,0
Register Write to Reg: 0x00 Val: 0x00000000
[inst #3483] sw x8,0(x30)
Memory Write to Addr: 0x10010008 Val: 0x00000002
[inst #3484] addi x5,x5,1
Register Write to Reg: 0x05 Val: 0x00000002
[inst #3485] addi x7,x7,1
Register Write to Reg: 0x07 Val: 0x00000003
[inst #3486] jal x0,-208
Register Write to Reg: 0x00 Val: 0x00400310
[inst #3487] blt x12,x5,396
[inst #3488] addi x0,x0,0
Register Write to Reg: 0x00 Val: 0x00000000
[inst #3489] addi x0,x0,0
Register Write to Reg: 0x00 Val: 0x00000000
[inst #3490] blt x13,x6,264
[inst #3491] addi x0,x0,0
Register Write to Reg: 0x00 Val: 0x00000000
[inst #3492] addi x0,x0,0
Register Write to Reg: 0x00 Val: 0x00000000
[inst #3493] sub x29,x5,x11
Register Write to Reg: 0x1D Val: 0x00000002
[inst #3494] addi x0,x0,0
Register Write to Reg: 0x00 Val: 0x00000000
[inst #3495] addi x0,x0,0
Register Write to Reg: 0x00 Val: 0x00000000
[inst #3496] addi x0,x0,0
Register Write to Reg: 0x00 Val: 0x00000000
[inst #3497] slli x29,x29,2
Register Write to Reg: 0x1D Val: 0x00000008
[inst #3498] addi x0,x0,0
Register Write to Reg: 0x00 Val: 0x00000000
[inst #3499] addi x0,x0,0
Register Write to Reg: 0x00 Val: 0x00000000
[inst #3500] addi x0,x0,0
Register Write to Reg: 0x00 Val: 0x00000000
[inst #3501] add x30,x28,x29
Register Write to Reg: 0x1E Val: 0x7FFFFF50
[inst #3502] addi x0,x0,0
Register Write to Reg: 0x00 Val: 0x00000000
[inst #3503] addi x0,x0,0
Register Write to Reg: 0x00 Val: 0x00000000
[inst #3504] addi x0,x0,0
Register Write to Reg: 0x00 Val: 0x00000000
[inst #3505] lw x8,0(x30)
Register Write to Reg: 0x08 Val: 0x00000003
[inst #3506] sub x29,x6,x11
Register Write to Reg: 0x1D Val: 0x00000007
[inst #3507] addi x0,x0,0
Register Write to Reg: 0x00 Val: 0x00000000
[inst #3508] addi x0,x0,0
Register Write to Reg: 0x00 Val: 0x00000000
[inst #3509] addi x0,x0,0
Register Write to Reg: 0x00 Val: 0x00000000
[inst #3510] slli x29,x29,2
Register Write to Reg: 0x1D Val: 0x0000001C
[inst #3511] addi x0,x0,0
Register Write to Reg: 0x00 Val: 0x00000000
[inst #3512] addi x0,x0,0
Register Write to Reg: 0x00 Val: 0x00000000
[inst #3513] addi x0,x0,0
Register Write to Reg: 0x00 Val: 0x00000000
[inst #3514] add x30,x28,x29
Register Write to Reg: 0x1E Val: 0x7FFFFF64
[inst #3515] addi x0,x0,0
Register Write to Reg: 0x00 Val: 0x00000000
[inst #3516] addi x0,x0,0
Register Write to Reg: 0x00 Val: 0x00000000
[inst #3517] addi x0,x0,0
Register Write to Reg: 0x00 Val: 0x00000000
[inst #3518] lw x9,0(x30)
Register Write to Reg: 0x09 Val: 0x00000003
[inst #3519] addi x0,x0,0
Register Write to Reg: 0x00 Val: 0x00000000
[inst #3520] addi x0,x0,0
Register Write to Reg: 0x00 Val: 0x00000000
[inst #3521] addi x0,x0,0
Register Write to Reg: 0x00 Val: 0x00000000
[inst #3522] bge x9,x8,24
[inst #3523] slli x29,x7,2
Register Write to Reg: 0x1D Val: 0x0000000C
[inst #3524] addi x0,x0,0
Register Write to Reg: 0x00 Val: 0x00000000
[inst #3525] addi x0,x0,0
Register Write to Reg: 0x00 Val: 0x00000000
[inst #3526] addi x0,x0,0
Register Write to Reg: 0x00 Val: 0x00000000
[inst #3527] add x30,x10,x29
Register Write to Reg: 0x1E Val: 0x1001000C
[inst #3528] addi x0,x0,0
Register Write to Reg: 0x00 Val: 0x00000000
[inst #3529] addi x0,x0,0
Register Write to Reg: 0x00 Val: 0x00000000
[inst #3530] addi x0,x0,0
Register Write to Reg: 0x00 Val: 0x00000000
[inst #3531] sw x8,0(x30)
Memory Write to Addr: 0x1001000C Val: 0x00000003
[inst #3532] addi x5,x5,1
Register Write to Reg: 0x05 Val: 0x00000003
[inst #3533] addi x7,x7,1
Register Write to Reg: 0x07 Val: 0x00000004
[inst #3534] jal x0,-208
Register Write to Reg: 0x00 Val: 0x00400310
[inst #3535] blt x12,x5,396
[inst #3536] addi x0,x0,0
Register Write to Reg: 0x00 Val: 0x00000000
[inst #3537] addi x0,x0,0
Register Write to Reg: 0x00 Val: 0x00000000
[inst #3538] blt x13,x6,264
[inst #3539] addi x0,x0,0
Register Write to Reg: 0x00 Val: 0x00000000
[inst #3540] addi x0,x0,0
Register Write to Reg: 0x00 Val: 0x00000000
[inst #3541] sub x29,x5,x11
Register Write to Reg: 0x1D Val: 0x00000003
[inst #3542] addi x0,x0,0
Register Write to Reg: 0x00 Val: 0x00000000
[inst #3543] addi x0,x0,0
Register Write to Reg: 0x00 Val: 0x00000000
[inst #3544] addi x0,x0,0
Register Write to Reg: 0x00 Val: 0x00000000
[inst #3545] slli x29,x29,2
Register Write to Reg: 0x1D Val: 0x0000000C
[inst #3546] addi x0,x0,0
Register Write to Reg: 0x00 Val: 0x00000000
[inst #3547] addi x0,x0,0
Register Write to Reg: 0x00 Val: 0x00000000
[inst #3548] addi x0,x0,0
Register Write to Reg: 0x00 Val: 0x00000000
[inst #3549] add x30,x28,x29
Register Write to Reg: 0x1E Val: 0x7FFFFF54
[inst #3550] addi x0,x0,0
Register Write to Reg: 0x00 Val: 0x00000000
[inst #3551] addi x0,x0,0
Register Write to Reg: 0x00 Val: 0x00000000
[inst #3552] addi x0,x0,0
Register Write to Reg: 0x00 Val: 0x00000000
[inst #3553] lw x8,0(x30)
Register Write to Reg: 0x08 Val: 0x00000004
[inst #3554] sub x29,x6,x11
Register Write to Reg: 0x1D Val: 0x00000007
[inst #3555] addi x0,x0,0
Register Write to Reg: 0x00 Val: 0x00000000
[inst #3556] addi x0,x0,0
Register Write to Reg: 0x00 Val: 0x00000000
[inst #3557] addi x0,x0,0
Register Write to Reg: 0x00 Val: 0x00000000
[inst #3558] slli x29,x29,2
Register Write to Reg: 0x1D Val: 0x0000001C
[inst #3559] addi x0,x0,0
Register Write to Reg: 0x00 Val: 0x00000000
[inst #3560] addi x0,x0,0
Register Write to Reg: 0x00 Val: 0x00000000
[inst #3561] addi x0,x0,0
Register Write to Reg: 0x00 Val: 0x00000000
[inst #3562] add x30,x28,x29
Register Write to Reg: 0x1E Val: 0x7FFFFF64
[inst #3563] addi x0,x0,0
Register Write to Reg: 0x00 Val: 0x00000000
[inst #3564] addi x0,x0,0
Register Write to Reg: 0x00 Val: 0x00000000
[inst #3565] addi x0,x0,0
Register Write to Reg: 0x00 Val: 0x00000000
[inst #3566] lw x9,0(x30)
Register Write to Reg: 0x09 Val: 0x00000003
[inst #3567] addi x0,x0,0
Register Write to Reg: 0x00 Val: 0x00000000
[inst #3568] addi x0,x0,0
Register Write to Reg: 0x00 Val: 0x00000000
[inst #3569] addi x0,x0,0
Register Write to Reg: 0x00 Val: 0x00000000
[inst #3570] bge x9,x8,24
[inst #3571] addi x0,x0,0
Register Write to Reg: 0x00 Val: 0x00000000
[inst #3572] addi x0,x0,0
Register Write to Reg: 0x00 Val: 0x00000000
[inst #3573] jal x0,68
Register Write to Reg: 0x00 Val: 0x004002D8
[inst #3574] slli x29,x7,2
Register Write to Reg: 0x1D Val: 0x00000010
[inst #3575] addi x0,x0,0
Register Write to Reg: 0x00 Val: 0x00000000
[inst #3576] addi x0,x0,0
Register Write to Reg: 0x00 Val: 0x00000000
[inst #3577] addi x0,x0,0
Register Write to Reg: 0x00 Val: 0x00000000
[inst #3578] add x30,x10,x29
Register Write to Reg: 0x1E Val: 0x10010010
[inst #3579] addi x0,x0,0
Register Write to Reg: 0x00 Val: 0x00000000
[inst #3580] addi x0,x0,0
Register Write to Reg: 0x00 Val: 0x00000000
[inst #3581] addi x0,x0,0
Register Write to Reg: 0x00 Val: 0x00000000
[inst #3582] sw x9,0(x30)
Memory Write to Addr: 0x10010010 Val: 0x00000003
[inst #3583] addi x6,x6,1
Register Write to Reg: 0x06 Val: 0x00000008
[inst #3584] addi x7,x7,1
Register Write to Reg: 0x07 Val: 0x00000005
[inst #3585] jal x0,-264
Register Write to Reg: 0x00 Val: 0x00400348
[inst #3586] blt x12,x5,396
[inst #3587] addi x0,x0,0
Register Write to Reg: 0x00 Val: 0x00000000
[inst #3588] addi x0,x0,0
Register Write to Reg: 0x00 Val: 0x00000000
[inst #3589] blt x13,x6,264
[inst #3590] addi x0,x0,0
Register Write to Reg: 0x00 Val: 0x00000000
[inst #3591] addi x0,x0,0
Register Write to Reg: 0x00 Val: 0x00000000
[inst #3592] sub x29,x5,x11
Register Write to Reg: 0x1D Val: 0x00000003
[inst #3593] addi x0,x0,0
Register Write to Reg: 0x00 Val: 0x00000000
[inst #3594] addi x0,x0,0
Register Write to Reg: 0x00 Val: 0x00000000
[inst #3595] addi x0,x0,0
Register Write to Reg: 0x00 Val: 0x00000000
[inst #3596] slli x29,x29,2
Register Write to Reg: 0x1D Val: 0x0000000C
[inst #3597] addi x0,x0,0
Register Write to Reg: 0x00 Val: 0x00000000
[inst #3598] addi x0,x0,0
Register Write to Reg: 0x00 Val: 0x00000000
[inst #3599] addi x0,x0,0
Register Write to Reg: 0x00 Val: 0x00000000
[inst #3600] add x30,x28,x29
Register Write to Reg: 0x1E Val: 0x7FFFFF54
[inst #3601] addi x0,x0,0
Register Write to Reg: 0x00 Val: 0x00000000
[inst #3602] addi x0,x0,0
Register Write to Reg: 0x00 Val: 0x00000000
[inst #3603] addi x0,x0,0
Register Write to Reg: 0x00 Val: 0x00000000
[inst #3604] lw x8,0(x30)
Register Write to Reg: 0x08 Val: 0x00000004
[inst #3605] sub x29,x6,x11
Register Write to Reg: 0x1D Val: 0x00000008
[inst #3606] addi x0,x0,0
Register Write to Reg: 0x00 Val: 0x00000000
[inst #3607] addi x0,x0,0
Register Write to Reg: 0x00 Val: 0x00000000
[inst #3608] addi x0,x0,0
Register Write to Reg: 0x00 Val: 0x00000000
[inst #3609] slli x29,x29,2
Register Write to Reg: 0x1D Val: 0x00000020
[inst #3610] addi x0,x0,0
Register Write to Reg: 0x00 Val: 0x00000000
[inst #3611] addi x0,x0,0
Register Write to Reg: 0x00 Val: 0x00000000
[inst #3612] addi x0,x0,0
Register Write to Reg: 0x00 Val: 0x00000000
[inst #3613] add x30,x28,x29
Register Write to Reg: 0x1E Val: 0x7FFFFF68
[inst #3614] addi x0,x0,0
Register Write to Reg: 0x00 Val: 0x00000000
[inst #3615] addi x0,x0,0
Register Write to Reg: 0x00 Val: 0x00000000
[inst #3616] addi x0,x0,0
Register Write to Reg: 0x00 Val: 0x00000000
[inst #3617] lw x9,0(x30)
Register Write to Reg: 0x09 Val: 0x00000005
[inst #3618] addi x0,x0,0
Register Write to Reg: 0x00 Val: 0x00000000
[inst #3619] addi x0,x0,0
Register Write to Reg: 0x00 Val: 0x00000000
[inst #3620] addi x0,x0,0
Register Write to Reg: 0x00 Val: 0x00000000
[inst #3621] bge x9,x8,24
[inst #3622] slli x29,x7,2
Register Write to Reg: 0x1D Val: 0x00000014
[inst #3623] addi x0,x0,0
Register Write to Reg: 0x00 Val: 0x00000000
[inst #3624] addi x0,x0,0
Register Write to Reg: 0x00 Val: 0x00000000
[inst #3625] addi x0,x0,0
Register Write to Reg: 0x00 Val: 0x00000000
[inst #3626] add x30,x10,x29
Register Write to Reg: 0x1E Val: 0x10010014
[inst #3627] addi x0,x0,0
Register Write to Reg: 0x00 Val: 0x00000000
[inst #3628] addi x0,x0,0
Register Write to Reg: 0x00 Val: 0x00000000
[inst #3629] addi x0,x0,0
Register Write to Reg: 0x00 Val: 0x00000000
[inst #3630] sw x8,0(x30)
Memory Write to Addr: 0x10010014 Val: 0x00000004
[inst #3631] addi x5,x5,1
Register Write to Reg: 0x05 Val: 0x00000004
[inst #3632] addi x7,x7,1
Register Write to Reg: 0x07 Val: 0x00000006
[inst #3633] jal x0,-208
Register Write to Reg: 0x00 Val: 0x00400310
[inst #3634] blt x12,x5,396
[inst #3635] addi x0,x0,0
Register Write to Reg: 0x00 Val: 0x00000000
[inst #3636] addi x0,x0,0
Register Write to Reg: 0x00 Val: 0x00000000
[inst #3637] blt x13,x6,264
[inst #3638] addi x0,x0,0
Register Write to Reg: 0x00 Val: 0x00000000
[inst #3639] addi x0,x0,0
Register Write to Reg: 0x00 Val: 0x00000000
[inst #3640] sub x29,x5,x11
Register Write to Reg: 0x1D Val: 0x00000004
[inst #3641] addi x0,x0,0
Register Write to Reg: 0x00 Val: 0x00000000
[inst #3642] addi x0,x0,0
Register Write to Reg: 0x00 Val: 0x00000000
[inst #3643] addi x0,x0,0
Register Write to Reg: 0x00 Val: 0x00000000
[inst #3644] slli x29,x29,2
Register Write to Reg: 0x1D Val: 0x00000010
[inst #3645] addi x0,x0,0
Register Write to Reg: 0x00 Val: 0x00000000
[inst #3646] addi x0,x0,0
Register Write to Reg: 0x00 Val: 0x00000000
[inst #3647] addi x0,x0,0
Register Write to Reg: 0x00 Val: 0x00000000
[inst #3648] add x30,x28,x29
Register Write to Reg: 0x1E Val: 0x7FFFFF58
[inst #3649] addi x0,x0,0
Register Write to Reg: 0x00 Val: 0x00000000
[inst #3650] addi x0,x0,0
Register Write to Reg: 0x00 Val: 0x00000000
[inst #3651] addi x0,x0,0
Register Write to Reg: 0x00 Val: 0x00000000
[inst #3652] lw x8,0(x30)
Register Write to Reg: 0x08 Val: 0x00000007
[inst #3653] sub x29,x6,x11
Register Write to Reg: 0x1D Val: 0x00000008
[inst #3654] addi x0,x0,0
Register Write to Reg: 0x00 Val: 0x00000000
[inst #3655] addi x0,x0,0
Register Write to Reg: 0x00 Val: 0x00000000
[inst #3656] addi x0,x0,0
Register Write to Reg: 0x00 Val: 0x00000000
[inst #3657] slli x29,x29,2
Register Write to Reg: 0x1D Val: 0x00000020
[inst #3658] addi x0,x0,0
Register Write to Reg: 0x00 Val: 0x00000000
[inst #3659] addi x0,x0,0
Register Write to Reg: 0x00 Val: 0x00000000
[inst #3660] addi x0,x0,0
Register Write to Reg: 0x00 Val: 0x00000000
[inst #3661] add x30,x28,x29
Register Write to Reg: 0x1E Val: 0x7FFFFF68
[inst #3662] addi x0,x0,0
Register Write to Reg: 0x00 Val: 0x00000000
[inst #3663] addi x0,x0,0
Register Write to Reg: 0x00 Val: 0x00000000
[inst #3664] addi x0,x0,0
Register Write to Reg: 0x00 Val: 0x00000000
[inst #3665] lw x9,0(x30)
Register Write to Reg: 0x09 Val: 0x00000005
[inst #3666] addi x0,x0,0
Register Write to Reg: 0x00 Val: 0x00000000
[inst #3667] addi x0,x0,0
Register Write to Reg: 0x00 Val: 0x00000000
[inst #3668] addi x0,x0,0
Register Write to Reg: 0x00 Val: 0x00000000
[inst #3669] bge x9,x8,24
[inst #3670] addi x0,x0,0
Register Write to Reg: 0x00 Val: 0x00000000
[inst #3671] addi x0,x0,0
Register Write to Reg: 0x00 Val: 0x00000000
[inst #3672] jal x0,68
Register Write to Reg: 0x00 Val: 0x004002D8
[inst #3673] slli x29,x7,2
Register Write to Reg: 0x1D Val: 0x00000018
[inst #3674] addi x0,x0,0
Register Write to Reg: 0x00 Val: 0x00000000
[inst #3675] addi x0,x0,0
Register Write to Reg: 0x00 Val: 0x00000000
[inst #3676] addi x0,x0,0
Register Write to Reg: 0x00 Val: 0x00000000
[inst #3677] add x30,x10,x29
Register Write to Reg: 0x1E Val: 0x10010018
[inst #3678] addi x0,x0,0
Register Write to Reg: 0x00 Val: 0x00000000
[inst #3679] addi x0,x0,0
Register Write to Reg: 0x00 Val: 0x00000000
[inst #3680] addi x0,x0,0
Register Write to Reg: 0x00 Val: 0x00000000
[inst #3681] sw x9,0(x30)
Memory Write to Addr: 0x10010018 Val: 0x00000005
[inst #3682] addi x6,x6,1
Register Write to Reg: 0x06 Val: 0x00000009
[inst #3683] addi x7,x7,1
Register Write to Reg: 0x07 Val: 0x00000007
[inst #3684] jal x0,-264
Register Write to Reg: 0x00 Val: 0x00400348
[inst #3685] blt x12,x5,396
[inst #3686] addi x0,x0,0
Register Write to Reg: 0x00 Val: 0x00000000
[inst #3687] addi x0,x0,0
Register Write to Reg: 0x00 Val: 0x00000000
[inst #3688] blt x13,x6,264
[inst #3689] addi x0,x0,0
Register Write to Reg: 0x00 Val: 0x00000000
[inst #3690] addi x0,x0,0
Register Write to Reg: 0x00 Val: 0x00000000
[inst #3691] sub x29,x5,x11
Register Write to Reg: 0x1D Val: 0x00000004
[inst #3692] addi x0,x0,0
Register Write to Reg: 0x00 Val: 0x00000000
[inst #3693] addi x0,x0,0
Register Write to Reg: 0x00 Val: 0x00000000
[inst #3694] addi x0,x0,0
Register Write to Reg: 0x00 Val: 0x00000000
[inst #3695] slli x29,x29,2
Register Write to Reg: 0x1D Val: 0x00000010
[inst #3696] addi x0,x0,0
Register Write to Reg: 0x00 Val: 0x00000000
[inst #3697] addi x0,x0,0
Register Write to Reg: 0x00 Val: 0x00000000
[inst #3698] addi x0,x0,0
Register Write to Reg: 0x00 Val: 0x00000000
[inst #3699] add x30,x28,x29
Register Write to Reg: 0x1E Val: 0x7FFFFF58
[inst #3700] addi x0,x0,0
Register Write to Reg: 0x00 Val: 0x00000000
[inst #3701] addi x0,x0,0
Register Write to Reg: 0x00 Val: 0x00000000
[inst #3702] addi x0,x0,0
Register Write to Reg: 0x00 Val: 0x00000000
[inst #3703] lw x8,0(x30)
Register Write to Reg: 0x08 Val: 0x00000007
[inst #3704] sub x29,x6,x11
Register Write to Reg: 0x1D Val: 0x00000009
[inst #3705] addi x0,x0,0
Register Write to Reg: 0x00 Val: 0x00000000
[inst #3706] addi x0,x0,0
Register Write to Reg: 0x00 Val: 0x00000000
[inst #3707] addi x0,x0,0
Register Write to Reg: 0x00 Val: 0x00000000
[inst #3708] slli x29,x29,2
Register Write to Reg: 0x1D Val: 0x00000024
[inst #3709] addi x0,x0,0
Register Write to Reg: 0x00 Val: 0x00000000
[inst #3710] addi x0,x0,0
Register Write to Reg: 0x00 Val: 0x00000000
[inst #3711] addi x0,x0,0
Register Write to Reg: 0x00 Val: 0x00000000
[inst #3712] add x30,x28,x29
Register Write to Reg: 0x1E Val: 0x7FFFFF6C
[inst #3713] addi x0,x0,0
Register Write to Reg: 0x00 Val: 0x00000000
[inst #3714] addi x0,x0,0
Register Write to Reg: 0x00 Val: 0x00000000
[inst #3715] addi x0,x0,0
Register Write to Reg: 0x00 Val: 0x00000000
[inst #3716] lw x9,0(x30)
Register Write to Reg: 0x09 Val: 0x00000006
[inst #3717] addi x0,x0,0
Register Write to Reg: 0x00 Val: 0x00000000
[inst #3718] addi x0,x0,0
Register Write to Reg: 0x00 Val: 0x00000000
[inst #3719] addi x0,x0,0
Register Write to Reg: 0x00 Val: 0x00000000
[inst #3720] bge x9,x8,24
[inst #3721] addi x0,x0,0
Register Write to Reg: 0x00 Val: 0x00000000
[inst #3722] addi x0,x0,0
Register Write to Reg: 0x00 Val: 0x00000000
[inst #3723] jal x0,68
Register Write to Reg: 0x00 Val: 0x004002D8
[inst #3724] slli x29,x7,2
Register Write to Reg: 0x1D Val: 0x0000001C
[inst #3725] addi x0,x0,0
Register Write to Reg: 0x00 Val: 0x00000000
[inst #3726] addi x0,x0,0
Register Write to Reg: 0x00 Val: 0x00000000
[inst #3727] addi x0,x0,0
Register Write to Reg: 0x00 Val: 0x00000000
[inst #3728] add x30,x10,x29
Register Write to Reg: 0x1E Val: 0x1001001C
[inst #3729] addi x0,x0,0
Register Write to Reg: 0x00 Val: 0x00000000
[inst #3730] addi x0,x0,0
Register Write to Reg: 0x00 Val: 0x00000000
[inst #3731] addi x0,x0,0
Register Write to Reg: 0x00 Val: 0x00000000
[inst #3732] sw x9,0(x30)
Memory Write to Addr: 0x1001001C Val: 0x00000006
[inst #3733] addi x6,x6,1
Register Write to Reg: 0x06 Val: 0x0000000A
[inst #3734] addi x7,x7,1
Register Write to Reg: 0x07 Val: 0x00000008
[inst #3735] jal x0,-264
Register Write to Reg: 0x00 Val: 0x00400348
[inst #3736] blt x12,x5,396
[inst #3737] addi x0,x0,0
Register Write to Reg: 0x00 Val: 0x00000000
[inst #3738] addi x0,x0,0
Register Write to Reg: 0x00 Val: 0x00000000
[inst #3739] blt x13,x6,264
[inst #3740] addi x0,x0,0
Register Write to Reg: 0x00 Val: 0x00000000
[inst #3741] addi x0,x0,0
Register Write to Reg: 0x00 Val: 0x00000000
[inst #3742] sub x29,x5,x11
Register Write to Reg: 0x1D Val: 0x00000004
[inst #3743] addi x0,x0,0
Register Write to Reg: 0x00 Val: 0x00000000
[inst #3744] addi x0,x0,0
Register Write to Reg: 0x00 Val: 0x00000000
[inst #3745] addi x0,x0,0
Register Write to Reg: 0x00 Val: 0x00000000
[inst #3746] slli x29,x29,2
Register Write to Reg: 0x1D Val: 0x00000010
[inst #3747] addi x0,x0,0
Register Write to Reg: 0x00 Val: 0x00000000
[inst #3748] addi x0,x0,0
Register Write to Reg: 0x00 Val: 0x00000000
[inst #3749] addi x0,x0,0
Register Write to Reg: 0x00 Val: 0x00000000
[inst #3750] add x30,x28,x29
Register Write to Reg: 0x1E Val: 0x7FFFFF58
[inst #3751] addi x0,x0,0
Register Write to Reg: 0x00 Val: 0x00000000
[inst #3752] addi x0,x0,0
Register Write to Reg: 0x00 Val: 0x00000000
[inst #3753] addi x0,x0,0
Register Write to Reg: 0x00 Val: 0x00000000
[inst #3754] lw x8,0(x30)
Register Write to Reg: 0x08 Val: 0x00000007
[inst #3755] sub x29,x6,x11
Register Write to Reg: 0x1D Val: 0x0000000A
[inst #3756] addi x0,x0,0
Register Write to Reg: 0x00 Val: 0x00000000
[inst #3757] addi x0,x0,0
Register Write to Reg: 0x00 Val: 0x00000000
[inst #3758] addi x0,x0,0
Register Write to Reg: 0x00 Val: 0x00000000
[inst #3759] slli x29,x29,2
Register Write to Reg: 0x1D Val: 0x00000028
[inst #3760] addi x0,x0,0
Register Write to Reg: 0x00 Val: 0x00000000
[inst #3761] addi x0,x0,0
Register Write to Reg: 0x00 Val: 0x00000000
[inst #3762] addi x0,x0,0
Register Write to Reg: 0x00 Val: 0x00000000
[inst #3763] add x30,x28,x29
Register Write to Reg: 0x1E Val: 0x7FFFFF70
[inst #3764] addi x0,x0,0
Register Write to Reg: 0x00 Val: 0x00000000
[inst #3765] addi x0,x0,0
Register Write to Reg: 0x00 Val: 0x00000000
[inst #3766] addi x0,x0,0
Register Write to Reg: 0x00 Val: 0x00000000
[inst #3767] lw x9,0(x30)
Register Write to Reg: 0x09 Val: 0x00000008
[inst #3768] addi x0,x0,0
Register Write to Reg: 0x00 Val: 0x00000000
[inst #3769] addi x0,x0,0
Register Write to Reg: 0x00 Val: 0x00000000
[inst #3770] addi x0,x0,0
Register Write to Reg: 0x00 Val: 0x00000000
[inst #3771] bge x9,x8,24
[inst #3772] slli x29,x7,2
Register Write to Reg: 0x1D Val: 0x00000020
[inst #3773] addi x0,x0,0
Register Write to Reg: 0x00 Val: 0x00000000
[inst #3774] addi x0,x0,0
Register Write to Reg: 0x00 Val: 0x00000000
[inst #3775] addi x0,x0,0
Register Write to Reg: 0x00 Val: 0x00000000
[inst #3776] add x30,x10,x29
Register Write to Reg: 0x1E Val: 0x10010020
[inst #3777] addi x0,x0,0
Register Write to Reg: 0x00 Val: 0x00000000
[inst #3778] addi x0,x0,0
Register Write to Reg: 0x00 Val: 0x00000000
[inst #3779] addi x0,x0,0
Register Write to Reg: 0x00 Val: 0x00000000
[inst #3780] sw x8,0(x30)
Memory Write to Addr: 0x10010020 Val: 0x00000007
[inst #3781] addi x5,x5,1
Register Write to Reg: 0x05 Val: 0x00000005
[inst #3782] addi x7,x7,1
Register Write to Reg: 0x07 Val: 0x00000009
[inst #3783] jal x0,-208
Register Write to Reg: 0x00 Val: 0x00400310
[inst #3784] blt x12,x5,396
[inst #3785] addi x0,x0,0
Register Write to Reg: 0x00 Val: 0x00000000
[inst #3786] addi x0,x0,0
Register Write to Reg: 0x00 Val: 0x00000000
[inst #3787] blt x13,x6,264
[inst #3788] addi x0,x0,0
Register Write to Reg: 0x00 Val: 0x00000000
[inst #3789] addi x0,x0,0
Register Write to Reg: 0x00 Val: 0x00000000
[inst #3790] sub x29,x5,x11
Register Write to Reg: 0x1D Val: 0x00000005
[inst #3791] addi x0,x0,0
Register Write to Reg: 0x00 Val: 0x00000000
[inst #3792] addi x0,x0,0
Register Write to Reg: 0x00 Val: 0x00000000
[inst #3793] addi x0,x0,0
Register Write to Reg: 0x00 Val: 0x00000000
[inst #3794] slli x29,x29,2
Register Write to Reg: 0x1D Val: 0x00000014
[inst #3795] addi x0,x0,0
Register Write to Reg: 0x00 Val: 0x00000000
[inst #3796] addi x0,x0,0
Register Write to Reg: 0x00 Val: 0x00000000
[inst #3797] addi x0,x0,0
Register Write to Reg: 0x00 Val: 0x00000000
[inst #3798] add x30,x28,x29
Register Write to Reg: 0x1E Val: 0x7FFFFF5C
[inst #3799] addi x0,x0,0
Register Write to Reg: 0x00 Val: 0x00000000
[inst #3800] addi x0,x0,0
Register Write to Reg: 0x00 Val: 0x00000000
[inst #3801] addi x0,x0,0
Register Write to Reg: 0x00 Val: 0x00000000
[inst #3802] lw x8,0(x30)
Register Write to Reg: 0x08 Val: 0x00000009
[inst #3803] sub x29,x6,x11
Register Write to Reg: 0x1D Val: 0x0000000A
[inst #3804] addi x0,x0,0
Register Write to Reg: 0x00 Val: 0x00000000
[inst #3805] addi x0,x0,0
Register Write to Reg: 0x00 Val: 0x00000000
[inst #3806] addi x0,x0,0
Register Write to Reg: 0x00 Val: 0x00000000
[inst #3807] slli x29,x29,2
Register Write to Reg: 0x1D Val: 0x00000028
[inst #3808] addi x0,x0,0
Register Write to Reg: 0x00 Val: 0x00000000
[inst #3809] addi x0,x0,0
Register Write to Reg: 0x00 Val: 0x00000000
[inst #3810] addi x0,x0,0
Register Write to Reg: 0x00 Val: 0x00000000
[inst #3811] add x30,x28,x29
Register Write to Reg: 0x1E Val: 0x7FFFFF70
[inst #3812] addi x0,x0,0
Register Write to Reg: 0x00 Val: 0x00000000
[inst #3813] addi x0,x0,0
Register Write to Reg: 0x00 Val: 0x00000000
[inst #3814] addi x0,x0,0
Register Write to Reg: 0x00 Val: 0x00000000
[inst #3815] lw x9,0(x30)
Register Write to Reg: 0x09 Val: 0x00000008
[inst #3816] addi x0,x0,0
Register Write to Reg: 0x00 Val: 0x00000000
[inst #3817] addi x0,x0,0
Register Write to Reg: 0x00 Val: 0x00000000
[inst #3818] addi x0,x0,0
Register Write to Reg: 0x00 Val: 0x00000000
[inst #3819] bge x9,x8,24
[inst #3820] addi x0,x0,0
Register Write to Reg: 0x00 Val: 0x00000000
[inst #3821] addi x0,x0,0
Register Write to Reg: 0x00 Val: 0x00000000
[inst #3822] jal x0,68
Register Write to Reg: 0x00 Val: 0x004002D8
[inst #3823] slli x29,x7,2
Register Write to Reg: 0x1D Val: 0x00000024
[inst #3824] addi x0,x0,0
Register Write to Reg: 0x00 Val: 0x00000000
[inst #3825] addi x0,x0,0
Register Write to Reg: 0x00 Val: 0x00000000
[inst #3826] addi x0,x0,0
Register Write to Reg: 0x00 Val: 0x00000000
[inst #3827] add x30,x10,x29
Register Write to Reg: 0x1E Val: 0x10010024
[inst #3828] addi x0,x0,0
Register Write to Reg: 0x00 Val: 0x00000000
[inst #3829] addi x0,x0,0
Register Write to Reg: 0x00 Val: 0x00000000
[inst #3830] addi x0,x0,0
Register Write to Reg: 0x00 Val: 0x00000000
[inst #3831] sw x9,0(x30)
Memory Write to Addr: 0x10010024 Val: 0x00000008
[inst #3832] addi x6,x6,1
Register Write to Reg: 0x06 Val: 0x0000000B
[inst #3833] addi x7,x7,1
Register Write to Reg: 0x07 Val: 0x0000000A
[inst #3834] jal x0,-264
Register Write to Reg: 0x00 Val: 0x00400348
[inst #3835] blt x12,x5,396
[inst #3836] addi x0,x0,0
Register Write to Reg: 0x00 Val: 0x00000000
[inst #3837] addi x0,x0,0
Register Write to Reg: 0x00 Val: 0x00000000
[inst #3838] blt x13,x6,264
[inst #3839] blt x12,x5,240
[inst #3840] addi x0,x0,0
Register Write to Reg: 0x00 Val: 0x00000000
[inst #3841] addi x0,x0,0
Register Write to Reg: 0x00 Val: 0x00000000
[inst #3842] sub x29,x5,x11
Register Write to Reg: 0x1D Val: 0x00000005
[inst #3843] addi x0,x0,0
Register Write to Reg: 0x00 Val: 0x00000000
[inst #3844] addi x0,x0,0
Register Write to Reg: 0x00 Val: 0x00000000
[inst #3845] addi x0,x0,0
Register Write to Reg: 0x00 Val: 0x00000000
[inst #3846] slli x29,x29,2
Register Write to Reg: 0x1D Val: 0x00000014
[inst #3847] addi x0,x0,0
Register Write to Reg: 0x00 Val: 0x00000000
[inst #3848] addi x0,x0,0
Register Write to Reg: 0x00 Val: 0x00000000
[inst #3849] addi x0,x0,0
Register Write to Reg: 0x00 Val: 0x00000000
[inst #3850] add x30,x28,x29
Register Write to Reg: 0x1E Val: 0x7FFFFF5C
[inst #3851] addi x0,x0,0
Register Write to Reg: 0x00 Val: 0x00000000
[inst #3852] addi x0,x0,0
Register Write to Reg: 0x00 Val: 0x00000000
[inst #3853] addi x0,x0,0
Register Write to Reg: 0x00 Val: 0x00000000
[inst #3854] lw x8,0(x30)
Register Write to Reg: 0x08 Val: 0x00000009
[inst #3855] slli x29,x7,2
Register Write to Reg: 0x1D Val: 0x00000028
[inst #3856] addi x0,x0,0
Register Write to Reg: 0x00 Val: 0x00000000
[inst #3857] addi x0,x0,0
Register Write to Reg: 0x00 Val: 0x00000000
[inst #3858] addi x0,x0,0
Register Write to Reg: 0x00 Val: 0x00000000
[inst #3859] add x30,x10,x29
Register Write to Reg: 0x1E Val: 0x10010028
[inst #3860] addi x0,x0,0
Register Write to Reg: 0x00 Val: 0x00000000
[inst #3861] addi x0,x0,0
Register Write to Reg: 0x00 Val: 0x00000000
[inst #3862] addi x0,x0,0
Register Write to Reg: 0x00 Val: 0x00000000
[inst #3863] sw x8,0(x30)
Memory Write to Addr: 0x10010028 Val: 0x00000009
[inst #3864] addi x5,x5,1
Register Write to Reg: 0x05 Val: 0x00000006
[inst #3865] addi x7,x7,1
Register Write to Reg: 0x07 Val: 0x0000000B
[inst #3866] jal x0,-108
Register Write to Reg: 0x00 Val: 0x004003C0
[inst #3867] blt x12,x5,240
[inst #3868] lw x1,156(x2)
Register Write to Reg: 0x01 Val: 0x00400148
[inst #3869] addi x2,x2,160
Register Write to Reg: 0x02 Val: 0x7FFFFFE8
[inst #3870] jalr x0,x1,0
Register Write to Reg: 0x00 Val: 0x0040044C
[inst #3871] addi x0,x0,0
Register Write to Reg: 0x00 Val: 0x00000000
[inst #3872] addi x0,x0,0
Register Write to Reg: 0x00 Val: 0x00000000
[inst #3873] lw x1,20(x2)
Register Write to Reg: 0x01 Val: 0x0040008C
[inst #3874] addi x2,x2,24
Register Write to Reg: 0x02 Val: 0x80000000
[inst #3875] addi x0,x0,0
Register Write to Reg: 0x00 Val: 0x00000000
[inst #3876] addi x0,x0,0
Register Write to Reg: 0x00 Val: 0x00000000
[inst #3877] jalr x0,x1,0
Register Write to Reg: 0x00 Val: 0x00400164
[inst #3878] addi x0,x0,0
Register Write to Reg: 0x00 Val: 0x00000000
[inst #3879] addi x0,x0,0
Register Write to Reg: 0x00 Val: 0x00000000
[inst #3880] jal x0,960
Register Write to Reg: 0x00 Val: 0x00400098
[inst #3881] wfi 

Program terminated by dropping off the bottom.
